restaurant_id,restaurant_name,region,sigungu,aspect,positive_count,neutral_count,negative_count,trend_tag
836845,5B2F,전남,여수시,접근성_웨이팅,1,0,0,접근성_웨이팅 호평 다수 (1건)
1bc2df24f2dd,KITCHEN106,전남,여수시,분위기,1,0,0,분위기 호평 다수 (1건)
431730,Lounge OIC,광주,광산구,분위기,1,0,0,분위기 호평 다수 (1건)
522077,가온전복,전남,진도군,신선도,1,0,0,신선도 호평 다수 (1건)
519624|895744,갈매기식당,전남,영광군,양,1,0,0,양 호평 다수 (1건)
836773,갈치조림기똥차게맛있는집,전남,여수시,맛,1,0,0,맛 호평 다수 (1건)
836773,갈치조림기똥차게맛있는집,전남,여수시,신선도,1,0,0,신선도 호평 다수 (1건)
b5426d21512d,거북선횟집 새조개하모샤브샤브,전남,여수시,신선도,1,0,0,신선도 호평 다수 (1건)
419144,거북이식당,전남,여수시,접근성_웨이팅,1,0,0,접근성_웨이팅 호평 다수 (1건)
e282a8223dc0,계동횟집,전남,여수시,분위기,0,1,0,분위기 언급 (1건)
e282a8223dc0,계동횟집,전남,여수시,접근성_웨이팅,0,1,0,접근성_웨이팅 언급 (1건)
517337,고구려초밥 금당본점,전남,순천시,접근성_웨이팅,1,0,0,접근성_웨이팅 호평 다수 (1건)
419385,고려조삼계탕,광주,남구,분위기,1,0,0,분위기 호평 다수 (1건)
419385,고려조삼계탕,광주,남구,접근성_웨이팅,1,0,0,접근성_웨이팅 호평 다수 (1건)
ecd4d1fc31ed,관산식당,전남,고흥군,맛,0,1,0,맛 언급 (1건)
2c0ba881a38b,광양 소낭구,전남,광양시,접근성_웨이팅,1,0,0,접근성_웨이팅 호평 다수 (1건)
c722c7892f4d,광후장어,광주,광산구,맛,1,0,0,맛 호평 다수 (1건)
c722c7892f4d,광후장어,광주,광산구,신선도,1,0,0,신선도 호평 다수 (1건)
c722c7892f4d,광후장어,광주,광산구,접근성_웨이팅,1,0,0,접근성_웨이팅 호평 다수 (1건)
539504,구례역대합실,전남,구례군,맛,1,0,0,맛 호평 다수 (1건)
522877|896697,구백가든,전남,화순군,접근성_웨이팅,0,1,0,접근성_웨이팅 언급 (1건)
517576,구이랑회,전남,여수시,맛,1,0,0,맛 호평 다수 (1건)
517576,구이랑회,전남,여수시,위생_청결,1,0,0,위생_청결 호평 다수 (1건)
517558,국동칼국수,전남,여수시,접근성_웨이팅,1,0,0,접근성_웨이팅 호평 다수 (1건)
b17be7fd87de,궁전횟집,전남,여수시,분위기,1,0,0,분위기 호평 다수 (1건)
b17be7fd87de,궁전횟집,전남,여수시,접근성_웨이팅,1,0,0,접근성_웨이팅 호평 다수 (1건)
edb6f40094e9,금비늘,전남,여수시,신선도,1,0,0,신선도 호평 다수 (1건)
193fa529dc6a,금송식육식당,전남,함평군,신선도,1,0,0,신선도 호평 다수 (1건)
519922,금정농협 한우프라자,전남,영암군,접근성_웨이팅,1,0,0,접근성_웨이팅 호평 다수 (1건)
519892,기찬메밀국수 영암농협본점,전남,영암군,분위기,1,0,0,분위기 호평 다수 (1건)
5f7052977f76,까치식당,전남,여수시,접근성_웨이팅,1,0,0,접근성_웨이팅 호평 다수 (1건)
836790,꽃게살비빔밥 꽃게탕 시청점,전남,여수시,접근성_웨이팅,0,1,0,접근성_웨이팅 언급 (1건)
7c921012066f,꽃피는전복식당 2 횟집,전남,진도군,분위기,1,0,0,분위기 호평 다수 (1건)
4fcfffda47c2,나눌터,전남,순천시,맛,1,0,0,맛 호평 다수 (1건)
4fcfffda47c2,나눌터,전남,순천시,분위기,1,0,0,분위기 호평 다수 (1건)
421052,나루터,전남,곡성군,분위기,1,0,0,분위기 호평 다수 (1건)
421052,나루터,전남,곡성군,접근성_웨이팅,1,0,0,접근성_웨이팅 호평 다수 (1건)
520942|521761,남원식당,전남,여수시,접근성_웨이팅,1,0,0,접근성_웨이팅 호평 다수 (1건)
517571,남진이네게장갈치명가,전남,여수시,신선도,1,0,0,신선도 호평 다수 (1건)
521783|896027,남창농원,전남,장성군,접근성_웨이팅,1,0,0,접근성_웨이팅 호평 다수 (1건)
421624,농성화로본점,광주,서구,접근성_웨이팅,0,1,0,접근성_웨이팅 언급 (1건)
517614,늘푸른식당 게장백반,전남,여수시,서비스_친절도,1,0,0,서비스_친절도 호평 다수 (1건)
517732,다강한정식,전남,강진군,접근성_웨이팅,1,0,0,접근성_웨이팅 호평 다수 (1건)
421758,다미정,광주,서구,분위기,1,0,0,분위기 호평 다수 (1건)
421758,다미정,광주,서구,접근성_웨이팅,1,0,0,접근성_웨이팅 호평 다수 (1건)
518686|895098,담양식탁,전남,담양군,맛,0,1,0,맛 언급 (1건)
c92696c46dd5,담양앞집 떡갈비국수전문점,전남,담양군,접근성_웨이팅,1,0,0,접근성_웨이팅 호평 다수 (1건)
8499a73753b1,담양애꽃,전남,담양군,가격,1,0,0,가격 호평 다수 (1건)
8499a73753b1,담양애꽃,전남,담양군,양,1,0,0,양 호평 다수 (1건)
8499a73753b1,담양애꽃,전남,담양군,분위기,1,0,0,분위기 호평 다수 (1건)
d4249deaff85,대교식당돌게장,전남,여수시,접근성_웨이팅,1,0,0,접근성_웨이팅 호평 다수 (1건)
56802,대숲골농원,전남,순천시,맛,1,0,0,맛 호평 다수 (1건)
56802,대숲골농원,전남,순천시,접근성_웨이팅,1,0,0,접근성_웨이팅 호평 다수 (1건)
422225,대원정,전남,보성군,분위기,1,0,0,분위기 호평 다수 (1건)
517719,대풍마차,전남,여수시,신선도,1,0,0,신선도 호평 다수 (1건)
49daaf8394ab,더청솔,광주,광산구,맛,1,0,0,맛 호평 다수 (1건)
49daaf8394ab,더청솔,광주,광산구,분위기,1,0,0,분위기 호평 다수 (1건)
517500,돌문어상회,전남,여수시,접근성_웨이팅,1,0,0,접근성_웨이팅 호평 다수 (1건)
77472|836819|880543,돌산게장명가 봉산점,전남,여수시,양,1,0,0,양 호평 다수 (1건)
77472|836819|880543,돌산게장명가 봉산점,전남,여수시,접근성_웨이팅,1,0,0,접근성_웨이팅 호평 다수 (1건)
517590,돌산백반,전남,여수시,접근성_웨이팅,1,0,0,접근성_웨이팅 호평 다수 (1건)
520958,동서식당,전남,여수시,맛,1,0,0,맛 호평 다수 (1건)
520958,동서식당,전남,여수시,접근성_웨이팅,1,0,0,접근성_웨이팅 호평 다수 (1건)
64bdbd7fb993,등대식당,전남,영광군,분위기,1,0,0,분위기 호평 다수 (1건)
423324,등촌,광주,서구,맛,1,0,0,맛 호평 다수 (1건)
423324,등촌,광주,서구,접근성_웨이팅,1,0,0,접근성_웨이팅 호평 다수 (1건)
518654|895073,뚝방국수,전남,담양군,맛,1,0,0,맛 호평 다수 (1건)
518654|895073,뚝방국수,전남,담양군,신선도,1,0,0,신선도 호평 다수 (1건)
fb6f12bbeb79,뜰채,전남,목포시,신선도,1,0,0,신선도 호평 다수 (1건)
424058,르시엘블루,광주,서구,접근성_웨이팅,1,0,0,접근성_웨이팅 호평 다수 (1건)
836512,매실한우 광양불고기,전남,광양시,맛,1,0,0,맛 호평 다수 (1건)
836512,매실한우 광양불고기,전남,광양시,접근성_웨이팅,1,0,0,접근성_웨이팅 호평 다수 (1건)
424645,매월농원,광주,서구,접근성_웨이팅,1,0,0,접근성_웨이팅 호평 다수 (1건)
424684|879573,맥문동,광주,서구,맛,0,1,0,맛 언급 (1건)
424684|879573,맥문동,광주,서구,접근성_웨이팅,0,1,0,접근성_웨이팅 언급 (1건)
6e27cf462a9b,맨가엣집,전남,여수시,분위기,1,0,0,분위기 호평 다수 (1건)
517498,명동게장,전남,여수시,가격,1,0,0,가격 호평 다수 (1건)
517498,명동게장,전남,여수시,접근성_웨이팅,1,0,0,접근성_웨이팅 호평 다수 (1건)
9cbdff4386fc,모란한정식,전남,강진군,양,1,0,0,양 호평 다수 (1건)
9cbdff4386fc,모란한정식,전남,강진군,접근성_웨이팅,1,0,0,접근성_웨이팅 호평 다수 (1건)
f504d32f77c2,무안명가,전남,무안군,신선도,1,0,0,신선도 호평 다수 (1건)
6005e6a293c6,묵돌이식당,전남,여수시,신선도,1,0,0,신선도 호평 다수 (1건)
e18b8f41fa18,문정한정식,전남,영광군,분위기,1,0,0,분위기 호평 다수 (1건)
e18b8f41fa18,문정한정식,전남,영광군,접근성_웨이팅,1,0,0,접근성_웨이팅 호평 다수 (1건)
425490,미꾸미꾸,광주,북구,양,1,0,0,양 호평 다수 (1건)
425557,미락식당,전남,완도군,신선도,1,0,0,신선도 호평 다수 (1건)
425557,미락식당,전남,완도군,분위기,1,0,0,분위기 호평 다수 (1건)
836837|89128|880574,미로횟집,전남,여수시,신선도,1,0,0,신선도 호평 다수 (1건)
425597,미미원,광주,동구,신선도,1,0,0,신선도 호평 다수 (1건)
194084,민속촌,광주,남구,접근성_웨이팅,1,0,0,접근성_웨이팅 호평 다수 (1건)
4fc75daea385,밀향기해물칼국수,전남,영광군,분위기,1,0,0,분위기 호평 다수 (1건)
fbd595904b6c,바다속으로조개구이,전남,여수시,분위기,1,0,0,분위기 호평 다수 (1건)
426018,박순자 녹두집,광주,동구,가격,1,0,0,가격 호평 다수 (1건)
426018,박순자 녹두집,광주,동구,서비스_친절도,1,0,0,서비스_친절도 호평 다수 (1건)
426089|516214|962103,밤실마을,광주,북구,맛,1,0,0,맛 호평 다수 (1건)
426089|516214|962103,밤실마을,광주,북구,신선도,1,0,0,신선도 호평 다수 (1건)
519395|895595,백길천사횟집,전남,신안군,맛,1,0,0,맛 호평 다수 (1건)
519395|895595,백길천사횟집,전남,신안군,신선도,1,0,0,신선도 호평 다수 (1건)
519395|895595,백길천사횟집,전남,신안군,위생_청결,1,0,0,위생_청결 호평 다수 (1건)
519395|895595,백길천사횟집,전남,신안군,접근성_웨이팅,1,0,0,접근성_웨이팅 호평 다수 (1건)
426254,백년한우,광주,북구,접근성_웨이팅,1,0,0,접근성_웨이팅 호평 다수 (1건)
518421,백련산방,전남,구례군,접근성_웨이팅,1,0,0,접근성_웨이팅 호평 다수 (1건)
6fdc0c2b23d5,백운국수방,전남,광양시,재방문의사,1,0,0,재방문의사 호평 다수 (1건)
f3af51e1c901,법성포굴비정식,전남,영광군,신선도,1,0,0,신선도 호평 다수 (1건)
f3af51e1c901,법성포굴비정식,전남,영광군,양,1,0,0,양 호평 다수 (1건)
f3af51e1c901,법성포굴비정식,전남,영광군,분위기,1,0,0,분위기 호평 다수 (1건)
426496,벗초밥,광주,서구,접근성_웨이팅,1,0,0,접근성_웨이팅 호평 다수 (1건)
522802|896635,벽오동,전남,화순군,가격,1,0,0,가격 호평 다수 (1건)
cf08499ed0e6,병암산장,전남,광양시,접근성_웨이팅,1,0,0,접근성_웨이팅 호평 다수 (1건)
e86612407da3,병영연탄불고기,전남,강진군,맛,0,1,0,맛 언급 (1건)
e86612407da3,병영연탄불고기,전남,강진군,접근성_웨이팅,0,1,0,접근성_웨이팅 언급 (1건)
518673|895088,병풍산방,전남,담양군,맛,1,0,0,맛 호평 다수 (1건)
519398,보물섬,전남,여수시,신선도,1,0,0,신선도 호평 다수 (1건)
519398,보물섬,전남,여수시,가격,1,0,0,가격 호평 다수 (1건)
186295,보성식당,전남,고흥군,맛,1,0,0,맛 호평 다수 (1건)
186295,보성식당,전남,고흥군,접근성_웨이팅,1,0,0,접근성_웨이팅 호평 다수 (1건)
186328|426743,보향미,광주,광산구,분위기,1,0,0,분위기 호평 다수 (1건)
186328|426743,보향미,광주,광산구,접근성_웨이팅,1,0,0,접근성_웨이팅 호평 다수 (1건)
e602c65379d1,불타는용궁짬뽕,전남,화순군,맛,1,0,0,맛 호평 다수 (1건)
e602c65379d1,불타는용궁짬뽕,전남,화순군,신선도,1,0,0,신선도 호평 다수 (1건)
85c209331675,빙그레식당 본점,전남,완도군,신선도,1,0,0,신선도 호평 다수 (1건)
85c209331675,빙그레식당 본점,전남,완도군,접근성_웨이팅,1,0,0,접근성_웨이팅 호평 다수 (1건)
519409|895605,사월포횟집,전남,신안군,신선도,1,0,0,신선도 호평 다수 (1건)
d7c1b5a2964f,산마을도토리,전남,화순군,맛,0,1,0,맛 언급 (1건)
d7c1b5a2964f,산마을도토리,전남,화순군,분위기,0,1,0,분위기 언급 (1건)
d7c1b5a2964f,산마을도토리,전남,화순군,접근성_웨이팅,0,1,0,접근성_웨이팅 언급 (1건)
515789|961753,산수쌈밥 동명점,광주,동구,맛,1,0,0,맛 호평 다수 (1건)
515789|961753,산수쌈밥 동명점,광주,동구,신선도,1,0,0,신선도 호평 다수 (1건)
520185,서민회관,전남,완도군,맛,1,0,0,맛 호평 다수 (1건)
187826|428220,서울곱창,광주,광산구,분위기,1,0,0,분위기 호평 다수 (1건)
83b0a52d2243,선경준치회집,전남,목포시,맛,1,0,0,맛 호평 다수 (1건)
83b0a52d2243,선경준치회집,전남,목포시,분위기,1,0,0,분위기 호평 다수 (1건)
187906|428298,선미식당,전남,함평군,맛,1,0,0,맛 호평 다수 (1건)
d2770d10c304,섬마을회정식,전남,신안군,신선도,1,0,0,신선도 호평 다수 (1건)
d2770d10c304,섬마을회정식,전남,신안군,가격,1,0,0,가격 호평 다수 (1건)
bf63c927af10,성내식당,전남,해남군,맛,1,0,0,맛 호평 다수 (1건)
bf63c927af10,성내식당,전남,해남군,양,0,1,0,양 언급 (1건)
bf63c927af10,성내식당,전남,해남군,신선도,1,0,0,신선도 호평 다수 (1건)
7a9ece0487d5,소래기냉면,전남,목포시,신선도,1,0,0,신선도 호평 다수 (1건)
05ec7cf12533,솔고개횟집,전남,여수시,신선도,1,0,0,신선도 호평 다수 (1건)
3cbbfcd1bada,송원식당,전남,곡성군,접근성_웨이팅,1,0,0,접근성_웨이팅 호평 다수 (1건)
188358|428745,송원식육식당,광주,광산구,맛,1,0,0,맛 호평 다수 (1건)
36c2c9320bdb,송치마을,전남,순천시,분위기,1,0,0,분위기 호평 다수 (1건)
36c2c9320bdb,송치마을,전남,순천시,접근성_웨이팅,1,0,0,접근성_웨이팅 호평 다수 (1건)
521837|896060,수복식당,전남,장흥군,맛,1,0,0,맛 호평 다수 (1건)
6e0ec7e5cea3,수수하지만 굉장해 여수점,전남,여수시,접근성_웨이팅,0,1,0,접근성_웨이팅 언급 (1건)
188540|428925|880069,수완초밥,광주,광산구,분위기,1,0,0,분위기 호평 다수 (1건)
836243,순천만전라도밥상,전남,순천시,접근성_웨이팅,1,0,0,접근성_웨이팅 호평 다수 (1건)
4c7d6bb00650,신가가마솥,전남,광양시,분위기,1,0,0,분위기 호평 다수 (1건)
4c7d6bb00650,신가가마솥,전남,광양시,접근성_웨이팅,1,0,0,접근성_웨이팅 호평 다수 (1건)
b801ccec2dd9,신기아꾸,전남,여수시,양,0,0,1,양 불만 존재 (1건)
517489,신대초밥,전남,순천시,양,1,1,0,양 호평 다수 (1건)
517489,신대초밥,전남,순천시,서비스_친절도,1,0,0,서비스_친절도 호평 다수 (1건)
519399,신안맛집,전남,신안군,신선도,1,0,0,신선도 호평 다수 (1건)
56897,신창손순대국밥,전남,해남군,분위기,1,0,0,분위기 호평 다수 (1건)
518649|895069,쌍교숯불갈비 담양 본점,전남,담양군,접근성_웨이팅,1,0,0,접근성_웨이팅 호평 다수 (1건)
6ddd10efa021,약선명가,전남,나주시,맛,1,0,0,맛 호평 다수 (1건)
518676|895090,양각리키친,전남,담양군,신선도,1,0,0,신선도 호평 다수 (1건)
518676|895090,양각리키친,전남,담양군,서비스_친절도,1,0,0,서비스_친절도 호평 다수 (1건)
430622,어나더 키친 충장로점,광주,동구,분위기,1,0,0,분위기 호평 다수 (1건)
430628,어등회관,광주,광산구,맛,1,0,0,맛 호평 다수 (1건)
430628,어등회관,광주,광산구,재방문의사,1,0,0,재방문의사 호평 다수 (1건)
430667|515814|961775,어반레시피,광주,동구,분위기,1,0,0,분위기 호평 다수 (1건)
515720|961694,어반브룩,광주,남구,분위기,1,0,0,분위기 호평 다수 (1건)
515720|961694,어반브룩,광주,남구,접근성_웨이팅,1,0,0,접근성_웨이팅 호평 다수 (1건)
517715,엑스포해물예찬,전남,여수시,신선도,1,0,0,신선도 호평 다수 (1건)
ce4f21a000d4,여수당,전남,여수시,맛,1,0,0,맛 호평 다수 (1건)
517673,여수대표짬뽕,전남,여수시,접근성_웨이팅,1,1,0,접근성_웨이팅 호평 다수 (1건)
517664,여수돼지국밥,전남,여수시,양,1,0,0,양 호평 다수 (1건)
ce25d522aaca,여수명동게장,전남,여수시,접근성_웨이팅,1,0,0,접근성_웨이팅 호평 다수 (1건)
ce25d522aaca,여수명동게장,전남,여수시,맛,0,1,0,맛 언급 (1건)
836777,여수정쿡,전남,여수시,분위기,1,0,0,분위기 호평 다수 (1건)
8510832204a8,여수해물삼합차가네2호점,전남,여수시,신선도,1,0,0,신선도 호평 다수 (1건)
03a85587ff93,연방죽참숯불구이,전남,나주시,신선도,1,0,0,신선도 호평 다수 (1건)
af0130b97bdf,연육교횟집,전남,여수시,접근성_웨이팅,1,0,0,접근성_웨이팅 호평 다수 (1건)
af0130b97bdf,연육교횟집,전남,여수시,신선도,1,0,0,신선도 호평 다수 (1건)
d1d6ce73186a,연탄창고 여수죽림점,전남,여수시,신선도,1,0,0,신선도 호평 다수 (1건)
ea470bda7c40,영광굴비정식,전남,영광군,접근성_웨이팅,1,0,0,접근성_웨이팅 호평 다수 (1건)
652b506e9e8d,영암매력한우삼호직매장명품관,전남,영암군,맛,1,0,0,맛 호평 다수 (1건)
652b506e9e8d,영암매력한우삼호직매장명품관,전남,영암군,접근성_웨이팅,0,1,0,접근성_웨이팅 언급 (1건)
5e84be786423,옛고향식당,전남,여수시,접근성_웨이팅,0,1,0,접근성_웨이팅 언급 (1건)
517700,옛날그집,전남,여수시,양,1,0,0,양 호평 다수 (1건)
431384,옛날에 금잔디,광주,광산구,접근성_웨이팅,1,0,0,접근성_웨이팅 호평 다수 (1건)
431384,옛날에 금잔디,광주,광산구,맛,1,0,0,맛 호평 다수 (1건)
517546,오동,전남,여수시,맛,1,0,0,맛 호평 다수 (1건)
517546,오동,전남,여수시,분위기,1,0,0,분위기 호평 다수 (1건)
76e63a9b7580,오리앤오리,전남,장흥군,신선도,0,1,0,신선도 언급 (1건)
76e63a9b7580,오리앤오리,전남,장흥군,맛,1,0,0,맛 호평 다수 (1건)
6f0363f349d8,오케이목장가든,전남,화순군,신선도,1,0,0,신선도 호평 다수 (1건)
431855,온고당,광주,서구,접근성_웨이팅,1,0,0,접근성_웨이팅 호평 다수 (1건)
7ae1b2779e44,온새미로,전남,여수시,분위기,0,1,0,분위기 언급 (1건)
7ae1b2779e44,온새미로,전남,여수시,접근성_웨이팅,0,1,0,접근성_웨이팅 언급 (1건)
520121,완도어반,전남,완도군,접근성_웨이팅,1,0,0,접근성_웨이팅 호평 다수 (1건)
520121,완도어반,전남,완도군,신선도,1,0,0,신선도 호평 다수 (1건)
d5a802bfcc1d,완도회타운,전남,완도군,신선도,1,0,0,신선도 호평 다수 (1건)
d5a802bfcc1d,완도회타운,전남,완도군,가격,1,0,0,가격 호평 다수 (1건)
517773,왕성식당,전남,강진군,가격,1,0,0,가격 호평 다수 (1건)
517773,왕성식당,전남,강진군,양,1,0,0,양 호평 다수 (1건)
517773,왕성식당,전남,강진군,접근성_웨이팅,0,1,0,접근성_웨이팅 언급 (1건)
522083|896218,용문가든,전남,진도군,맛,1,0,0,맛 호평 다수 (1건)
522083|896218,용문가든,전남,진도군,양,1,0,0,양 호평 다수 (1건)
0db33c809bf2,용진하우스,전남,여수시,신선도,1,0,0,신선도 호평 다수 (1건)
0db33c809bf2,용진하우스,전남,여수시,접근성_웨이팅,1,1,0,접근성_웨이팅 호평 다수 (1건)
56946,우남식당,전남,나주시,맛,0,1,0,맛 언급 (1건)
c711a92a6dd1,우리기사식당,전남,해남군,맛,1,0,0,맛 호평 다수 (1건)
c711a92a6dd1,우리기사식당,전남,해남군,접근성_웨이팅,1,0,0,접근성_웨이팅 호평 다수 (1건)
432281,우리식당,전남,강진군,양,1,0,0,양 호평 다수 (1건)
518353,우리회관,전남,곡성군,맛,1,0,0,맛 호평 다수 (1건)
432376,우정식육식당,전남,목포시,맛,1,0,0,맛 호평 다수 (1건)
526e361421d5,워킹타우너,전남,장성군,맛,1,0,0,맛 호평 다수 (1건)
526e361421d5,워킹타우너,전남,장성군,분위기,1,0,0,분위기 호평 다수 (1건)
526e361421d5,워킹타우너,전남,장성군,접근성_웨이팅,1,0,0,접근성_웨이팅 호평 다수 (1건)
517545,원조굴구이,전남,여수시,접근성_웨이팅,1,0,0,접근성_웨이팅 호평 다수 (1건)
518723,원조창평시장국밥,전남,담양군,분위기,0,1,0,분위기 언급 (1건)
522325|896348,월야88민물장어,전남,함평군,접근성_웨이팅,1,0,0,접근성_웨이팅 호평 다수 (1건)
517541,유명횟집,전남,여수시,신선도,1,0,0,신선도 호평 다수 (1건)
517541,유명횟집,전남,여수시,양,1,0,0,양 호평 다수 (1건)
517541,유명횟집,전남,여수시,위생_청결,1,0,0,위생_청결 호평 다수 (1건)
836799,유정해장국,전남,여수시,분위기,1,0,0,분위기 호평 다수 (1건)
433095,이산정,광주,서구,맛,1,0,0,맛 호평 다수 (1건)
433095,이산정,광주,서구,분위기,1,0,0,분위기 호평 다수 (1건)
433095,이산정,광주,서구,접근성_웨이팅,1,0,0,접근성_웨이팅 호평 다수 (1건)
433221,이화원,전남,나주시,맛,1,0,0,맛 호평 다수 (1건)
433221,이화원,전남,나주시,접근성_웨이팅,1,0,0,접근성_웨이팅 호평 다수 (1건)
433221,이화원,전남,나주시,분위기,1,0,0,분위기 호평 다수 (1건)
518914|895230,일로장터백반,전남,무안군,가격,1,0,0,가격 호평 다수 (1건)
522080|896215,자영이네,전남,진도군,접근성_웨이팅,0,1,0,접근성_웨이팅 언급 (1건)
556bb00eb48e,장가네토종닭,전남,여수시,분위기,1,0,0,분위기 호평 다수 (1건)
dd7759721208,장끄방횟집,전남,광양시,신선도,1,0,0,신선도 호평 다수 (1건)
522320,장안식당,전남,함평군,접근성_웨이팅,1,0,0,접근성_웨이팅 호평 다수 (1건)
433753|516252|962129,장원회관,전남,광양시,접근성_웨이팅,1,0,0,접근성_웨이팅 호평 다수 (1건)
518978,장터남악점,전남,무안군,접근성_웨이팅,1,0,0,접근성_웨이팅 호평 다수 (1건)
434122,제일식당,전남,곡성군,분위기,1,0,0,분위기 호평 다수 (1건)
434122,제일식당,전남,곡성군,접근성_웨이팅,1,0,0,접근성_웨이팅 호평 다수 (1건)
91b5eaac3161,제주세호해장국 곡성점,전남,곡성군,맛,1,0,0,맛 호평 다수 (1건)
517562,조롱박,전남,여수시,분위기,1,0,0,분위기 호평 다수 (1건)
434295,족발창고,광주,북구,분위기,1,0,0,분위기 호평 다수 (1건)
434295,족발창고,광주,북구,접근성_웨이팅,1,0,0,접근성_웨이팅 호평 다수 (1건)
517689,지노한우,전남,여수시,가격,1,0,0,가격 호평 다수 (1건)
517689,지노한우,전남,여수시,위생_청결,1,0,0,위생_청결 호평 다수 (1건)
517689,지노한우,전남,여수시,분위기,1,0,0,분위기 호평 다수 (1건)
522158|896263,진도아리랑회센터,전남,진도군,신선도,1,0,0,신선도 호평 다수 (1건)
87cefb5d6df0,차도리가든,전남,광양시,접근성_웨이팅,1,0,0,접근성_웨이팅 호평 다수 (1건)
435048,창평국밥,전남,담양군,신선도,1,0,0,신선도 호평 다수 (1건)
880584|91132,청광도예원,전남,보성군,분위기,1,0,0,분위기 호평 다수 (1건)
c70108317e2b,청운수산식당,전남,완도군,맛,1,0,0,맛 호평 다수 (1건)
c70108317e2b,청운수산식당,전남,완도군,신선도,1,0,0,신선도 호평 다수 (1건)
4e6acef05fe2,청자연,전남,장성군,분위기,1,0,0,분위기 호평 다수 (1건)
ecd330a49aef,청정게장촌,전남,여수시,접근성_웨이팅,1,0,0,접근성_웨이팅 호평 다수 (1건)
836822,청춘김밥 여수본점,전남,여수시,맛,1,0,0,맛 호평 다수 (1건)
836822,청춘김밥 여수본점,전남,여수시,신선도,1,0,0,신선도 호평 다수 (1건)
836822,청춘김밥 여수본점,전남,여수시,위생_청결,1,0,0,위생_청결 호평 다수 (1건)
b155538fa293,청호회관,전남,진도군,신선도,1,0,0,신선도 호평 다수 (1건)
b155538fa293,청호회관,전남,진도군,서비스_친절도,1,0,0,서비스_친절도 호평 다수 (1건)
435596,초돈,광주,광산구,접근성_웨이팅,1,0,0,접근성_웨이팅 호평 다수 (1건)
521572|895889,초동순두부,전남,장성군,접근성_웨이팅,1,0,0,접근성_웨이팅 호평 다수 (1건)
435696,최주원육개장 본점,광주,광산구,맛,1,0,0,맛 호평 다수 (1건)
435696,최주원육개장 본점,광주,광산구,분위기,1,0,0,분위기 호평 다수 (1건)
435696,최주원육개장 본점,광주,광산구,접근성_웨이팅,1,0,0,접근성_웨이팅 호평 다수 (1건)
5f683ee0c412,축령산사랑가득국밥,전남,장성군,접근성_웨이팅,0,1,0,접근성_웨이팅 언급 (1건)
435890,친츠,광주,서구,접근성_웨이팅,1,0,0,접근성_웨이팅 호평 다수 (1건)
435904,칠봉이짬뽕,광주,광산구,맛,1,0,0,맛 호평 다수 (1건)
435904,칠봉이짬뽕,광주,광산구,신선도,1,0,0,신선도 호평 다수 (1건)
435904,칠봉이짬뽕,광주,광산구,분위기,1,0,0,분위기 호평 다수 (1건)
d7cb12554c40,카틀레야,전남,여수시,분위기,1,0,0,분위기 호평 다수 (1건)
32399f647d0a,코다리하우스,전남,여수시,위생_청결,1,0,0,위생_청결 호평 다수 (1건)
32399f647d0a,코다리하우스,전남,여수시,접근성_웨이팅,1,0,0,접근성_웨이팅 호평 다수 (1건)
3c0492a3a5de,태동반점,전남,목포시,분위기,1,0,0,분위기 호평 다수 (1건)
517583,터진만두,전남,여수시,맛,1,0,0,맛 호평 다수 (1건)
7df1678228ed,토우영양돌솥밥,전남,영광군,신선도,1,0,0,신선도 호평 다수 (1건)
517661,통큰샤브,전남,여수시,신선도,1,0,0,신선도 호평 다수 (1건)
517661,통큰샤브,전남,여수시,양,1,0,0,양 호평 다수 (1건)
517661,통큰샤브,전남,여수시,분위기,1,0,0,분위기 호평 다수 (1건)
517980,평화국밥,전남,고흥군,맛,0,1,0,맛 언급 (1건)
517980,평화국밥,전남,고흥군,접근성_웨이팅,0,1,0,접근성_웨이팅 언급 (1건)
438006,평화식당,전남,구례군,분위기,1,0,0,분위기 호평 다수 (1건)
438006,평화식당,전남,구례군,접근성_웨이팅,1,0,0,접근성_웨이팅 호평 다수 (1건)
b10eda29a1f2,푸른산장,전남,광양시,맛,1,0,0,맛 호평 다수 (1건)
198402|438596,하남꽃게장백반,광주,광산구,가격,1,0,0,가격 호평 다수 (1건)
198432|438624,하누연가,광주,서구,접근성_웨이팅,1,0,0,접근성_웨이팅 호평 다수 (1건)
7c8a71025f76,하면옥 광양점,전남,광양시,분위기,1,0,0,분위기 호평 다수 (1건)
7c8a71025f76,하면옥 광양점,전남,광양시,접근성_웨이팅,1,0,0,접근성_웨이팅 호평 다수 (1건)
438741,하지메,광주,서구,신선도,1,0,0,신선도 호평 다수 (1건)
198561|438750,하해가,광주,서구,접근성_웨이팅,0,1,0,접근성_웨이팅 언급 (1건)
2c4c47564d4b,학운정,전남,광양시,분위기,0,1,1,분위기 불만 존재 (1건)
2bb0da161cf7,한우햄버거,전남,여수시,접근성_웨이팅,0,0,1,접근성_웨이팅 불만 존재 (1건)
321b162c6632,함평한우생고기직판장,전남,여수시,가격,1,0,0,가격 호평 다수 (1건)
517666,해궁 샤브샤브,전남,여수시,위생_청결,1,0,0,위생_청결 호평 다수 (1건)
198885|439071,해궁,광주,광산구,접근성_웨이팅,1,0,0,접근성_웨이팅 호평 다수 (1건)
8ee668c63d7c,해미연,전남,나주시,맛,1,0,0,맛 호평 다수 (1건)
e4f4485deae9,해방곱창 여문점,전남,여수시,분위기,1,0,0,분위기 호평 다수 (1건)
517627,해안식당 여수웅천점,전남,여수시,신선도,1,0,0,신선도 호평 다수 (1건)
517627,해안식당 여수웅천점,전남,여수시,분위기,1,0,0,분위기 호평 다수 (1건)
90616,해연,전남,보성군,신선도,1,0,0,신선도 호평 다수 (1건)
199111|439293|439294,행복한임금님,광주,서구,가격,1,0,0,가격 호평 다수 (1건)
4eed5b8b72ea,호랭이게장,전남,여수시,접근성_웨이팅,1,0,0,접근성_웨이팅 호평 다수 (1건)
57063,화랑식당,전남,함평군,신선도,1,0,0,신선도 호평 다수 (1건)
57063,화랑식당,전남,함평군,맛,0,1,0,맛 언급 (1건)
7be3ddfcdf6e,화선생,전남,여수시,분위기,0,1,0,분위기 언급 (1건)
7be3ddfcdf6e,화선생,전남,여수시,접근성_웨이팅,0,1,0,접근성_웨이팅 언급 (1건)
d537e2f611fe,환영식당,전남,여수시,접근성_웨이팅,1,0,0,접근성_웨이팅 호평 다수 (1건)
521581|895891,황룡우시장국밥집,전남,장성군,맛,0,1,0,맛 언급 (1건)
436019|439895,황솔촌 상무점,광주,서구,분위기,1,0,0,분위기 호평 다수 (1건)
439896,황솔촌 수완점,광주,광산구,분위기,1,0,0,분위기 호평 다수 (1건)
439896,황솔촌 수완점,광주,광산구,접근성_웨이팅,0,1,0,접근성_웨이팅 언급 (1건)
439897,황솔촌 운암점,광주,북구,분위기,1,0,0,분위기 호평 다수 (1건)
439899,황솔촌 충장점,광주,동구,분위기,0,1,0,분위기 언급 (1건)
837029,효비초밥,전남,나주시,서비스_친절도,0,1,0,서비스_친절도 언급 (1건)
517504,희망선어,전남,여수시,맛,1,0,0,맛 호평 다수 (1건)
3ee4c86bc94b,백년가게 민들레,광주,서구,맛,1,0,0,맛 호평 다수 (1건)
e6b33762225b,백년가게 해태식당,전남,강진군,신선도,1,0,0,신선도 호평 다수 (1건)
56757,7공주장어탕,전남,여수시,신선도,1,0,0,신선도 호평 다수 (1건)
836252,The미주농원120,전남,순천시,맛,1,0,0,맛 호평 다수 (1건)
9599,갯마을횟집,전남,장흥군,신선도,1,0,0,신선도 호평 다수 (1건)
419254,계림동잔치집,광주,동구,가격,1,0,0,가격 호평 다수 (1건)
419254,계림동잔치집,광주,동구,양,1,0,0,양 호평 다수 (1건)
419254,계림동잔치집,광주,동구,분위기,1,0,0,분위기 호평 다수 (1건)
419254,계림동잔치집,광주,동구,접근성_웨이팅,1,0,0,접근성_웨이팅 호평 다수 (1건)
56769,고소먹방,전남,여수시,맛,1,0,0,맛 호평 다수 (1건)
56774|880482,과역기사님식당,전남,고흥군,가격,1,0,0,가격 호평 다수 (1건)
56774|880482,과역기사님식당,전남,고흥군,양,1,0,0,양 호평 다수 (1건)
55134,귀향정,광주,동구,신선도,1,0,0,신선도 호평 다수 (1건)
420466,김강심 칼국수,광주,서구,분위기,1,0,0,분위기 호평 다수 (1건)
420466,김강심 칼국수,광주,서구,접근성_웨이팅,1,0,0,접근성_웨이팅 호평 다수 (1건)
4dc0fac5cd59,꽃담  참실이꽃담,광주,광산구,접근성_웨이팅,1,0,0,접근성_웨이팅 호평 다수 (1건)
646e64fe03ce,꽃피는 무화家,전남,신안군,접근성_웨이팅,1,0,0,접근성_웨이팅 호평 다수 (1건)
522334|896353,나비의 꿈,전남,함평군,접근성_웨이팅,1,0,0,접근성_웨이팅 호평 다수 (1건)
2b406dc3d577,남도예담(유)남도예담,전남,담양군,서비스_친절도,1,0,0,서비스_친절도 호평 다수 (1건)
421284,남도회관,전남,여수시,양,1,0,0,양 호평 다수 (1건)
a6bfb2432788,녹동회타운,전남,고흥군,신선도,1,0,0,신선도 호평 다수 (1건)
65abb5f27743,다다한정식,전남,여수시,신선도,1,0,0,신선도 호평 다수 (1건)
9601,다도해회관,전남,고흥군,양,1,0,0,양 호평 다수 (1건)
879434|9369,당산나무집,광주,남구,서비스_친절도,1,0,0,서비스_친절도 호평 다수 (1건)
56800,대성식당,전남,여수시,접근성_웨이팅,1,0,0,접근성_웨이팅 호평 다수 (1건)
422730,도화정,전남,신안군,신선도,1,0,0,신선도 호평 다수 (1건)
422730,도화정,전남,신안군,접근성_웨이팅,1,0,0,접근성_웨이팅 호평 다수 (1건)
56825,돌실숯불회관,전남,곡성군,분위기,1,0,0,분위기 호평 다수 (1건)
a4593b0452aa,들깨나라,전남,여수시,서비스_친절도,0,1,0,서비스_친절도 언급 (1건)
6441bb47a30d,만푸장횟집,전남,광양시,양,1,0,0,양 호평 다수 (1건)
517521,맛나게장,전남,여수시,맛,1,0,0,맛 호평 다수 (1건)
9618,명성숯불갈비,전남,여수시,신선도,1,0,0,신선도 호평 다수 (1건)
b5ddc9799a9c,명품관 순천만,전남,순천시,신선도,1,0,0,신선도 호평 다수 (1건)
9372,명화식육식당,광주,광산구,신선도,1,0,0,신선도 호평 다수 (1건)
56841,바다식탁,전남,여수시,맛,0,1,0,맛 언급 (1건)
56841,바다식탁,전남,여수시,분위기,0,1,0,분위기 언급 (1건)
9641,보자기,전남,담양군,접근성_웨이팅,1,0,0,접근성_웨이팅 호평 다수 (1건)
56849,사계절산장어숯불구이,전남,고흥군,양,1,0,0,양 호평 다수 (1건)
56849,사계절산장어숯불구이,전남,고흥군,접근성_웨이팅,1,0,0,접근성_웨이팅 호평 다수 (1건)
56855|880496,산마루터,전남,해남군,양,1,0,0,양 호평 다수 (1건)
9644,산해반점,전남,여수시,접근성_웨이팅,0,1,0,접근성_웨이팅 언급 (1건)
9645,삼거리농원,전남,담양군,신선도,1,0,0,신선도 호평 다수 (1건)
4ce3dbb07777,상무초밥 (상무점),광주,서구,신선도,1,0,0,신선도 호평 다수 (1건)
56858|880498,상아식당,전남,여수시,맛,1,0,0,맛 호평 다수 (1건)
56864,석문정,전남,강진군,맛,1,0,0,맛 호평 다수 (1건)
57070,선월 삼치 전문점,전남,여수시,신선도,1,0,0,신선도 호평 다수 (1건)
56880,수양정,전남,광양시,맛,1,0,0,맛 호평 다수 (1건)
56901|836792,싱싱게장마을,전남,여수시,양,1,0,0,양 호평 다수 (1건)
56905,아구할미 서대대감,전남,여수시,맛,1,0,0,맛 호평 다수 (1건)
56913|880512,양지쌈밥,전남,순천시,맛,1,0,0,맛 호평 다수 (1건)
56913|880512,양지쌈밥,전남,순천시,신선도,1,0,0,신선도 호평 다수 (1건)
56913|880512,양지쌈밥,전남,순천시,양,1,0,0,양 호평 다수 (1건)
56921,여수밥상갈치야,전남,여수시,분위기,1,0,0,분위기 호평 다수 (1건)
56935,오리마당,전남,순천시,신선도,1,0,0,신선도 호평 다수 (1건)
56936|880517,오성회관,전남,여수시,맛,1,0,0,맛 호평 다수 (1건)
92ac4967398e,요리온 (YORION),전남,담양군,신선도,1,0,0,신선도 호평 다수 (1건)
56943,용궁해물탕,전남,여수시,양,1,0,0,양 호평 다수 (1건)
55170,용전식육회관,광주,북구,신선도,1,0,0,신선도 호평 다수 (1건)
55171,우미추어탕,광주,남구,맛,1,0,0,맛 호평 다수 (1건)
55174,유향,광주,광산구,맛,0,1,0,맛 언급 (1건)
55174,유향,광주,광산구,접근성_웨이팅,0,1,0,접근성_웨이팅 언급 (1건)
56968,장미가든,전남,담양군,맛,1,0,0,맛 호평 다수 (1건)
522793,저녁노을,전남,화순군,분위기,1,0,0,분위기 호평 다수 (1건)
56972,전복마을,전남,순천시,신선도,1,0,0,신선도 호평 다수 (1건)
56974,전사마,전남,완도군,맛,1,0,0,맛 호평 다수 (1건)
56974,전사마,전남,완도군,가격,1,0,0,가격 호평 다수 (1건)
56976,전주돌솥밥,전남,여수시,접근성_웨이팅,1,0,0,접근성_웨이팅 호평 다수 (1건)
56977,전주양반돌솥밥,전남,나주시,맛,1,0,0,맛 호평 다수 (1건)
56980,정남진우리한우,전남,장흥군,신선도,1,0,0,신선도 호평 다수 (1건)
56980,정남진우리한우,전남,장흥군,접근성_웨이팅,1,0,0,접근성_웨이팅 호평 다수 (1건)
56992|880528,진미횟집,전남,완도군,신선도,1,0,0,신선도 호평 다수 (1건)
52d5d008e42b,청마루,전남,보성군,맛,1,0,0,맛 호평 다수 (1건)
805660335f91,청하,광주,동구,맛,1,0,0,맛 호평 다수 (1건)
435782,취홍,광주,광산구,접근성_웨이팅,1,0,0,접근성_웨이팅 호평 다수 (1건)
197005|437251|55197,탱고아구찜,광주,북구,양,1,0,0,양 호평 다수 (1건)
55198,테스팅노트,광주,서구,맛,1,0,0,맛 호평 다수 (1건)
55198,테스팅노트,광주,서구,가격,1,0,0,가격 호평 다수 (1건)
197662|55200|879452,팔도강산,광주,동구,맛,1,0,0,맛 호평 다수 (1건)
197662|55200|879452,팔도강산,광주,동구,신선도,1,0,0,신선도 호평 다수 (1건)
57032|837034,품장,전남,나주시,신선도,1,0,0,신선도 호평 다수 (1건)
57039,하얀집 낙지전문점,전남,여수시,분위기,1,0,0,분위기 호평 다수 (1건)
198747|438934|55204,한우꽃,광주,남구,신선도,1,0,0,신선도 호평 다수 (1건)
55205,해동활어,광주,서구,신선도,1,0,0,신선도 호평 다수 (1건)
55205,해동활어,광주,서구,접근성_웨이팅,1,0,0,접근성_웨이팅 호평 다수 (1건)
7f6c86a60458,062-574-8422,광주,북구,맛,1,0,0,맛 호평 다수 (1건)
7f6c86a60458,062-574-8422,광주,북구,분위기,1,0,0,분위기 호평 다수 (1건)
418462|961570,062곱창,광주,서구,신선도,1,0,0,신선도 호평 다수 (1건)
418462|961570,062곱창,광주,서구,위생_청결,1,0,0,위생_청결 호평 다수 (1건)
418462|961570,062곱창,광주,서구,서비스_친절도,1,0,0,서비스_친절도 호평 다수 (1건)
418463,062떡볶이,광주,동구,맛,1,0,0,맛 호평 다수 (1건)
418463,062떡볶이,광주,동구,신선도,1,0,0,신선도 호평 다수 (1건)
519456,1004 소바질,전남,신안군,접근성_웨이팅,1,0,0,접근성_웨이팅 호평 다수 (1건)
519417|895613,1004브릿지,전남,신안군,맛,1,0,0,맛 호평 다수 (1건)
519417|895613,1004브릿지,전남,신안군,신선도,1,0,0,신선도 호평 다수 (1건)
4a843fbcecf7,100s 쭈꾸미,광주,광산구,맛,1,0,0,맛 호평 다수 (1건)
4a843fbcecf7,100s 쭈꾸미,광주,광산구,신선도,1,0,0,신선도 호평 다수 (1건)
4b79c034b538,100S쭈꾸미,광주,남구,맛,1,0,0,맛 호평 다수 (1건)
4b79c034b538,100S쭈꾸미,광주,남구,신선도,1,0,0,신선도 호평 다수 (1건)
418509,100년소갈비,광주,북구,가격,1,0,0,가격 호평 다수 (1건)
193160,100점세마리치킨,광주,북구,맛,1,0,0,맛 호평 다수 (1건)
193160,100점세마리치킨,광주,북구,신선도,1,0,0,신선도 호평 다수 (1건)
515754|961726,1011다이닝키친,광주,남구,맛,1,0,0,맛 호평 다수 (1건)
515754|961726,1011다이닝키친,광주,남구,서비스_친절도,1,0,0,서비스_친절도 호평 다수 (1건)
515754|961726,1011다이닝키친,광주,남구,분위기,1,0,0,분위기 호평 다수 (1건)
521638,1105다이닝,전남,장성군,맛,1,0,0,맛 호평 다수 (1건)
521638,1105다이닝,전남,장성군,분위기,1,0,0,분위기 호평 다수 (1건)
519340,119뒷고기,전남,보성군,맛,1,0,0,맛 호평 다수 (1건)
185567,11vibe,광주,광산구,맛,1,0,0,맛 호평 다수 (1건)
185567,11vibe,광주,광산구,분위기,1,0,0,분위기 호평 다수 (1건)
418513,123ST수제돈가스,광주,남구,신선도,1,0,0,신선도 호평 다수 (1건)
420659,1392김치찜,광주,광산구,맛,1,0,0,맛 호평 다수 (1건)
420659,1392김치찜,광주,광산구,위생_청결,1,0,0,위생_청결 호평 다수 (1건)
418405,13월,광주,남구,분위기,1,0,0,분위기 호평 다수 (1건)
6d040ea16cf2,148,전남,광양시,분위기,1,0,0,분위기 호평 다수 (1건)
6d040ea16cf2,148,전남,광양시,접근성_웨이팅,1,0,0,접근성_웨이팅 호평 다수 (1건)
418555,1515짜장면,광주,동구,서비스_친절도,1,0,0,서비스_친절도 호평 다수 (1건)
c1dec8f7a02e,155,전남,여수시,맛,1,0,0,맛 호평 다수 (1건)
c1dec8f7a02e,155,전남,여수시,서비스_친절도,1,0,0,서비스_친절도 호평 다수 (1건)
c1dec8f7a02e,155,전남,여수시,분위기,1,0,0,분위기 호평 다수 (1건)
517382,1937모밀우동,전남,순천시,분위기,1,0,0,분위기 호평 다수 (1건)
517382,1937모밀우동,전남,순천시,접근성_웨이팅,1,0,0,접근성_웨이팅 호평 다수 (1건)
433321,1943 구시청점,광주,동구,분위기,1,0,0,분위기 호평 다수 (1건)
418557,1943상무점,광주,서구,맛,1,0,0,맛 호평 다수 (1건)
418557,1943상무점,광주,서구,서비스_친절도,1,0,0,서비스_친절도 호평 다수 (1건)
418557,1943상무점,광주,서구,분위기,1,0,0,분위기 호평 다수 (1건)
435411|55128,1960청원모밀,광주,동구,맛,1,0,0,맛 호평 다수 (1건)
418560,1965원조제일돌곱창,광주,서구,맛,1,0,0,맛 호평 다수 (1건)
418560,1965원조제일돌곱창,광주,서구,분위기,1,0,0,분위기 호평 다수 (1건)
418562,1966생면파스타,광주,동구,맛,1,0,0,맛 호평 다수 (1건)
418562,1966생면파스타,광주,동구,서비스_친절도,1,0,0,서비스_친절도 호평 다수 (1건)
418562,1966생면파스타,광주,동구,분위기,1,0,0,분위기 호평 다수 (1건)
418568,1978탄탄탄,광주,동구,분위기,1,0,0,분위기 호평 다수 (1건)
647e7b481bd9,1983,광주,동구,가격,1,0,0,가격 호평 다수 (1건)
418575,1988한식명가,광주,북구,맛,1,0,0,맛 호평 다수 (1건)
418577,1990한끼곰탕,광주,서구,맛,1,0,0,맛 호평 다수 (1건)
198365|438559,1992덮밥&짜글이 전남대점,광주,북구,맛,1,0,0,맛 호평 다수 (1건)
418579,1998만복상회,광주,광산구,서비스_친절도,1,0,0,서비스_친절도 호평 다수 (1건)
433335,1등참치 광주첨단점,광주,북구,가격,1,0,0,가격 호평 다수 (1건)
522070|896211,1박2일가든,전남,장흥군,신선도,1,0,0,신선도 호평 다수 (1건)
194126,1번고기,광주,광산구,맛,1,0,0,맛 호평 다수 (1건)
194126,1번고기,광주,광산구,신선도,1,0,0,신선도 호평 다수 (1건)
418358,1인 한식당 북구점,광주,북구,맛,1,0,0,맛 호평 다수 (1건)
418358,1인 한식당 북구점,광주,북구,접근성_웨이팅,1,0,0,접근성_웨이팅 호평 다수 (1건)
418359,1인 한식당 수완점,광주,광산구,맛,1,0,0,맛 호평 다수 (1건)
418359,1인 한식당 수완점,광주,광산구,분위기,1,0,0,분위기 호평 다수 (1건)
185710,1인용갈비찜  전남대점,광주,북구,맛,1,0,0,맛 호평 다수 (1건)
185710,1인용갈비찜  전남대점,광주,북구,서비스_친절도,1,0,0,서비스_친절도 호평 다수 (1건)
185710,1인용갈비찜  전남대점,광주,북구,분위기,1,0,0,분위기 호평 다수 (1건)
418518,201호,광주,동구,분위기,1,0,0,분위기 호평 다수 (1건)
f0741ebe5963,24시돼지국밥,전남,광양시,맛,1,0,0,맛 호평 다수 (1건)
ba0c1f83d99d,24시전주명가콩나물국밥 광양읍점,전남,광양시,맛,1,0,0,맛 호평 다수 (1건)
433896,24시전주명가콩나물국밥 수완점,광주,광산구,신선도,1,0,0,신선도 호평 다수 (1건)
418412|433306,24시전주명가콩나물국밥 일곡점,광주,북구,접근성_웨이팅,1,0,0,접근성_웨이팅 호평 다수 (1건)
418413|430384,24시창평국밥,광주,광산구,맛,1,0,0,맛 호평 다수 (1건)
418413|430384,24시창평국밥,광주,광산구,양,1,0,0,양 호평 다수 (1건)
418416,25년 장인아구찜 첨단본점,광주,광산구,맛,1,0,0,맛 호평 다수 (1건)
418415,25년국밥,광주,북구,맛,1,0,0,맛 호평 다수 (1건)
418418|440207,25시,광주,서구,서비스_친절도,1,0,0,서비스_친절도 호평 다수 (1건)
418420,25시소문난오돌뼈,광주,북구,맛,1,0,0,맛 호평 다수 (1건)
418421,25시연탄구이,광주,북구,서비스_친절도,1,0,0,서비스_친절도 호평 다수 (1건)
418422,25시참숯구이,광주,북구,맛,1,0,0,맛 호평 다수 (1건)
418422,25시참숯구이,광주,북구,신선도,1,0,0,신선도 호평 다수 (1건)
517814,25시해장국,전남,강진군,맛,1,0,0,맛 호평 다수 (1건)
517814,25시해장국,전남,강진군,서비스_친절도,1,0,0,서비스_친절도 호평 다수 (1건)
517814,25시해장국,전남,강진군,분위기,1,0,0,분위기 호평 다수 (1건)
fec2797edc7e,3.14,광주,동구,분위기,1,0,0,분위기 호평 다수 (1건)
418522,330장금이,광주,동구,분위기,1,0,0,분위기 호평 다수 (1건)
418523,337치킨 호대점,광주,광산구,신선도,1,0,0,신선도 호평 다수 (1건)
524087|836973,33RoseLn,전남,여수시,맛,1,0,0,맛 호평 다수 (1건)
418430,39참편한콩나물국밥,광주,서구,맛,1,0,0,맛 호평 다수 (1건)
418430,39참편한콩나물국밥,광주,서구,신선도,1,0,0,신선도 호평 다수 (1건)
521829|896058,3대곰탕,전남,장흥군,위생_청결,1,0,0,위생_청결 호평 다수 (1건)
521829|896058,3대곰탕,전남,장흥군,분위기,1,0,0,분위기 호평 다수 (1건)
515667|880432,3대서울곱창,광주,광산구,신선도,1,0,0,신선도 호평 다수 (1건)
515667|880432,3대서울곱창,광주,광산구,위생_청결,1,0,0,위생_청결 호평 다수 (1건)
ddf7cd2c0092,5.5닭갈비 목포점,전남,목포시,맛,1,0,0,맛 호평 다수 (1건)
418531,500CC(씨씨),광주,광산구,맛,1,0,0,맛 호평 다수 (1건)
418531,500CC(씨씨),광주,광산구,신선도,1,0,0,신선도 호평 다수 (1건)
418531,500CC(씨씨),광주,광산구,분위기,1,0,0,분위기 호평 다수 (1건)
3817ee1747ec,500도참숯불맛삼겹살 백운점,광주,남구,맛,1,0,0,맛 호평 다수 (1건)
3817ee1747ec,500도참숯불맛삼겹살 백운점,광주,남구,위생_청결,1,0,0,위생_청결 호평 다수 (1건)
418533,500도참숯불맛삼겹살,광주,북구,서비스_친절도,1,0,0,서비스_친절도 호평 다수 (1건)
418533,500도참숯불맛삼겹살,광주,북구,분위기,1,0,0,분위기 호평 다수 (1건)
418433,50년전통국밥,광주,북구,신선도,1,0,0,신선도 호평 다수 (1건)
418537,518낙지전문점,광주,동구,맛,1,0,0,맛 호평 다수 (1건)
bfa953810746,5547,전남,광양시,분위기,1,0,0,분위기 호평 다수 (1건)
bfa953810746,5547,전남,광양시,접근성_웨이팅,1,0,0,접근성_웨이팅 호평 다수 (1건)
418538,587고기집,광주,남구,맛,1,0,0,맛 호평 다수 (1건)
418436,59쌀피자 봉선1호점,광주,남구,맛,1,0,0,맛 호평 다수 (1건)
418540,601삼겹살,광주,동구,맛,1,0,0,맛 호평 다수 (1건)
418542,666버거 광주백운동,광주,남구,맛,1,0,0,맛 호평 다수 (1건)
418542,666버거 광주백운동,광주,남구,신선도,1,0,0,신선도 호평 다수 (1건)
418582,7080생방송,광주,북구,맛,1,0,0,맛 호평 다수 (1건)
418582,7080생방송,광주,북구,분위기,1,0,0,분위기 호평 다수 (1건)
435172,7080천왕봉,광주,북구,맛,1,0,0,맛 호평 다수 (1건)
435719,7080추억의배고픈다리,광주,동구,분위기,1,0,0,분위기 호평 다수 (1건)
521899|896107,79대포 전남장흥점,전남,장흥군,맛,1,0,0,맛 호평 다수 (1건)
521899|896107,79대포 전남장흥점,전남,장흥군,서비스_친절도,1,0,0,서비스_친절도 호평 다수 (1건)
521899|896107,79대포 전남장흥점,전남,장흥군,분위기,1,0,0,분위기 호평 다수 (1건)
56757,7공주장어탕,전남,여수시,접근성_웨이팅,1,0,0,접근성_웨이팅 호평 다수 (1건)
418393,7번도로국밥집,광주,광산구,맛,1,0,0,맛 호평 다수 (1건)
418475,88대패삼겹,광주,서구,맛,1,0,0,맛 호평 다수 (1건)
418475,88대패삼겹,광주,서구,신선도,1,0,0,신선도 호평 다수 (1건)
418475,88대패삼겹,광주,서구,서비스_친절도,1,0,0,서비스_친절도 호평 다수 (1건)
418478|418499,88켄터키 수완점,광주,광산구,맛,1,0,0,맛 호평 다수 (1건)
418480,88켄터키북부오치점,광주,북구,맛,1,0,0,맛 호평 다수 (1건)
418476,88켄터키치킨 두암점,광주,북구,맛,1,0,0,맛 호평 다수 (1건)
418477|418497,88켄터키치킨 문흥샛터코아점,광주,북구,맛,1,0,0,맛 호평 다수 (1건)
418477|418497,88켄터키치킨 문흥샛터코아점,광주,북구,가격,1,0,0,가격 호평 다수 (1건)
418481,88켄터키치킨 운암점,광주,북구,맛,1,0,0,맛 호평 다수 (1건)
418481,88켄터키치킨 운암점,광주,북구,양,1,0,0,양 호평 다수 (1건)
418483,88켄터키치킨 터미널점,광주,서구,맛,1,0,0,맛 호평 다수 (1건)
418483,88켄터키치킨 터미널점,광주,서구,분위기,1,0,0,분위기 호평 다수 (1건)
418483,88켄터키치킨 터미널점,광주,서구,접근성_웨이팅,1,0,0,접근성_웨이팅 호평 다수 (1건)
418484,88켄터키치킨 흑석점,광주,광산구,맛,1,0,0,맛 호평 다수 (1건)
418496,88켄터키치킨경신여고사거리점,광주,북구,맛,1,0,0,맛 호평 다수 (1건)
418477|418497,88켄터키치킨문흥샛터코아점,광주,북구,맛,1,0,0,맛 호평 다수 (1건)
418477|418497,88켄터키치킨문흥샛터코아점,광주,북구,가격,1,0,0,가격 호평 다수 (1건)
418498,88켄터키치킨비아점,광주,광산구,맛,1,0,0,맛 호평 다수 (1건)
418498,88켄터키치킨비아점,광주,광산구,양,1,0,0,양 호평 다수 (1건)
418498,88켄터키치킨비아점,광주,광산구,서비스_친절도,1,0,0,서비스_친절도 호평 다수 (1건)
6df603014c3c,88켄터키치킨수완점,광주,광산구,맛,1,0,0,맛 호평 다수 (1건)
418500,88켄터키치킨풍암금당점,광주,서구,분위기,1,0,0,분위기 호평 다수 (1건)
418395,8월의중식 하남점,광주,광산구,맛,1,0,0,맛 호평 다수 (1건)
418395,8월의중식 하남점,광주,광산구,서비스_친절도,1,0,0,서비스_친절도 호평 다수 (1건)
418547,900달러,광주,동구,신선도,1,0,0,신선도 호평 다수 (1건)
418547,900달러,광주,동구,분위기,1,0,0,분위기 호평 다수 (1건)
418504,98푸드,광주,남구,신선도,1,0,0,신선도 호평 다수 (1건)
418504,98푸드,광주,남구,서비스_친절도,1,0,0,서비스_친절도 호평 다수 (1건)
430779,9900엄마네 김치찌개,광주,광산구,맛,1,0,0,맛 호평 다수 (1건)
430779,9900엄마네 김치찌개,광주,광산구,신선도,1,0,0,신선도 호평 다수 (1건)
430779,9900엄마네 김치찌개,광주,광산구,양,1,0,0,양 호평 다수 (1건)
418399,9회말투아웃 산정2호점,광주,광산구,맛,1,0,0,맛 호평 다수 (1건)
418402,9회말투아웃 수완큰별점,광주,광산구,맛,1,0,0,맛 호평 다수 (1건)
418400,9회말투아웃두마리치킨 수완점,광주,광산구,맛,1,0,0,맛 호평 다수 (1건)
429997,ACA아까,광주,남구,접근성_웨이팅,1,0,0,접근성_웨이팅 호평 다수 (1건)
190586,Alc721,광주,광산구,서비스_친절도,1,0,0,서비스_친절도 호평 다수 (1건)
523952|836495,AMAE,전남,순천시,분위기,1,0,0,분위기 호평 다수 (1건)
523952|836495,AMAE,전남,순천시,접근성_웨이팅,1,0,0,접근성_웨이팅 호평 다수 (1건)
418600,AUSMehl,광주,동구,맛,1,0,0,맛 호평 다수 (1건)
418600,AUSMehl,광주,동구,신선도,1,0,0,신선도 호평 다수 (1건)
418600,AUSMehl,광주,동구,분위기,1,0,0,분위기 호평 다수 (1건)
523194|836721,Bee story 79 꿀벌이야기,전남,광양시,맛,1,0,0,맛 호평 다수 (1건)
523194|836721,Bee story 79 꿀벌이야기,전남,광양시,신선도,1,0,0,신선도 호평 다수 (1건)
523194|836721,Bee story 79 꿀벌이야기,전남,광양시,분위기,1,0,0,분위기 호평 다수 (1건)
523083|836618|896843,C27 LF스퀘어광양점,전남,광양시,맛,1,0,0,맛 호평 다수 (1건)
437017,CRAB MARKET,광주,광산구,가격,1,0,0,가격 호평 다수 (1건)
56759,creme,전남,담양군,맛,1,0,0,맛 호평 다수 (1건)
56759,creme,전남,담양군,분위기,1,0,0,분위기 호평 다수 (1건)
05f33368d3d4,Darak,광주,서구,신선도,1,0,0,신선도 호평 다수 (1건)
182846,Dbake,광주,광산구,맛,1,0,0,맛 호평 다수 (1건)
423345,dbdb,광주,북구,분위기,1,0,0,분위기 호평 다수 (1건)
523538,Deepen,전남,목포시,분위기,1,0,0,분위기 호평 다수 (1건)
186141,DO TRANG QUAN,광주,광산구,신선도,1,0,0,신선도 호평 다수 (1건)
186141,DO TRANG QUAN,광주,광산구,분위기,1,0,0,분위기 호평 다수 (1건)
524173|836946,Eat Pray Love,전남,여수시,맛,1,0,0,맛 호평 다수 (1건)
516014,esc2,광주,광산구,맛,1,0,0,맛 호평 다수 (1건)
516014,esc2,광주,광산구,신선도,1,0,0,신선도 호평 다수 (1건)
192904,etc,광주,광산구,맛,1,0,0,맛 호평 다수 (1건)
192904,etc,광주,광산구,신선도,1,0,0,신선도 호평 다수 (1건)
438261,Fragrance,광주,서구,맛,1,0,0,맛 호평 다수 (1건)
190607|515652|880420,FRND,광주,광산구,맛,1,0,0,맛 호평 다수 (1건)
190607|515652|880420,FRND,광주,광산구,신선도,1,0,0,신선도 호평 다수 (1건)
419189|879737,Genuss,광주,남구,신선도,1,0,0,신선도 호평 다수 (1건)
419189|879737,Genuss,광주,남구,서비스_친절도,1,0,0,서비스_친절도 호평 다수 (1건)
a20483c980e7,GGT POT,전남,나주시,맛,1,0,0,맛 호평 다수 (1건)
a20483c980e7,GGT POT,전남,나주시,접근성_웨이팅,1,0,0,접근성_웨이팅 호평 다수 (1건)
40dbb76885b4,guap,광주,동구,신선도,1,0,0,신선도 호평 다수 (1건)
418749,HAGOS,광주,동구,맛,1,0,0,맛 호평 다수 (1건)
418749,HAGOS,광주,동구,접근성_웨이팅,1,0,0,접근성_웨이팅 호평 다수 (1건)
537864,HERO하우스,전남,담양군,가격,1,0,0,가격 호평 다수 (1건)
199899|440079,Hoooom,광주,서구,분위기,1,0,0,분위기 호평 다수 (1건)
523510,Hut,전남,목포시,맛,1,0,0,맛 호평 다수 (1건)
523510,Hut,전남,목포시,서비스_친절도,1,0,0,서비스_친절도 호평 다수 (1건)
523510,Hut,전남,목포시,접근성_웨이팅,1,0,0,접근성_웨이팅 호평 다수 (1건)
436368,ILMARE,광주,서구,신선도,1,0,0,신선도 호평 다수 (1건)
183553,ITZZY 구시청점,광주,동구,신선도,1,0,0,신선도 호평 다수 (1건)
183553,ITZZY 구시청점,광주,동구,접근성_웨이팅,1,0,0,접근성_웨이팅 호평 다수 (1건)
193816,JMT떡볶이&치킨,광주,광산구,맛,1,0,0,맛 호평 다수 (1건)
f07ea642c2ad,Kaffee Dallll,광주,광산구,신선도,1,0,0,신선도 호평 다수 (1건)
f07ea642c2ad,Kaffee Dallll,광주,광산구,분위기,1,0,0,분위기 호평 다수 (1건)
435958,KASIA,광주,북구,맛,1,0,0,맛 호평 다수 (1건)
f92424b7eaf6,KMGM 광주첨단점,광주,광산구,맛,1,0,0,맛 호평 다수 (1건)
f92424b7eaf6,KMGM 광주첨단점,광주,광산구,분위기,1,0,0,분위기 호평 다수 (1건)
437681,K투엑스,광주,동구,맛,1,0,0,맛 호평 다수 (1건)
437681,K투엑스,광주,동구,분위기,1,0,0,분위기 호평 다수 (1건)
6ce43fdc828f,LA회관,광주,서구,맛,1,0,0,맛 호평 다수 (1건)
6ce43fdc828f,LA회관,광주,서구,분위기,1,0,0,분위기 호평 다수 (1건)
437946,LIKE PUB,광주,북구,맛,1,0,0,맛 호평 다수 (1건)
437946,LIKE PUB,광주,북구,가격,1,0,0,가격 호평 다수 (1건)
437946,LIKE PUB,광주,북구,분위기,1,0,0,분위기 호평 다수 (1건)
23ede226bbe4,Loft28,광주,동구,맛,1,0,0,맛 호평 다수 (1건)
23ede226bbe4,Loft28,광주,동구,분위기,1,0,0,분위기 호평 다수 (1건)
431730,Lounge OIC,광주,광산구,서비스_친절도,1,0,0,서비스_친절도 호평 다수 (1건)
431730,Lounge OIC,광주,광산구,분위기,1,0,0,분위기 호평 다수 (1건)
515813,LSC,광주,동구,맛,1,0,0,맛 호평 다수 (1건)
515813,LSC,광주,동구,서비스_친절도,1,0,0,서비스_친절도 호평 다수 (1건)
523456|837269,M spresso,전남,나주시,맛,1,0,0,맛 호평 다수 (1건)
523456|837269,M spresso,전남,나주시,서비스_친절도,1,0,0,서비스_친절도 호평 다수 (1건)
523456|837269,M spresso,전남,나주시,분위기,1,0,0,분위기 호평 다수 (1건)
185127,Mid90s,광주,동구,분위기,1,0,0,분위기 호평 다수 (1건)
425460,murmure,광주,서구,가격,1,0,0,가격 호평 다수 (1건)
523579,NAVY,전남,목포시,맛,1,0,0,맛 호평 다수 (1건)
523579,NAVY,전남,목포시,신선도,1,0,0,신선도 호평 다수 (1건)
523579,NAVY,전남,목포시,분위기,1,0,0,분위기 호평 다수 (1건)
421692,Nidus,광주,광산구,맛,1,0,0,맛 호평 다수 (1건)
421692,Nidus,광주,광산구,분위기,1,0,0,분위기 호평 다수 (1건)
421413,NIRVANA,광주,동구,분위기,1,0,0,분위기 호평 다수 (1건)
418794,OB캠프,광주,남구,맛,1,0,0,맛 호평 다수 (1건)
418794,OB캠프,광주,남구,분위기,1,0,0,분위기 호평 다수 (1건)
517478,Oui,전남,순천시,신선도,1,0,0,신선도 호평 다수 (1건)
198203|438399,PHO879,광주,광산구,신선도,1,0,0,신선도 호평 다수 (1건)
2825fe0d38eb,QUEEN,광주,서구,맛,1,0,0,맛 호평 다수 (1건)
2825fe0d38eb,QUEEN,광주,서구,신선도,1,0,0,신선도 호평 다수 (1건)
423831,RECIPE,광주,광산구,맛,1,0,0,맛 호평 다수 (1건)
423831,RECIPE,광주,광산구,신선도,1,0,0,신선도 호평 다수 (1건)
183360,Retro208,광주,서구,서비스_친절도,1,0,0,서비스_친절도 호평 다수 (1건)
183360,Retro208,광주,서구,분위기,1,0,0,분위기 호평 다수 (1건)
183368,RO136,광주,서구,분위기,1,0,0,분위기 호평 다수 (1건)
523235|836740,Rosso,전남,광양시,맛,1,0,0,맛 호평 다수 (1건)
523235|836740,Rosso,전남,광양시,분위기,1,0,0,분위기 호평 다수 (1건)
3bd2f85c08e1,SlowD,광주,남구,분위기,1,0,0,분위기 호평 다수 (1건)
523449|837274,Sooon,전남,나주시,맛,1,0,0,맛 호평 다수 (1건)
523449|837274,Sooon,전남,나주시,분위기,1,0,0,분위기 호평 다수 (1건)
429425,Speakeasy,광주,동구,분위기,1,0,0,분위기 호평 다수 (1건)
c31145f0f40e,Spring at Daap,전남,광양시,접근성_웨이팅,1,0,0,접근성_웨이팅 호평 다수 (1건)
186152,SUNNY,광주,광산구,맛,1,0,0,맛 호평 다수 (1건)
186152,SUNNY,광주,광산구,신선도,1,0,0,신선도 호평 다수 (1건)
437718,TDA.G,광주,동구,분위기,1,0,0,분위기 호평 다수 (1건)
422348,the 백의 민족 감자탕,광주,동구,신선도,1,0,0,신선도 호평 다수 (1건)
949fb7f2e979,the뽀끼,광주,북구,신선도,1,0,0,신선도 호평 다수 (1건)
5fe6472bc98f,THE카이저,광주,광산구,맛,1,0,0,맛 호평 다수 (1건)
5fe6472bc98f,THE카이저,광주,광산구,분위기,1,0,0,분위기 호평 다수 (1건)
519310|895536,THE한샘,전남,보성군,맛,1,0,0,맛 호평 다수 (1건)
519310|895536,THE한샘,전남,보성군,신선도,1,0,0,신선도 호평 다수 (1건)
418841,The호떡 1호점,광주,서구,맛,1,0,0,맛 호평 다수 (1건)
418841,The호떡 1호점,광주,서구,서비스_친절도,1,0,0,서비스_친절도 호평 다수 (1건)
418841,The호떡 1호점,광주,서구,분위기,1,0,0,분위기 호평 다수 (1건)
432710,UZAKAYA,광주,북구,맛,1,0,0,맛 호평 다수 (1건)
432710,UZAKAYA,광주,북구,분위기,1,0,0,분위기 호평 다수 (1건)
418852,Verde,광주,북구,서비스_친절도,1,0,0,서비스_친절도 호평 다수 (1건)
186142,VIETNAMQUAN,광주,광산구,신선도,1,0,0,신선도 호평 다수 (1건)
186142,VIETNAMQUAN,광주,광산구,분위기,1,0,0,분위기 호평 다수 (1건)
515829|961788,VVERTICAL,광주,동구,신선도,1,0,0,신선도 호평 다수 (1건)
515829|961788,VVERTICAL,광주,동구,서비스_친절도,1,0,0,서비스_친절도 호평 다수 (1건)
523600,Well.,전남,목포시,맛,1,0,0,맛 호평 다수 (1건)
523600,Well.,전남,목포시,신선도,1,0,0,신선도 호평 다수 (1건)
523548,WTVR,전남,목포시,맛,1,0,0,맛 호평 다수 (1건)
523548,WTVR,전남,목포시,분위기,1,0,0,분위기 호평 다수 (1건)
418864,가가멜,광주,광산구,맛,1,0,0,맛 호평 다수 (1건)
4e9788cfb6be,가거도,광주,남구,신선도,1,0,0,신선도 호평 다수 (1건)
4e9788cfb6be,가거도,광주,남구,위생_청결,1,0,0,위생_청결 호평 다수 (1건)
4e9788cfb6be,가거도,광주,남구,서비스_친절도,1,0,0,서비스_친절도 호평 다수 (1건)
4e9788cfb6be,가거도,광주,남구,분위기,1,0,0,분위기 호평 다수 (1건)
519529,가거도중앙식당민박,전남,신안군,맛,1,0,0,맛 호평 다수 (1건)
519529,가거도중앙식당민박,전남,신안군,신선도,1,0,0,신선도 호평 다수 (1건)
418866,가고파,광주,북구,맛,1,0,0,맛 호평 다수 (1건)
418866,가고파,광주,북구,분위기,1,0,0,분위기 호평 다수 (1건)
418869,가나안분식,광주,북구,맛,1,0,0,맛 호평 다수 (1건)
418869,가나안분식,광주,북구,신선도,1,0,0,신선도 호평 다수 (1건)
418870|879486,가나잔치,광주,남구,맛,1,0,0,맛 호평 다수 (1건)
418870|879486,가나잔치,광주,남구,서비스_친절도,1,0,0,서비스_친절도 호평 다수 (1건)
418870|879486,가나잔치,광주,남구,분위기,1,0,0,분위기 호평 다수 (1건)
418872,가내수공업 수완점,광주,광산구,맛,1,0,0,맛 호평 다수 (1건)
4546f2fee310,가득,전남,광양시,맛,1,0,0,맛 호평 다수 (1건)
418876,가든바베큐,광주,광산구,맛,1,0,0,맛 호평 다수 (1건)
418877,가든식당,광주,북구,맛,1,0,0,맛 호평 다수 (1건)
418877,가든식당,광주,북구,서비스_친절도,1,0,0,서비스_친절도 호평 다수 (1건)
418877,가든식당,광주,북구,분위기,1,0,0,분위기 호평 다수 (1건)
568b946ffe05,가락지죽집,전남,목포시,맛,1,0,0,맛 호평 다수 (1건)
568b946ffe05,가락지죽집,전남,목포시,분위기,1,0,0,분위기 호평 다수 (1건)
418880,가람분식,광주,북구,맛,1,0,0,맛 호평 다수 (1건)
418880,가람분식,광주,북구,분위기,1,0,0,분위기 호평 다수 (1건)
418881|963336,가람초밥&참치,광주,광산구,맛,1,0,0,맛 호평 다수 (1건)
418881|963336,가람초밥&참치,광주,광산구,신선도,1,0,0,신선도 호평 다수 (1건)
418881|963336,가람초밥&참치,광주,광산구,가격,1,0,0,가격 호평 다수 (1건)
418881|963336,가람초밥&참치,광주,광산구,양,1,0,0,양 호평 다수 (1건)
418881|963336,가람초밥&참치,광주,광산구,서비스_친절도,1,0,0,서비스_친절도 호평 다수 (1건)
739e4c8d9b10,가람초밥,광주,광산구,신선도,1,0,0,신선도 호평 다수 (1건)
56761,가랑드,전남,곡성군,맛,1,0,0,맛 호평 다수 (1건)
56761,가랑드,전남,곡성군,신선도,1,0,0,신선도 호평 다수 (1건)
56761,가랑드,전남,곡성군,분위기,1,0,0,분위기 호평 다수 (1건)
427133,가마솥 김치찜 갈비탕 순댓국,광주,동구,서비스_친절도,1,0,0,서비스_친절도 호평 다수 (1건)
418888,가마솥곰탕 광주계림동,광주,동구,맛,1,0,0,맛 호평 다수 (1건)
418888,가마솥곰탕 광주계림동,광주,동구,양,1,0,0,양 호평 다수 (1건)
01d6f1b0b063,가마솥곰탕,광주,동구,맛,1,0,0,맛 호평 다수 (1건)
01d6f1b0b063,가마솥곰탕,광주,동구,신선도,1,0,0,신선도 호평 다수 (1건)
419840,가마솥광주통닭,광주,광산구,서비스_친절도,1,0,0,서비스_친절도 호평 다수 (1건)
418891,가마솥국밥,광주,북구,맛,1,0,0,맛 호평 다수 (1건)
418891,가마솥국밥,광주,북구,신선도,1,0,0,신선도 호평 다수 (1건)
418891,가마솥국밥,광주,북구,양,1,0,0,양 호평 다수 (1건)
7d0d36478623,가마솥김밥 월드컵점,광주,서구,신선도,1,0,0,신선도 호평 다수 (1건)
418893,가마솥김치찜,광주,북구,맛,1,0,0,맛 호평 다수 (1건)
418893,가마솥김치찜,광주,북구,신선도,1,0,0,신선도 호평 다수 (1건)
418894,가마솥나주곰탕,광주,북구,신선도,1,0,0,신선도 호평 다수 (1건)
b3f5e69b5b6c,가마솥뚝배기,전남,광양시,맛,1,0,0,맛 호평 다수 (1건)
418895,가마솥소머리국밥,광주,광산구,맛,1,0,0,맛 호평 다수 (1건)
418896,가마솥손두부,광주,광산구,신선도,1,0,0,신선도 호평 다수 (1건)
418898,가마솥옛날국밥,광주,북구,맛,1,0,0,맛 호평 다수 (1건)
418899,가마솥옛날시골통닭&호프 교대1호점,광주,동구,신선도,1,0,0,신선도 호평 다수 (1건)
418900,가마솥옛날시골통닭,광주,서구,맛,1,0,0,맛 호평 다수 (1건)
418900,가마솥옛날시골통닭,광주,서구,분위기,1,0,0,분위기 호평 다수 (1건)
19fc0f5c4f9a,가마솥자연밥상,전남,구례군,맛,1,0,0,맛 호평 다수 (1건)
19fc0f5c4f9a,가마솥자연밥상,전남,구례군,신선도,1,0,0,신선도 호평 다수 (1건)
418901,가마솥집,광주,광산구,맛,1,0,0,맛 호평 다수 (1건)
418901,가마솥집,광주,광산구,신선도,1,0,0,신선도 호평 다수 (1건)
418901,가마솥집,광주,광산구,가격,1,0,0,가격 호평 다수 (1건)
418902,가마솥추어탕,광주,북구,맛,1,0,0,맛 호평 다수 (1건)
418902,가마솥추어탕,광주,북구,신선도,1,0,0,신선도 호평 다수 (1건)
418906,가마애한상,광주,서구,신선도,1,0,0,신선도 호평 다수 (1건)
dfef60bafdc0,가마치통닭 광양 중동점,전남,광양시,맛,1,0,0,맛 호평 다수 (1건)
dfef60bafdc0,가마치통닭 광양 중동점,전남,광양시,가격,1,0,0,가격 호평 다수 (1건)
d6ebd67d1217,가마치통닭 광양칠성점,전남,광양시,맛,1,0,0,맛 호평 다수 (1건)
3501b0597050,가마치통닭 광주쌍촌점,광주,서구,맛,1,0,0,맛 호평 다수 (1건)
523028|540264|896797,가마치통닭 화순 대리점,전남,화순군,맛,1,0,0,맛 호평 다수 (1건)
8979075f19da,가마치통닭 화정힐스테이트점,광주,서구,맛,1,0,0,맛 호평 다수 (1건)
8979075f19da,가마치통닭 화정힐스테이트점,광주,서구,신선도,1,0,0,신선도 호평 다수 (1건)
b8b0144ad5aa,가매초밥 문화전당점,광주,동구,신선도,1,0,0,신선도 호평 다수 (1건)
418913,가문의왕만두,광주,광산구,맛,1,0,0,맛 호평 다수 (1건)
418913,가문의왕만두,광주,광산구,신선도,1,0,0,신선도 호평 다수 (1건)
fc7c4911a283,가미,광주,남구,맛,1,0,0,맛 호평 다수 (1건)
fc7c4911a283,가미,광주,남구,신선도,1,0,0,신선도 호평 다수 (1건)
fc7c4911a283,가미,광주,남구,가격,1,0,0,가격 호평 다수 (1건)
fc7c4911a283,가미,광주,남구,서비스_친절도,1,0,0,서비스_친절도 호평 다수 (1건)
ca37670780d1,가바시 소촌점,광주,광산구,맛,1,0,0,맛 호평 다수 (1건)
ca37670780d1,가바시 소촌점,광주,광산구,서비스_친절도,1,0,0,서비스_친절도 호평 다수 (1건)
ca37670780d1,가바시 소촌점,광주,광산구,분위기,1,0,0,분위기 호평 다수 (1건)
436042|516357,가배당,광주,서구,맛,1,0,0,맛 호평 다수 (1건)
436042|516357,가배당,광주,서구,신선도,1,0,0,신선도 호평 다수 (1건)
436042|516357,가배당,광주,서구,분위기,1,0,0,분위기 호평 다수 (1건)
62ad9491a751,가보리식당,광주,동구,접근성_웨이팅,1,0,0,접근성_웨이팅 호평 다수 (1건)
418921,가보세,광주,북구,맛,1,0,0,맛 호평 다수 (1건)
418921,가보세,광주,북구,분위기,1,0,0,분위기 호평 다수 (1건)
a737b6b424b1,가보세소주방,광주,북구,맛,1,0,0,맛 호평 다수 (1건)
a737b6b424b1,가보세소주방,광주,북구,분위기,1,0,0,분위기 호평 다수 (1건)
522380|896388,가보세순대국밥,전남,함평군,맛,1,0,0,맛 호평 다수 (1건)
522380|896388,가보세순대국밥,전남,함평군,양,1,0,0,양 호평 다수 (1건)
522380|896388,가보세순대국밥,전남,함평군,분위기,1,0,0,분위기 호평 다수 (1건)
518543,가보자연탄구이,전남,구례군,맛,1,0,0,맛 호평 다수 (1건)
418924,가복,광주,동구,신선도,1,0,0,신선도 호평 다수 (1건)
418925,가비,광주,동구,맛,1,0,0,맛 호평 다수 (1건)
418925,가비,광주,동구,분위기,1,0,0,분위기 호평 다수 (1건)
518788,가사문학 칼국수,전남,담양군,맛,1,0,0,맛 호평 다수 (1건)
519595,가산횟집,전남,신안군,신선도,1,0,0,신선도 호평 다수 (1건)
418929,가성,광주,서구,맛,1,0,0,맛 호평 다수 (1건)
418929,가성,광주,서구,신선도,1,0,0,신선도 호평 다수 (1건)
418929,가성,광주,서구,양,1,0,0,양 호평 다수 (1건)
418930,가수골동태탕,광주,남구,신선도,1,0,0,신선도 호평 다수 (1건)
e1e7d9a6aa9e,가순이네전집,광주,광산구,맛,1,0,0,맛 호평 다수 (1건)
e1e7d9a6aa9e,가순이네전집,광주,광산구,신선도,1,0,0,신선도 호평 다수 (1건)
d9dc10838ec9,가시버시,광주,광산구,맛,1,0,0,맛 호평 다수 (1건)
d9dc10838ec9,가시버시,광주,광산구,신선도,1,0,0,신선도 호평 다수 (1건)
418936,가야농원,광주,동구,가격,1,0,0,가격 호평 다수 (1건)
418937|879723,가야돌솥밥,광주,광산구,맛,1,0,0,맛 호평 다수 (1건)
418939,가야성,광주,광산구,맛,1,0,0,맛 호평 다수 (1건)
418939,가야성,광주,광산구,분위기,1,0,0,분위기 호평 다수 (1건)
418940,가얏고,광주,북구,맛,1,0,0,맛 호평 다수 (1건)
516174,가온,광주,남구,맛,1,0,0,맛 호평 다수 (1건)
516174,가온,광주,남구,신선도,1,0,0,신선도 호평 다수 (1건)
516174,가온,광주,남구,분위기,1,0,0,분위기 호평 다수 (1건)
418943,가온나주곰탕 김대중센터점,광주,서구,접근성_웨이팅,1,0,0,접근성_웨이팅 호평 다수 (1건)
1fcd36c6d15c,가온나주곰탕 김대중컨벤션센터점,광주,서구,맛,1,0,0,맛 호평 다수 (1건)
1fcd36c6d15c,가온나주곰탕 김대중컨벤션센터점,광주,서구,신선도,1,0,0,신선도 호평 다수 (1건)
517403,가온밥상,전남,순천시,맛,1,0,0,맛 호평 다수 (1건)
517403,가온밥상,전남,순천시,분위기,1,0,0,분위기 호평 다수 (1건)
418944,가온참치,광주,광산구,신선도,1,0,0,신선도 호평 다수 (1건)
517740,가우도국밥,전남,강진군,접근성_웨이팅,1,0,0,접근성_웨이팅 호평 다수 (1건)
524186,가우도마을쉼터,전남,강진군,신선도,1,0,0,신선도 호평 다수 (1건)
517881,가우도수산,전남,강진군,신선도,1,0,0,신선도 호평 다수 (1건)
519950,가인수제도시락,전남,영암군,신선도,1,0,0,신선도 호평 다수 (1건)
418950,가인초밥,광주,서구,맛,1,0,0,맛 호평 다수 (1건)
418950,가인초밥,광주,서구,신선도,1,0,0,신선도 호평 다수 (1건)
517891,가장맛있는족발 강진점,전남,강진군,맛,1,0,0,맛 호평 다수 (1건)
519899,가장맛있는족발 영암삼호점,전남,영암군,맛,1,0,0,맛 호평 다수 (1건)
519899,가장맛있는족발 영암삼호점,전남,영암군,신선도,1,0,0,신선도 호평 다수 (1건)
519899,가장맛있는족발 영암삼호점,전남,영암군,위생_청결,1,0,0,위생_청결 호평 다수 (1건)
518488,가장맛있는족발 족과의동침 구례점,전남,구례군,맛,1,0,0,맛 호평 다수 (1건)
518488,가장맛있는족발 족과의동침 구례점,전남,구례군,신선도,1,0,0,신선도 호평 다수 (1건)
518488,가장맛있는족발 족과의동침 구례점,전남,구례군,위생_청결,1,0,0,위생_청결 호평 다수 (1건)
77409|879456,가정집,광주,동구,분위기,1,0,0,분위기 호평 다수 (1건)
77409|879456,가정집,광주,동구,접근성_웨이팅,1,0,0,접근성_웨이팅 호평 다수 (1건)
522602,가정통닭,전남,해남군,맛,1,0,0,맛 호평 다수 (1건)
522602,가정통닭,전남,해남군,신선도,1,0,0,신선도 호평 다수 (1건)
6b0ed0eb710f,가젤,광주,동구,분위기,1,0,0,분위기 호평 다수 (1건)
418960,가족돼지국밥,광주,북구,신선도,1,0,0,신선도 호평 다수 (1건)
418960,가족돼지국밥,광주,북구,위생_청결,1,0,0,위생_청결 호평 다수 (1건)
418963,가족사랑 청둥오리전문,광주,북구,맛,1,0,0,맛 호평 다수 (1건)
418963,가족사랑 청둥오리전문,광주,북구,신선도,1,0,0,신선도 호평 다수 (1건)
418963,가족사랑 청둥오리전문,광주,북구,서비스_친절도,1,0,0,서비스_친절도 호평 다수 (1건)
418962,가족식당,광주,북구,맛,1,0,0,맛 호평 다수 (1건)
418964,가족회관,광주,광산구,맛,1,0,0,맛 호평 다수 (1건)
418964,가족회관,광주,광산구,신선도,1,0,0,신선도 호평 다수 (1건)
418964,가족회관,광주,광산구,분위기,1,0,0,분위기 호평 다수 (1건)
418965,가출,광주,동구,신선도,1,0,0,신선도 호평 다수 (1건)
418965,가출,광주,동구,분위기,1,0,0,분위기 호평 다수 (1건)
418966,가쿠메이긴자 용봉점,광주,북구,맛,1,0,0,맛 호평 다수 (1건)
418966,가쿠메이긴자 용봉점,광주,북구,분위기,1,0,0,분위기 호평 다수 (1건)
8a74e14847d4,가톰,광주,북구,맛,1,0,0,맛 호평 다수 (1건)
8a74e14847d4,가톰,광주,북구,서비스_친절도,1,0,0,서비스_친절도 호평 다수 (1건)
8a74e14847d4,가톰,광주,북구,분위기,1,0,0,분위기 호평 다수 (1건)
418972,가향참치,광주,북구,신선도,1,0,0,신선도 호평 다수 (1건)
418973,가현초밥,광주,광산구,맛,1,0,0,맛 호평 다수 (1건)
418973,가현초밥,광주,광산구,신선도,1,0,0,신선도 호평 다수 (1건)
418974,가호,광주,동구,맛,1,0,0,맛 호평 다수 (1건)
418974,가호,광주,동구,신선도,1,0,0,신선도 호평 다수 (1건)
518049,가화루,전남,고흥군,맛,1,0,0,맛 호평 다수 (1건)
518049,가화루,전남,고흥군,신선도,1,0,0,신선도 호평 다수 (1건)
418975,가화성,광주,북구,맛,1,0,0,맛 호평 다수 (1건)
f35e480fdcf8,가희플레이트,광주,광산구,맛,1,0,0,맛 호평 다수 (1건)
418978,간42 운암직영점,광주,북구,신선도,1,0,0,신선도 호평 다수 (1건)
418979,간42,광주,동구,맛,1,0,0,맛 호평 다수 (1건)
418979,간42,광주,동구,분위기,1,0,0,분위기 호평 다수 (1건)
927170e06a1c,간바레야타이,광주,동구,가격,1,0,0,가격 호평 다수 (1건)
927170e06a1c,간바레야타이,광주,동구,분위기,1,0,0,분위기 호평 다수 (1건)
418980,간소내치킨 수완점,광주,광산구,맛,1,0,0,맛 호평 다수 (1건)
418980,간소내치킨 수완점,광주,광산구,신선도,1,0,0,신선도 호평 다수 (1건)
418981,간식꺼리 본점,광주,북구,맛,1,0,0,맛 호평 다수 (1건)
418981,간식꺼리 본점,광주,북구,신선도,1,0,0,신선도 호평 다수 (1건)
418982|879725,간이역 광주첨단점,광주,광산구,맛,1,0,0,맛 호평 다수 (1건)
418982|879725,간이역 광주첨단점,광주,광산구,신선도,1,0,0,신선도 호평 다수 (1건)
521485,간지전기구이통닭,전남,완도군,맛,1,0,0,맛 호평 다수 (1건)
a3d476239bcc,갈능이곰능이 매곡점,광주,북구,신선도,1,0,0,신선도 호평 다수 (1건)
418991,갈능이곰능이 수완점,광주,광산구,신선도,1,0,0,신선도 호평 다수 (1건)
418991,갈능이곰능이 수완점,광주,광산구,분위기,1,0,0,분위기 호평 다수 (1건)
418992,갈랭,광주,북구,맛,1,0,0,맛 호평 다수 (1건)
418992,갈랭,광주,북구,신선도,1,0,0,신선도 호평 다수 (1건)
517336,갈마골아구찜,전남,순천시,맛,1,0,0,맛 호평 다수 (1건)
517336,갈마골아구찜,전남,순천시,접근성_웨이팅,1,0,0,접근성_웨이팅 호평 다수 (1건)
418994|879727,갈매기봉,광주,서구,신선도,1,0,0,신선도 호평 다수 (1건)
418994|879727,갈매기봉,광주,서구,서비스_친절도,1,0,0,서비스_친절도 호평 다수 (1건)
419000,갈비꽃,광주,북구,신선도,1,0,0,신선도 호평 다수 (1건)
419001,갈비나라 갈비천국,광주,광산구,맛,1,0,0,맛 호평 다수 (1건)
419001,갈비나라 갈비천국,광주,광산구,분위기,1,0,0,분위기 호평 다수 (1건)
519272|895506,갈비나라,전남,보성군,신선도,1,0,0,신선도 호평 다수 (1건)
522020|896181,갈비나라삼겹세상,전남,장흥군,맛,1,0,0,맛 호평 다수 (1건)
419003,갈비마당,광주,북구,신선도,1,0,0,신선도 호평 다수 (1건)
419003,갈비마당,광주,북구,분위기,1,0,0,분위기 호평 다수 (1건)
522377|896385,갈비세상,전남,함평군,맛,1,0,0,맛 호평 다수 (1건)
522377|896385,갈비세상,전남,함평군,서비스_친절도,1,0,0,서비스_친절도 호평 다수 (1건)
a53ab75f304a,갈비이야기,광주,북구,맛,1,0,0,맛 호평 다수 (1건)
a53ab75f304a,갈비이야기,광주,북구,신선도,1,0,0,신선도 호평 다수 (1건)
419013,감나무 광주망월동,광주,북구,맛,1,0,0,맛 호평 다수 (1건)
419016,감나무집,광주,동구,분위기,1,0,0,분위기 호평 다수 (1건)
419017,감동식당,광주,북구,맛,1,0,0,맛 호평 다수 (1건)
419017,감동식당,광주,북구,서비스_친절도,1,0,0,서비스_친절도 호평 다수 (1건)
419019,감성37.5 신기점,광주,광산구,맛,1,0,0,맛 호평 다수 (1건)
419019,감성37.5 신기점,광주,광산구,서비스_친절도,1,0,0,서비스_친절도 호평 다수 (1건)
419019,감성37.5 신기점,광주,광산구,분위기,1,0,0,분위기 호평 다수 (1건)
518755,감성공판장,전남,담양군,맛,1,0,0,맛 호평 다수 (1건)
518755,감성공판장,전남,담양군,분위기,1,0,0,분위기 호평 다수 (1건)
419020,감성낙곱새,광주,남구,맛,1,0,0,맛 호평 다수 (1건)
9a48f9e2c813,감성분식 청춘식당 쌍촌점,광주,서구,맛,1,0,0,맛 호평 다수 (1건)
500316,감자이모 송정역점,광주,광산구,맛,1,0,0,맛 호평 다수 (1건)
419039,감탄롯데마트수완점,광주,광산구,맛,1,0,0,맛 호평 다수 (1건)
419039,감탄롯데마트수완점,광주,광산구,신선도,1,0,0,신선도 호평 다수 (1건)
9594,갑순네한방오리,전남,순천시,맛,1,0,0,맛 호평 다수 (1건)
9594,갑순네한방오리,전남,순천시,신선도,1,0,0,신선도 호평 다수 (1건)
419047,갑순이네손맛,광주,동구,신선도,1,0,0,신선도 호평 다수 (1건)
419048,갓샐러드 양림점,광주,남구,신선도,1,0,0,신선도 호평 다수 (1건)
422871,갓찌개,광주,광산구,맛,1,0,0,맛 호평 다수 (1건)
422871,갓찌개,광주,광산구,신선도,1,0,0,신선도 호평 다수 (1건)
9a62d516fb53,갓포 초밥앤참치,광주,광산구,신선도,1,0,0,신선도 호평 다수 (1건)
419055,갓포호사 봉선점,광주,남구,맛,1,0,0,맛 호평 다수 (1건)
419055,갓포호사 봉선점,광주,남구,신선도,1,0,0,신선도 호평 다수 (1건)
419056,갓포호사 첨단점,광주,광산구,신선도,1,0,0,신선도 호평 다수 (1건)
419057,강건식당,광주,동구,맛,1,0,0,맛 호평 다수 (1건)
419057,강건식당,광주,동구,신선도,1,0,0,신선도 호평 다수 (1건)
419058,강광재소머리국밥,광주,광산구,분위기,1,0,0,분위기 호평 다수 (1건)
9596,강남가든,전남,목포시,맛,1,0,0,맛 호평 다수 (1건)
9596,강남가든,전남,목포시,분위기,1,0,0,분위기 호평 다수 (1건)
419060,강남갈비,광주,남구,맛,1,0,0,맛 호평 다수 (1건)
419060,강남갈비,광주,남구,서비스_친절도,1,0,0,서비스_친절도 호평 다수 (1건)
419060,강남갈비,광주,남구,분위기,1,0,0,분위기 호평 다수 (1건)
419061,강남돌솥감자탕,광주,북구,맛,1,0,0,맛 호평 다수 (1건)
419061,강남돌솥감자탕,광주,북구,신선도,1,0,0,신선도 호평 다수 (1건)
419061,강남돌솥감자탕,광주,북구,양,1,0,0,양 호평 다수 (1건)
522042|896198,강남아구찜대구왕뽈테기,전남,장흥군,위생_청결,1,0,0,위생_청결 호평 다수 (1건)
522042|896198,강남아구찜대구왕뽈테기,전남,장흥군,서비스_친절도,1,0,0,서비스_친절도 호평 다수 (1건)
517816,강남회관,전남,강진군,맛,1,0,0,맛 호평 다수 (1건)
419065,강다짐 삼각김밥 광주수완점,광주,광산구,맛,1,0,0,맛 호평 다수 (1건)
419066,강다짐 삼각김밥 광주터미널점,광주,서구,신선도,1,0,0,신선도 호평 다수 (1건)
521728|895996,강마루돈가스,전남,장성군,맛,1,0,0,맛 호평 다수 (1건)
521728|895996,강마루돈가스,전남,장성군,신선도,1,0,0,신선도 호평 다수 (1건)
419068,강바다,광주,남구,맛,1,0,0,맛 호평 다수 (1건)
419068,강바다,광주,남구,신선도,1,0,0,신선도 호평 다수 (1건)
419068,강바다,광주,남구,서비스_친절도,1,0,0,서비스_친절도 호평 다수 (1건)
419070,강변식당,광주,서구,맛,1,0,0,맛 호평 다수 (1건)
419070,강변식당,광주,서구,분위기,1,0,0,분위기 호평 다수 (1건)
eee02b2a4ed0,강변회관,광주,광산구,맛,1,0,0,맛 호평 다수 (1건)
521590|895899,강서방 생선구이,전남,장성군,신선도,1,0,0,신선도 호평 다수 (1건)
419072,강성환의 스시향기,광주,북구,맛,1,0,0,맛 호평 다수 (1건)
419072,강성환의 스시향기,광주,북구,신선도,1,0,0,신선도 호평 다수 (1건)
419074,강씨부엌 제주흑돼지,광주,동구,맛,1,0,0,맛 호평 다수 (1건)
419074,강씨부엌 제주흑돼지,광주,동구,신선도,1,0,0,신선도 호평 다수 (1건)
522421|896410,강운양만셀프직판장식당,전남,함평군,신선도,1,0,0,신선도 호평 다수 (1건)
c72e2d6a845a,강원맛코다리 금호점,광주,서구,신선도,1,0,0,신선도 호평 다수 (1건)
9be154abec99,강원맛코다리 상무직영점,광주,서구,신선도,1,0,0,신선도 호평 다수 (1건)
53a210f2e10f,강원맛코다리 신용점,광주,북구,맛,1,0,0,맛 호평 다수 (1건)
53a210f2e10f,강원맛코다리 신용점,광주,북구,신선도,1,0,0,신선도 호평 다수 (1건)
184074,강원맛코다리 용봉점,광주,북구,맛,1,0,0,맛 호평 다수 (1건)
184074,강원맛코다리 용봉점,광주,북구,신선도,1,0,0,신선도 호평 다수 (1건)
da2ae484add9,강원맛코다리 운남점,광주,광산구,맛,0,1,0,맛 언급 (1건)
da2ae484add9,강원맛코다리 운남점,광주,광산구,분위기,0,1,0,분위기 언급 (1건)
419081|424537,강원맛코다리,광주,북구,신선도,1,0,0,신선도 호평 다수 (1건)
521973,강의리국수 장흥점,전남,장흥군,맛,1,0,0,맛 호평 다수 (1건)
419085,강의리추어탕 광주중흥동,광주,북구,접근성_웨이팅,1,0,0,접근성_웨이팅 호평 다수 (1건)
518672|895087,강의리추어탕,광주,북구,신선도,1,0,0,신선도 호평 다수 (1건)
419086,강진들한우석쇠불고기,광주,광산구,서비스_친절도,1,0,0,서비스_친절도 호평 다수 (1건)
419086,강진들한우석쇠불고기,광주,광산구,분위기,1,0,0,분위기 호평 다수 (1건)
419087,강진마을,광주,동구,맛,1,0,0,맛 호평 다수 (1건)
419087,강진마을,광주,동구,분위기,1,0,0,분위기 호평 다수 (1건)
419088,강진뻘낙지전문점낙지마을,광주,남구,신선도,1,0,0,신선도 호평 다수 (1건)
517845,강진사랑김밥,전남,강진군,서비스_친절도,1,0,0,서비스_친절도 호평 다수 (1건)
419089|436137,강진식육식당,광주,남구,맛,1,0,0,맛 호평 다수 (1건)
517780,강진장어촌,전남,강진군,맛,1,0,0,맛 호평 다수 (1건)
517780,강진장어촌,전남,강진군,신선도,1,0,0,신선도 호평 다수 (1건)
517758,강진한식뷔페,전남,강진군,신선도,1,0,0,신선도 호평 다수 (1건)
517818,강진행복푸드,전남,강진군,맛,1,0,0,맛 호평 다수 (1건)
517818,강진행복푸드,전남,강진군,가격,1,0,0,가격 호평 다수 (1건)
e85e562377ab,강천칡냉면1970 쌍촌점,광주,서구,맛,1,0,0,맛 호평 다수 (1건)
e85e562377ab,강천칡냉면1970 쌍촌점,광주,서구,분위기,1,0,0,분위기 호평 다수 (1건)
419094,강촌 광주지평동,광주,광산구,맛,1,0,0,맛 호평 다수 (1건)
0ea6a0695b1b,강촌,광주,서구,신선도,1,0,0,신선도 호평 다수 (1건)
50f059752f71,강촌식당,광주,광산구,맛,1,0,0,맛 호평 다수 (1건)
50f059752f71,강촌식당,광주,광산구,분위기,1,0,0,분위기 호평 다수 (1건)
518850|895185,강타코,전남,담양군,맛,1,0,0,맛 호평 다수 (1건)
518850|895185,강타코,전남,담양군,신선도,1,0,0,신선도 호평 다수 (1건)
518850|895185,강타코,전남,담양군,분위기,1,0,0,분위기 호평 다수 (1건)
419097,강태공회,광주,서구,신선도,1,0,0,신선도 호평 다수 (1건)
419097,강태공회,광주,서구,접근성_웨이팅,1,0,0,접근성_웨이팅 호평 다수 (1건)
419281,강현 낙지,광주,광산구,맛,1,0,0,맛 호평 다수 (1건)
419281,강현 낙지,광주,광산구,신선도,1,0,0,신선도 호평 다수 (1건)
c2468e7e5bad,강황울금국밥,광주,동구,분위기,1,0,0,분위기 호평 다수 (1건)
8aee053aabd6,개떡분식,광주,서구,맛,1,0,0,맛 호평 다수 (1건)
8aee053aabd6,개떡분식,광주,서구,신선도,1,0,0,신선도 호평 다수 (1건)
419104|879732,개마고원 광주농성동,광주,서구,접근성_웨이팅,1,0,0,접근성_웨이팅 호평 다수 (1건)
d15d0792a3b7,개미와배짱이,광주,남구,맛,1,0,0,맛 호평 다수 (1건)
d15d0792a3b7,개미와배짱이,광주,남구,분위기,1,0,0,분위기 호평 다수 (1건)
419107|879733,개미진 광주수완동,광주,광산구,맛,1,0,0,맛 호평 다수 (1건)
1c8d1f02fcdc,개미진,광주,광산구,맛,1,0,0,맛 호평 다수 (1건)
520122,개성순두부전문점,전남,완도군,맛,1,0,0,맛 호평 다수 (1건)
520122,개성순두부전문점,전남,완도군,신선도,1,0,0,신선도 호평 다수 (1건)
00d4e675b590,개성집 광주용봉점,광주,북구,신선도,1,0,0,신선도 호평 다수 (1건)
520246,개포리,전남,완도군,맛,1,0,0,맛 호평 다수 (1건)
520246,개포리,전남,완도군,신선도,1,0,0,신선도 호평 다수 (1건)
419115,객잔델루나 광주하남동,광주,광산구,맛,1,0,0,맛 호평 다수 (1건)
419115,객잔델루나 광주하남동,광주,광산구,분위기,1,0,0,분위기 호평 다수 (1건)
523445|837291,갤러리108,전남,나주시,맛,1,0,0,맛 호평 다수 (1건)
523445|837291,갤러리108,전남,나주시,분위기,1,0,0,분위기 호평 다수 (1건)
d35be2d8cd2c,갬성,광주,광산구,신선도,1,0,0,신선도 호평 다수 (1건)
d35be2d8cd2c,갬성,광주,광산구,분위기,1,0,0,분위기 호평 다수 (1건)
9598,갯내음,전남,목포시,맛,1,0,0,맛 호평 다수 (1건)
9598,갯내음,전남,목포시,신선도,1,0,0,신선도 호평 다수 (1건)
9598,갯내음,전남,목포시,분위기,1,0,0,분위기 호평 다수 (1건)
419124|419126,갯마을,광주,북구,신선도,1,0,0,신선도 호평 다수 (1건)
419127|419128,갯마을산장어숯불구이,광주,서구,신선도,1,0,0,신선도 호평 다수 (1건)
40fe41cceb03,갯마을장어전문 광주금호동,광주,서구,맛,1,0,0,맛 호평 다수 (1건)
40fe41cceb03,갯마을장어전문 광주금호동,광주,서구,신선도,1,0,0,신선도 호평 다수 (1건)
419129,갯마을회식당,광주,남구,신선도,1,0,0,신선도 호평 다수 (1건)
9782,갯마을횟집,전남,보성군,맛,1,0,0,맛 호평 다수 (1건)
9782,갯마을횟집,전남,보성군,서비스_친절도,1,0,0,서비스_친절도 호평 다수 (1건)
9782,갯마을횟집,전남,보성군,접근성_웨이팅,1,0,0,접근성_웨이팅 호평 다수 (1건)
419130,갯바위,광주,남구,맛,1,0,0,맛 호평 다수 (1건)
419130,갯바위,광주,남구,신선도,1,0,0,신선도 호평 다수 (1건)
419130,갯바위,광주,남구,서비스_친절도,1,0,0,서비스_친절도 호평 다수 (1건)
b9a77a60583e,갯벌낙지,광주,북구,신선도,1,0,0,신선도 호평 다수 (1건)
517652,갯벌낙지수제비 여수점,전남,여수시,맛,1,0,0,맛 호평 다수 (1건)
517652,갯벌낙지수제비 여수점,전남,여수시,신선도,1,0,0,신선도 호평 다수 (1건)
b2cee638d87d,갯벌낙지수제비,전남,광양시,신선도,1,0,0,신선도 호평 다수 (1건)
6431799b3743,갯벌낙지한마당,광주,동구,맛,1,0,0,맛 호평 다수 (1건)
6431799b3743,갯벌낙지한마당,광주,동구,신선도,1,0,0,신선도 호평 다수 (1건)
519574|895710,갯벌횟집,전남,신안군,신선도,1,0,0,신선도 호평 다수 (1건)
516114|962028,갸또 봉선점,광주,남구,맛,1,0,0,맛 호평 다수 (1건)
516114|962028,갸또 봉선점,광주,남구,신선도,1,0,0,신선도 호평 다수 (1건)
518008,거금특산품,전남,고흥군,맛,1,0,0,맛 호평 다수 (1건)
518157,거금팔경식당,전남,고흥군,맛,1,0,0,맛 호평 다수 (1건)
518157,거금팔경식당,전남,고흥군,서비스_친절도,1,0,0,서비스_친절도 호평 다수 (1건)
522504,거목,전남,함평군,맛,1,0,0,맛 호평 다수 (1건)
522504,거목,전남,함평군,신선도,1,0,0,신선도 호평 다수 (1건)
522504,거목,전남,함평군,분위기,1,0,0,분위기 호평 다수 (1건)
517796,거목마루,전남,강진군,신선도,1,0,0,신선도 호평 다수 (1건)
419135,거목아구찜,광주,북구,맛,1,0,0,맛 호평 다수 (1건)
517825,거목촌식당,전남,강진군,맛,1,0,0,맛 호평 다수 (1건)
517825,거목촌식당,전남,강진군,분위기,1,0,0,분위기 호평 다수 (1건)
419136|55129,거목한정식,광주,남구,위생_청결,1,0,0,위생_청결 호평 다수 (1건)
419136|55129,거목한정식,광주,남구,서비스_친절도,1,0,0,서비스_친절도 호평 다수 (1건)
419136|55129,거목한정식,광주,남구,분위기,1,0,0,분위기 호평 다수 (1건)
419137,거문도바다횟집,광주,남구,맛,1,0,0,맛 호평 다수 (1건)
419137,거문도바다횟집,광주,남구,신선도,1,0,0,신선도 호평 다수 (1건)
df149a9934c1,거문도수산,광주,남구,맛,1,0,0,맛 호평 다수 (1건)
df149a9934c1,거문도수산,광주,남구,신선도,1,0,0,신선도 호평 다수 (1건)
419139,거문도은갈치,광주,남구,신선도,1,0,0,신선도 호평 다수 (1건)
ffd83f565940,거북당 전대점,광주,북구,맛,1,0,0,맛 호평 다수 (1건)
ffd83f565940,거북당 전대점,광주,북구,분위기,1,0,0,분위기 호평 다수 (1건)
517674,거북선상회 여수점,전남,여수시,접근성_웨이팅,1,0,0,접근성_웨이팅 호평 다수 (1건)
56764,거북선상회,전남,여수시,양,1,0,0,양 호평 다수 (1건)
56764,거북선상회,전남,여수시,분위기,1,0,0,분위기 호평 다수 (1건)
517619,거북선횟집 갯장어하모샤브샤브,전남,여수시,신선도,1,0,0,신선도 호평 다수 (1건)
517619,거북선횟집 갯장어하모샤브샤브,전남,여수시,양,1,0,0,양 호평 다수 (1건)
419142,거북이 술상,광주,서구,맛,0,1,0,맛 언급 (1건)
419142,거북이 술상,광주,서구,서비스_친절도,0,1,0,서비스_친절도 언급 (1건)
9969a6bd95fa,거북이감자탕,광주,서구,신선도,1,0,0,신선도 호평 다수 (1건)
419144,거북이식당,광주,동구,맛,1,0,0,맛 호평 다수 (1건)
419144,거북이식당,광주,동구,분위기,1,0,0,분위기 호평 다수 (1건)
419147,거북집,광주,북구,맛,1,0,0,맛 호평 다수 (1건)
419147,거북집,광주,북구,신선도,1,0,0,신선도 호평 다수 (1건)
522684|896566,거빈한정식,전남,해남군,맛,1,0,0,맛 호평 다수 (1건)
522684|896566,거빈한정식,전남,해남군,위생_청결,1,0,0,위생_청결 호평 다수 (1건)
522684|896566,거빈한정식,전남,해남군,분위기,1,0,0,분위기 호평 다수 (1건)
522684|896566,거빈한정식,전남,해남군,접근성_웨이팅,1,0,0,접근성_웨이팅 호평 다수 (1건)
419148,거성국밥,광주,광산구,맛,1,0,0,맛 호평 다수 (1건)
419148,거성국밥,광주,광산구,양,1,0,0,양 호평 다수 (1건)
521610|895915,거송회관,전남,장성군,맛,1,0,0,맛 호평 다수 (1건)
521610|895915,거송회관,전남,장성군,가격,1,0,0,가격 호평 다수 (1건)
521610|895915,거송회관,전남,장성군,분위기,1,0,0,분위기 호평 다수 (1건)
517964,거시기쪽갈비생족발구이,전남,강진군,맛,1,0,0,맛 호평 다수 (1건)
517964,거시기쪽갈비생족발구이,전남,강진군,분위기,1,0,0,분위기 호평 다수 (1건)
519641,거시기횟집,전남,영광군,맛,1,0,0,맛 호평 다수 (1건)
519641,거시기횟집,전남,영광군,신선도,1,0,0,신선도 호평 다수 (1건)
518365,거식이와머식이,전남,곡성군,신선도,1,0,0,신선도 호평 다수 (1건)
419151,거친장어,광주,광산구,신선도,1,0,0,신선도 호평 다수 (1건)
419152,거품집 광주광산동,광주,동구,분위기,1,0,0,분위기 호평 다수 (1건)
419152,거품집 광주광산동,광주,동구,접근성_웨이팅,1,0,0,접근성_웨이팅 호평 다수 (1건)
71f68dca3cfb,거품집,광주,동구,서비스_친절도,1,0,0,서비스_친절도 호평 다수 (1건)
71f68dca3cfb,거품집,광주,동구,분위기,1,0,0,분위기 호평 다수 (1건)
419157,건강한식뷔페,광주,서구,신선도,1,0,0,신선도 호평 다수 (1건)
419158,건강한식탁,광주,북구,맛,0,1,0,맛 언급 (1건)
419158,건강한식탁,광주,북구,신선도,0,1,0,신선도 언급 (1건)
419159|879734,건강한우식당,광주,남구,신선도,1,0,0,신선도 호평 다수 (1건)
419160,건강회관,광주,남구,맛,1,0,0,맛 호평 다수 (1건)
419160,건강회관,광주,남구,재방문의사,1,0,0,재방문의사 호평 다수 (1건)
419161,건널목 우산점,광주,북구,분위기,1,0,0,분위기 호평 다수 (1건)
419163,건방진오돌뼈,광주,광산구,맛,1,0,0,맛 호평 다수 (1건)
2fb5c49ded38,건영수산,광주,북구,신선도,1,0,0,신선도 호평 다수 (1건)
419165,건영회수산1호점,광주,북구,신선도,1,0,0,신선도 호평 다수 (1건)
419164,건영회수산,광주,북구,신선도,1,0,0,신선도 호평 다수 (1건)
419169,걸구곱창갈비,광주,동구,맛,1,0,0,맛 호평 다수 (1건)
419169,걸구곱창갈비,광주,동구,신선도,1,0,0,신선도 호평 다수 (1건)
419190,게더링,광주,동구,분위기,1,0,0,분위기 호평 다수 (1건)
a3b9734f9e41,게런티,광주,동구,신선도,1,0,0,신선도 호평 다수 (1건)
a3b9734f9e41,게런티,광주,동구,분위기,1,0,0,분위기 호평 다수 (1건)
627e6f131f32,게르레스토랑,광주,광산구,신선도,1,0,0,신선도 호평 다수 (1건)
56766,겨비겨비,전남,순천시,맛,1,0,0,맛 호평 다수 (1건)
56766,겨비겨비,전남,순천시,신선도,1,0,0,신선도 호평 다수 (1건)
186309,견미보양탕,광주,북구,맛,1,0,0,맛 호평 다수 (1건)
186309,견미보양탕,광주,북구,신선도,1,0,0,신선도 호평 다수 (1건)
419203,경민물회,광주,북구,신선도,1,0,0,신선도 호평 다수 (1건)
419204,경민회관,광주,북구,신선도,1,0,0,신선도 호평 다수 (1건)
192434,경복궁,광주,남구,맛,1,0,0,맛 호평 다수 (1건)
192434,경복궁,광주,남구,신선도,1,0,0,신선도 호평 다수 (1건)
3926e7e6a447,경복궁삼계탕 광주상무점,광주,서구,맛,1,0,0,맛 호평 다수 (1건)
3926e7e6a447,경복궁삼계탕 광주상무점,광주,서구,신선도,1,0,0,신선도 호평 다수 (1건)
d3d37d69f7b0,경성꽈배기 문흥점,광주,북구,맛,1,0,0,맛 호평 다수 (1건)
d3d37d69f7b0,경성꽈배기 문흥점,광주,북구,신선도,1,0,0,신선도 호평 다수 (1건)
419209|879740,경성꽈배기 상무점,광주,서구,맛,1,0,0,맛 호평 다수 (1건)
419209|879740,경성꽈배기 상무점,광주,서구,신선도,1,0,0,신선도 호평 다수 (1건)
521948|896141,경성식당,전남,장흥군,신선도,1,0,0,신선도 호평 다수 (1건)
419808,경성주막1929 광주수완점,광주,광산구,맛,1,0,0,맛 호평 다수 (1건)
419808,경성주막1929 광주수완점,광주,광산구,서비스_친절도,1,0,0,서비스_친절도 호평 다수 (1건)
419808,경성주막1929 광주수완점,광주,광산구,분위기,1,0,0,분위기 호평 다수 (1건)
b12ac9778141,경성찹쌀꽈배기 광주임암동,광주,남구,맛,1,0,0,맛 호평 다수 (1건)
b12ac9778141,경성찹쌀꽈배기 광주임암동,광주,남구,신선도,1,0,0,신선도 호평 다수 (1건)
537848,경성찹쌀꽈배기 담양점,전남,담양군,맛,1,0,0,맛 호평 다수 (1건)
537848,경성찹쌀꽈배기 담양점,전남,담양군,신선도,1,0,0,신선도 호평 다수 (1건)
537848,경성찹쌀꽈배기 담양점,전남,담양군,위생_청결,1,0,0,위생_청결 호평 다수 (1건)
419218,경성찹쌀꽈배기 수완점,광주,광산구,신선도,1,0,0,신선도 호평 다수 (1건)
419222,경성찹쌀꽈배기 월곡점,광주,광산구,맛,1,0,0,맛 호평 다수 (1건)
516188|962083,경성찹쌀꽈배기 효천점,광주,남구,가격,1,0,0,가격 호평 다수 (1건)
516188|962083,경성찹쌀꽈배기 효천점,광주,남구,서비스_친절도,1,0,0,서비스_친절도 호평 다수 (1건)
419219,경성찹쌀꽈배기,광주,광산구,신선도,1,0,0,신선도 호평 다수 (1건)
198401|438595,경성한우국밥 광주하남점,광주,광산구,접근성_웨이팅,1,0,0,접근성_웨이팅 호평 다수 (1건)
01b42d631498,경양카츠 목포점,전남,목포시,신선도,1,0,0,신선도 호평 다수 (1건)
519317,경운횟집,전남,보성군,신선도,1,0,0,신선도 호평 다수 (1건)
519317,경운횟집,전남,보성군,양,1,0,0,양 호평 다수 (1건)
05df586ae3a9,경원대구탕전문,광주,서구,신선도,1,0,0,신선도 호평 다수 (1건)
517538,경원이네,전남,여수시,분위기,1,0,0,분위기 호평 다수 (1건)
7243b68d1cd2,경원해물찜 광주본점,광주,광산구,양,1,0,0,양 호평 다수 (1건)
419228,경제고용진흥원 구내식당,광주,광산구,서비스_친절도,1,0,0,서비스_친절도 호평 다수 (1건)
26502352430d,경진식당,전남,여수시,맛,1,0,0,맛 호평 다수 (1건)
520130,경해루,전남,완도군,서비스_친절도,0,1,0,서비스_친절도 언급 (1건)
419231,경희네쌈밥,광주,서구,신선도,1,0,0,신선도 호평 다수 (1건)
419231,경희네쌈밥,광주,서구,서비스_친절도,1,0,0,서비스_친절도 호평 다수 (1건)
518959,곁을,전남,무안군,접근성_웨이팅,1,0,0,접근성_웨이팅 호평 다수 (1건)
419235,계동치킨 문흥점,광주,북구,맛,1,0,0,맛 호평 다수 (1건)
419237,계동치킨 상무점,광주,서구,맛,1,0,0,맛 호평 다수 (1건)
419234,계동치킨 수완점,광주,광산구,맛,1,0,0,맛 호평 다수 (1건)
419234,계동치킨 수완점,광주,광산구,신선도,1,0,0,신선도 호평 다수 (1건)
419234,계동치킨 수완점,광주,광산구,양,1,0,0,양 호평 다수 (1건)
ffdb649ff6d3,계동치킨 용봉점,광주,북구,맛,1,0,0,맛 호평 다수 (1건)
73db478e3c7e,계동치킨 운천점,광주,서구,맛,1,0,0,맛 호평 다수 (1건)
419236,계동치킨 첨단점,광주,광산구,맛,1,0,0,맛 호평 다수 (1건)
2108fa629b39,계동치킨 풍암점,광주,서구,맛,1,0,0,맛 호평 다수 (1건)
dd14ac0c1b71,계동치킨 하남점,광주,광산구,맛,1,0,0,맛 호평 다수 (1건)
dd14ac0c1b71,계동치킨 하남점,광주,광산구,신선도,1,0,0,신선도 호평 다수 (1건)
3c57bc24b574,계동치킨 화정점,광주,남구,신선도,1,0,0,신선도 호평 다수 (1건)
3c57bc24b574,계동치킨 화정점,광주,남구,위생_청결,1,0,0,위생_청결 호평 다수 (1건)
419246,계란밥 하남점,광주,광산구,맛,1,0,0,맛 호평 다수 (1건)
419246,계란밥 하남점,광주,광산구,신선도,1,0,0,신선도 호평 다수 (1건)
419246,계란밥 하남점,광주,광산구,서비스_친절도,1,0,0,서비스_친절도 호평 다수 (1건)
435949,계란밥상무점,광주,서구,신선도,1,0,0,신선도 호평 다수 (1건)
419247,계란후라이,광주,동구,맛,1,0,0,맛 호평 다수 (1건)
419247,계란후라이,광주,동구,신선도,1,0,0,신선도 호평 다수 (1건)
419248,계룡칡냉면,광주,북구,위생_청결,1,0,0,위생_청결 호평 다수 (1건)
520170,계륵장군 완도점,전남,완도군,맛,1,0,0,맛 호평 다수 (1건)
520170,계륵장군 완도점,전남,완도군,신선도,1,0,0,신선도 호평 다수 (1건)
520170,계륵장군 완도점,전남,완도군,접근성_웨이팅,1,0,0,접근성_웨이팅 호평 다수 (1건)
5c80ec1b8bce,계륵장군 우산점,광주,광산구,맛,1,0,0,맛 호평 다수 (1건)
5c80ec1b8bce,계륵장군 우산점,광주,광산구,신선도,1,0,0,신선도 호평 다수 (1건)
5c80ec1b8bce,계륵장군 우산점,광주,광산구,서비스_친절도,1,0,0,서비스_친절도 호평 다수 (1건)
5c80ec1b8bce,계륵장군 우산점,광주,광산구,분위기,1,0,0,분위기 호평 다수 (1건)
419249,계륵장군,광주,남구,맛,1,0,0,맛 호평 다수 (1건)
419252|501136,계림,광주,광산구,신선도,1,0,0,신선도 호평 다수 (1건)
55130,계림동잔치집,광주,동구,신선도,1,0,0,신선도 호평 다수 (1건)
55130,계림동잔치집,광주,동구,분위기,1,0,0,분위기 호평 다수 (1건)
419260,계림원 광주하남점,광주,광산구,맛,1,0,0,맛 호평 다수 (1건)
752dc693e678,계림원 나주 호수공원점,전남,나주시,접근성_웨이팅,1,0,0,접근성_웨이팅 호평 다수 (1건)
522806|896638,계수나무토끼한마리,전남,화순군,맛,1,0,0,맛 호평 다수 (1건)
419265|419270,계절따라남도맛집,광주,남구,맛,1,0,0,맛 호평 다수 (1건)
419265|419270,계절따라남도맛집,광주,남구,신선도,1,0,0,신선도 호평 다수 (1건)
419267,계절맛집,광주,북구,신선도,1,0,0,신선도 호평 다수 (1건)
419275,계절수산,광주,북구,맛,1,0,0,맛 호평 다수 (1건)
419275,계절수산,광주,북구,신선도,1,0,0,신선도 호평 다수 (1건)
188295|428683,계절음식 솔담,광주,광산구,분위기,1,0,0,분위기 호평 다수 (1건)
421784,계절음식 전문점 다솜,광주,서구,신선도,1,0,0,신선도 호평 다수 (1건)
419277,계절음식신창,광주,광산구,신선도,1,0,0,신선도 호평 다수 (1건)
419280,계절의맛집,광주,북구,신선도,1,0,0,신선도 호평 다수 (1건)
419284,계화,광주,동구,신선도,1,0,0,신선도 호평 다수 (1건)
419289,고가미가,광주,북구,신선도,1,0,0,신선도 호평 다수 (1건)
419290,고가창평국밥,광주,북구,신선도,1,0,0,신선도 호평 다수 (1건)
419290,고가창평국밥,광주,북구,서비스_친절도,1,0,0,서비스_친절도 호평 다수 (1건)
944338ee870f,고고푸드 본점,광주,광산구,신선도,1,0,0,신선도 호평 다수 (1건)
944338ee870f,고고푸드 본점,광주,광산구,위생_청결,1,0,0,위생_청결 호평 다수 (1건)
419295,고고푸드 신창점,광주,광산구,맛,1,0,0,맛 호평 다수 (1건)
419294,고고푸드,광주,광산구,신선도,1,0,0,신선도 호평 다수 (1건)
419294,고고푸드,광주,광산구,위생_청결,1,0,0,위생_청결 호평 다수 (1건)
419296,고고한우곱창 구시청점,광주,동구,신선도,1,0,0,신선도 호평 다수 (1건)
522891|896708,고구려민속촌,전남,화순군,서비스_친절도,1,0,0,서비스_친절도 호평 다수 (1건)
419298,고궁 담양숯불갈비,광주,서구,맛,1,0,0,맛 호평 다수 (1건)
419298,고궁 담양숯불갈비,광주,서구,분위기,1,0,0,분위기 호평 다수 (1건)
419299,고급도시락백반,광주,서구,맛,1,0,0,맛 호평 다수 (1건)
419299,고급도시락백반,광주,서구,신선도,1,0,0,신선도 호평 다수 (1건)
419300,고급양식,광주,북구,신선도,1,0,0,신선도 호평 다수 (1건)
419300,고급양식,광주,북구,서비스_친절도,1,0,0,서비스_친절도 호평 다수 (1건)
419303,고기궁전 남구점,광주,남구,분위기,1,0,0,분위기 호평 다수 (1건)
419306,고기궁전 산수점,광주,동구,신선도,1,0,0,신선도 호평 다수 (1건)
419306,고기궁전 산수점,광주,동구,분위기,1,0,0,분위기 호평 다수 (1건)
140afdc220dc,고기궁전 신가점,광주,광산구,신선도,1,0,0,신선도 호평 다수 (1건)
419307,고기궁전 용봉운암점,광주,북구,맛,1,0,0,맛 호평 다수 (1건)
419307,고기궁전 용봉운암점,광주,북구,분위기,1,0,0,분위기 호평 다수 (1건)
b8c41e5cff22,고기궁전,광주,광산구,맛,1,0,0,맛 호평 다수 (1건)
b8c41e5cff22,고기궁전,광주,광산구,신선도,1,0,0,신선도 호평 다수 (1건)
419308,고기궁전첨단 양산점,광주,북구,맛,1,0,0,맛 호평 다수 (1건)
419308,고기궁전첨단 양산점,광주,북구,신선도,1,0,0,신선도 호평 다수 (1건)
419312,고기극찬 광주북구점,광주,북구,신선도,1,0,0,신선도 호평 다수 (1건)
419315,고기꾸는놈,광주,북구,신선도,1,0,0,신선도 호평 다수 (1건)
522562,고기나라,전남,해남군,접근성_웨이팅,1,0,0,접근성_웨이팅 호평 다수 (1건)
419318,고기냄새,광주,광산구,맛,1,0,0,맛 호평 다수 (1건)
521681|895967,고기대장,광주,서구,신선도,1,0,0,신선도 호평 다수 (1건)
419322,고기듬뿍대왕비빔밥 양산점,광주,북구,맛,1,0,0,맛 호평 다수 (1건)
419332,고기사랑식육식당,광주,북구,신선도,1,0,0,신선도 호평 다수 (1건)
419332,고기사랑식육식당,광주,북구,서비스_친절도,1,0,0,서비스_친절도 호평 다수 (1건)
419333,고기세상,광주,남구,신선도,1,0,0,신선도 호평 다수 (1건)
419333,고기세상,광주,남구,서비스_친절도,1,0,0,서비스_친절도 호평 다수 (1건)
419334,고기야 일곡점,광주,북구,신선도,1,0,0,신선도 호평 다수 (1건)
419334,고기야 일곡점,광주,북구,서비스_친절도,1,0,0,서비스_친절도 호평 다수 (1건)
419335,고기에반하다,광주,서구,맛,1,0,0,맛 호평 다수 (1건)
419335,고기에반하다,광주,서구,신선도,1,0,0,신선도 호평 다수 (1건)
82c476eedcf3,고기여행,전남,광양시,맛,1,0,0,맛 호평 다수 (1건)
82c476eedcf3,고기여행,전남,광양시,신선도,1,0,0,신선도 호평 다수 (1건)
90629486f636,고기오,광주,동구,맛,1,0,0,맛 호평 다수 (1건)
90629486f636,고기오,광주,동구,가격,1,0,0,가격 호평 다수 (1건)
419338,고기의자격,광주,서구,맛,1,0,0,맛 호평 다수 (1건)
419338,고기의자격,광주,서구,신선도,1,0,0,신선도 호평 다수 (1건)
419338,고기의자격,광주,서구,분위기,1,0,0,분위기 호평 다수 (1건)
425028,고기장터명산 운남점,광주,광산구,맛,1,0,0,맛 호평 다수 (1건)
425028,고기장터명산 운남점,광주,광산구,신선도,1,0,0,신선도 호평 다수 (1건)
419344,고기짬뽕,광주,북구,맛,1,0,0,맛 호평 다수 (1건)
419345,고기창고,광주,광산구,분위기,1,0,0,분위기 호평 다수 (1건)
419346,고기천국,광주,광산구,신선도,1,0,0,신선도 호평 다수 (1건)
419346,고기천국,광주,광산구,분위기,1,0,0,분위기 호평 다수 (1건)
419347,고기판,광주,광산구,맛,1,0,0,맛 호평 다수 (1건)
419347,고기판,광주,광산구,신선도,1,0,0,신선도 호평 다수 (1건)
419348,고깃간 풍암점,광주,서구,신선도,1,0,0,신선도 호평 다수 (1건)
435732,고깃집 하남2지구점,광주,광산구,맛,1,0,0,맛 호평 다수 (1건)
435732,고깃집 하남2지구점,광주,광산구,분위기,1,0,0,분위기 호평 다수 (1건)
1df07c4f84f8,고깃집영산포한우,전남,나주시,맛,1,0,0,맛 호평 다수 (1건)
1df07c4f84f8,고깃집영산포한우,전남,나주시,위생_청결,1,0,0,위생_청결 호평 다수 (1건)
1df07c4f84f8,고깃집영산포한우,전남,나주시,서비스_친절도,1,0,0,서비스_친절도 호평 다수 (1건)
f8dd835e8204,고깃집진가,전남,광양시,신선도,1,0,0,신선도 호평 다수 (1건)
984921257135,고깃찝 두암 본점,광주,북구,맛,1,0,0,맛 호평 다수 (1건)
984921257135,고깃찝 두암 본점,광주,북구,신선도,1,0,0,신선도 호평 다수 (1건)
419351,고깃찝,광주,북구,맛,1,0,0,맛 호평 다수 (1건)
419351,고깃찝,광주,북구,신선도,1,0,0,신선도 호평 다수 (1건)
522549|896471,고니야,전남,해남군,맛,1,0,0,맛 호평 다수 (1건)
522549|896471,고니야,전남,해남군,신선도,1,0,0,신선도 호평 다수 (1건)
419352,고다미,광주,서구,신선도,1,0,0,신선도 호평 다수 (1건)
419352,고다미,광주,서구,접근성_웨이팅,1,0,0,접근성_웨이팅 호평 다수 (1건)
419353,고담로,광주,광산구,신선도,1,0,0,신선도 호평 다수 (1건)
419354,고도리 신기점,광주,광산구,맛,1,0,0,맛 호평 다수 (1건)
419354,고도리 신기점,광주,광산구,신선도,1,0,0,신선도 호평 다수 (1건)
519645|895760,고두섬횟집,전남,영광군,신선도,1,0,0,신선도 호평 다수 (1건)
419357,고래,광주,남구,맛,1,0,0,맛 호평 다수 (1건)
419357,고래,광주,남구,신선도,1,0,0,신선도 호평 다수 (1건)
419371,고래수산,광주,북구,신선도,1,0,0,신선도 호평 다수 (1건)
419371,고래수산,광주,북구,양,1,0,0,양 호평 다수 (1건)
419371,고래수산,광주,북구,서비스_친절도,1,0,0,서비스_친절도 호평 다수 (1건)
519633|895752,고래초밥,전남,영광군,맛,1,0,0,맛 호평 다수 (1건)
519633|895752,고래초밥,전남,영광군,신선도,1,0,0,신선도 호평 다수 (1건)
419374,고래통닭,광주,동구,맛,1,0,0,맛 호평 다수 (1건)
7ba37a2e44a8,고레와스시,광주,서구,신선도,1,0,0,신선도 호평 다수 (1건)
71182a9dd875,고려가족식당,광주,광산구,분위기,1,0,0,분위기 호평 다수 (1건)
419388,고려수산,광주,남구,신선도,1,0,0,신선도 호평 다수 (1건)
419388,고려수산,광주,남구,분위기,1,0,0,분위기 호평 다수 (1건)
419379,고려왕족발보쌈,광주,북구,맛,1,0,0,맛 호평 다수 (1건)
419379,고려왕족발보쌈,광주,북구,서비스_친절도,1,0,0,서비스_친절도 호평 다수 (1건)
419382,고려인마을 돌체비타,광주,광산구,분위기,1,0,0,분위기 호평 다수 (1건)
419387,고려조삼계탕 상무점,광주,서구,맛,1,0,0,맛 호평 다수 (1건)
419385,고려조삼계탕,광주,남구,서비스_친절도,1,0,0,서비스_친절도 호평 다수 (1건)
419385,고려조삼계탕,광주,남구,분위기,1,0,0,분위기 호평 다수 (1건)
419389,고로케삼촌,광주,광산구,맛,1,0,0,맛 호평 다수 (1건)
419389,고로케삼촌,광주,광산구,신선도,1,0,0,신선도 호평 다수 (1건)
419390,고롱고롱,광주,북구,분위기,1,0,0,분위기 호평 다수 (1건)
419392|78518|879457,고릴라아구찜,광주,광산구,맛,1,0,0,맛 호평 다수 (1건)
419392|78518|879457,고릴라아구찜,광주,광산구,신선도,1,0,0,신선도 호평 다수 (1건)
520202,고마워오늘,전남,완도군,맛,1,0,0,맛 호평 다수 (1건)
520202,고마워오늘,전남,완도군,신선도,1,0,0,신선도 호평 다수 (1건)
520202,고마워오늘,전남,완도군,서비스_친절도,1,0,0,서비스_친절도 호평 다수 (1건)
520202,고마워오늘,전남,완도군,분위기,1,0,0,분위기 호평 다수 (1건)
419395|879498,고망고 광주상무점,광주,서구,맛,1,0,0,맛 호평 다수 (1건)
419398,고모네뽈찜,광주,북구,맛,1,0,0,맛 호평 다수 (1건)
419398,고모네뽈찜,광주,북구,신선도,1,0,0,신선도 호평 다수 (1건)
518997|895293,고미,전남,무안군,맛,1,0,0,맛 호평 다수 (1건)
518997|895293,고미,전남,무안군,분위기,1,0,0,분위기 호평 다수 (1건)
419404,고밥,광주,북구,신선도,1,0,0,신선도 호평 다수 (1건)
adbdd1bfae72,고밥국밥,광주,북구,맛,1,0,0,맛 호평 다수 (1건)
419405,고복식당,광주,광산구,맛,1,0,0,맛 호평 다수 (1건)
419405,고복식당,광주,광산구,분위기,1,0,0,분위기 호평 다수 (1건)
518807|895166,고부정,전남,담양군,신선도,1,0,0,신선도 호평 다수 (1건)
419438,고산촌닭,광주,북구,분위기,1,0,0,분위기 호평 다수 (1건)
532636,고서국밥,전남,담양군,맛,1,0,0,맛 호평 다수 (1건)
532636,고서국밥,전남,담양군,접근성_웨이팅,1,0,0,접근성_웨이팅 호평 다수 (1건)
518878|895203,고서금화식당,전남,담양군,맛,1,0,0,맛 호평 다수 (1건)
518878|895203,고서금화식당,전남,담양군,서비스_친절도,1,0,0,서비스_친절도 호평 다수 (1건)
532638,고서통닭피자,전남,담양군,맛,1,0,0,맛 호평 다수 (1건)
532638,고서통닭피자,전남,담양군,접근성_웨이팅,1,0,0,접근성_웨이팅 호평 다수 (1건)
419439,고선생,광주,북구,분위기,1,0,0,분위기 호평 다수 (1건)
419440,고센,광주,서구,서비스_친절도,1,0,0,서비스_친절도 호평 다수 (1건)
419440,고센,광주,서구,분위기,1,0,0,분위기 호평 다수 (1건)
56769,고소먹방,전남,여수시,맛,1,0,0,맛 호평 다수 (1건)
56769,고소먹방,전남,여수시,분위기,1,0,0,분위기 호평 다수 (1건)
56770,고수골가든,전남,해남군,신선도,1,0,0,신선도 호평 다수 (1건)
56770,고수골가든,전남,해남군,위생_청결,1,0,0,위생_청결 호평 다수 (1건)
acd888acaf9e,고수닭갈비 충장점,광주,동구,맛,1,0,0,맛 호평 다수 (1건)
acd888acaf9e,고수닭갈비 충장점,광주,동구,신선도,1,0,0,신선도 호평 다수 (1건)
0dd8a17d45f2,고수라김밥 금호점,광주,서구,신선도,1,0,0,신선도 호평 다수 (1건)
4b04d49f789c,고수라김밥 두암점,광주,북구,신선도,1,0,0,신선도 호평 다수 (1건)
419452,고수라김밥 쌍촌점,광주,서구,신선도,1,0,0,신선도 호평 다수 (1건)
7cb53ffdb424,고수라김밥 양산점,광주,북구,맛,1,0,0,맛 호평 다수 (1건)
7cb53ffdb424,고수라김밥 양산점,광주,북구,신선도,1,0,0,신선도 호평 다수 (1건)
419453|879748,고수라김밥 운암점,광주,북구,맛,1,0,0,맛 호평 다수 (1건)
419453|879748,고수라김밥 운암점,광주,북구,신선도,1,0,0,신선도 호평 다수 (1건)
a6de7f3163ae,고수라김밥 진월점,광주,남구,맛,1,0,0,맛 호평 다수 (1건)
522144,고수라김밥,전남,진도군,맛,1,0,0,맛 호평 다수 (1건)
522144,고수라김밥,전남,진도군,신선도,1,0,0,신선도 호평 다수 (1건)
2a5ac543d410,고야곰탕,광주,남구,신선도,1,0,0,신선도 호평 다수 (1건)
419462,고양이낮잠,광주,동구,맛,1,0,0,맛 호평 다수 (1건)
419462,고양이낮잠,광주,동구,양,1,0,0,양 호평 다수 (1건)
419462,고양이낮잠,광주,동구,분위기,1,0,0,분위기 호평 다수 (1건)
419467,고우고,광주,동구,맛,1,0,0,맛 호평 다수 (1건)
419468,고울,광주,동구,신선도,1,0,0,신선도 호평 다수 (1건)
419469,고월당,광주,광산구,신선도,1,0,0,신선도 호평 다수 (1건)
419469,고월당,광주,광산구,분위기,1,0,0,분위기 호평 다수 (1건)
419470,고윤,광주,북구,맛,1,0,0,맛 호평 다수 (1건)
419470,고윤,광주,북구,신선도,1,0,0,신선도 호평 다수 (1건)
419471,고은,광주,서구,신선도,1,0,0,신선도 호평 다수 (1건)
419472,고은님,광주,북구,맛,1,0,0,맛 호평 다수 (1건)
419472,고은님,광주,북구,신선도,1,0,0,신선도 호평 다수 (1건)
419473,고을나주곰탕,광주,북구,맛,1,0,0,맛 호평 다수 (1건)
053bce48e2e6,고을수제비,전남,광양시,맛,1,0,0,맛 호평 다수 (1건)
acb4d517bb9b,고을정,전남,광양시,맛,1,0,0,맛 호평 다수 (1건)
acb4d517bb9b,고을정,전남,광양시,접근성_웨이팅,1,0,0,접근성_웨이팅 호평 다수 (1건)
72f8b424f083,고을팥죽,전남,광양시,맛,1,0,0,맛 호평 다수 (1건)
72f8b424f083,고을팥죽,전남,광양시,신선도,1,0,0,신선도 호평 다수 (1건)
72f8b424f083,고을팥죽,전남,광양시,서비스_친절도,1,0,0,서비스_친절도 호평 다수 (1건)
419475,고조선,광주,북구,신선도,1,0,0,신선도 호평 다수 (1건)
419478,고집,광주,광산구,양,1,0,0,양 호평 다수 (1건)
419478,고집,광주,광산구,서비스_친절도,1,0,0,서비스_친절도 호평 다수 (1건)
65b02dfe66dc,고집쟁이족발 광산구점,광주,광산구,신선도,1,0,0,신선도 호평 다수 (1건)
419481,고집쟁이족발,광주,광산구,맛,1,0,0,맛 호평 다수 (1건)
419481,고집쟁이족발,광주,광산구,접근성_웨이팅,1,0,0,접근성_웨이팅 호평 다수 (1건)
419482,고창만석꾼,광주,남구,맛,1,0,0,맛 호평 다수 (1건)
419482,고창만석꾼,광주,남구,서비스_친절도,1,0,0,서비스_친절도 호평 다수 (1건)
519784|895774,고창통닭,전남,영광군,신선도,1,0,0,신선도 호평 다수 (1건)
519784|895774,고창통닭,전남,영광군,양,1,0,0,양 호평 다수 (1건)
419484,고코로,광주,서구,가격,1,0,0,가격 호평 다수 (1건)
522619|896520,고향가든,전남,해남군,분위기,1,0,0,분위기 호평 다수 (1건)
419495,고향갈비,광주,남구,신선도,1,0,0,신선도 호평 다수 (1건)
419495,고향갈비,광주,남구,분위기,1,0,0,분위기 호평 다수 (1건)
521885|896096,고향갈비탕,전남,장흥군,맛,1,0,0,맛 호평 다수 (1건)
419496|78637|879458|879750,고향골,광주,서구,신선도,1,0,0,신선도 호평 다수 (1건)
419502,고향닭집,광주,북구,맛,1,0,0,맛 호평 다수 (1건)
419505,고향맛식당,광주,북구,신선도,1,0,0,신선도 호평 다수 (1건)
419507|424620,고향맛전집,광주,북구,접근성_웨이팅,1,0,0,접근성_웨이팅 호평 다수 (1건)
518576,고향맛집,광주,광산구,신선도,1,0,0,신선도 호평 다수 (1건)
517668,고향민속식당,전남,여수시,분위기,1,0,0,분위기 호평 다수 (1건)
f9791ef5eb9d,고향보양탕,광주,광산구,신선도,1,0,0,신선도 호평 다수 (1건)
419508,고향산천,광주,서구,분위기,1,0,0,분위기 호평 다수 (1건)
56771,고향숯불갈비,전남,고흥군,신선도,1,0,0,신선도 호평 다수 (1건)
419521,고향식당,광주,광산구,분위기,1,0,0,분위기 호평 다수 (1건)
419514,고향옛날순대,광주,북구,신선도,1,0,0,신선도 호평 다수 (1건)
419515,고향우렁이쌈밥,광주,북구,맛,1,0,0,맛 호평 다수 (1건)
419515,고향우렁이쌈밥,광주,북구,신선도,1,0,0,신선도 호평 다수 (1건)
419517,고향의맛집,광주,남구,분위기,1,0,0,분위기 호평 다수 (1건)
419518,고향장터터미널점,광주,서구,신선도,1,0,0,신선도 호평 다수 (1건)
419520,고향집,광주,광산구,맛,1,0,0,맛 호평 다수 (1건)
419520,고향집,광주,광산구,서비스_친절도,1,0,0,서비스_친절도 호평 다수 (1건)
419523|879751,고향추어탕,광주,북구,신선도,1,0,0,신선도 호평 다수 (1건)
419524,고향칼국수,광주,북구,신선도,1,0,0,신선도 호평 다수 (1건)
419526,고향회관,광주,북구,서비스_친절도,1,0,0,서비스_친절도 호평 다수 (1건)
419528,고흥나루터,광주,동구,맛,1,0,0,맛 호평 다수 (1건)
518095,고흥뚝섬한우,전남,고흥군,맛,1,0,0,맛 호평 다수 (1건)
518095,고흥뚝섬한우,전남,고흥군,신선도,1,0,0,신선도 호평 다수 (1건)
518095,고흥뚝섬한우,전남,고흥군,서비스_친절도,1,0,0,서비스_친절도 호평 다수 (1건)
518133,고흥만뜨락,전남,고흥군,맛,1,0,0,맛 호평 다수 (1건)
419530,고흥만민물장어 광주광천동,광주,서구,서비스_친절도,1,0,0,서비스_친절도 호평 다수 (1건)
419536,고흥바다,광주,동구,맛,1,0,0,맛 호평 다수 (1건)
419536,고흥바다,광주,동구,신선도,1,0,0,신선도 호평 다수 (1건)
419531,고흥바다장어,광주,동구,신선도,1,0,0,신선도 호평 다수 (1건)
419531,고흥바다장어,광주,동구,분위기,1,0,0,분위기 호평 다수 (1건)
419532,고흥바다장어숯불구이,광주,북구,맛,1,0,0,맛 호평 다수 (1건)
419532,고흥바다장어숯불구이,광주,북구,신선도,1,0,0,신선도 호평 다수 (1건)
419532,고흥바다장어숯불구이,광주,북구,분위기,1,0,0,분위기 호평 다수 (1건)
419533,고흥바다장어탕,광주,북구,신선도,1,0,0,신선도 호평 다수 (1건)
419533,고흥바다장어탕,광주,북구,분위기,1,0,0,분위기 호평 다수 (1건)
419537,고흥어부네회수산,광주,북구,신선도,1,0,0,신선도 호평 다수 (1건)
419537,고흥어부네회수산,광주,북구,서비스_친절도,1,0,0,서비스_친절도 호평 다수 (1건)
419538|879752,고흥장어나라,광주,동구,신선도,1,0,0,신선도 호평 다수 (1건)
419539,고흥장어마을,광주,북구,맛,1,0,0,맛 호평 다수 (1건)
419539,고흥장어마을,광주,북구,신선도,1,0,0,신선도 호평 다수 (1건)
419539,고흥장어마을,광주,북구,분위기,1,0,0,분위기 호평 다수 (1건)
419541,고흥회수산,광주,북구,맛,1,0,0,맛 호평 다수 (1건)
419541,고흥회수산,광주,북구,신선도,1,0,0,신선도 호평 다수 (1건)
419541,고흥회수산,광주,북구,분위기,1,0,0,분위기 호평 다수 (1건)
419542|879754,고흥회타운,광주,북구,서비스_친절도,1,0,0,서비스_친절도 호평 다수 (1건)
521703|895978,곡간자연밥상,전남,장성군,신선도,1,0,0,신선도 호평 다수 (1건)
521703|895978,곡간자연밥상,전남,장성군,분위기,1,0,0,분위기 호평 다수 (1건)
522955|896755,곡두보리밥청국장,전남,화순군,맛,1,0,0,맛 호평 다수 (1건)
7b8f3e8cfe58,곡물창고,광주,남구,분위기,1,0,0,분위기 호평 다수 (1건)
539479,곡성다움,전남,곡성군,맛,1,0,0,맛 호평 다수 (1건)
539479,곡성다움,전남,곡성군,신선도,1,0,0,신선도 호평 다수 (1건)
518300,곡성바게트버거,전남,곡성군,맛,1,0,0,맛 호평 다수 (1건)
518300,곡성바게트버거,전남,곡성군,신선도,1,0,0,신선도 호평 다수 (1건)
518300,곡성바게트버거,전남,곡성군,분위기,1,0,0,분위기 호평 다수 (1건)
518261,곡성횟집,전남,곡성군,맛,1,0,0,맛 호평 다수 (1건)
518261,곡성횟집,전남,곡성군,신선도,1,0,0,신선도 호평 다수 (1건)
518261,곡성횟집,전남,곡성군,분위기,1,0,0,분위기 호평 다수 (1건)
419551,골드문,광주,서구,분위기,1,0,0,분위기 호평 다수 (1건)
419556,골드스완,광주,서구,분위기,1,0,0,분위기 호평 다수 (1건)
419557|961573,골든글로리,광주,남구,분위기,1,0,0,분위기 호평 다수 (1건)
419564,골메골,광주,광산구,신선도,1,0,0,신선도 호평 다수 (1건)
419564,골메골,광주,광산구,분위기,1,0,0,분위기 호평 다수 (1건)
419566,골목,광주,북구,접근성_웨이팅,1,0,0,접근성_웨이팅 호평 다수 (1건)
517660,골목길 식탁,전남,여수시,맛,1,0,0,맛 호평 다수 (1건)
517660,골목길 식탁,전남,여수시,신선도,1,0,0,신선도 호평 다수 (1건)
517660,골목길 식탁,전남,여수시,양,1,0,0,양 호평 다수 (1건)
517660,골목길 식탁,전남,여수시,접근성_웨이팅,1,0,0,접근성_웨이팅 호평 다수 (1건)
419570,골목길,광주,동구,맛,1,0,0,맛 호평 다수 (1건)
419570,골목길,광주,동구,가격,1,0,0,가격 호평 다수 (1건)
419570,골목길,광주,동구,접근성_웨이팅,1,0,0,접근성_웨이팅 호평 다수 (1건)
419572,골목대장,광주,북구,맛,1,0,0,맛 호평 다수 (1건)
419572,골목대장,광주,북구,신선도,1,0,0,신선도 호평 다수 (1건)
419572,골목대장,광주,북구,접근성_웨이팅,1,0,0,접근성_웨이팅 호평 다수 (1건)
836806|880666,골목식당 PS파스타,전남,여수시,신선도,1,0,0,신선도 호평 다수 (1건)
836806|880666,골목식당 PS파스타,전남,여수시,접근성_웨이팅,1,0,0,접근성_웨이팅 호평 다수 (1건)
419578,골목장어,광주,서구,신선도,1,0,0,신선도 호평 다수 (1건)
419578,골목장어,광주,서구,접근성_웨이팅,1,0,0,접근성_웨이팅 호평 다수 (1건)
419580,골목집,광주,서구,분위기,1,0,0,분위기 호평 다수 (1건)
419580,골목집,광주,서구,접근성_웨이팅,1,0,0,접근성_웨이팅 호평 다수 (1건)
523004|896782,골목집민물매운탕,전남,화순군,접근성_웨이팅,1,0,0,접근성_웨이팅 호평 다수 (1건)
419584,곰기사님식당,광주,서구,분위기,1,0,0,분위기 호평 다수 (1건)
419585,곰돌이슈퍼,광주,남구,맛,1,0,0,맛 호평 다수 (1건)
419585,곰돌이슈퍼,광주,남구,신선도,1,0,0,신선도 호평 다수 (1건)
419585,곰돌이슈퍼,광주,남구,분위기,1,0,0,분위기 호평 다수 (1건)
419586,곰소어간장 광주운암점,광주,북구,신선도,1,0,0,신선도 호평 다수 (1건)
419587,곰여사식당,광주,북구,서비스_친절도,1,0,0,서비스_친절도 호평 다수 (1건)
419587,곰여사식당,광주,북구,분위기,1,0,0,분위기 호평 다수 (1건)
419588|879502,곰이네김밥 본점,광주,동구,신선도,1,0,0,신선도 호평 다수 (1건)
419588|879502,곰이네김밥 본점,광주,동구,분위기,1,0,0,분위기 호평 다수 (1건)
419592,곰지네,광주,남구,분위기,1,0,0,분위기 호평 다수 (1건)
56773,곰집갈비,전남,목포시,맛,1,0,0,맛 호평 다수 (1건)
56773,곰집갈비,전남,목포시,신선도,1,0,0,신선도 호평 다수 (1건)
fca8027240a3,곰탕 고우고,광주,동구,맛,1,0,0,맛 호평 다수 (1건)
522251,곰탱이네,전남,진도군,맛,1,0,0,맛 호평 다수 (1건)
522251,곰탱이네,전남,진도군,접근성_웨이팅,1,0,0,접근성_웨이팅 호평 다수 (1건)
419594,곱&닭발,광주,광산구,맛,1,0,0,맛 호평 다수 (1건)
419594,곱&닭발,광주,광산구,위생_청결,1,0,0,위생_청결 호평 다수 (1건)
419594,곱&닭발,광주,광산구,서비스_친절도,1,0,0,서비스_친절도 호평 다수 (1건)
419594,곱&닭발,광주,광산구,분위기,1,0,0,분위기 호평 다수 (1건)
419595,곱깨비 계림점,광주,동구,맛,1,0,0,맛 호평 다수 (1건)
aacbb74bb6f5,곱깨비 풍암점,광주,서구,신선도,1,0,0,신선도 호평 다수 (1건)
419597,곱도리네코다리네,광주,북구,맛,1,0,0,맛 호평 다수 (1건)
419597,곱도리네코다리네,광주,북구,신선도,1,0,0,신선도 호평 다수 (1건)
419597,곱도리네코다리네,광주,북구,분위기,1,0,0,분위기 호평 다수 (1건)
419598,곱도리탕전문점 대가 첨단점,광주,북구,신선도,1,0,0,신선도 호평 다수 (1건)
419598,곱도리탕전문점 대가 첨단점,광주,북구,분위기,1,0,0,분위기 호평 다수 (1건)
419599,곱돌마루,광주,북구,신선도,1,0,0,신선도 호평 다수 (1건)
419602,곱이고운돌곱창,광주,광산구,맛,1,0,0,맛 호평 다수 (1건)
419605|879756,곱창고광주운암지구점 광주운암동,광주,북구,맛,1,0,0,맛 호평 다수 (1건)
419607,곱창골곱창구이,광주,서구,신선도,1,0,0,신선도 호평 다수 (1건)
419607,곱창골곱창구이,광주,서구,분위기,1,0,0,분위기 호평 다수 (1건)
519140|895401,곱창구이 국밥집,전남,무안군,맛,1,0,0,맛 호평 다수 (1건)
519140|895401,곱창구이 국밥집,전남,무안군,신선도,1,0,0,신선도 호평 다수 (1건)
419609,곱창나라,광주,광산구,맛,1,0,0,맛 호평 다수 (1건)
419609,곱창나라,광주,광산구,신선도,1,0,0,신선도 호평 다수 (1건)
419610|879757,곱창나무수제국밥,광주,광산구,맛,1,0,0,맛 호평 다수 (1건)
419611,곱창담고국밥,광주,남구,맛,1,0,0,맛 호평 다수 (1건)
419611,곱창담고국밥,광주,남구,신선도,1,0,0,신선도 호평 다수 (1건)
419612,곱창마당 광주오치동,광주,북구,맛,1,0,0,맛 호평 다수 (1건)
419613|78875|879503|879758|961532,곱창마당,광주,서구,맛,1,0,0,맛 호평 다수 (1건)
419613|78875|879503|879758|961532,곱창마당,광주,서구,신선도,1,0,0,신선도 호평 다수 (1건)
419614|436189,곱창선생 광주용봉점,광주,북구,맛,1,0,0,맛 호평 다수 (1건)
419614|436189,곱창선생 광주용봉점,광주,북구,신선도,1,0,0,신선도 호평 다수 (1건)
422845,곱창연구소돌곱1991 수완본점,광주,광산구,서비스_친절도,1,0,0,서비스_친절도 호평 다수 (1건)
579f26f72063,곱창의명수 목포본점,전남,목포시,맛,1,0,0,맛 호평 다수 (1건)
419615,곱창의명수 효천점,광주,남구,신선도,1,0,0,신선도 호평 다수 (1건)
419616,곱창이야기 광주용봉점,광주,북구,맛,1,0,0,맛 호평 다수 (1건)
419616,곱창이야기 광주용봉점,광주,북구,신선도,1,0,0,신선도 호평 다수 (1건)
419618,곱창이야기 수완지구점,광주,광산구,맛,1,0,0,맛 호평 다수 (1건)
419618,곱창이야기 수완지구점,광주,광산구,신선도,1,0,0,신선도 호평 다수 (1건)
419621,곳간,광주,광산구,신선도,1,0,0,신선도 호평 다수 (1건)
521534,공간,전남,완도군,서비스_친절도,1,0,0,서비스_친절도 호평 다수 (1건)
537672,공간사랑,전남,영광군,맛,1,0,0,맛 호평 다수 (1건)
537672,공간사랑,전남,영광군,분위기,1,0,0,분위기 호평 다수 (1건)
419630,공단분식,광주,광산구,맛,1,0,0,맛 호평 다수 (1건)
419630,공단분식,광주,광산구,가격,1,0,0,가격 호평 다수 (1건)
419630,공단분식,광주,광산구,서비스_친절도,1,0,0,서비스_친절도 호평 다수 (1건)
419632,공룡분식,광주,광산구,맛,1,0,0,맛 호평 다수 (1건)
419632,공룡분식,광주,광산구,서비스_친절도,1,0,0,서비스_친절도 호평 다수 (1건)
419632,공룡분식,광주,광산구,분위기,1,0,0,분위기 호평 다수 (1건)
521560,공룡알팬션횟집,전남,완도군,신선도,1,0,0,신선도 호평 다수 (1건)
521560,공룡알팬션횟집,전남,완도군,분위기,1,0,0,분위기 호평 다수 (1건)
419639,공식당,광주,북구,맛,1,0,0,맛 호평 다수 (1건)
419639,공식당,광주,북구,신선도,1,0,0,신선도 호평 다수 (1건)
419643,공원식당,광주,북구,신선도,1,0,0,신선도 호평 다수 (1건)
419643,공원식당,광주,북구,분위기,1,0,0,분위기 호평 다수 (1건)
419678,공초밥,광주,북구,맛,1,0,0,맛 호평 다수 (1건)
419678,공초밥,광주,북구,신선도,1,0,0,신선도 호평 다수 (1건)
79046|880546,공항가든,전남,영암군,맛,1,0,0,맛 호평 다수 (1건)
79046|880546,공항가든,전남,영암군,신선도,1,0,0,신선도 호평 다수 (1건)
518082,과역한우직판장,전남,고흥군,신선도,1,0,0,신선도 호평 다수 (1건)
523170|836720,과일의숲 광양중마점,전남,광양시,신선도,1,0,0,신선도 호평 다수 (1건)
419682,과일츄릅 광주신가동,광주,광산구,신선도,1,0,0,신선도 호평 다수 (1건)
419682,과일츄릅 광주신가동,광주,광산구,위생_청결,1,0,0,위생_청결 호평 다수 (1건)
473c942df908,과일츄릅,광주,광산구,신선도,1,0,0,신선도 호평 다수 (1건)
473c942df908,과일츄릅,광주,광산구,위생_청결,1,0,0,위생_청결 호평 다수 (1건)
493845a6460e,곽만근갈비 광주계림점,광주,동구,분위기,1,0,0,분위기 호평 다수 (1건)
419684,곽만근갈비탕 광주상무점,광주,서구,분위기,1,0,0,분위기 호평 다수 (1건)
419686,곽만근갈비탕 광주수완점,광주,광산구,맛,1,0,0,맛 호평 다수 (1건)
419688|963349,곽만근갈비탕 광주주월점,광주,남구,맛,1,0,0,맛 호평 다수 (1건)
419688|963349,곽만근갈비탕 광주주월점,광주,남구,신선도,1,0,0,신선도 호평 다수 (1건)
419691,관광원,광주,북구,맛,1,0,0,맛 호평 다수 (1건)
419691,관광원,광주,북구,신선도,1,0,0,신선도 호평 다수 (1건)
419691,관광원,광주,북구,서비스_친절도,1,0,0,서비스_친절도 호평 다수 (1건)
518844,관방천국수,전남,담양군,맛,1,0,0,맛 호평 다수 (1건)
518844,관방천국수,전남,담양군,신선도,1,0,0,신선도 호평 다수 (1건)
522861|896683,관산칡냉면,전남,화순군,신선도,1,0,0,신선도 호평 다수 (1건)
419694,관지리,광주,동구,신선도,1,0,0,신선도 호평 다수 (1건)
419696,광나루,광주,남구,맛,1,0,0,맛 호평 다수 (1건)
419696,광나루,광주,남구,신선도,1,0,0,신선도 호평 다수 (1건)
419697,광덕수산회타운,광주,북구,신선도,1,0,0,신선도 호평 다수 (1건)
517307,광동각,전남,순천시,맛,1,0,0,맛 호평 다수 (1건)
517307,광동각,전남,순천시,서비스_친절도,1,0,0,서비스_친절도 호평 다수 (1건)
419698,광동성,광주,서구,맛,1,0,0,맛 호평 다수 (1건)
419698,광동성,광주,서구,신선도,1,0,0,신선도 호평 다수 (1건)
419698,광동성,광주,서구,분위기,1,0,0,분위기 호평 다수 (1건)
419699,광동진씨,광주,동구,신선도,1,0,0,신선도 호평 다수 (1건)
419704,광명대창집 광주수완점,광주,광산구,가격,1,0,0,가격 호평 다수 (1건)
419706,광명식당,광주,북구,맛,1,0,0,맛 호평 다수 (1건)
419708,광목쟁이여우비,광주,광산구,서비스_친절도,1,0,0,서비스_친절도 호평 다수 (1건)
419710,광민이네동태탕,광주,동구,맛,1,0,0,맛 호평 다수 (1건)
419710,광민이네동태탕,광주,동구,신선도,1,0,0,신선도 호평 다수 (1건)
419718|438110,광산푸드팩토리,광주,광산구,맛,1,0,0,맛 호평 다수 (1건)
419718|438110,광산푸드팩토리,광주,광산구,분위기,1,0,0,분위기 호평 다수 (1건)
419719|879767,광산활어회수산,광주,광산구,맛,1,0,0,맛 호평 다수 (1건)
419719|879767,광산활어회수산,광주,광산구,신선도,1,0,0,신선도 호평 다수 (1건)
419720,광성회관,광주,서구,분위기,1,0,0,분위기 호평 다수 (1건)
2e6aeed360fa,광세족발,광주,광산구,서비스_친절도,0,1,0,서비스_친절도 언급 (1건)
518233,광수사,전남,곡성군,맛,1,0,0,맛 호평 다수 (1건)
419729,광수식당 본점,광주,광산구,맛,1,0,0,맛 호평 다수 (1건)
419729,광수식당 본점,광주,광산구,서비스_친절도,1,0,0,서비스_친절도 호평 다수 (1건)
419732,광신보리밥,광주,북구,신선도,1,0,0,신선도 호평 다수 (1건)
419734|961574,광양돌판한우,광주,서구,신선도,1,0,0,신선도 호평 다수 (1건)
81560,광양뒷고기,전남,광양시,맛,1,0,0,맛 호평 다수 (1건)
81560,광양뒷고기,전남,광양시,신선도,1,0,0,신선도 호평 다수 (1건)
518461,광양숯불갈비,전남,구례군,위생_청결,1,0,0,위생_청결 호평 다수 (1건)
518461,광양숯불갈비,전남,구례군,분위기,1,0,0,분위기 호평 다수 (1건)
419736|55132|879436,광양숯불구이 상무본점,광주,서구,맛,1,0,0,맛 호평 다수 (1건)
419736|55132|879436,광양숯불구이 상무본점,광주,서구,신선도,1,0,0,신선도 호평 다수 (1건)
419735,광양숯불구이,광주,광산구,맛,1,0,0,맛 호평 다수 (1건)
419735,광양숯불구이,광주,광산구,접근성_웨이팅,1,0,0,접근성_웨이팅 호평 다수 (1건)
419738,광양재첩,광주,북구,맛,1,0,0,맛 호평 다수 (1건)
419738,광양재첩,광주,북구,신선도,1,0,0,신선도 호평 다수 (1건)
419738,광양재첩,광주,북구,서비스_친절도,1,0,0,서비스_친절도 호평 다수 (1건)
419738,광양재첩,광주,북구,분위기,1,0,0,분위기 호평 다수 (1건)
56776,광양참숯불고기,전남,구례군,위생_청결,1,0,0,위생_청결 호평 다수 (1건)
9545b3358dc7,광양초밥,전남,광양시,신선도,1,0,0,신선도 호평 다수 (1건)
419739,광양회관,광주,동구,서비스_친절도,1,0,0,서비스_친절도 호평 다수 (1건)
419739,광양회관,광주,동구,분위기,1,0,0,분위기 호평 다수 (1건)
518210,광일기사식당,전남,고흥군,맛,1,0,0,맛 호평 다수 (1건)
518210,광일기사식당,전남,고흥군,신선도,1,0,0,신선도 호평 다수 (1건)
518210,광일기사식당,전남,고흥군,분위기,1,0,0,분위기 호평 다수 (1건)
419745|696657,광장,광주,광산구,맛,1,0,0,맛 호평 다수 (1건)
419745|696657,광장,광주,광산구,분위기,1,0,0,분위기 호평 다수 (1건)
419748,광장분식,광주,남구,맛,1,0,0,맛 호평 다수 (1건)
419748,광장분식,광주,남구,신선도,1,0,0,신선도 호평 다수 (1건)
a7c910d6d62b,광장서대회,전남,여수시,신선도,1,0,0,신선도 호평 다수 (1건)
a7c910d6d62b,광장서대회,전남,여수시,위생_청결,1,0,0,위생_청결 호평 다수 (1건)
419751,광저우88,광주,북구,맛,1,0,0,맛 호평 다수 (1건)
419751,광저우88,광주,북구,가격,1,0,0,가격 호평 다수 (1건)
419751,광저우88,광주,북구,분위기,1,0,0,분위기 호평 다수 (1건)
f2d116927c8a,광주 북구 첨단연신로107번길 35에 위치한 한식점입니다.,광주,북구,맛,1,0,0,맛 호평 다수 (1건)
419754,광주1번정육식당,광주,광산구,맛,1,0,0,맛 호평 다수 (1건)
419754,광주1번정육식당,광주,광산구,신선도,1,0,0,신선도 호평 다수 (1건)
518309,광주가든,전남,곡성군,맛,1,0,0,맛 호평 다수 (1건)
518309,광주가든,전남,곡성군,위생_청결,1,0,0,위생_청결 호평 다수 (1건)
419755|961575,광주갈치,광주,동구,신선도,1,0,0,신선도 호평 다수 (1건)
419756,광주곱창,광주,남구,신선도,1,0,0,신선도 호평 다수 (1건)
424050,광주과학기술원 르네상스,광주,북구,신선도,1,0,0,신선도 호평 다수 (1건)
424050,광주과학기술원 르네상스,광주,북구,분위기,1,0,0,분위기 호평 다수 (1건)
419770,광주김밥분식,광주,서구,신선도,1,0,0,신선도 호평 다수 (1건)
189187|429550,광주남구시니어클럽 식당 아띠애,광주,남구,신선도,1,0,0,신선도 호평 다수 (1건)
419772,광주남구지역자활센터 너두나두호두,광주,남구,분위기,1,0,0,분위기 호평 다수 (1건)
419780,광주덮밥,광주,광산구,신선도,1,0,0,신선도 호평 다수 (1건)
419781,광주돌잔치 스타파티오 스몰웨딩,광주,광산구,분위기,1,0,0,분위기 호평 다수 (1건)
419786,광주밥집,광주,서구,맛,1,0,0,맛 호평 다수 (1건)
419788,광주보쌈,광주,동구,분위기,1,0,0,분위기 호평 다수 (1건)
419789,광주복집,광주,동구,서비스_친절도,1,0,0,서비스_친절도 호평 다수 (1건)
439976,광주수산,광주,북구,맛,1,0,0,맛 호평 다수 (1건)
439976,광주수산,광주,북구,신선도,1,0,0,신선도 호평 다수 (1건)
439976,광주수산,광주,북구,분위기,1,0,0,분위기 호평 다수 (1건)
419810,광주순대전통집,광주,동구,맛,1,0,0,맛 호평 다수 (1건)
419810,광주순대전통집,광주,동구,분위기,1,0,0,분위기 호평 다수 (1건)
520930,광주원조식당,전남,장성군,맛,1,0,0,맛 호평 다수 (1건)
520930,광주원조식당,전남,장성군,신선도,1,0,0,신선도 호평 다수 (1건)
419828,광주정,광주,남구,맛,0,0,1,맛 불만 존재 (1건)
419828,광주정,광주,남구,신선도,0,0,1,신선도 불만 존재 (1건)
419828,광주정,광주,남구,서비스_친절도,0,0,1,서비스_친절도 불만 존재 (1건)
419829,광주제일햄버고,광주,동구,맛,1,0,0,맛 호평 다수 (1건)
419829,광주제일햄버고,광주,동구,신선도,1,0,0,신선도 호평 다수 (1건)
428436,광주조개구이,광주,서구,신선도,1,0,0,신선도 호평 다수 (1건)
428436,광주조개구이,광주,서구,서비스_친절도,1,0,0,서비스_친절도 호평 다수 (1건)
428436,광주조개구이,광주,서구,분위기,1,0,0,분위기 호평 다수 (1건)
419832,광주참치,광주,서구,서비스_친절도,1,0,0,서비스_친절도 호평 다수 (1건)
419844,광주통닭,광주,서구,맛,1,0,0,맛 호평 다수 (1건)
419844,광주통닭,광주,서구,신선도,1,0,0,신선도 호평 다수 (1건)
419845,광주특별시,광주,북구,신선도,1,0,0,신선도 호평 다수 (1건)
419847,광주푸드,광주,광산구,맛,1,0,0,맛 호평 다수 (1건)
419847,광주푸드,광주,광산구,신선도,1,0,0,신선도 호평 다수 (1건)
419853,광주흑염소 광주월산동,광주,남구,맛,1,0,0,맛 호평 다수 (1건)
419855,광천식당,광주,서구,맛,1,0,0,맛 호평 다수 (1건)
419855,광천식당,광주,서구,신선도,1,0,0,신선도 호평 다수 (1건)
419856,광춘원,광주,광산구,맛,1,0,0,맛 호평 다수 (1건)
419856,광춘원,광주,광산구,분위기,1,0,0,분위기 호평 다수 (1건)
419857,광카롱 광주송정동,광주,광산구,신선도,1,0,0,신선도 호평 다수 (1건)
419857,광카롱 광주송정동,광주,광산구,분위기,1,0,0,분위기 호평 다수 (1건)
516051|961977,광카롱,광주,광산구,신선도,1,0,0,신선도 호평 다수 (1건)
419859,광후장어 광주수완동,광주,광산구,신선도,1,0,0,신선도 호평 다수 (1건)
419859,광후장어 광주수완동,광주,광산구,접근성_웨이팅,1,0,0,접근성_웨이팅 호평 다수 (1건)
419860,광희네,광주,서구,신선도,1,0,0,신선도 호평 다수 (1건)
419860,광희네,광주,서구,서비스_친절도,1,0,0,서비스_친절도 호평 다수 (1건)
419864,교다이,광주,동구,맛,1,0,0,맛 호평 다수 (1건)
419864,교다이,광주,동구,서비스_친절도,1,0,0,서비스_친절도 호평 다수 (1건)
518382,교동식당,전남,곡성군,맛,1,0,0,맛 호평 다수 (1건)
518382,교동식당,전남,곡성군,분위기,1,0,0,분위기 호평 다수 (1건)
c8e1db0fd7eb,교동짬뽕 광주본점,광주,북구,맛,1,0,0,맛 호평 다수 (1건)
419866,교동짬뽕 본점,광주,남구,서비스_친절도,1,0,0,서비스_친절도 호평 다수 (1건)
494687,교동짬뽕,광주,서구,맛,1,0,0,맛 호평 다수 (1건)
494687,교동짬뽕,광주,서구,신선도,1,0,0,신선도 호평 다수 (1건)
517600,교동포차 26번 해물삼합,전남,여수시,맛,1,0,0,맛 호평 다수 (1건)
419874,교반,광주,광산구,분위기,1,0,0,분위기 호평 다수 (1건)
518706|895115,구가네 META 밥상,전남,담양군,맛,1,0,0,맛 호평 다수 (1건)
518706|895115,구가네 META 밥상,전남,담양군,신선도,1,0,0,신선도 호평 다수 (1건)
518706|895115,구가네 META 밥상,전남,담양군,분위기,1,0,0,분위기 호평 다수 (1건)
519253|895492,구경탄,전남,보성군,맛,1,0,0,맛 호평 다수 (1건)
519253|895492,구경탄,전남,보성군,분위기,1,0,0,분위기 호평 다수 (1건)
419928|879769,구드,광주,동구,맛,1,0,0,맛 호평 다수 (1건)
419928|879769,구드,광주,동구,신선도,1,0,0,신선도 호평 다수 (1건)
419928|879769,구드,광주,동구,분위기,1,0,0,분위기 호평 다수 (1건)
523755|836357,구디스,전남,순천시,맛,1,0,0,맛 호평 다수 (1건)
11620aa0320b,구례다슬기,전남,구례군,맛,1,0,0,맛 호평 다수 (1건)
11620aa0320b,구례다슬기,전남,구례군,신선도,1,0,0,신선도 호평 다수 (1건)
7a20a959e80e,구례밀밭,전남,구례군,맛,1,0,0,맛 호평 다수 (1건)
7a20a959e80e,구례밀밭,전남,구례군,신선도,1,0,0,신선도 호평 다수 (1건)
518436,구례밥상,전남,구례군,맛,1,0,0,맛 호평 다수 (1건)
518436,구례밥상,전남,구례군,신선도,1,0,0,신선도 호평 다수 (1건)
518436,구례밥상,전남,구례군,접근성_웨이팅,1,0,0,접근성_웨이팅 호평 다수 (1건)
518423,구례브라세리,전남,구례군,신선도,1,0,0,신선도 호평 다수 (1건)
518623,구례숯불갈비,전남,구례군,맛,1,0,0,맛 호평 다수 (1건)
518623,구례숯불갈비,전남,구례군,서비스_친절도,1,0,0,서비스_친절도 호평 다수 (1건)
419931,구례식당,광주,동구,서비스_친절도,1,0,0,서비스_친절도 호평 다수 (1건)
518438,구례한우 영농조합법인 식당,전남,구례군,가격,1,0,0,가격 호평 다수 (1건)
518553,구례한우곱창,전남,구례군,맛,1,0,0,맛 호평 다수 (1건)
519106|895376,구로횟집,전남,무안군,신선도,1,0,0,신선도 호평 다수 (1건)
521869|896082,구루메,전남,장흥군,맛,1,0,0,맛 호평 다수 (1건)
521869|896082,구루메,전남,장흥군,서비스_친절도,1,0,0,서비스_친절도 호평 다수 (1건)
518367,구름다리가든,전남,곡성군,맛,1,0,0,맛 호평 다수 (1건)
518367,구름다리가든,전남,곡성군,분위기,1,0,0,분위기 호평 다수 (1건)
56777|836770,구름에달가듯이,전남,광양시,신선도,1,0,0,신선도 호평 다수 (1건)
519948,구림식당,전남,영암군,맛,1,0,0,맛 호평 다수 (1건)
519949,구림짬뽕,전남,영암군,맛,1,0,0,맛 호평 다수 (1건)
519949,구림짬뽕,전남,영암군,신선도,1,0,0,신선도 호평 다수 (1건)
519949,구림짬뽕,전남,영암군,양,1,0,0,양 호평 다수 (1건)
519949,구림짬뽕,전남,영암군,위생_청결,1,0,0,위생_청결 호평 다수 (1건)
419942,구미식당,광주,광산구,서비스_친절도,1,0,0,서비스_친절도 호평 다수 (1건)
419945,구미식육식당,광주,북구,신선도,1,0,0,신선도 호평 다수 (1건)
419945,구미식육식당,광주,북구,분위기,1,0,0,분위기 호평 다수 (1건)
56778,구백식당,전남,여수시,맛,1,0,0,맛 호평 다수 (1건)
522236,구번식당,전남,진도군,맛,1,0,0,맛 호평 다수 (1건)
522236,구번식당,전남,진도군,분위기,1,0,0,분위기 호평 다수 (1건)
419947,구산가든,광주,남구,맛,1,0,0,맛 호평 다수 (1건)
419950,구수숯불갈비,광주,동구,맛,1,0,0,맛 호평 다수 (1건)
419950,구수숯불갈비,광주,동구,신선도,1,0,0,신선도 호평 다수 (1건)
419952,구수한식당,광주,광산구,맛,1,0,0,맛 호평 다수 (1건)
419952,구수한식당,광주,광산구,신선도,1,0,0,신선도 호평 다수 (1건)
419952,구수한식당,광주,광산구,서비스_친절도,1,0,0,서비스_친절도 호평 다수 (1건)
419954|879771,구수향,광주,동구,서비스_친절도,1,0,0,서비스_친절도 호평 다수 (1건)
188535|419956|428920,구시포칼국수 수완본점,광주,광산구,맛,1,0,0,맛 호평 다수 (1건)
517976,구어조은닭 강진점,전남,강진군,맛,1,0,0,맛 호평 다수 (1건)
517976,구어조은닭 강진점,전남,강진군,신선도,1,0,0,신선도 호평 다수 (1건)
2292ffa6a9b4,구억식당,광주,북구,맛,1,0,0,맛 호평 다수 (1건)
2292ffa6a9b4,구억식당,광주,북구,서비스_친절도,1,0,0,서비스_친절도 호평 다수 (1건)
419958,구오,광주,서구,신선도,1,0,0,신선도 호평 다수 (1건)
419958,구오,광주,서구,분위기,1,0,0,분위기 호평 다수 (1건)
519021|895312,구우당,전남,무안군,신선도,1,0,0,신선도 호평 다수 (1건)
419961,구이STORY,광주,서구,신선도,1,0,0,신선도 호평 다수 (1건)
419963,구이구이소주방,광주,동구,맛,1,0,0,맛 호평 다수 (1건)
419963,구이구이소주방,광주,동구,신선도,1,0,0,신선도 호평 다수 (1건)
419963,구이구이소주방,광주,동구,분위기,1,0,0,분위기 호평 다수 (1건)
419964,구이구이우사돈,광주,북구,신선도,1,0,0,신선도 호평 다수 (1건)
419965,구이랑찌개랑,광주,북구,맛,1,0,0,맛 호평 다수 (1건)
419965,구이랑찌개랑,광주,북구,신선도,1,0,0,신선도 호평 다수 (1건)
419965,구이랑찌개랑,광주,북구,분위기,1,0,0,분위기 호평 다수 (1건)
494603|515957,구주상무,광주,서구,신선도,1,0,0,신선도 호평 다수 (1건)
419970,구천동왕족발보쌈,광주,광산구,맛,1,0,0,맛 호평 다수 (1건)
419970,구천동왕족발보쌈,광주,광산구,신선도,1,0,0,신선도 호평 다수 (1건)
1db200491076,구포국수,전남,목포시,맛,1,0,0,맛 호평 다수 (1건)
1db200491076,구포국수,전남,목포시,신선도,1,0,0,신선도 호평 다수 (1건)
1db200491076,구포국수,전남,목포시,가격,1,0,0,가격 호평 다수 (1건)
419971,구포회센터,광주,광산구,맛,1,0,0,맛 호평 다수 (1건)
419971,구포회센터,광주,광산구,신선도,1,0,0,신선도 호평 다수 (1건)
419973,구호전식당,광주,북구,신선도,1,0,0,신선도 호평 다수 (1건)
419980|879772,국가대항전 본점,광주,서구,맛,1,0,0,맛 호평 다수 (1건)
517558,국동칼국수,전남,여수시,맛,1,0,0,맛 호평 다수 (1건)
517558,국동칼국수,전남,여수시,신선도,1,0,0,신선도 호평 다수 (1건)
419986,국민맛집추어탕전문점,광주,광산구,신선도,1,0,0,신선도 호평 다수 (1건)
419990,국밥연가,광주,북구,맛,1,0,0,맛 호평 다수 (1건)
419991,국밥장인,광주,북구,서비스_친절도,1,0,0,서비스_친절도 호평 다수 (1건)
518760|895143,국보966,전남,담양군,맛,1,0,0,맛 호평 다수 (1건)
518760|895143,국보966,전남,담양군,신선도,1,0,0,신선도 호평 다수 (1건)
519915,국사봉식당,전남,영암군,맛,1,0,0,맛 호평 다수 (1건)
519915,국사봉식당,전남,영암군,서비스_친절도,1,0,0,서비스_친절도 호평 다수 (1건)
519915,국사봉식당,전남,영암군,접근성_웨이팅,1,0,0,접근성_웨이팅 호평 다수 (1건)
420031,국수랑고기랑,광주,북구,맛,1,0,0,맛 호평 다수 (1건)
420033,국수생각,광주,광산구,신선도,1,0,0,신선도 호평 다수 (1건)
518349,국수전문점,전남,곡성군,맛,1,0,0,맛 호평 다수 (1건)
518349,국수전문점,전남,곡성군,신선도,1,0,0,신선도 호평 다수 (1건)
519920,국일관횟집,전남,영암군,맛,1,0,0,맛 호평 다수 (1건)
519920,국일관횟집,전남,영암군,신선도,1,0,0,신선도 호평 다수 (1건)
420038,국일기사식당,광주,북구,신선도,1,0,0,신선도 호평 다수 (1건)
420038,국일기사식당,광주,북구,서비스_친절도,1,0,0,서비스_친절도 호평 다수 (1건)
521617|895920,국일반점,전남,장성군,분위기,1,0,0,분위기 호평 다수 (1건)
420040|879776,국제수산,광주,북구,신선도,1,0,0,신선도 호평 다수 (1건)
420041,국제연탄,광주,서구,위생_청결,1,0,0,위생_청결 호평 다수 (1건)
420041,국제연탄,광주,서구,접근성_웨이팅,1,0,0,접근성_웨이팅 호평 다수 (1건)
420044,국향,광주,북구,신선도,1,0,0,신선도 호평 다수 (1건)
420052,군산앞바다,광주,서구,신선도,1,0,0,신선도 호평 다수 (1건)
420059,굴뚝나무,광주,북구,분위기,1,0,0,분위기 호평 다수 (1건)
e00a5abc89b5,굴리엘모 염주점,광주,서구,맛,1,0,0,맛 호평 다수 (1건)
e00a5abc89b5,굴리엘모 염주점,광주,서구,신선도,1,0,0,신선도 호평 다수 (1건)
e00a5abc89b5,굴리엘모 염주점,광주,서구,분위기,1,0,0,분위기 호평 다수 (1건)
420062,굴세상 신창점,광주,광산구,맛,1,0,0,맛 호평 다수 (1건)
420062,굴세상 신창점,광주,광산구,신선도,1,0,0,신선도 호평 다수 (1건)
522110|896236,굴포식당,전남,진도군,맛,1,0,0,맛 호평 다수 (1건)
522110|896236,굴포식당,전남,진도군,신선도,1,0,0,신선도 호평 다수 (1건)
522110|896236,굴포식당,전남,진도군,분위기,1,0,0,분위기 호평 다수 (1건)
420063,굽기의기술,광주,광산구,맛,1,0,0,맛 호평 다수 (1건)
420063,굽기의기술,광주,광산구,서비스_친절도,1,0,0,서비스_친절도 호평 다수 (1건)
420063,굽기의기술,광주,광산구,분위기,1,0,0,분위기 호평 다수 (1건)
420103,굿모닝토스트,광주,서구,맛,1,0,0,맛 호평 다수 (1건)
420103,굿모닝토스트,광주,서구,신선도,1,0,0,신선도 호평 다수 (1건)
4e7c6667c47d,굿스시  광주황금점,광주,동구,맛,1,0,0,맛 호평 다수 (1건)
4e7c6667c47d,굿스시  광주황금점,광주,동구,신선도,1,0,0,신선도 호평 다수 (1건)
420105,굿스시,광주,동구,맛,1,0,0,맛 호평 다수 (1건)
420105,굿스시,광주,동구,신선도,1,0,0,신선도 호평 다수 (1건)
420105,굿스시,광주,동구,가격,1,0,0,가격 호평 다수 (1건)
420107|432446,굿앤닭,광주,광산구,맛,1,0,0,맛 호평 다수 (1건)
420107|432446,굿앤닭,광주,광산구,가격,1,0,0,가격 호평 다수 (1건)
7043286edb08,굿앤닭피자,광주,광산구,맛,1,0,0,맛 호평 다수 (1건)
7043286edb08,굿앤닭피자,광주,광산구,가격,1,0,0,가격 호평 다수 (1건)
7043286edb08,굿앤닭피자,광주,광산구,서비스_친절도,1,0,0,서비스_친절도 호평 다수 (1건)
420111,굿족발보쌈 첨단점,광주,북구,맛,1,0,0,맛 호평 다수 (1건)
420111,굿족발보쌈 첨단점,광주,북구,신선도,1,0,0,신선도 호평 다수 (1건)
420109,굿족발보쌈,광주,광산구,신선도,1,0,0,신선도 호평 다수 (1건)
420109,굿족발보쌈,광주,광산구,서비스_친절도,1,0,0,서비스_친절도 호평 다수 (1건)
420112|879779,굿트,광주,동구,맛,1,0,0,맛 호평 다수 (1건)
420112|879779,굿트,광주,동구,분위기,1,0,0,분위기 호평 다수 (1건)
420117,궁동시골밥상,광주,동구,분위기,1,0,0,분위기 호평 다수 (1건)
420121,궁전관,광주,남구,분위기,1,0,0,분위기 호평 다수 (1건)
420122|532647,궁전김치찌개,광주,서구,신선도,1,0,0,신선도 호평 다수 (1건)
522086,궁전음식점,전남,진도군,맛,1,0,0,맛 호평 다수 (1건)
500322,궁중다과꿀타래,광주,광산구,맛,1,0,0,맛 호평 다수 (1건)
698a2b392c44,궁추어탕&보쌈,광주,북구,서비스_친절도,1,0,0,서비스_친절도 호평 다수 (1건)
522024|896185,귀보아구찜,전남,장흥군,신선도,1,0,0,신선도 호평 다수 (1건)
420133,귀빈각,광주,북구,맛,1,0,0,맛 호평 다수 (1건)
420133,귀빈각,광주,북구,가격,1,0,0,가격 호평 다수 (1건)
420133,귀빈각,광주,북구,분위기,1,0,0,분위기 호평 다수 (1건)
520125,귀빈식당,전남,완도군,신선도,1,0,0,신선도 호평 다수 (1건)
520125,귀빈식당,전남,완도군,접근성_웨이팅,1,0,0,접근성_웨이팅 호평 다수 (1건)
420134,귀빈정,광주,남구,맛,1,0,0,맛 호평 다수 (1건)
420134,귀빈정,광주,남구,신선도,1,0,0,신선도 호평 다수 (1건)
420137,귀향정,광주,동구,신선도,1,0,0,신선도 호평 다수 (1건)
515639|880409,규슈 첨단 시리단길점,광주,광산구,맛,1,0,0,맛 호평 다수 (1건)
420139|879780,규슈,광주,동구,맛,0,1,0,맛 언급 (1건)
420139|879780,규슈,광주,동구,신선도,0,1,0,신선도 언급 (1건)
420139|879780,규슈,광주,동구,접근성_웨이팅,0,1,0,접근성_웨이팅 언급 (1건)
420140,규이치,광주,광산구,신선도,1,0,0,신선도 호평 다수 (1건)
420141,규이치프리미엄,광주,서구,맛,1,0,0,맛 호평 다수 (1건)
420141,규이치프리미엄,광주,서구,가격,1,0,0,가격 호평 다수 (1건)
420141,규이치프리미엄,광주,서구,분위기,1,0,0,분위기 호평 다수 (1건)
420142,귤식당,광주,서구,신선도,1,0,0,신선도 호평 다수 (1건)
420145,"그날,그족",광주,서구,신선도,1,0,0,신선도 호평 다수 (1건)
420145,"그날,그족",광주,서구,서비스_친절도,1,0,0,서비스_친절도 호평 다수 (1건)
420148,"그냥,지나칠수없잖아",광주,서구,맛,1,0,0,맛 호평 다수 (1건)
56787,그냥경양식,전남,진도군,분위기,1,0,0,분위기 호평 다수 (1건)
420150,그냥전집,광주,북구,맛,1,0,0,맛 호평 다수 (1건)
420151,그냥집밥,광주,동구,맛,1,0,0,맛 호평 다수 (1건)
420155,그늘집,광주,서구,맛,1,0,0,맛 호평 다수 (1건)
420155,그늘집,광주,서구,신선도,1,0,0,신선도 호평 다수 (1건)
420155,그늘집,광주,서구,분위기,1,0,0,분위기 호평 다수 (1건)
420159,그도야지,광주,서구,맛,1,0,0,맛 호평 다수 (1건)
420160,그들만의세상,광주,북구,신선도,1,0,0,신선도 호평 다수 (1건)
420160,그들만의세상,광주,북구,접근성_웨이팅,1,0,0,접근성_웨이팅 호평 다수 (1건)
420225|879781,그때 그집,광주,서구,맛,1,0,0,맛 호평 다수 (1건)
420225|879781,그때 그집,광주,서구,신선도,1,0,0,신선도 호평 다수 (1건)
420225|879781,그때 그집,광주,서구,서비스_친절도,1,0,0,서비스_친절도 호평 다수 (1건)
420225|879781,그때 그집,광주,서구,분위기,1,0,0,분위기 호평 다수 (1건)
420162,그때그꼼장군,광주,남구,신선도,1,0,0,신선도 호평 다수 (1건)
82143618f169,그때그자리,전남,목포시,분위기,1,0,0,분위기 호평 다수 (1건)
420170|879508,그라제1985,광주,남구,신선도,1,0,0,신선도 호평 다수 (1건)
420170|879508,그라제1985,광주,남구,서비스_친절도,1,0,0,서비스_친절도 호평 다수 (1건)
420174,그란데롤,광주,남구,맛,1,0,0,맛 호평 다수 (1건)
420174,그란데롤,광주,남구,신선도,1,0,0,신선도 호평 다수 (1건)
420174,그란데롤,광주,남구,분위기,1,0,0,분위기 호평 다수 (1건)
522778,그랑블루,전남,해남군,신선도,1,0,0,신선도 호평 다수 (1건)
522778,그랑블루,전남,해남군,분위기,1,0,0,분위기 호평 다수 (1건)
516443,그랑팔레,광주,서구,분위기,1,0,0,분위기 호평 다수 (1건)
519345|895560,그랜드꼬막식당,전남,보성군,맛,1,0,0,맛 호평 다수 (1건)
420181,그랜드베어,광주,동구,분위기,1,0,0,분위기 호평 다수 (1건)
420181,그랜드베어,광주,동구,접근성_웨이팅,1,0,0,접근성_웨이팅 호평 다수 (1건)
420182,그랜드오리날개튀김,광주,동구,맛,1,0,0,맛 호평 다수 (1건)
518276,그레이스,전남,곡성군,맛,1,0,0,맛 호평 다수 (1건)
518276,그레이스,전남,곡성군,신선도,1,0,0,신선도 호평 다수 (1건)
420187,그레이스강,광주,남구,양,1,0,0,양 호평 다수 (1건)
420187,그레이스강,광주,남구,분위기,1,0,0,분위기 호평 다수 (1건)
523870,그루스,전남,순천시,신선도,1,0,0,신선도 호평 다수 (1건)
420194,그리너 샐러드 진월점,광주,남구,맛,1,0,0,맛 호평 다수 (1건)
420197,그리네,광주,북구,맛,1,0,0,맛 호평 다수 (1건)
420197,그리네,광주,북구,신선도,1,0,0,신선도 호평 다수 (1건)
420197,그리네,광주,북구,분위기,1,0,0,분위기 호평 다수 (1건)
420208,그린마루,광주,북구,신선도,1,0,0,신선도 호평 다수 (1건)
418717,그린빠스타,광주,서구,맛,1,0,0,맛 호평 다수 (1건)
418717,그린빠스타,광주,서구,분위기,1,0,0,분위기 호평 다수 (1건)
420213,그린소주방,광주,남구,맛,1,0,0,맛 호평 다수 (1건)
420213,그린소주방,광주,남구,신선도,1,0,0,신선도 호평 다수 (1건)
420213,그린소주방,광주,남구,서비스_친절도,1,0,0,서비스_친절도 호평 다수 (1건)
56791,그린식당,전남,영암군,맛,1,0,0,맛 호평 다수 (1건)
56791,그린식당,전남,영암군,신선도,1,0,0,신선도 호평 다수 (1건)
56791,그린식당,전남,영암군,분위기,1,0,0,분위기 호평 다수 (1건)
519090|895362,그린핏,전남,무안군,신선도,1,0,0,신선도 호평 다수 (1건)
519090|895362,그린핏,전남,무안군,서비스_친절도,1,0,0,서비스_친절도 호평 다수 (1건)
420219,그린하우스,광주,광산구,맛,1,0,0,맛 호평 다수 (1건)
420219,그린하우스,광주,광산구,서비스_친절도,1,0,0,서비스_친절도 호평 다수 (1건)
420219,그린하우스,광주,광산구,분위기,1,0,0,분위기 호평 다수 (1건)
522433|896413,그린호프피자통닭,전남,함평군,맛,1,0,0,맛 호평 다수 (1건)
522433|896413,그린호프피자통닭,전남,함평군,신선도,1,0,0,신선도 호평 다수 (1건)
518405,그린회관,전남,곡성군,맛,1,0,0,맛 호평 다수 (1건)
518405,그린회관,전남,곡성군,신선도,1,0,0,신선도 호평 다수 (1건)
56792|880487,그옛날산채식당,전남,구례군,맛,1,0,0,맛 호평 다수 (1건)
56792|880487,그옛날산채식당,전남,구례군,신선도,1,0,0,신선도 호평 다수 (1건)
56792|880487,그옛날산채식당,전남,구례군,분위기,1,0,0,분위기 호평 다수 (1건)
519597|895728,그옛날손짜장,전남,신안군,분위기,1,0,0,분위기 호평 다수 (1건)
420224,그자리,광주,북구,분위기,1,0,0,분위기 호평 다수 (1건)
420226,그집,광주,북구,신선도,1,0,0,신선도 호평 다수 (1건)
420228,그집밥상술상,광주,서구,신선도,1,0,0,신선도 호평 다수 (1건)
420227,그집생고기,광주,북구,맛,1,0,0,맛 호평 다수 (1건)
420227,그집생고기,광주,북구,신선도,1,0,0,신선도 호평 다수 (1건)
420229,그집에가면,광주,남구,신선도,1,0,0,신선도 호평 다수 (1건)
420229,그집에가면,광주,남구,서비스_친절도,1,0,0,서비스_친절도 호평 다수 (1건)
420229,그집에가면,광주,남구,분위기,1,0,0,분위기 호평 다수 (1건)
420231,그집쭈꾸미 광주 우산점,광주,광산구,맛,1,0,0,맛 호평 다수 (1건)
420231,그집쭈꾸미 광주 우산점,광주,광산구,서비스_친절도,1,0,0,서비스_친절도 호평 다수 (1건)
420231,그집쭈꾸미 광주 우산점,광주,광산구,분위기,1,0,0,분위기 호평 다수 (1건)
235cebcf6325,그집쭈꾸미 나주혁신점,전남,나주시,신선도,1,0,0,신선도 호평 다수 (1건)
235cebcf6325,그집쭈꾸미 나주혁신점,전남,나주시,분위기,1,0,0,분위기 호평 다수 (1건)
420234,그플하우스,광주,남구,맛,1,0,0,맛 호평 다수 (1건)
420234,그플하우스,광주,남구,신선도,1,0,0,신선도 호평 다수 (1건)
420234,그플하우스,광주,남구,분위기,1,0,0,분위기 호평 다수 (1건)
419711,근심이네광방,광주,남구,신선도,1,0,0,신선도 호평 다수 (1건)
419711,근심이네광방,광주,남구,분위기,1,0,0,분위기 호평 다수 (1건)
420236,글라시에 홍,광주,동구,맛,1,0,0,맛 호평 다수 (1건)
518932|895241,글로리반점,전남,무안군,맛,1,0,0,맛 호평 다수 (1건)
516216|962104,글로어 광주계림점,광주,동구,분위기,1,0,0,분위기 호평 다수 (1건)
420240,글로와,광주,남구,맛,1,0,0,맛 호평 다수 (1건)
420240,글로와,광주,남구,분위기,1,0,0,분위기 호평 다수 (1건)
420242,금갈치식당,광주,남구,신선도,1,0,0,신선도 호평 다수 (1건)
420245|961579,금강산추어탕,광주,서구,맛,1,0,0,맛 호평 다수 (1건)
420245|961579,금강산추어탕,광주,서구,신선도,1,0,0,신선도 호평 다수 (1건)
420245|961579,금강산추어탕,광주,서구,양,1,0,0,양 호평 다수 (1건)
420246,금강한우전문식육식당,광주,서구,맛,1,0,0,맛 호평 다수 (1건)
420246,금강한우전문식육식당,광주,서구,가격,1,0,0,가격 호평 다수 (1건)
420249|961580,금강해물탕,광주,동구,신선도,1,0,0,신선도 호평 다수 (1건)
3ea75bacf99d,금강활어,광주,남구,신선도,1,0,0,신선도 호평 다수 (1건)
3ea75bacf99d,금강활어,광주,남구,분위기,1,0,0,분위기 호평 다수 (1건)
420250,금강회활어,광주,남구,맛,1,0,0,맛 호평 다수 (1건)
420250,금강회활어,광주,남구,신선도,1,0,0,신선도 호평 다수 (1건)
420254,금나연 손수제비,광주,북구,신선도,1,0,0,신선도 호평 다수 (1건)
420256,금나와라뚝닭,광주,북구,맛,1,0,0,맛 호평 다수 (1건)
420256,금나와라뚝닭,광주,북구,신선도,1,0,0,신선도 호평 다수 (1건)
420256,금나와라뚝닭,광주,북구,분위기,1,0,0,분위기 호평 다수 (1건)
420258,금남분식,광주,동구,맛,1,0,0,맛 호평 다수 (1건)
420258,금남분식,광주,동구,분위기,1,0,0,분위기 호평 다수 (1건)
420260,금남해장국,광주,광산구,맛,1,0,0,맛 호평 다수 (1건)
420260,금남해장국,광주,광산구,신선도,1,0,0,신선도 호평 다수 (1건)
198752|420261|438939,금다래한우마을,광주,서구,맛,1,0,0,맛 호평 다수 (1건)
198752|420261|438939,금다래한우마을,광주,서구,분위기,1,0,0,분위기 호평 다수 (1건)
420263,금다수국밥,광주,광산구,신선도,1,0,0,신선도 호평 다수 (1건)
55137|879437,금다연한정식,광주,서구,맛,1,0,0,맛 호평 다수 (1건)
521551,금당도횟집,전남,완도군,맛,1,0,0,맛 호평 다수 (1건)
521551,금당도횟집,전남,완도군,신선도,1,0,0,신선도 호평 다수 (1건)
420270,금돈고깃집,광주,서구,가격,1,0,0,가격 호평 다수 (1건)
420270,금돈고깃집,광주,서구,서비스_친절도,1,0,0,서비스_친절도 호평 다수 (1건)
420273,금동 봉자순대국밥 남구점,광주,남구,맛,1,0,0,맛 호평 다수 (1건)
420273,금동 봉자순대국밥 남구점,광주,남구,위생_청결,1,0,0,위생_청결 호평 다수 (1건)
420276,금동화로,광주,광산구,신선도,1,0,0,신선도 호평 다수 (1건)
517870,금두꺼비 강진본점,전남,강진군,맛,1,0,0,맛 호평 다수 (1건)
517870,금두꺼비 강진본점,전남,강진군,신선도,1,0,0,신선도 호평 다수 (1건)
517870,금두꺼비 강진본점,전남,강진군,접근성_웨이팅,1,0,0,접근성_웨이팅 호평 다수 (1건)
420280,금룡,광주,서구,분위기,1,0,0,분위기 호평 다수 (1건)
420279,금룡황제쟁반짜장,광주,북구,서비스_친절도,1,0,0,서비스_친절도 호평 다수 (1건)
522936|896741,금막동갈비,전남,화순군,맛,1,0,0,맛 호평 다수 (1건)
522936|896741,금막동갈비,전남,화순군,신선도,1,0,0,신선도 호평 다수 (1건)
420281,금메달식당,광주,광산구,맛,1,0,0,맛 호평 다수 (1건)
420281,금메달식당,광주,광산구,분위기,1,0,0,분위기 호평 다수 (1건)
56794,금모래,전남,목포시,신선도,1,0,0,신선도 호평 다수 (1건)
420283|429219,금모래국밥,광주,북구,맛,1,0,0,맛 호평 다수 (1건)
56795,금목서 광양불고기,전남,광양시,맛,1,0,0,맛 호평 다수 (1건)
56795,금목서 광양불고기,전남,광양시,신선도,1,0,0,신선도 호평 다수 (1건)
359877,금바다수산,광주,북구,가격,1,0,0,가격 호평 다수 (1건)
522744,금보석 중화요리,전남,해남군,신선도,1,0,0,신선도 호평 다수 (1건)
522744,금보석 중화요리,전남,해남군,가격,1,0,0,가격 호평 다수 (1건)
522744,금보석 중화요리,전남,해남군,서비스_친절도,1,0,0,서비스_친절도 호평 다수 (1건)
517755,금보석,전남,강진군,신선도,1,0,0,신선도 호평 다수 (1건)
420286,금복,광주,동구,맛,1,0,0,맛 호평 다수 (1건)
420286,금복,광주,동구,신선도,1,0,0,신선도 호평 다수 (1건)
420288,금복식당,광주,서구,서비스_친절도,1,0,0,서비스_친절도 호평 다수 (1건)
420288,금복식당,광주,서구,분위기,1,0,0,분위기 호평 다수 (1건)
420287,금복축산물할인마트,광주,북구,맛,1,0,0,맛 호평 다수 (1건)
420287,금복축산물할인마트,광주,북구,가격,1,0,0,가격 호평 다수 (1건)
420289,금빛찹쌀꽈배기 본점,광주,서구,맛,1,0,0,맛 호평 다수 (1건)
420289,금빛찹쌀꽈배기 본점,광주,서구,신선도,1,0,0,신선도 호평 다수 (1건)
420289,금빛찹쌀꽈배기 본점,광주,서구,접근성_웨이팅,1,0,0,접근성_웨이팅 호평 다수 (1건)
522524|896455,금산회관,전남,함평군,맛,1,0,0,맛 호평 다수 (1건)
522524|896455,금산회관,전남,함평군,신선도,1,0,0,신선도 호평 다수 (1건)
522524|896455,금산회관,전남,함평군,분위기,1,0,0,분위기 호평 다수 (1건)
420290,금상첨화,광주,북구,맛,1,0,0,맛 호평 다수 (1건)
420290,금상첨화,광주,북구,분위기,1,0,0,분위기 호평 다수 (1건)
420290,금상첨화,광주,북구,접근성_웨이팅,1,0,0,접근성_웨이팅 호평 다수 (1건)
420291,금상푸드 함바식당,광주,남구,분위기,1,0,0,분위기 호평 다수 (1건)
420293|420294,금성녹차유황오리쌈밥,광주,남구,신선도,1,0,0,신선도 호평 다수 (1건)
420296,금성식당,광주,동구,서비스_친절도,1,0,0,서비스_친절도 호평 다수 (1건)
420296,금성식당,광주,동구,분위기,1,0,0,분위기 호평 다수 (1건)
420300,금성칡냉면 광주지사,광주,남구,신선도,1,0,0,신선도 호평 다수 (1건)
420303,금성칡냉면,광주,북구,맛,1,0,0,맛 호평 다수 (1건)
56796,금수산,전남,여수시,서비스_친절도,1,0,0,서비스_친절도 호평 다수 (1건)
56796,금수산,전남,여수시,분위기,1,0,0,분위기 호평 다수 (1건)
420306,금수산한우명가,광주,북구,맛,1,0,0,맛 호평 다수 (1건)
420306,금수산한우명가,광주,북구,신선도,1,0,0,신선도 호평 다수 (1건)
420306,금수산한우명가,광주,북구,서비스_친절도,1,0,0,서비스_친절도 호평 다수 (1건)
420306,금수산한우명가,광주,북구,분위기,1,0,0,분위기 호평 다수 (1건)
420307,금수식당,광주,동구,신선도,1,0,0,신선도 호평 다수 (1건)
420309,금순이네뚝배기생태탕,광주,북구,신선도,1,0,0,신선도 호평 다수 (1건)
532651,금순이네집,전남,담양군,가격,1,0,0,가격 호평 다수 (1건)
420317,금영순대왕족발,광주,북구,서비스_친절도,1,0,0,서비스_친절도 호평 다수 (1건)
420318,금영순대족발,광주,광산구,분위기,1,0,0,분위기 호평 다수 (1건)
520025,금옥정,전남,영암군,서비스_친절도,1,0,0,서비스_친절도 호평 다수 (1건)
520025,금옥정,전남,영암군,접근성_웨이팅,1,0,0,접근성_웨이팅 호평 다수 (1건)
e97ba9fcd69e,금은시계,전남,목포시,분위기,1,0,0,분위기 호평 다수 (1건)
521535,금일국밥,전남,완도군,맛,1,0,0,맛 호평 다수 (1건)
521535,금일국밥,전남,완도군,신선도,1,0,0,신선도 호평 다수 (1건)
521535,금일국밥,전남,완도군,양,1,0,0,양 호평 다수 (1건)
bbc769201586,금전관,전남,순천시,맛,1,0,0,맛 호평 다수 (1건)
519922,금정농협 한우프라자,전남,영암군,신선도,1,0,0,신선도 호평 다수 (1건)
519922,금정농협 한우프라자,전남,영암군,서비스_친절도,1,0,0,서비스_친절도 호평 다수 (1건)
420327,금정양탕,광주,광산구,맛,1,0,0,맛 호평 다수 (1건)
420327,금정양탕,광주,광산구,분위기,1,0,0,분위기 호평 다수 (1건)
420335|879510|879783,금탑소머리국밥 신창점,광주,광산구,맛,1,0,0,맛 호평 다수 (1건)
420341,금향갈비,광주,동구,접근성_웨이팅,1,0,0,접근성_웨이팅 호평 다수 (1건)
519957,금호관,전남,영암군,분위기,1,0,0,분위기 호평 다수 (1건)
420347,금호대패삼겹살,광주,서구,신선도,1,0,0,신선도 호평 다수 (1건)
420347,금호대패삼겹살,광주,서구,위생_청결,1,0,0,위생_청결 호평 다수 (1건)
501141,금호반점,광주,남구,맛,1,0,0,맛 호평 다수 (1건)
501141,금호반점,광주,남구,서비스_친절도,1,0,0,서비스_친절도 호평 다수 (1건)
420351,금호복돼지 라인점,광주,서구,맛,1,0,0,맛 호평 다수 (1건)
420351,금호복돼지 라인점,광주,서구,신선도,1,0,0,신선도 호평 다수 (1건)
420351,금호복돼지 라인점,광주,서구,분위기,1,0,0,분위기 호평 다수 (1건)
420350,금호복돼지,광주,서구,신선도,1,0,0,신선도 호평 다수 (1건)
420350,금호복돼지,광주,서구,가격,1,0,0,가격 호평 다수 (1건)
420350,금호복돼지,광주,서구,양,1,0,0,양 호평 다수 (1건)
420350,금호복돼지,광주,서구,위생_청결,1,0,0,위생_청결 호평 다수 (1건)
420353,금호수육국밥,광주,서구,맛,1,0,0,맛 호평 다수 (1건)
420354,금호수제닭강정,광주,서구,맛,1,0,0,맛 호평 다수 (1건)
420354,금호수제닭강정,광주,서구,신선도,1,0,0,신선도 호평 다수 (1건)
420355,금호순대국밥,광주,서구,맛,1,0,0,맛 호평 다수 (1건)
420355,금호순대국밥,광주,서구,신선도,1,0,0,신선도 호평 다수 (1건)
420343,금호식당,광주,광산구,신선도,1,0,0,신선도 호평 다수 (1건)
420358,금호왕족발보쌈,광주,서구,맛,1,0,0,맛 호평 다수 (1건)
420358,금호왕족발보쌈,광주,서구,서비스_친절도,1,0,0,서비스_친절도 호평 다수 (1건)
420360,금호육천지,광주,서구,맛,1,0,0,맛 호평 다수 (1건)
420360,금호육천지,광주,서구,재방문의사,1,0,0,재방문의사 호평 다수 (1건)
420366|879785,금화국밥,광주,광산구,맛,1,0,0,맛 호평 다수 (1건)
420367,금화숯불구이,광주,광산구,신선도,1,0,0,신선도 호평 다수 (1건)
420367,금화숯불구이,광주,광산구,서비스_친절도,1,0,0,서비스_친절도 호평 다수 (1건)
420370|879786,금화팥죽,광주,동구,맛,1,0,0,맛 호평 다수 (1건)
420370|879786,금화팥죽,광주,동구,신선도,1,0,0,신선도 호평 다수 (1건)
420370|879786,금화팥죽,광주,동구,서비스_친절도,1,0,0,서비스_친절도 호평 다수 (1건)
420370|879786,금화팥죽,광주,동구,분위기,1,0,0,분위기 호평 다수 (1건)
420373,기가찬국밥 금호점,광주,서구,맛,1,0,0,맛 호평 다수 (1건)
420375,기꾸스시,광주,광산구,신선도,1,0,0,신선도 호평 다수 (1건)
420375,기꾸스시,광주,광산구,서비스_친절도,1,0,0,서비스_친절도 호평 다수 (1건)
420377,기다림,광주,서구,맛,1,0,0,맛 호평 다수 (1건)
420377,기다림,광주,서구,분위기,1,0,0,분위기 호평 다수 (1건)
420378,기동이네해장국,광주,남구,맛,1,0,0,맛 호평 다수 (1건)
420379,기러기농원,광주,광산구,신선도,1,0,0,신선도 호평 다수 (1건)
420379,기러기농원,광주,광산구,분위기,1,0,0,분위기 호평 다수 (1건)
420381,기보우,광주,서구,맛,1,0,0,맛 호평 다수 (1건)
420381,기보우,광주,서구,신선도,1,0,0,신선도 호평 다수 (1건)
420381,기보우,광주,서구,분위기,1,0,0,분위기 호평 다수 (1건)
519525,기뻐라식당,전남,신안군,신선도,1,0,0,신선도 호평 다수 (1건)
519525,기뻐라식당,전남,신안군,서비스_친절도,1,0,0,서비스_친절도 호평 다수 (1건)
522419,기산칼국수,전남,함평군,맛,1,0,0,맛 호평 다수 (1건)
522419,기산칼국수,전남,함평군,신선도,1,0,0,신선도 호평 다수 (1건)
420390,기영이 숯불두마리치킨 광주일곡점,광주,북구,맛,1,0,0,맛 호평 다수 (1건)
420391,기영이 숯불두마리치킨 전남대점,광주,북구,맛,1,0,0,맛 호평 다수 (1건)
420392,기와집,광주,서구,맛,1,0,0,맛 호평 다수 (1건)
420392,기와집,광주,서구,신선도,1,0,0,신선도 호평 다수 (1건)
515636|880407,기요항 시리단길점,광주,광산구,신선도,1,0,0,신선도 호평 다수 (1건)
518330,기차반점,전남,곡성군,맛,1,0,0,맛 호평 다수 (1건)
520058,기찬면옥,전남,영암군,맛,1,0,0,맛 호평 다수 (1건)
520058,기찬면옥,전남,영암군,분위기,1,0,0,분위기 호평 다수 (1건)
420394|545212,기찬불닭발,광주,남구,맛,1,0,0,맛 호평 다수 (1건)
420394|545212,기찬불닭발,광주,남구,신선도,1,0,0,신선도 호평 다수 (1건)
420395,기찬장어,광주,북구,맛,1,0,0,맛 호평 다수 (1건)
420395,기찬장어,광주,북구,신선도,1,0,0,신선도 호평 다수 (1건)
420395,기찬장어,광주,북구,분위기,1,0,0,분위기 호평 다수 (1건)
420396,기타등등,광주,남구,맛,1,0,0,맛 호평 다수 (1건)
420396,기타등등,광주,남구,분위기,1,0,0,분위기 호평 다수 (1건)
420398,기한푸드,광주,광산구,신선도,1,0,0,신선도 호평 다수 (1건)
420403,긴자료코 광주수완점,광주,광산구,맛,1,0,0,맛 호평 다수 (1건)
420403,긴자료코 광주수완점,광주,광산구,위생_청결,1,0,0,위생_청결 호평 다수 (1건)
420403,긴자료코 광주수완점,광주,광산구,서비스_친절도,1,0,0,서비스_친절도 호평 다수 (1건)
329bac719a4b,긴자료코 나주혁신점,전남,나주시,맛,1,0,0,맛 호평 다수 (1건)
329bac719a4b,긴자료코 나주혁신점,전남,나주시,위생_청결,1,0,0,위생_청결 호평 다수 (1건)
329bac719a4b,긴자료코 나주혁신점,전남,나주시,서비스_친절도,1,0,0,서비스_친절도 호평 다수 (1건)
420404,긴자상회,광주,서구,맛,1,0,0,맛 호평 다수 (1건)
420404,긴자상회,광주,서구,신선도,1,0,0,신선도 호평 다수 (1건)
420405,길가온,광주,북구,맛,1,0,0,맛 호평 다수 (1건)
420405,길가온,광주,북구,가격,1,0,0,가격 호평 다수 (1건)
521543|895872,길동우동 완도점,전남,완도군,맛,1,0,0,맛 호평 다수 (1건)
521543|895872,길동우동 완도점,전남,완도군,신선도,1,0,0,신선도 호평 다수 (1건)
420410,길목소주방,광주,북구,맛,1,0,0,맛 호평 다수 (1건)
420411,길목숯불돼지갈비,광주,북구,신선도,1,0,0,신선도 호평 다수 (1건)
420413|879512,길목식당,광주,동구,신선도,1,0,0,신선도 호평 다수 (1건)
507690,길미가마라탕,광주,광산구,맛,1,0,0,맛 호평 다수 (1건)
420415,길복식당,광주,서구,맛,1,0,0,맛 호평 다수 (1건)
519999,길봉식당,전남,목포시,신선도,1,0,0,신선도 호평 다수 (1건)
420417,길성유부,광주,북구,신선도,1,0,0,신선도 호평 다수 (1건)
420417,길성유부,광주,북구,분위기,1,0,0,분위기 호평 다수 (1건)
420420,길영이네뒷고기,광주,북구,맛,1,0,0,맛 호평 다수 (1건)
420420,길영이네뒷고기,광주,북구,신선도,1,0,0,신선도 호평 다수 (1건)
420420,길영이네뒷고기,광주,북구,서비스_친절도,1,0,0,서비스_친절도 호평 다수 (1건)
516327,길위,광주,북구,맛,1,0,0,맛 호평 다수 (1건)
516327,길위,광주,북구,접근성_웨이팅,1,0,0,접근성_웨이팅 호평 다수 (1건)
420423,길초밥,광주,북구,신선도,1,0,0,신선도 호평 다수 (1건)
80214,길호식당,전남,광양시,신선도,1,0,0,신선도 호평 다수 (1건)
420465,김가원,광주,서구,맛,1,0,0,맛 호평 다수 (1건)
420465,김가원,광주,서구,신선도,1,0,0,신선도 호평 다수 (1건)
420466,김강심 칼국수,광주,서구,맛,1,0,0,맛 호평 다수 (1건)
420466,김강심 칼국수,광주,서구,신선도,1,0,0,신선도 호평 다수 (1건)
420467|879790,김경엽다슬기,광주,광산구,서비스_친절도,1,0,0,서비스_친절도 호평 다수 (1건)
420467|879790,김경엽다슬기,광주,광산구,분위기,1,0,0,분위기 호평 다수 (1건)
420470,김구족발,광주,서구,분위기,1,0,0,분위기 호평 다수 (1건)
420470,김구족발,광주,서구,접근성_웨이팅,1,0,0,접근성_웨이팅 호평 다수 (1건)
168967a1031e,김근호해물한정식in목포,전남,목포시,맛,1,0,0,맛 호평 다수 (1건)
420474,김대감집,광주,북구,맛,1,0,0,맛 호평 다수 (1건)
420474,김대감집,광주,북구,신선도,1,0,0,신선도 호평 다수 (1건)
420476,김동현의용곱창 전대점,광주,북구,맛,1,0,0,맛 호평 다수 (1건)
519380,김땡분식점,전남,보성군,맛,1,0,0,맛 호평 다수 (1건)
519380,김땡분식점,전남,보성군,분위기,1,0,0,분위기 호평 다수 (1건)
420477,김떡순,광주,북구,맛,1,0,0,맛 호평 다수 (1건)
420480,김명화서리태콩국수,광주,남구,맛,1,0,0,맛 호평 다수 (1건)
420480,김명화서리태콩국수,광주,남구,신선도,1,0,0,신선도 호평 다수 (1건)
420483,김밥OK,광주,동구,신선도,1,0,0,신선도 호평 다수 (1건)
501142,김밥랜드 송정역점,광주,광산구,신선도,1,0,0,신선도 호평 다수 (1건)
501142,김밥랜드 송정역점,광주,광산구,접근성_웨이팅,1,0,0,접근성_웨이팅 호평 다수 (1건)
420557,김밥랜드 첨단1호점,광주,광산구,맛,1,0,0,맛 호평 다수 (1건)
420557,김밥랜드 첨단1호점,광주,광산구,신선도,1,0,0,신선도 호평 다수 (1건)
522940,김밥랜드 화순1호점,전남,화순군,맛,1,0,0,맛 호평 다수 (1건)
522940,김밥랜드 화순1호점,전남,화순군,신선도,1,0,0,신선도 호평 다수 (1건)
420552,김밥랜드동림점,광주,북구,맛,1,0,0,맛 호평 다수 (1건)
420552,김밥랜드동림점,광주,북구,신선도,1,0,0,신선도 호평 다수 (1건)
420557,김밥랜드첨단1호점,광주,광산구,맛,1,0,0,맛 호평 다수 (1건)
420557,김밥랜드첨단1호점,광주,광산구,신선도,1,0,0,신선도 호평 다수 (1건)
420562,김밥마을,광주,광산구,접근성_웨이팅,1,0,0,접근성_웨이팅 호평 다수 (1건)
80333,김밥매니아,전남,무안군,신선도,1,0,0,신선도 호평 다수 (1건)
420564,김밥사랑,광주,북구,접근성_웨이팅,1,0,0,접근성_웨이팅 호평 다수 (1건)
420565,김밥선생,광주,광산구,신선도,1,0,0,신선도 호평 다수 (1건)
420565,김밥선생,광주,광산구,분위기,1,0,0,분위기 호평 다수 (1건)
420567,김밥세상,광주,광산구,신선도,1,0,0,신선도 호평 다수 (1건)
420568,김밥스토리,광주,북구,맛,1,0,0,맛 호평 다수 (1건)
420568,김밥스토리,광주,북구,신선도,1,0,0,신선도 호평 다수 (1건)
521564|895882,김밥신화 완도점,전남,완도군,신선도,1,0,0,신선도 호평 다수 (1건)
420570,김밥신화 운암대박점,광주,북구,서비스_친절도,1,0,0,서비스_친절도 호평 다수 (1건)
420572,김밥여행 두암점,광주,북구,서비스_친절도,1,0,0,서비스_친절도 호평 다수 (1건)
518146,김밥왕국,전남,고흥군,맛,1,0,0,맛 호평 다수 (1건)
518146,김밥왕국,전남,고흥군,신선도,1,0,0,신선도 호평 다수 (1건)
420574,김밥이랑볶음밥이랑,광주,남구,접근성_웨이팅,1,0,0,접근성_웨이팅 호평 다수 (1건)
522913|896725,김밥집 화순점,전남,화순군,맛,1,0,0,맛 호평 다수 (1건)
522913|896725,김밥집 화순점,전남,화순군,신선도,1,0,0,신선도 호평 다수 (1건)
80545,김밥타운,전남,진도군,맛,1,0,0,맛 호평 다수 (1건)
80545,김밥타운,전남,진도군,신선도,1,0,0,신선도 호평 다수 (1건)
80545,김밥타운,전남,진도군,양,1,0,0,양 호평 다수 (1건)
420598|80546,김밥타임,광주,북구,신선도,1,0,0,신선도 호평 다수 (1건)
80547,김밥통,전남,목포시,맛,1,0,0,맛 호평 다수 (1건)
80547,김밥통,전남,목포시,신선도,1,0,0,신선도 호평 다수 (1건)
420599,김밥프린스,광주,북구,맛,1,0,0,맛 호평 다수 (1건)
420599,김밥프린스,광주,북구,신선도,1,0,0,신선도 호평 다수 (1건)
420602,김복순의 장터국밥,광주,북구,분위기,1,0,0,분위기 호평 다수 (1건)
420604|879518|879793,김삿갓 전통국밥감자탕,광주,남구,맛,1,0,0,맛 호평 다수 (1건)
420604|879518|879793,김삿갓 전통국밥감자탕,광주,남구,분위기,1,0,0,분위기 호평 다수 (1건)
420610,김삿갓통닭 도산점,광주,광산구,맛,1,0,0,맛 호평 다수 (1건)
420610,김삿갓통닭 도산점,광주,광산구,신선도,1,0,0,신선도 호평 다수 (1건)
420611,김삿갓통닭 동림점,광주,북구,위생_청결,1,0,0,위생_청결 호평 다수 (1건)
420612,김삿갓통닭 산수점,광주,동구,신선도,1,0,0,신선도 호평 다수 (1건)
420615,김삿갓통닭 쌍촌점,광주,서구,신선도,1,0,0,신선도 호평 다수 (1건)
420606|431719,김삿갓통닭 오치점,광주,북구,맛,1,0,0,맛 호평 다수 (1건)
420606|431719,김삿갓통닭 오치점,광주,북구,접근성_웨이팅,1,0,0,접근성_웨이팅 호평 다수 (1건)
420618,김삿갓통닭풍암점,광주,서구,맛,1,0,0,맛 호평 다수 (1건)
420618,김삿갓통닭풍암점,광주,서구,신선도,1,0,0,신선도 호평 다수 (1건)
420620,김상무,광주,서구,신선도,1,0,0,신선도 호평 다수 (1건)
420621,김상태 해물왕국,광주,광산구,신선도,1,0,0,신선도 호평 다수 (1건)
420621,김상태해물왕국,광주,광산구,신선도,1,0,0,신선도 호평 다수 (1건)
420623,김석봉스테이크,광주,서구,맛,1,0,0,맛 호평 다수 (1건)
420623,김석봉스테이크,광주,서구,신선도,1,0,0,신선도 호평 다수 (1건)
420626,김성용아구찜,광주,북구,신선도,1,0,0,신선도 호평 다수 (1건)
420630,김순심진곰탕,광주,동구,맛,1,0,0,맛 호평 다수 (1건)
420630,김순심진곰탕,광주,동구,신선도,1,0,0,신선도 호평 다수 (1건)
420632|879795,김식당,광주,광산구,맛,1,0,0,맛 호평 다수 (1건)
420632|879795,김식당,광주,광산구,신선도,1,0,0,신선도 호평 다수 (1건)
420635,김씨주막,광주,서구,신선도,1,0,0,신선도 호평 다수 (1건)
420644,김영훈규카츠 광주수완점,광주,광산구,서비스_친절도,1,0,0,서비스_친절도 호평 다수 (1건)
420644,김영훈규카츠 광주수완점,광주,광산구,접근성_웨이팅,1,0,0,접근성_웨이팅 호평 다수 (1건)
420646,김영희강남동태찜 남구점,광주,남구,맛,1,0,0,맛 호평 다수 (1건)
420646,김영희강남동태찜 남구점,광주,남구,신선도,1,0,0,신선도 호평 다수 (1건)
420647,김영희강남동태찜 북부점,광주,북구,맛,1,0,0,맛 호평 다수 (1건)
420647,김영희강남동태찜 북부점,광주,북구,신선도,1,0,0,신선도 호평 다수 (1건)
420647,김영희강남동태찜 북부점,광주,북구,양,1,0,0,양 호평 다수 (1건)
420649,김오,광주,서구,신선도,1,0,0,신선도 호평 다수 (1건)
420649,김오,광주,서구,서비스_친절도,1,0,0,서비스_친절도 호평 다수 (1건)
420649,김오,광주,서구,분위기,1,0,0,분위기 호평 다수 (1건)
420653,김정호깐풍기  본점,광주,광산구,맛,0,1,0,맛 언급 (1건)
420652,김정호깐풍기 용봉점,광주,북구,신선도,1,0,0,신선도 호평 다수 (1건)
420656,김치가 맛있는 밥상,광주,남구,맛,1,0,0,맛 호평 다수 (1건)
420660,김치찜박사,광주,서구,신선도,1,0,0,신선도 호평 다수 (1건)
517599,김태욱초밥참치,전남,여수시,신선도,1,0,0,신선도 호평 다수 (1건)
420665,김해참숯뒷고기,광주,광산구,신선도,1,0,0,신선도 호평 다수 (1건)
e61da420d2c7,김형제고기의철학 광양점,전남,광양시,서비스_친절도,1,0,0,서비스_친절도 호평 다수 (1건)
420669,김형제고기의철학 수완점,광주,광산구,신선도,1,0,0,신선도 호평 다수 (1건)
420677|879519|879796,김호권의청년어부 광주효천점,광주,남구,신선도,1,0,0,신선도 호평 다수 (1건)
420678,까동,광주,북구,맛,1,0,0,맛 호평 다수 (1건)
420678,까동,광주,북구,분위기,1,0,0,분위기 호평 다수 (1건)
420679,까라벨라데오로,광주,동구,맛,1,0,0,맛 호평 다수 (1건)
420679,까라벨라데오로,광주,동구,신선도,1,0,0,신선도 호평 다수 (1건)
420679,까라벨라데오로,광주,동구,분위기,1,0,0,분위기 호평 다수 (1건)
420687|879797,까르보네 광주선운점,광주,광산구,맛,1,0,0,맛 호평 다수 (1건)
420687|879797,까르보네 광주선운점,광주,광산구,가격,1,0,0,가격 호평 다수 (1건)
420687|879797,까르보네 광주선운점,광주,광산구,분위기,1,0,0,분위기 호평 다수 (1건)
420686,까르보네 광주송정점,광주,광산구,맛,1,0,0,맛 호평 다수 (1건)
420686,까르보네 광주송정점,광주,광산구,신선도,1,0,0,신선도 호평 다수 (1건)
523914,까마베이크하우스,전남,순천시,맛,1,0,0,맛 호평 다수 (1건)
cf5d8fbda23c,까망,광주,광산구,접근성_웨이팅,1,0,0,접근성_웨이팅 호평 다수 (1건)
420689,까망돈국밥,광주,서구,신선도,1,0,0,신선도 호평 다수 (1건)
420700,까사빈스,광주,남구,분위기,1,0,0,분위기 호평 다수 (1건)
420702,까스맨 수완점,광주,광산구,신선도,1,0,0,신선도 호평 다수 (1건)
420704,까오,광주,서구,신선도,1,0,0,신선도 호평 다수 (1건)
420705,까츠야,광주,광산구,신선도,1,0,0,신선도 호평 다수 (1건)
420708,까치통닭,광주,북구,맛,1,0,0,맛 호평 다수 (1건)
420708,까치통닭,광주,북구,접근성_웨이팅,1,0,0,접근성_웨이팅 호평 다수 (1건)
420750,까투리 도산우미점,광주,광산구,맛,1,0,0,맛 호평 다수 (1건)
420750,까투리 도산우미점,광주,광산구,위생_청결,1,0,0,위생_청결 호평 다수 (1건)
420750,까투리 도산우미점,광주,광산구,서비스_친절도,1,0,0,서비스_친절도 호평 다수 (1건)
420750,까투리 도산우미점,광주,광산구,분위기,1,0,0,분위기 호평 다수 (1건)
420752,까투리 두암주공점,광주,북구,맛,1,0,0,맛 호평 다수 (1건)
420756,까투리 수완신안점,광주,광산구,맛,1,0,0,맛 호평 다수 (1건)
420756,까투리 수완신안점,광주,광산구,서비스_친절도,1,0,0,서비스_친절도 호평 다수 (1건)
420718|420726|420757,까투리 수완주공점,광주,광산구,맛,1,0,0,맛 호평 다수 (1건)
420718|420726|420757,까투리 수완주공점,광주,광산구,신선도,1,0,0,신선도 호평 다수 (1건)
420718|420726|420757,까투리 수완주공점,광주,광산구,서비스_친절도,1,0,0,서비스_친절도 호평 다수 (1건)
420718|420726|420757,까투리 수완주공점,광주,광산구,분위기,1,0,0,분위기 호평 다수 (1건)
420758,까투리 양산대박점,광주,북구,맛,1,0,0,맛 호평 다수 (1건)
420758,까투리 양산대박점,광주,북구,신선도,1,0,0,신선도 호평 다수 (1건)
420721,까투리 양산희망점,광주,북구,맛,1,0,0,맛 호평 다수 (1건)
420721,까투리 양산희망점,광주,북구,분위기,1,0,0,분위기 호평 다수 (1건)
420724,까투리 용봉1호점,광주,북구,맛,1,0,0,맛 호평 다수 (1건)
420724,까투리 용봉1호점,광주,북구,신선도,1,0,0,신선도 호평 다수 (1건)
420724,까투리 용봉1호점,광주,북구,분위기,1,0,0,분위기 호평 다수 (1건)
420711,까투리 우산점,광주,북구,맛,1,0,0,맛 호평 다수 (1건)
420711,까투리 우산점,광주,북구,서비스_친절도,1,0,0,서비스_친절도 호평 다수 (1건)
420711,까투리 우산점,광주,북구,분위기,1,0,0,분위기 호평 다수 (1건)
420727,까투리 월산로타리점,광주,남구,신선도,1,0,0,신선도 호평 다수 (1건)
420760,까투리 지원점,광주,동구,맛,1,0,0,맛 호평 다수 (1건)
420760,까투리 지원점,광주,동구,신선도,1,0,0,신선도 호평 다수 (1건)
420760,까투리 지원점,광주,동구,서비스_친절도,1,0,0,서비스_친절도 호평 다수 (1건)
420760,까투리 지원점,광주,동구,접근성_웨이팅,1,0,0,접근성_웨이팅 호평 다수 (1건)
420717,까투리 첨단부영점,광주,북구,서비스_친절도,1,0,0,서비스_친절도 호평 다수 (1건)
420717,까투리 첨단부영점,광주,북구,분위기,1,0,0,분위기 호평 다수 (1건)
420729,까투리 풍림점,광주,남구,맛,1,0,0,맛 호평 다수 (1건)
420729,까투리 풍림점,광주,남구,신선도,1,0,0,신선도 호평 다수 (1건)
420729,까투리 풍림점,광주,남구,접근성_웨이팅,1,0,0,접근성_웨이팅 호평 다수 (1건)
420762,까투리 하남대박점,광주,광산구,맛,1,0,0,맛 호평 다수 (1건)
420732,까투리로마점,광주,서구,맛,1,0,0,맛 호평 다수 (1건)
420732,까투리로마점,광주,서구,신선도,1,0,0,신선도 호평 다수 (1건)
420720,까투리발산점,광주,서구,맛,1,0,0,맛 호평 다수 (1건)
420720,까투리발산점,광주,서구,접근성_웨이팅,1,0,0,접근성_웨이팅 호평 다수 (1건)
420728,까투리버들행운점,광주,서구,신선도,1,0,0,신선도 호평 다수 (1건)
420728,까투리버들행운점,광주,서구,서비스_친절도,1,0,0,서비스_친절도 호평 다수 (1건)
420713|420753,까투리봉선점,광주,남구,맛,1,0,0,맛 호평 다수 (1건)
420713|420753,까투리봉선점,광주,남구,신선도,1,0,0,신선도 호평 다수 (1건)
420713|420753,까투리봉선점,광주,남구,서비스_친절도,1,0,0,서비스_친절도 호평 다수 (1건)
420713|420753,까투리봉선점,광주,남구,분위기,1,0,0,분위기 호평 다수 (1건)
420714|420725|420755,까투리산수점,광주,동구,신선도,1,0,0,신선도 호평 다수 (1건)
420714|420725|420755,까투리산수점,광주,동구,서비스_친절도,1,0,0,서비스_친절도 호평 다수 (1건)
420714|420725|420755,까투리산수점,광주,동구,분위기,1,0,0,분위기 호평 다수 (1건)
420722,까투리오치점,광주,북구,맛,1,0,0,맛 호평 다수 (1건)
420722,까투리오치점,광주,북구,신선도,1,0,0,신선도 호평 다수 (1건)
420723,까투리용두대박점,광주,북구,맛,1,0,0,맛 호평 다수 (1건)
420723,까투리용두대박점,광주,북구,신선도,1,0,0,신선도 호평 다수 (1건)
420723,까투리용두대박점,광주,북구,분위기,1,0,0,분위기 호평 다수 (1건)
2a003aa9cc7a,깐깐한족발 나주빛가람점,전남,나주시,위생_청결,1,0,0,위생_청결 호평 다수 (1건)
2a003aa9cc7a,깐깐한족발 나주빛가람점,전남,나주시,서비스_친절도,1,0,0,서비스_친절도 호평 다수 (1건)
420776,깐깐한족발 본점,광주,광산구,맛,1,0,0,맛 호평 다수 (1건)
420776,깐깐한족발 본점,광주,광산구,분위기,1,0,0,분위기 호평 다수 (1건)
420778,깐깐한족발 상무점,광주,서구,서비스_친절도,1,0,0,서비스_친절도 호평 다수 (1건)
515688|880451,깐깐한족발 수완점,광주,광산구,맛,1,0,0,맛 호평 다수 (1건)
515688|880451,깐깐한족발 수완점,광주,광산구,위생_청결,1,0,0,위생_청결 호평 다수 (1건)
517472,깐깐한족발 순천조례점,전남,순천시,신선도,1,0,0,신선도 호평 다수 (1건)
522848|896672,깐깐한족발 화순점,전남,화순군,맛,1,0,0,맛 호평 다수 (1건)
522848|896672,깐깐한족발 화순점,전남,화순군,신선도,1,0,0,신선도 호평 다수 (1건)
420792,깐시푸드,광주,광산구,맛,1,0,0,맛 호평 다수 (1건)
420794,깐튀남 광주진월점,광주,남구,맛,1,0,0,맛 호평 다수 (1건)
420801,깐튀남 서구점,광주,서구,맛,1,0,0,맛 호평 다수 (1건)
420801,깐튀남 서구점,광주,서구,접근성_웨이팅,1,0,0,접근성_웨이팅 호평 다수 (1건)
420798,깐튀남 전대점,광주,북구,맛,1,0,0,맛 호평 다수 (1건)
420797,깐튀남 첨단점,광주,광산구,맛,1,0,0,맛 호평 다수 (1건)
420806,깔끄막길,광주,광산구,분위기,1,0,0,분위기 호평 다수 (1건)
420807|961585,깔끄막칼국수보쌈,광주,서구,신선도,1,0,0,신선도 호평 다수 (1건)
420809,깔쌈한김밥,광주,남구,신선도,1,0,0,신선도 호평 다수 (1건)
420812,깡다구 산수점,광주,동구,분위기,1,0,0,분위기 호평 다수 (1건)
517358,깨복쟁이원조막창,전남,순천시,맛,1,0,0,맛 호평 다수 (1건)
517358,깨복쟁이원조막창,전남,순천시,신선도,1,0,0,신선도 호평 다수 (1건)
cf9c5acf1833,깨비꼬마김밥,전남,목포시,맛,1,0,0,맛 호평 다수 (1건)
420816,깨비방망이 오리날개,광주,서구,맛,1,0,0,맛 호평 다수 (1건)
420816,깨비방망이 오리날개,광주,서구,신선도,1,0,0,신선도 호평 다수 (1건)
420817,깨비분식,광주,광산구,맛,1,0,0,맛 호평 다수 (1건)
420817,깨비분식,광주,광산구,신선도,1,0,0,신선도 호평 다수 (1건)
420821,깨순이김밥 전대정문점,광주,북구,맛,1,0,0,맛 호평 다수 (1건)
420821,깨순이김밥 전대정문점,광주,북구,신선도,1,0,0,신선도 호평 다수 (1건)
420819,깨순이김밥 조선대1호점,광주,동구,맛,1,0,0,맛 호평 다수 (1건)
420819,깨순이김밥 조선대1호점,광주,동구,신선도,1,0,0,신선도 호평 다수 (1건)
420819,깨순이김밥 조선대1호점,광주,동구,접근성_웨이팅,1,0,0,접근성_웨이팅 호평 다수 (1건)
420827,깻잎두마리치킨 진월점,광주,남구,서비스_친절도,1,0,0,서비스_친절도 호평 다수 (1건)
420826,깻잎두마리치킨 하남월곡점,광주,광산구,맛,1,0,0,맛 호평 다수 (1건)
420829,깻잎순살두마리치킨,광주,북구,맛,1,0,0,맛 호평 다수 (1건)
420829,깻잎순살두마리치킨,광주,북구,분위기,1,0,0,분위기 호평 다수 (1건)
420831,깻잎통닭 문흥점,광주,북구,맛,1,0,0,맛 호평 다수 (1건)
420832,깻잎통닭 본점,광주,북구,서비스_친절도,0,1,0,서비스_친절도 언급 (1건)
420834,깻잎통닭 상무버들마을점,광주,서구,접근성_웨이팅,1,0,0,접근성_웨이팅 호평 다수 (1건)
523006|896784,꺼비소곱창,전남,화순군,맛,1,0,0,맛 호평 다수 (1건)
420840,꼬기이야기,광주,서구,맛,1,0,0,맛 호평 다수 (1건)
420840,꼬기이야기,광주,서구,접근성_웨이팅,1,0,0,접근성_웨이팅 호평 다수 (1건)
420841|879798,꼬꼬닭샤브,광주,북구,위생_청결,1,0,0,위생_청결 호평 다수 (1건)
420841|879798,꼬꼬닭샤브,광주,북구,분위기,1,0,0,분위기 호평 다수 (1건)
522709,꼬꼬닭집,전남,해남군,맛,1,0,0,맛 호평 다수 (1건)
522709,꼬꼬닭집,전남,해남군,신선도,1,0,0,신선도 호평 다수 (1건)
522291,꼬꼬돼지식당,전남,진도군,맛,1,0,0,맛 호평 다수 (1건)
420843,꼬꼬마김밥,광주,남구,신선도,1,0,0,신선도 호평 다수 (1건)
420844,꼬꼬마돼지시작점,광주,북구,맛,1,0,0,맛 호평 다수 (1건)
c3c9f03dfe02,꼬끄롱,전남,목포시,신선도,1,0,0,신선도 호평 다수 (1건)
522165|896268,꼬돈,전남,진도군,서비스_친절도,1,0,0,서비스_친절도 호평 다수 (1건)
420854,꼬들집,광주,서구,신선도,1,0,0,신선도 호평 다수 (1건)
420859,꼬마김밥 콤마,광주,광산구,맛,1,0,0,맛 호평 다수 (1건)
420859,꼬마김밥 콤마,광주,광산구,접근성_웨이팅,1,0,0,접근성_웨이팅 호평 다수 (1건)
522430|896412,꼬마김밥송촌 함평점,전남,함평군,맛,1,0,0,맛 호평 다수 (1건)
522430|896412,꼬마김밥송촌 함평점,전남,함평군,분위기,1,0,0,분위기 호평 다수 (1건)
420857,꼬마김밥신화앤죽,광주,북구,신선도,1,0,0,신선도 호평 다수 (1건)
420861|80610,꼬막 상무점,광주,서구,접근성_웨이팅,1,0,0,접근성_웨이팅 호평 다수 (1건)
519391,꼬막세상 1호점,전남,보성군,맛,1,0,0,맛 호평 다수 (1건)
519391,꼬막세상 1호점,전남,보성군,신선도,1,0,0,신선도 호평 다수 (1건)
523095|836675|896852,꼬메르,전남,광양시,맛,1,0,0,맛 호평 다수 (1건)
523095|836675|896852,꼬메르,전남,광양시,서비스_친절도,1,0,0,서비스_친절도 호평 다수 (1건)
523095|836675|896852,꼬메르,전남,광양시,분위기,1,0,0,분위기 호평 다수 (1건)
522443,꼬메르치킨,전남,함평군,맛,1,0,0,맛 호평 다수 (1건)
522443,꼬메르치킨,전남,함평군,분위기,1,0,0,분위기 호평 다수 (1건)
516342,꼬뮨1871,광주,북구,분위기,1,0,0,분위기 호평 다수 (1건)
420866,꼬밥이꼬마깁밥 상무본점,광주,서구,서비스_친절도,1,0,0,서비스_친절도 호평 다수 (1건)
515886|961834,꼬부기,광주,북구,맛,1,0,0,맛 호평 다수 (1건)
515886|961834,꼬부기,광주,북구,신선도,1,0,0,신선도 호평 다수 (1건)
515886|961834,꼬부기,광주,북구,서비스_친절도,1,0,0,서비스_친절도 호평 다수 (1건)
515886|961834,꼬부기,광주,북구,분위기,1,0,0,분위기 호평 다수 (1건)
420869,꼬셔바,광주,동구,맛,1,0,0,맛 호평 다수 (1건)
420871,꼬소미꼬마김밥,광주,광산구,신선도,1,0,0,신선도 호평 다수 (1건)
420876,꼬지사께 광주수완점,광주,광산구,맛,1,0,0,맛 호평 다수 (1건)
420876,꼬지사께 광주수완점,광주,광산구,분위기,1,0,0,분위기 호평 다수 (1건)
420875,꼬지사께 광주유촌점,광주,서구,접근성_웨이팅,1,0,0,접근성_웨이팅 호평 다수 (1건)
420878,꼬지사랑,광주,동구,맛,1,0,0,맛 호평 다수 (1건)
420879,꼬지원교대점,광주,동구,맛,1,0,0,맛 호평 다수 (1건)
420879,꼬지원교대점,광주,동구,접근성_웨이팅,1,0,0,접근성_웨이팅 호평 다수 (1건)
420884,꼬치미드나잇,광주,북구,맛,1,0,0,맛 호평 다수 (1건)
420884,꼬치미드나잇,광주,북구,접근성_웨이팅,1,0,0,접근성_웨이팅 호평 다수 (1건)
420885,꼬치상회,광주,북구,신선도,1,0,0,신선도 호평 다수 (1건)
522960|896758,꼭꼬 참나무장작구이,전남,화순군,맛,1,0,0,맛 호평 다수 (1건)
420895,꼰뚜아,광주,동구,맛,1,0,0,맛 호평 다수 (1건)
420897|879803,꼴목식당,광주,남구,서비스_친절도,1,0,0,서비스_친절도 호평 다수 (1건)
420900,꼼장어숯불구이 두암점,광주,북구,접근성_웨이팅,1,0,0,접근성_웨이팅 호평 다수 (1건)
516134|962045,꽃 피움,광주,남구,접근성_웨이팅,1,0,0,접근성_웨이팅 호평 다수 (1건)
522432,꽃게랑백반이랑,전남,함평군,맛,1,0,0,맛 호평 다수 (1건)
522432,꽃게랑백반이랑,전남,함평군,신선도,1,0,0,신선도 호평 다수 (1건)
522432,꽃게랑백반이랑,전남,함평군,분위기,1,0,0,분위기 호평 다수 (1건)
420907,꽃게장 1947,광주,광산구,맛,1,0,0,맛 호평 다수 (1건)
420907,꽃게장 1947,광주,광산구,접근성_웨이팅,1,0,0,접근성_웨이팅 호평 다수 (1건)
420908|421080,꽃과나비,광주,북구,분위기,1,0,0,분위기 호평 다수 (1건)
519142|895403,꽃길참치,전남,무안군,맛,1,0,0,맛 호평 다수 (1건)
519142|895403,꽃길참치,전남,무안군,신선도,1,0,0,신선도 호평 다수 (1건)
519142|895403,꽃길참치,전남,무안군,분위기,1,0,0,분위기 호평 다수 (1건)
420914,꽃담,광주,동구,접근성_웨이팅,1,0,0,접근성_웨이팅 호평 다수 (1건)
515893|961840,꽃담샤브,광주,북구,신선도,1,0,0,신선도 호평 다수 (1건)
515893|961840,꽃담샤브,광주,북구,접근성_웨이팅,1,0,0,접근성_웨이팅 호평 다수 (1건)
420915,꽃담술상,광주,남구,맛,1,0,0,맛 호평 다수 (1건)
519430,꽃담은소 신안점,전남,신안군,맛,1,0,0,맛 호평 다수 (1건)
420921,꽃돼지숯가마 동천점,광주,서구,맛,1,0,0,맛 호평 다수 (1건)
420921,꽃돼지숯가마 동천점,광주,서구,신선도,1,0,0,신선도 호평 다수 (1건)
420923|879806,꽃돼지숯가마,광주,서구,맛,1,0,0,맛 호평 다수 (1건)
420927,꽃돼지왕족발,광주,북구,맛,1,0,0,맛 호평 다수 (1건)
420927,꽃돼지왕족발,광주,북구,양,1,0,0,양 호평 다수 (1건)
520947,꽃뜨락,전남,장성군,신선도,1,0,0,신선도 호평 다수 (1건)
519548|895695,꽃띄움,전남,신안군,맛,1,0,0,맛 호평 다수 (1건)
519548|895695,꽃띄움,전남,신안군,신선도,1,0,0,신선도 호평 다수 (1건)
1c72e8bef624,꽃마름 광양중동점,전남,광양시,신선도,1,0,0,신선도 호평 다수 (1건)
515986,꽃마름 광주동림점,광주,서구,맛,1,0,0,맛 호평 다수 (1건)
515986,꽃마름 광주동림점,광주,서구,신선도,1,0,0,신선도 호평 다수 (1건)
515986,꽃마름 광주동림점,광주,서구,분위기,1,0,0,분위기 호평 다수 (1건)
519104|895374,꽃마름 목포남악점,전남,무안군,맛,1,0,0,맛 호평 다수 (1건)
519104|895374,꽃마름 목포남악점,전남,무안군,분위기,1,0,0,분위기 호평 다수 (1건)
519104|895374,꽃마름 목포남악점,전남,무안군,접근성_웨이팅,1,0,0,접근성_웨이팅 호평 다수 (1건)
dbeef8179164,꽃무지야생화촌,전남,나주시,맛,1,0,0,맛 호평 다수 (1건)
420932,꽃보다돼지,광주,북구,신선도,1,0,0,신선도 호평 다수 (1건)
420936,꽃봉우리,광주,북구,맛,1,0,0,맛 호평 다수 (1건)
522468|896428,꽃섬해물탕,전남,함평군,맛,1,0,0,맛 호평 다수 (1건)
522468|896428,꽃섬해물탕,전남,함평군,신선도,1,0,0,신선도 호평 다수 (1건)
420942,꽃소마루 수완점,광주,광산구,분위기,1,0,0,분위기 호평 다수 (1건)
420944,꽃심이연탄구이,광주,서구,접근성_웨이팅,1,0,0,접근성_웨이팅 호평 다수 (1건)
420948,꽃잎두장,광주,북구,맛,1,0,0,맛 호평 다수 (1건)
420948,꽃잎두장,광주,북구,분위기,1,0,0,분위기 호평 다수 (1건)
521964,꽃피는남촌,전남,장흥군,맛,1,0,0,맛 호평 다수 (1건)
522079|896214,꽃피는전복식당,전남,진도군,서비스_친절도,1,0,0,서비스_친절도 호평 다수 (1건)
519801,꽃피우다,전남,영광군,맛,1,0,0,맛 호평 다수 (1건)
519801,꽃피우다,전남,영광군,분위기,1,0,0,분위기 호평 다수 (1건)
420955,꽈배기당,광주,서구,맛,1,0,0,맛 호평 다수 (1건)
420956,꽈배기에반하다,광주,광산구,맛,1,0,0,맛 호평 다수 (1건)
420956,꽈배기에반하다,광주,광산구,접근성_웨이팅,1,0,0,접근성_웨이팅 호평 다수 (1건)
420957,꽈배기친구들,광주,북구,맛,1,0,0,맛 호평 다수 (1건)
420958,꽈배기킹 선운점,광주,광산구,맛,1,0,0,맛 호평 다수 (1건)
420958,꽈배기킹 선운점,광주,광산구,접근성_웨이팅,1,0,0,접근성_웨이팅 호평 다수 (1건)
420960,꾸다,광주,서구,맛,1,0,0,맛 호평 다수 (1건)
420960,꾸다,광주,서구,신선도,1,0,0,신선도 호평 다수 (1건)
420960,꾸다,광주,서구,서비스_친절도,1,0,0,서비스_친절도 호평 다수 (1건)
523719,꾸덕볼,전남,목포시,맛,1,0,0,맛 호평 다수 (1건)
388528,꾸벅꾸벅,광주,북구,맛,1,0,0,맛 호평 다수 (1건)
388528,꾸벅꾸벅,광주,북구,분위기,1,0,0,분위기 호평 다수 (1건)
420980,꾸시마루 각화점,광주,북구,신선도,1,0,0,신선도 호평 다수 (1건)
420981,꾸시마루,광주,광산구,맛,1,0,0,맛 호평 다수 (1건)
420981,꾸시마루,광주,광산구,신선도,1,0,0,신선도 호평 다수 (1건)
420981,꾸시마루,광주,광산구,분위기,1,0,0,분위기 호평 다수 (1건)
420984,꾸움,전남,목포시,맛,1,0,0,맛 호평 다수 (1건)
b1c168ea336e,꾸워먹는바다,전남,광양시,신선도,1,0,0,신선도 호평 다수 (1건)
420987,꾸이마당,광주,광산구,접근성_웨이팅,1,0,0,접근성_웨이팅 호평 다수 (1건)
518627,꾸이한끼 전남구례점,전남,구례군,서비스_친절도,0,1,0,서비스_친절도 언급 (1건)
420991,꾼떡 신가점,광주,광산구,접근성_웨이팅,1,0,0,접근성_웨이팅 호평 다수 (1건)
519556|895700,꿀꿀이식당,전남,신안군,신선도,1,0,0,신선도 호평 다수 (1건)
519556|895700,꿀꿀이식당,전남,신안군,분위기,1,0,0,분위기 호평 다수 (1건)
420994,꿀나라닭강정조대점,광주,동구,접근성_웨이팅,1,0,0,접근성_웨이팅 호평 다수 (1건)
420995,꿀단지,광주,남구,맛,1,0,0,맛 호평 다수 (1건)
420995,꿀단지,광주,남구,신선도,1,0,0,신선도 호평 다수 (1건)
420998,꿀돼지불붙었네,광주,남구,맛,1,0,0,맛 호평 다수 (1건)
519047,꿀망고,전남,무안군,맛,1,0,0,맛 호평 다수 (1건)
519841|895813,꿀메,전남,영광군,서비스_친절도,1,0,0,서비스_친절도 호평 다수 (1건)
421003,꿀사과씨앗닭강정,광주,남구,맛,1,0,0,맛 호평 다수 (1건)
421003,꿀사과씨앗닭강정,광주,남구,신선도,1,0,0,신선도 호평 다수 (1건)
421004,꿀잔치닭강정 말바우점,광주,북구,위생_청결,1,0,0,위생_청결 호평 다수 (1건)
421006|879808,꿀잔치닭강정학동점,광주,동구,접근성_웨이팅,1,0,0,접근성_웨이팅 호평 다수 (1건)
421008,꿈꾸는달토끼,광주,동구,맛,1,0,0,맛 호평 다수 (1건)
421008,꿈꾸는달토끼,광주,동구,분위기,1,0,0,분위기 호평 다수 (1건)
421009,꿈꾸는바다,광주,서구,신선도,1,0,0,신선도 호평 다수 (1건)
521941|896137,꿉소숯불구이 장흥점,전남,장흥군,맛,1,0,0,맛 호평 다수 (1건)
521941|896137,꿉소숯불구이 장흥점,전남,장흥군,신선도,1,0,0,신선도 호평 다수 (1건)
421014,꿉재,광주,광산구,맛,1,0,0,맛 호평 다수 (1건)
421014,꿉재,광주,광산구,분위기,1,0,0,분위기 호평 다수 (1건)
519647|895762,꿍이네운수대통,전남,영광군,맛,1,0,0,맛 호평 다수 (1건)
519647|895762,꿍이네운수대통,전남,영광군,분위기,1,0,0,분위기 호평 다수 (1건)
539402,끌레르,전남,고흥군,맛,1,0,0,맛 호평 다수 (1건)
539402,끌레르,전남,고흥군,분위기,1,0,0,분위기 호평 다수 (1건)
539402,끌레르,전남,고흥군,접근성_웨이팅,1,0,0,접근성_웨이팅 호평 다수 (1건)
421019,끼니꾸니,광주,북구,맛,1,0,0,맛 호평 다수 (1건)
421019,끼니꾸니,광주,북구,분위기,1,0,0,분위기 호평 다수 (1건)
421020,끼리치킨,광주,광산구,맛,1,0,0,맛 호평 다수 (1건)
421020,끼리치킨,광주,광산구,신선도,1,0,0,신선도 호평 다수 (1건)
421020,끼리치킨,광주,광산구,위생_청결,1,0,0,위생_청결 호평 다수 (1건)
421022,나 첨단,광주,광산구,신선도,1,0,0,신선도 호평 다수 (1건)
421023,나고야의밤,광주,광산구,맛,1,0,0,맛 호평 다수 (1건)
421023,나고야의밤,광주,광산구,접근성_웨이팅,1,0,0,접근성_웨이팅 호평 다수 (1건)
f0c9d7c8de0e,나능이능이버섯백숙 중마점,전남,광양시,서비스_친절도,1,0,0,서비스_친절도 호평 다수 (1건)
421039,나도람키친 송정점,광주,광산구,접근성_웨이팅,1,0,0,접근성_웨이팅 호평 다수 (1건)
359203|421043,나들목순대국밥,광주,북구,맛,1,0,0,맛 호평 다수 (1건)
359203|421043,나들목순대국밥,광주,북구,접근성_웨이팅,1,0,0,접근성_웨이팅 호평 다수 (1건)
421045,나들이김밥,광주,북구,맛,1,0,0,맛 호평 다수 (1건)
421045,나들이김밥,광주,북구,신선도,1,0,0,신선도 호평 다수 (1건)
421047,나라순대국밥,광주,남구,분위기,1,0,0,분위기 호평 다수 (1건)
517527,나래밥상,전남,여수시,접근성_웨이팅,1,0,0,접근성_웨이팅 호평 다수 (1건)
518123,나로식당,전남,고흥군,서비스_친절도,1,0,0,서비스_친절도 호평 다수 (1건)
518123,나로식당,전남,고흥군,접근성_웨이팅,1,0,0,접근성_웨이팅 호평 다수 (1건)
517768,나루,전남,강진군,서비스_친절도,1,0,0,서비스_친절도 호평 다수 (1건)
519646|895761,나루식당,전남,영광군,맛,1,0,0,맛 호평 다수 (1건)
519646|895761,나루식당,전남,영광군,분위기,1,0,0,분위기 호평 다수 (1건)
b80d65f4f111,나루터횟집,전남,광양시,신선도,1,0,0,신선도 호평 다수 (1건)
b80d65f4f111,나루터횟집,전남,광양시,분위기,1,0,0,분위기 호평 다수 (1건)
519996,나무131,전남,영암군,서비스_친절도,1,0,0,서비스_친절도 호평 다수 (1건)
421069,나무정순두부,광주,광산구,신선도,1,0,0,신선도 호평 다수 (1건)
518289,나미식당,전남,곡성군,신선도,1,0,0,신선도 호평 다수 (1건)
518289,나미식당,전남,곡성군,서비스_친절도,1,0,0,서비스_친절도 호평 다수 (1건)
81266,나비,전남,함평군,신선도,1,0,0,신선도 호평 다수 (1건)
522475,나비고을윤가네아귀찜,전남,함평군,신선도,1,0,0,신선도 호평 다수 (1건)
522407|896405,나비골가든,전남,함평군,신선도,1,0,0,신선도 호평 다수 (1건)
522407|896405,나비골가든,전남,함평군,분위기,1,0,0,분위기 호평 다수 (1건)
421072,나비닭발,광주,북구,맛,1,0,0,맛 호평 다수 (1건)
421072,나비닭발,광주,북구,신선도,1,0,0,신선도 호평 다수 (1건)
421072,나비닭발,광주,북구,접근성_웨이팅,1,0,0,접근성_웨이팅 호평 다수 (1건)
421075,나비상회 수완점,광주,광산구,맛,1,0,0,맛 호평 다수 (1건)
421077,나비상회 진월점,광주,남구,맛,1,0,0,맛 호평 다수 (1건)
421077,나비상회 진월점,광주,남구,양,1,0,0,양 호평 다수 (1건)
421078,나비야청산가자,광주,동구,신선도,1,0,0,신선도 호평 다수 (1건)
522334|896353,나비의꿈,전남,함평군,신선도,1,0,0,신선도 호평 다수 (1건)
421081,나빌드,광주,서구,분위기,1,0,0,분위기 호평 다수 (1건)
421084,나시도해물갈비찜,광주,북구,접근성_웨이팅,1,0,0,접근성_웨이팅 호평 다수 (1건)
524119,나의여수,전남,여수시,접근성_웨이팅,1,0,0,접근성_웨이팅 호평 다수 (1건)
522560|896480,나인포레스트,전남,해남군,맛,1,0,0,맛 호평 다수 (1건)
522560|896480,나인포레스트,전남,해남군,신선도,1,0,0,신선도 호평 다수 (1건)
518714|895121,나정 오리꽃날개튀김 담양점,전남,담양군,맛,1,0,0,맛 호평 다수 (1건)
421093,나정 오리꽃날개튀김 전대점,광주,북구,신선도,1,0,0,신선도 호평 다수 (1건)
421093,나정 오리꽃날개튀김 전대점,광주,북구,서비스_친절도,1,0,0,서비스_친절도 호평 다수 (1건)
419802|421092,나정상회,광주,서구,맛,1,0,0,맛 호평 다수 (1건)
419802|421092,나정상회,광주,서구,분위기,1,0,0,분위기 호평 다수 (1건)
419802|421092,나정상회,광주,서구,접근성_웨이팅,1,0,0,접근성_웨이팅 호평 다수 (1건)
421094,나젤로,광주,동구,맛,1,0,0,맛 호평 다수 (1건)
421094,나젤로,광주,동구,신선도,1,0,0,신선도 호평 다수 (1건)
fc7f5bf5e1f5,나주곰탕 사매기,전남,나주시,신선도,1,0,0,신선도 호평 다수 (1건)
421104,나주곰탕 첨단점,광주,북구,접근성_웨이팅,1,0,0,접근성_웨이팅 호평 다수 (1건)
ce886733cd5f,나주곰탕 한옥집,전남,나주시,분위기,1,0,0,분위기 호평 다수 (1건)
fec520790db9,나주곰탕기와집,전남,나주시,맛,1,0,0,맛 호평 다수 (1건)
fec520790db9,나주곰탕기와집,전남,나주시,가격,1,0,0,가격 호평 다수 (1건)
421114,나주곰탕노안집 서구점,광주,서구,접근성_웨이팅,1,0,0,접근성_웨이팅 호평 다수 (1건)
421115,나주곰탕노안집 첨단점,광주,북구,접근성_웨이팅,1,0,0,접근성_웨이팅 호평 다수 (1건)
e5fada2e6f15,나주곰탕노안집,전남,나주시,신선도,1,0,0,신선도 호평 다수 (1건)
421122|436213|516227|81320,나주식당,광주,동구,맛,1,0,0,맛 호평 다수 (1건)
421122|436213|516227|81320,나주식당,광주,동구,신선도,1,0,0,신선도 호평 다수 (1건)
421122|436213|516227|81320,나주식당,광주,동구,접근성_웨이팅,1,0,0,접근성_웨이팅 호평 다수 (1건)
a8799bf496c1,나주쌍치민물매운탕,전남,나주시,신선도,1,0,0,신선도 호평 다수 (1건)
421124,나주진곰탕 광주점,광주,서구,맛,1,0,0,맛 호평 다수 (1건)
e53fd5d89e25,나주추어탕,전남,나주시,신선도,1,0,0,신선도 호평 다수 (1건)
517604,나폴리횟집 새조개하모샤브샤브,전남,여수시,신선도,1,0,0,신선도 호평 다수 (1건)
517604,나폴리횟집 새조개하모샤브샤브,전남,여수시,분위기,1,0,0,분위기 호평 다수 (1건)
421021,나풍암동,광주,서구,맛,1,0,0,맛 호평 다수 (1건)
421021,나풍암동,광주,서구,분위기,1,0,0,분위기 호평 다수 (1건)
421137,낙원가든,광주,광산구,접근성_웨이팅,1,0,0,접근성_웨이팅 호평 다수 (1건)
517529,낙원갈비집 여수점,전남,여수시,가격,1,0,0,가격 호평 다수 (1건)
517529,낙원갈비집 여수점,전남,여수시,양,1,0,0,양 호평 다수 (1건)
421138,낙원갈비집 흑석사거리점,광주,광산구,맛,1,0,0,맛 호평 다수 (1건)
421138,낙원갈비집 흑석사거리점,광주,광산구,양,1,0,0,양 호평 다수 (1건)
500323,낙원떡집,광주,동구,맛,1,0,0,맛 호평 다수 (1건)
500323,낙원떡집,광주,동구,신선도,1,0,0,신선도 호평 다수 (1건)
421142,낙원정,광주,광산구,분위기,1,0,0,분위기 호평 다수 (1건)
517386,낙원회관,전남,순천시,맛,1,0,0,맛 호평 다수 (1건)
517386,낙원회관,전남,순천시,가격,1,0,0,가격 호평 다수 (1건)
421144,낙지나라,광주,서구,신선도,1,0,0,신선도 호평 다수 (1건)
421144,낙지나라,광주,서구,접근성_웨이팅,1,0,0,접근성_웨이팅 호평 다수 (1건)
421151,낙지먹는날,광주,남구,맛,1,0,0,맛 호평 다수 (1건)
421152,낙지사냥,광주,서구,맛,1,0,0,맛 호평 다수 (1건)
421152,낙지사냥,광주,서구,접근성_웨이팅,1,0,0,접근성_웨이팅 호평 다수 (1건)
421153,낙지사랑채,광주,북구,맛,1,0,0,맛 호평 다수 (1건)
421153,낙지사랑채,광주,북구,신선도,1,0,0,신선도 호평 다수 (1건)
435522,낙지정,광주,북구,신선도,1,0,0,신선도 호평 다수 (1건)
421160,낙지촌 버들점,광주,서구,분위기,1,0,0,분위기 호평 다수 (1건)
522883|896702,낙지촌,전남,화순군,신선도,1,0,0,신선도 호평 다수 (1건)
191852|421164,낙지한마당,광주,북구,신선도,1,0,0,신선도 호평 다수 (1건)
191852|421164,낙지한마당,광주,북구,서비스_친절도,1,0,0,서비스_친절도 호평 다수 (1건)
421166,낙지한상,광주,광산구,서비스_친절도,1,0,0,서비스_친절도 호평 다수 (1건)
518121,낙지해물짬뽕집,전남,고흥군,맛,1,0,0,맛 호평 다수 (1건)
518121,낙지해물짬뽕집,전남,고흥군,신선도,1,0,0,신선도 호평 다수 (1건)
421220,날것,광주,서구,신선도,1,0,0,신선도 호평 다수 (1건)
519872,날으는철가방,전남,영광군,분위기,1,0,0,분위기 호평 다수 (1건)
b6951f19d043,남가네설악추어탕 중마점,전남,광양시,서비스_친절도,1,0,0,서비스_친절도 호평 다수 (1건)
b6951f19d043,남가네설악추어탕 중마점,전남,광양시,분위기,1,0,0,분위기 호평 다수 (1건)
521508|895849,남강회전복 본점,전남,완도군,맛,1,0,0,맛 호평 다수 (1건)
521508|895849,남강회전복 본점,전남,완도군,신선도,1,0,0,신선도 호평 다수 (1건)
6114504c12ce,남경백반아구찜,전남,목포시,맛,1,0,0,맛 호평 다수 (1건)
6114504c12ce,남경백반아구찜,전남,목포시,분위기,1,0,0,분위기 호평 다수 (1건)
8cca6db79197,남경회관,전남,목포시,맛,1,0,0,맛 호평 다수 (1건)
421230,남광주음식점,광주,동구,접근성_웨이팅,1,0,0,접근성_웨이팅 호평 다수 (1건)
421235|424963,남노명가,광주,서구,분위기,1,0,0,분위기 호평 다수 (1건)
8c6aa914ee82,남다른대구막창 목포석현점,전남,목포시,맛,1,0,0,맛 호평 다수 (1건)
8c6aa914ee82,남다른대구막창 목포석현점,전남,목포시,서비스_친절도,1,0,0,서비스_친절도 호평 다수 (1건)
421239,남달라대패삼겹,광주,광산구,서비스_친절도,1,0,0,서비스_친절도 호평 다수 (1건)
421240,남덕중참치 본점,광주,서구,맛,1,0,0,맛 호평 다수 (1건)
421240,남덕중참치 본점,광주,서구,접근성_웨이팅,1,0,0,접근성_웨이팅 호평 다수 (1건)
421241,남도,광주,북구,신선도,1,0,0,신선도 호평 다수 (1건)
421241,남도,광주,북구,접근성_웨이팅,1,0,0,접근성_웨이팅 호평 다수 (1건)
421242,남도계절맛집,광주,서구,접근성_웨이팅,1,0,0,접근성_웨이팅 호평 다수 (1건)
421243,남도계절회포차,광주,서구,위생_청결,1,0,0,위생_청결 호평 다수 (1건)
421246,남도국밥집,광주,동구,맛,1,0,0,맛 호평 다수 (1건)
518831,남도마실,전남,담양군,신선도,1,0,0,신선도 호평 다수 (1건)
518831,남도마실,전남,담양군,분위기,1,0,0,분위기 호평 다수 (1건)
421250,남도미,광주,북구,신선도,1,0,0,신선도 호평 다수 (1건)
421250,남도미,광주,북구,접근성_웨이팅,1,0,0,접근성_웨이팅 호평 다수 (1건)
421257,남도복국 광주상무점,광주,서구,신선도,1,0,0,신선도 호평 다수 (1건)
421258,남도생고기,광주,서구,신선도,1,0,0,신선도 호평 다수 (1건)
421258,남도생고기,광주,서구,서비스_친절도,1,0,0,서비스_친절도 호평 다수 (1건)
421258,남도생고기,광주,서구,분위기,1,0,0,분위기 호평 다수 (1건)
421259,남도생태탕애호박찌개,광주,광산구,신선도,1,0,0,신선도 호평 다수 (1건)
421259,남도생태탕애호박찌개,광주,광산구,접근성_웨이팅,1,0,0,접근성_웨이팅 호평 다수 (1건)
421260,남도설렁탕,광주,광산구,접근성_웨이팅,1,0,0,접근성_웨이팅 호평 다수 (1건)
421262,남도손맛,광주,서구,서비스_친절도,1,0,0,서비스_친절도 호평 다수 (1건)
b5ccbcd75a78,남도야식,전남,나주시,맛,1,0,0,맛 호평 다수 (1건)
518655|895074,남도예담,전남,담양군,맛,1,0,0,맛 호평 다수 (1건)
521818,남도일번지,전남,장성군,맛,1,0,0,맛 호평 다수 (1건)
521818,남도일번지,전남,장성군,분위기,1,0,0,분위기 호평 다수 (1건)
421277,남도전집,광주,광산구,양,1,0,0,양 호평 다수 (1건)
518786,남도창평국밥,전남,담양군,위생_청결,1,0,0,위생_청결 호평 다수 (1건)
518786,남도창평국밥,전남,담양군,서비스_친절도,1,0,0,서비스_친절도 호평 다수 (1건)
518786,남도창평국밥,전남,담양군,분위기,1,0,0,분위기 호평 다수 (1건)
425766,남도탁주,광주,서구,분위기,1,0,0,분위기 호평 다수 (1건)
522951|896751,남도한우,전남,화순군,맛,1,0,0,맛 호평 다수 (1건)
522951|896751,남도한우,전남,화순군,신선도,1,0,0,신선도 호평 다수 (1건)
522951|896751,남도한우,전남,화순군,서비스_친절도,1,0,0,서비스_친절도 호평 다수 (1건)
421280,남도한정식앤싱싱활어센터,광주,북구,신선도,1,0,0,신선도 호평 다수 (1건)
421280,남도한정식앤싱싱활어센터,광주,북구,서비스_친절도,1,0,0,서비스_친절도 호평 다수 (1건)
421280,남도한정식앤싱싱활어센터,광주,북구,접근성_웨이팅,1,0,0,접근성_웨이팅 호평 다수 (1건)
421282,남도항아리보쌈학동점,광주,동구,접근성_웨이팅,1,0,0,접근성_웨이팅 호평 다수 (1건)
421284,남도회관,광주,동구,서비스_친절도,1,0,0,서비스_친절도 호평 다수 (1건)
421284,남도회관,광주,동구,접근성_웨이팅,1,0,0,접근성_웨이팅 호평 다수 (1건)
519808,남도횟집,전남,영광군,맛,1,0,0,맛 호평 다수 (1건)
519808,남도횟집,전남,영광군,신선도,1,0,0,신선도 호평 다수 (1건)
421286,남동식당,광주,동구,접근성_웨이팅,1,0,0,접근성_웨이팅 호평 다수 (1건)
421289,남리,광주,동구,맛,1,0,0,맛 호평 다수 (1건)
518385,남매갈비,전남,곡성군,맛,1,0,0,맛 호평 다수 (1건)
421291,남매회관,광주,북구,접근성_웨이팅,1,0,0,접근성_웨이팅 호평 다수 (1건)
521632,남면한우마을,전남,장성군,맛,1,0,0,맛 호평 다수 (1건)
521632,남면한우마을,전남,장성군,분위기,1,0,0,분위기 호평 다수 (1건)
521717|895989,남면회관,전남,장성군,신선도,1,0,0,신선도 호평 다수 (1건)
517803,남문식당,전남,강진군,신선도,1,0,0,신선도 호평 다수 (1건)
421293,남부닭집 앤 남부통닭,광주,광산구,신선도,1,0,0,신선도 호평 다수 (1건)
421293,남부닭집 앤 남부통닭,광주,광산구,접근성_웨이팅,1,0,0,접근성_웨이팅 호평 다수 (1건)
421295,남부아구찜 첨단본점,광주,광산구,양,1,0,0,양 호평 다수 (1건)
431128,남산돈까스 북구점,광주,북구,맛,1,0,0,맛 호평 다수 (1건)
421298,남선연탄구이,광주,서구,서비스_친절도,1,0,0,서비스_친절도 호평 다수 (1건)
421298,남선연탄구이,광주,서구,분위기,1,0,0,분위기 호평 다수 (1건)
519089,남악 담은,전남,무안군,양,1,0,0,양 호평 다수 (1건)
519089,남악 담은,전남,무안군,분위기,1,0,0,분위기 호평 다수 (1건)
519089,남악 담은,전남,무안군,접근성_웨이팅,1,0,0,접근성_웨이팅 호평 다수 (1건)
8242d17b28f5,남악가든,전남,구례군,맛,1,0,0,맛 호평 다수 (1건)
519019|895310,남악숯불구이텃밭,전남,무안군,맛,1,0,0,맛 호평 다수 (1건)
519019|895310,남악숯불구이텃밭,전남,무안군,신선도,1,0,0,신선도 호평 다수 (1건)
519143|895404,남악장수풍천장어,전남,무안군,신선도,1,0,0,신선도 호평 다수 (1건)
519143|895404,남악장수풍천장어,전남,무안군,가격,1,0,0,가격 호평 다수 (1건)
421302,남양옛날통닭호프 연제점,광주,북구,신선도,1,0,0,신선도 호평 다수 (1건)
521693|895973,남양집25시해장국,전남,장성군,분위기,1,0,0,분위기 호평 다수 (1건)
421304,남양통닭,광주,북구,맛,1,0,0,맛 호평 다수 (1건)
421304,남양통닭,광주,북구,접근성_웨이팅,1,0,0,접근성_웨이팅 호평 다수 (1건)
421309,남원골명품추어탕,광주,서구,신선도,1,0,0,신선도 호평 다수 (1건)
520942|521761,남원식당,전남,장성군,맛,1,0,0,맛 호평 다수 (1건)
520942|521761,남원식당,전남,장성군,신선도,1,0,0,신선도 호평 다수 (1건)
520942|521761,남원식당,전남,장성군,분위기,1,0,0,분위기 호평 다수 (1건)
421324,남원추어탕부뚜막,광주,광산구,신선도,1,0,0,신선도 호평 다수 (1건)
521794|896036,남원추어탕추어담,전남,장성군,신선도,1,0,0,신선도 호평 다수 (1건)
421325,남원추어탕추어락,광주,북구,맛,1,0,0,맛 호평 다수 (1건)
421325,남원추어탕추어락,광주,북구,신선도,1,0,0,신선도 호평 다수 (1건)
c31f5a20baee,남의집,광주,북구,분위기,1,0,0,분위기 호평 다수 (1건)
517839,남일곱창,전남,강진군,맛,1,0,0,맛 호평 다수 (1건)
517839,남일곱창,전남,강진군,신선도,1,0,0,신선도 호평 다수 (1건)
517839,남일곱창,전남,강진군,서비스_친절도,1,0,0,서비스_친절도 호평 다수 (1건)
421330,남작,광주,북구,맛,1,0,0,맛 호평 다수 (1건)
421330,남작,광주,북구,분위기,1,0,0,분위기 호평 다수 (1건)
517571,남진이네게장갈치명가,전남,여수시,신선도,1,0,0,신선도 호평 다수 (1건)
421331,남쪽마을돌짜장,광주,광산구,분위기,1,0,0,분위기 호평 다수 (1건)
421332,남촌,광주,동구,분위기,1,0,0,분위기 호평 다수 (1건)
12190396e487,남촌가마솥추어탕,광주,서구,맛,1,0,0,맛 호평 다수 (1건)
12190396e487,남촌가마솥추어탕,광주,서구,신선도,1,0,0,신선도 호평 다수 (1건)
421335,남촌마을,광주,동구,신선도,1,0,0,신선도 호평 다수 (1건)
421335,남촌마을,광주,동구,분위기,1,0,0,분위기 호평 다수 (1건)
421337,남촌소머리국밥,광주,서구,분위기,1,0,0,분위기 호평 다수 (1건)
519299|895526,남태평양,전남,보성군,신선도,1,0,0,신선도 호평 다수 (1건)
421339,남포네,광주,광산구,신선도,1,0,0,신선도 호평 다수 (1건)
522046|896200,남포석화구이,전남,장흥군,신선도,1,0,0,신선도 호평 다수 (1건)
421341,남해가든,광주,남구,분위기,1,0,0,분위기 호평 다수 (1건)
421342,남해바다,광주,북구,맛,1,0,0,맛 호평 다수 (1건)
421342,남해바다,광주,북구,서비스_친절도,1,0,0,서비스_친절도 호평 다수 (1건)
421342,남해바다,광주,북구,분위기,1,0,0,분위기 호평 다수 (1건)
522939|896744,남해바다횟집,전남,화순군,신선도,1,0,0,신선도 호평 다수 (1건)
517728,남해생선구이,전남,여수시,맛,1,0,0,맛 호평 다수 (1건)
517728,남해생선구이,전남,여수시,신선도,1,0,0,신선도 호평 다수 (1건)
519281,남해수산횟집,전남,보성군,맛,1,0,0,맛 호평 다수 (1건)
519281,남해수산횟집,전남,보성군,신선도,1,0,0,신선도 호평 다수 (1건)
519281,남해수산횟집,전남,보성군,분위기,1,0,0,분위기 호평 다수 (1건)
518172,남해아구,전남,고흥군,맛,1,0,0,맛 호평 다수 (1건)
518172,남해아구,전남,고흥군,신선도,1,0,0,신선도 호평 다수 (1건)
421344,남해장어참숯불구이,광주,광산구,접근성_웨이팅,1,0,0,접근성_웨이팅 호평 다수 (1건)
421346,남해포구,광주,북구,맛,1,0,0,맛 호평 다수 (1건)
518564,남해회수산,전남,구례군,신선도,1,0,0,신선도 호평 다수 (1건)
518564,남해회수산,전남,구례군,양,1,0,0,양 호평 다수 (1건)
521538|895869,낭낭오리집 완도점,전남,완도군,맛,1,0,0,맛 호평 다수 (1건)
521538|895869,낭낭오리집 완도점,전남,완도군,신선도,1,0,0,신선도 호평 다수 (1건)
54e0d9142fbc,낭낭오리집 중동점,전남,광양시,맛,1,0,0,맛 호평 다수 (1건)
421351,낭만 닭곰탕,광주,남구,맛,1,0,0,맛 호평 다수 (1건)
421351,낭만 닭곰탕,광주,남구,분위기,1,0,0,분위기 호평 다수 (1건)
63220d62b393,낭만고래가든,전남,여수시,맛,1,0,0,맛 호평 다수 (1건)
63220d62b393,낭만고래가든,전남,여수시,분위기,1,0,0,분위기 호평 다수 (1건)
421350,낭만구이,광주,북구,분위기,1,0,0,분위기 호평 다수 (1건)
421353,낭만두꺼비,광주,북구,신선도,1,0,0,신선도 호평 다수 (1건)
421354,낭만레코즈,광주,서구,분위기,1,0,0,분위기 호평 다수 (1건)
421355,낭만오리,광주,광산구,신선도,1,0,0,신선도 호평 다수 (1건)
421356,낭만오징어,광주,북구,맛,1,0,0,맛 호평 다수 (1건)
421356,낭만오징어,광주,북구,신선도,1,0,0,신선도 호평 다수 (1건)
421361,낮밥상저녁술상,광주,북구,맛,1,0,0,맛 호평 다수 (1건)
421363,낮에밥상밤에술상,광주,북구,맛,1,0,0,맛 호평 다수 (1건)
421363,낮에밥상밤에술상,광주,북구,분위기,1,0,0,분위기 호평 다수 (1건)
421366|879817,내가백반,광주,서구,접근성_웨이팅,1,0,0,접근성_웨이팅 호평 다수 (1건)
421367,내가본추어탕,광주,북구,맛,1,0,0,맛 호평 다수 (1건)
421367,내가본추어탕,광주,북구,신선도,1,0,0,신선도 호평 다수 (1건)
421367,내가본추어탕,광주,북구,분위기,1,0,0,분위기 호평 다수 (1건)
981a6961901d,내가찜한닭 광주점,광주,북구,맛,1,0,0,맛 호평 다수 (1건)
981a6961901d,내가찜한닭 광주점,광주,북구,신선도,1,0,0,신선도 호평 다수 (1건)
522415|896407,내가찜한코다리 함평점,전남,함평군,맛,1,0,0,맛 호평 다수 (1건)
522415|896407,내가찜한코다리 함평점,전남,함평군,신선도,1,0,0,신선도 호평 다수 (1건)
2f4fa08aa363,내가찜한코다리찜 광주농성점,광주,서구,신선도,1,0,0,신선도 호평 다수 (1건)
2f4fa08aa363,내가찜한코다리찜 광주농성점,광주,서구,접근성_웨이팅,1,0,0,접근성_웨이팅 호평 다수 (1건)
520012,내가찜한코다리찜 삼호점,전남,영암군,맛,1,0,0,맛 호평 다수 (1건)
520012,내가찜한코다리찜 삼호점,전남,영암군,신선도,1,0,0,신선도 호평 다수 (1건)
522704|896578,내가찜한코다리찜 해남점,전남,해남군,맛,1,0,0,맛 호평 다수 (1건)
522704|896578,내가찜한코다리찜 해남점,전남,해남군,신선도,1,0,0,신선도 호평 다수 (1건)
522704|896578,내가찜한코다리찜 해남점,전남,해남군,접근성_웨이팅,1,0,0,접근성_웨이팅 호평 다수 (1건)
421376,내고향국밥,광주,북구,맛,1,0,0,맛 호평 다수 (1건)
421378,내고향다슬기,광주,서구,맛,1,0,0,맛 호평 다수 (1건)
421378,내고향다슬기,광주,서구,신선도,1,0,0,신선도 호평 다수 (1건)
421374,내고향보양탕,광주,서구,신선도,1,0,0,신선도 호평 다수 (1건)
421382,내고향식당,광주,남구,신선도,1,0,0,신선도 호평 다수 (1건)
6b5791e4436c,내마음의풍경,광주,북구,맛,1,0,0,맛 호평 다수 (1건)
6b5791e4436c,내마음의풍경,광주,북구,분위기,1,0,0,분위기 호평 다수 (1건)
421388,내만삼겹살 1인전문삼겹살 동구점,광주,동구,맛,1,0,0,맛 호평 다수 (1건)
421388,내만삼겹살 1인전문삼겹살 동구점,광주,동구,서비스_친절도,1,0,0,서비스_친절도 호평 다수 (1건)
421388,내만삼겹살1인전문삼겹살 동구점,광주,동구,맛,1,0,0,맛 호평 다수 (1건)
421388,내만삼겹살1인전문삼겹살 동구점,광주,동구,신선도,1,0,0,신선도 호평 다수 (1건)
a431a61e1000,내조국 덕례점,전남,광양시,맛,1,0,0,맛 호평 다수 (1건)
1b4dd051638c,내조국 중마점,전남,광양시,양,1,0,0,양 호평 다수 (1건)
517575,내조국국밥 관문점,전남,여수시,맛,1,0,0,맛 호평 다수 (1건)
517575,내조국국밥 관문점,전남,여수시,위생_청결,1,0,0,위생_청결 호평 다수 (1건)
193937,내조국국밥 남구청점,광주,남구,위생_청결,1,0,0,위생_청결 호평 다수 (1건)
193937,내조국국밥 남구청점,광주,남구,서비스_친절도,1,0,0,서비스_친절도 호평 다수 (1건)
517585,내조국국밥 돌산점,전남,여수시,신선도,1,0,0,신선도 호평 다수 (1건)
517585,내조국국밥 돌산점,전남,여수시,양,1,0,0,양 호평 다수 (1건)
522968|896762,내조국국밥 화순점,전남,화순군,분위기,1,0,0,분위기 호평 다수 (1건)
421392,내촌닭집,광주,북구,분위기,1,0,0,분위기 호평 다수 (1건)
537832,낼름,전남,담양군,신선도,1,0,0,신선도 호평 다수 (1건)
efba9e7fd9cc,냉면덕후 북구점,광주,북구,맛,1,0,0,맛 호평 다수 (1건)
efba9e7fd9cc,냉면덕후 북구점,광주,북구,신선도,1,0,0,신선도 호평 다수 (1건)
421396,냉면덕후 첨단점,광주,광산구,맛,1,0,0,맛 호평 다수 (1건)
421396,냉면덕후 첨단점,광주,광산구,신선도,1,0,0,신선도 호평 다수 (1건)
421396,냉면덕후 첨단점,광주,광산구,서비스_친절도,1,0,0,서비스_친절도 호평 다수 (1건)
421396,냉면덕후 첨단점,광주,광산구,분위기,1,0,0,분위기 호평 다수 (1건)
186630,냉면의신,광주,광산구,맛,1,0,0,맛 호평 다수 (1건)
186630,냉면의신,광주,광산구,신선도,1,0,0,신선도 호평 다수 (1건)
522066,냉면쟁이고기꾼,전남,장흥군,신선도,1,0,0,신선도 호평 다수 (1건)
522691,냉면집,전남,해남군,분위기,1,0,0,분위기 호평 다수 (1건)
81663,냠냠꼬마김밥,전남,광양시,맛,1,0,0,맛 호평 다수 (1건)
81663,냠냠꼬마김밥,전남,광양시,신선도,1,0,0,신선도 호평 다수 (1건)
81663,냠냠꼬마김밥,전남,광양시,분위기,1,0,0,분위기 호평 다수 (1건)
421398,너구리알탕아구찜,광주,서구,맛,1,0,0,맛 호평 다수 (1건)
421398,너구리알탕아구찜,광주,서구,신선도,1,0,0,신선도 호평 다수 (1건)
421400,너나들이,광주,북구,맛,1,0,0,맛 호평 다수 (1건)
421400,너나들이,광주,북구,분위기,1,0,0,분위기 호평 다수 (1건)
421405,너랑나랑,광주,북구,맛,1,0,0,맛 호평 다수 (1건)
421405,너랑나랑,광주,북구,신선도,1,0,0,신선도 호평 다수 (1건)
421406,너랑나랑꼬마김밥,광주,북구,맛,1,0,0,맛 호평 다수 (1건)
421406,너랑나랑꼬마김밥,광주,북구,신선도,1,0,0,신선도 호평 다수 (1건)
421407,너랑또한잔,광주,남구,맛,1,0,0,맛 호평 다수 (1건)
421407,너랑또한잔,광주,남구,분위기,1,0,0,분위기 호평 다수 (1건)
421407,너랑또한잔,광주,남구,접근성_웨이팅,1,0,0,접근성_웨이팅 호평 다수 (1건)
421416,너와집,광주,북구,신선도,1,0,0,신선도 호평 다수 (1건)
421420,넘버원마라탕,광주,북구,맛,1,0,0,맛 호평 다수 (1건)
421420,넘버원마라탕,광주,북구,신선도,1,0,0,신선도 호평 다수 (1건)
421424,넝쿨식당,광주,서구,맛,1,0,0,맛 호평 다수 (1건)
421424,넝쿨식당,광주,서구,분위기,1,0,0,분위기 호평 다수 (1건)
07105a18b069,네고치킨,광주,남구,맛,1,0,0,맛 호평 다수 (1건)
07105a18b069,네고치킨,광주,남구,신선도,1,0,0,신선도 호평 다수 (1건)
421460,네바다핫도그,광주,남구,맛,1,0,0,맛 호평 다수 (1건)
421460,네바다핫도그,광주,남구,신선도,1,0,0,신선도 호평 다수 (1건)
421463,네오피자 광주1호점,광주,북구,맛,1,0,0,맛 호평 다수 (1건)
421463,네오피자 광주1호점,광주,북구,신선도,1,0,0,신선도 호평 다수 (1건)
9abfa36b4b6b,네오피자 광주2호점,광주,서구,맛,1,0,0,맛 호평 다수 (1건)
9abfa36b4b6b,네오피자 광주2호점,광주,서구,신선도,1,0,0,신선도 호평 다수 (1건)
9abfa36b4b6b,네오피자 광주2호점,광주,서구,분위기,1,0,0,분위기 호평 다수 (1건)
421462,네오피자 광주삼각점,광주,북구,맛,1,0,0,맛 호평 다수 (1건)
421462,네오피자 광주삼각점,광주,북구,신선도,1,0,0,신선도 호평 다수 (1건)
421462,네오피자 광주삼각점,광주,북구,위생_청결,1,0,0,위생_청결 호평 다수 (1건)
421467,네이처셀캠프 무등산점,광주,동구,맛,1,0,0,맛 호평 다수 (1건)
421473,네츠이,광주,남구,신선도,1,0,0,신선도 호평 다수 (1건)
1e0ec256ec2c,네팔인도레스토랑,광주,광산구,맛,1,0,0,맛 호평 다수 (1건)
421478,넥스트젠푸드,광주,서구,맛,1,0,0,맛 호평 다수 (1건)
521849|896070,노가네족발앤국밥,전남,장흥군,맛,1,0,0,맛 호평 다수 (1건)
521849|896070,노가네족발앤국밥,전남,장흥군,신선도,1,0,0,신선도 호평 다수 (1건)
521849|896070,노가네족발앤국밥,전남,장흥군,서비스_친절도,1,0,0,서비스_친절도 호평 다수 (1건)
521849|896070,노가네족발앤국밥,전남,장흥군,접근성_웨이팅,1,0,0,접근성_웨이팅 호평 다수 (1건)
518575,노고단가든식당,전남,구례군,맛,1,0,0,맛 호평 다수 (1건)
518575,노고단가든식당,전남,구례군,신선도,1,0,0,신선도 호평 다수 (1건)
421493,노군꼬치 구시청점,광주,동구,맛,1,0,0,맛 호평 다수 (1건)
421493,노군꼬치 구시청점,광주,동구,분위기,1,0,0,분위기 호평 다수 (1건)
421495,노군꼬치 용봉점,광주,북구,맛,1,0,0,맛 호평 다수 (1건)
421495,노군꼬치 용봉점,광주,북구,신선도,1,0,0,신선도 호평 다수 (1건)
421496,노군꼬치 첨단점,광주,광산구,맛,1,0,0,맛 호평 다수 (1건)
421496,노군꼬치 첨단점,광주,광산구,분위기,1,0,0,분위기 호평 다수 (1건)
421496,노군꼬치 첨단점,광주,광산구,접근성_웨이팅,1,0,0,접근성_웨이팅 호평 다수 (1건)
517438,노다지,전남,순천시,맛,1,0,0,맛 호평 다수 (1건)
517438,노다지,전남,순천시,신선도,1,0,0,신선도 호평 다수 (1건)
518085,노다지식당,전남,고흥군,맛,1,0,0,맛 호평 다수 (1건)
518085,노다지식당,전남,고흥군,신선도,1,0,0,신선도 호평 다수 (1건)
518085,노다지식당,전남,고흥군,분위기,1,0,0,분위기 호평 다수 (1건)
521505,노다지야식,전남,완도군,맛,1,0,0,맛 호평 다수 (1건)
521505,노다지야식,전남,완도군,신선도,1,0,0,신선도 호평 다수 (1건)
421507|426603,노다지추어탕,광주,서구,맛,1,0,0,맛 호평 다수 (1건)
421507|426603,노다지추어탕,광주,서구,신선도,1,0,0,신선도 호평 다수 (1건)
421509,노닥거리 신가큰별점,광주,광산구,신선도,1,0,0,신선도 호평 다수 (1건)
421509,노닥거리 신가큰별점,광주,광산구,서비스_친절도,1,0,0,서비스_친절도 호평 다수 (1건)
421512|879819,노대분식,광주,남구,분위기,1,0,0,분위기 호평 다수 (1건)
421514,노대장어,광주,남구,맛,1,0,0,맛 호평 다수 (1건)
421514,노대장어,광주,남구,신선도,1,0,0,신선도 호평 다수 (1건)
421514,노대장어,광주,남구,가격,1,0,0,가격 호평 다수 (1건)
421515|879522|879820,노대주막,광주,남구,분위기,1,0,0,분위기 호평 다수 (1건)
519173|895425,노랑고래 꽈배기,전남,보성군,맛,1,0,0,맛 호평 다수 (1건)
519173|895425,노랑고래 꽈배기,전남,보성군,신선도,1,0,0,신선도 호평 다수 (1건)
519173|895425,노랑고래 꽈배기,전남,보성군,접근성_웨이팅,1,0,0,접근성_웨이팅 호평 다수 (1건)
524061|836960,노랑고래 여서점,전남,여수시,맛,1,0,0,맛 호평 다수 (1건)
523161|836688,노랑고래 찹쌀꽈배기 광영점,전남,광양시,신선도,1,0,0,신선도 호평 다수 (1건)
523977|836873,노랑고래 찹쌀꽈배기 여수중앙점,전남,여수시,맛,1,0,0,맛 호평 다수 (1건)
523977|836873,노랑고래 찹쌀꽈배기 여수중앙점,전남,여수시,위생_청결,1,0,0,위생_청결 호평 다수 (1건)
523977|836873,노랑고래 찹쌀꽈배기 여수중앙점,전남,여수시,서비스_친절도,1,0,0,서비스_친절도 호평 다수 (1건)
523977|836873,노랑고래 찹쌀꽈배기 여수중앙점,전남,여수시,분위기,1,0,0,분위기 호평 다수 (1건)
524048|836950,노랑고래 학동점,전남,여수시,서비스_친절도,1,0,0,서비스_친절도 호평 다수 (1건)
524048|836950,노랑고래 학동점,전남,여수시,분위기,1,0,0,분위기 호평 다수 (1건)
421520,노랑양판,광주,광산구,서비스_친절도,1,0,0,서비스_친절도 호평 다수 (1건)
421520,노랑양판,광주,광산구,분위기,1,0,0,분위기 호평 다수 (1건)
421547,노릇노릇식당,광주,북구,신선도,1,0,0,신선도 호평 다수 (1건)
421547,노릇노릇식당,광주,북구,서비스_친절도,1,0,0,서비스_친절도 호평 다수 (1건)
524027|836871,노브마치,전남,여수시,맛,1,0,0,맛 호평 다수 (1건)
d009c823b13d,노브펩,광주,광산구,맛,1,0,0,맛 호평 다수 (1건)
d009c823b13d,노브펩,광주,광산구,신선도,1,0,0,신선도 호평 다수 (1건)
d009c823b13d,노브펩,광주,광산구,분위기,1,0,0,분위기 호평 다수 (1건)
518144,노블레스,전남,고흥군,분위기,1,0,0,분위기 호평 다수 (1건)
421561,노블차이,광주,광산구,신선도,1,0,0,신선도 호평 다수 (1건)
421564,노상치킨 광주매곡점,광주,북구,신선도,1,0,0,신선도 호평 다수 (1건)
521853|896072,노송족발&철판,전남,장흥군,맛,1,0,0,맛 호평 다수 (1건)
521853|896072,노송족발&철판,전남,장흥군,신선도,1,0,0,신선도 호평 다수 (1건)
521853|896072,노송족발&철판,전남,장흥군,양,1,0,0,양 호평 다수 (1건)
524038,노아스로스팅 여수롯데몰점,전남,여수시,분위기,1,0,0,분위기 호평 다수 (1건)
421567|428471,노안3대 나주곰탕,광주,서구,맛,1,0,0,맛 호평 다수 (1건)
421113|879812,노안골나주곰탕,광주,남구,신선도,1,0,0,신선도 호평 다수 (1건)
421113|879812,노안골나주곰탕,광주,남구,서비스_친절도,1,0,0,서비스_친절도 호평 다수 (1건)
421568,노을,광주,남구,맛,1,0,0,맛 호평 다수 (1건)
421568,노을,광주,남구,서비스_친절도,1,0,0,서비스_친절도 호평 다수 (1건)
421568,노을,광주,남구,분위기,1,0,0,분위기 호평 다수 (1건)
81953,노을식당,전남,영광군,신선도,1,0,0,신선도 호평 다수 (1건)
518165,녹동별난국밥,전남,고흥군,맛,1,0,0,맛 호평 다수 (1건)
518165,녹동별난국밥,전남,고흥군,신선도,1,0,0,신선도 호평 다수 (1건)
421576,녹동숯불갈비,광주,동구,신선도,1,0,0,신선도 호평 다수 (1건)
421577,녹동앞바다,광주,동구,맛,1,0,0,맛 호평 다수 (1건)
421577,녹동앞바다,광주,동구,신선도,1,0,0,신선도 호평 다수 (1건)
518180,녹동오늘감사한끼,전남,고흥군,맛,1,0,0,맛 호평 다수 (1건)
518180,녹동오늘감사한끼,전남,고흥군,접근성_웨이팅,1,0,0,접근성_웨이팅 호평 다수 (1건)
518011,녹동항횟집,전남,고흥군,맛,1,0,0,맛 호평 다수 (1건)
518011,녹동항횟집,전남,고흥군,신선도,1,0,0,신선도 호평 다수 (1건)
190715,녹동횟집,광주,광산구,신선도,1,0,0,신선도 호평 다수 (1건)
519343,녹차골우리집,전남,보성군,맛,1,0,0,맛 호평 다수 (1건)
519315|895541,녹차장어가든,전남,보성군,분위기,1,0,0,분위기 호평 다수 (1건)
519330|895552,녹차호떡,전남,보성군,맛,1,0,0,맛 호평 다수 (1건)
519330|895552,녹차호떡,전남,보성군,신선도,1,0,0,신선도 호평 다수 (1건)
519177|895428,녹황우식당,전남,보성군,가격,1,0,0,가격 호평 다수 (1건)
421584,논두렁추어탕,광주,동구,신선도,1,0,0,신선도 호평 다수 (1건)
523940,놀,전남,순천시,맛,1,0,0,맛 호평 다수 (1건)
519425|895621,농가옛날통닭 신안점,전남,신안군,서비스_친절도,1,0,0,서비스_친절도 호평 다수 (1건)
518400,농부밥상산책,전남,곡성군,신선도,1,0,0,신선도 호평 다수 (1건)
421621,농성국밥전문점,광주,서구,맛,1,0,0,맛 호평 다수 (1건)
421621,농성국밥전문점,광주,서구,신선도,1,0,0,신선도 호평 다수 (1건)
421623,농성통닭,광주,서구,신선도,1,0,0,신선도 호평 다수 (1건)
421623,농성통닭,광주,서구,서비스_친절도,1,0,0,서비스_친절도 호평 다수 (1건)
421626,농장다리,광주,동구,신선도,1,0,0,신선도 호평 다수 (1건)
421626,농장다리,광주,동구,서비스_친절도,1,0,0,서비스_친절도 호평 다수 (1건)
ccb34f0bdd33,누구나홀딱반한닭 광양중동점,전남,광양시,맛,1,0,0,맛 호평 다수 (1건)
421628,누나김밥 본점,광주,광산구,맛,1,0,0,맛 호평 다수 (1건)
421629|879822,누나김밥 화정동점,광주,서구,신선도,1,0,0,신선도 호평 다수 (1건)
421629|879822,누나김밥 화정동점,광주,서구,가격,1,0,0,가격 호평 다수 (1건)
421632,누나네 연탄구이,광주,서구,분위기,1,0,0,분위기 호평 다수 (1건)
421633|879823,누나네창평국밥,광주,남구,신선도,1,0,0,신선도 호평 다수 (1건)
054a13db084f,누렁상회,전남,광양시,맛,1,0,0,맛 호평 다수 (1건)
522649|896543,누룩꽃피는날 구교점,전남,해남군,맛,1,0,0,맛 호평 다수 (1건)
522649|896543,누룩꽃피는날 구교점,전남,해남군,분위기,1,0,0,분위기 호평 다수 (1건)
421638|425764,누룩꽃피는날 상무점,광주,서구,신선도,1,0,0,신선도 호평 다수 (1건)
421638|425764,누룩꽃피는날 상무점,광주,서구,분위기,1,0,0,분위기 호평 다수 (1건)
421641,누리네식당,광주,북구,맛,1,0,0,맛 호평 다수 (1건)
421641,누리네식당,광주,북구,분위기,1,0,0,분위기 호평 다수 (1건)
421642,누리한식,광주,서구,맛,1,0,0,맛 호평 다수 (1건)
421642,누리한식,광주,서구,신선도,1,0,0,신선도 호평 다수 (1건)
421646,눈과입이즐거운 짬뽕집,광주,북구,분위기,1,0,0,분위기 호평 다수 (1건)
421647,눈꽃꽈배기,광주,북구,신선도,1,0,0,신선도 호평 다수 (1건)
421650|879824,눈치꼬치,광주,광산구,신선도,1,0,0,신선도 호평 다수 (1건)
520036,뉴 장충동왕족발보쌈,전남,영암군,맛,1,0,0,맛 호평 다수 (1건)
520036,뉴 장충동왕족발보쌈,전남,영암군,서비스_친절도,1,0,0,서비스_친절도 호평 다수 (1건)
519382|895587,뉴곰돌이야식,전남,보성군,서비스_친절도,1,0,0,서비스_친절도 호평 다수 (1건)
519382|895587,뉴곰돌이야식,전남,보성군,접근성_웨이팅,1,0,0,접근성_웨이팅 호평 다수 (1건)
421653,뉴무등골전집,광주,북구,맛,1,0,0,맛 호평 다수 (1건)
421654,뉴서울푸드,광주,서구,신선도,1,0,0,신선도 호평 다수 (1건)
421655|879825,뉴서해수산,광주,남구,신선도,1,0,0,신선도 호평 다수 (1건)
fd9ed481f1e0,뉴욕버거 광주광산점,광주,광산구,맛,1,0,0,맛 호평 다수 (1건)
fd9ed481f1e0,뉴욕버거 광주광산점,광주,광산구,신선도,1,0,0,신선도 호평 다수 (1건)
421664,뉴욕피자서구점,광주,서구,맛,1,0,0,맛 호평 다수 (1건)
421664,뉴욕피자서구점,광주,서구,신선도,1,0,0,신선도 호평 다수 (1건)
421664,뉴욕피자서구점,광주,서구,분위기,1,0,0,분위기 호평 다수 (1건)
521644|895943,뉴황제,전남,장성군,위생_청결,1,0,0,위생_청결 호평 다수 (1건)
421668,느그집 송정점,광주,광산구,맛,1,0,0,맛 호평 다수 (1건)
421668,느그집 송정점,광주,광산구,분위기,1,0,0,분위기 호평 다수 (1건)
521496,느루조개공방,전남,완도군,신선도,1,0,0,신선도 호평 다수 (1건)
524206,늘봄,전남,영암군,맛,1,0,0,맛 호평 다수 (1건)
524206,늘봄,전남,영암군,신선도,1,0,0,신선도 호평 다수 (1건)
524206,늘봄,전남,영암군,분위기,1,0,0,분위기 호평 다수 (1건)
421679,늘솜뷔페,광주,서구,맛,1,0,0,맛 호평 다수 (1건)
421679,늘솜뷔페,광주,서구,신선도,1,0,0,신선도 호평 다수 (1건)
421679,늘솜뷔페,광주,서구,분위기,1,0,0,분위기 호평 다수 (1건)
421680,늘솜키친,광주,광산구,신선도,1,0,0,신선도 호평 다수 (1건)
421680,늘솜키친,광주,광산구,접근성_웨이팅,1,0,0,접근성_웨이팅 호평 다수 (1건)
532662,늘푸른대숲,전남,담양군,분위기,1,0,0,분위기 호평 다수 (1건)
532662,늘푸른대숲,전남,담양군,접근성_웨이팅,1,0,0,접근성_웨이팅 호평 다수 (1건)
517614,늘푸른식당 게장백반,전남,여수시,신선도,1,0,0,신선도 호평 다수 (1건)
421685,늘푸른회관,광주,북구,신선도,1,0,0,신선도 호평 다수 (1건)
421687,능라면옥,광주,광산구,맛,1,0,0,맛 호평 다수 (1건)
421687,능라면옥,광주,광산구,분위기,1,0,0,분위기 호평 다수 (1건)
421688,능이들깨백숙,광주,북구,서비스_친절도,1,0,0,서비스_친절도 호평 다수 (1건)
421688,능이들깨백숙,광주,북구,분위기,1,0,0,분위기 호평 다수 (1건)
421689,능이애꽃,광주,북구,맛,1,0,0,맛 호평 다수 (1건)
421689,능이애꽃,광주,북구,신선도,1,0,0,신선도 호평 다수 (1건)
fb6cd400233d,능이향,전남,나주시,신선도,1,0,0,신선도 호평 다수 (1건)
421690,니꾸소 용봉점,광주,북구,신선도,1,0,0,신선도 호평 다수 (1건)
421690,니꾸소 용봉점,광주,북구,분위기,1,0,0,분위기 호평 다수 (1건)
421696,니조시장,광주,광산구,맛,1,0,0,맛 호평 다수 (1건)
421696,니조시장,광주,광산구,신선도,1,0,0,신선도 호평 다수 (1건)
421697,니코니코니,광주,광산구,맛,1,0,0,맛 호평 다수 (1건)
421697,니코니코니,광주,광산구,서비스_친절도,1,0,0,서비스_친절도 호평 다수 (1건)
d936f8014b01,다가오다,전남,구례군,맛,1,0,0,맛 호평 다수 (1건)
6d6ea5ed603b,다경반찬,광주,북구,신선도,1,0,0,신선도 호평 다수 (1건)
421703,다굽스,광주,북구,서비스_친절도,1,0,0,서비스_친절도 호평 다수 (1건)
518145,다기닭 동강점,전남,고흥군,맛,1,0,0,맛 호평 다수 (1건)
518145,다기닭 동강점,전남,고흥군,서비스_친절도,1,0,0,서비스_친절도 호평 다수 (1건)
518145,다기닭 동강점,전남,고흥군,접근성_웨이팅,1,0,0,접근성_웨이팅 호평 다수 (1건)
421704,다기야 금호점,광주,서구,신선도,1,0,0,신선도 호평 다수 (1건)
421704,다기야 금호점,광주,서구,서비스_친절도,1,0,0,서비스_친절도 호평 다수 (1건)
421706,다다 전대점,광주,북구,맛,1,0,0,맛 호평 다수 (1건)
522889|896707,다다미,전남,화순군,맛,1,0,0,맛 호평 다수 (1건)
522889|896707,다다미,전남,화순군,서비스_친절도,1,0,0,서비스_친절도 호평 다수 (1건)
9600,다다한정식&다다꽃살게장,전남,여수시,분위기,1,0,0,분위기 호평 다수 (1건)
9600,다다한정식&다다꽃살게장,전남,여수시,접근성_웨이팅,1,0,0,접근성_웨이팅 호평 다수 (1건)
b3daed994fdd,다담골숯불갈비,전남,나주시,맛,1,0,0,맛 호평 다수 (1건)
421715,다도해 생선구이,광주,광산구,맛,1,0,0,맛 호평 다수 (1건)
421715,다도해 생선구이,광주,광산구,신선도,1,0,0,신선도 호평 다수 (1건)
522613|896516,다도해,전남,해남군,맛,1,0,0,맛 호평 다수 (1건)
522613|896516,다도해,전남,해남군,신선도,1,0,0,신선도 호평 다수 (1건)
522613|896516,다도해,전남,해남군,양,1,0,0,양 호평 다수 (1건)
522613|896516,다도해,전남,해남군,분위기,1,0,0,분위기 호평 다수 (1건)
421714,다도해물나라,광주,서구,신선도,1,0,0,신선도 호평 다수 (1건)
517622,다도해식당 여수엑스포점,전남,여수시,맛,1,0,0,맛 호평 다수 (1건)
517622,다도해식당 여수엑스포점,전남,여수시,접근성_웨이팅,1,0,0,접근성_웨이팅 호평 다수 (1건)
520126,다도해회구이센터,전남,완도군,신선도,1,0,0,신선도 호평 다수 (1건)
520126,다도해회구이센터,전남,완도군,가격,1,0,0,가격 호평 다수 (1건)
520126,다도해회구이센터,전남,완도군,양,1,0,0,양 호평 다수 (1건)
fbbc2a2c6ceb,다도횟집,광주,동구,맛,1,0,0,맛 호평 다수 (1건)
fbbc2a2c6ceb,다도횟집,광주,동구,신선도,1,0,0,신선도 호평 다수 (1건)
fbbc2a2c6ceb,다도횟집,광주,동구,접근성_웨이팅,1,0,0,접근성_웨이팅 호평 다수 (1건)
421716,다라르까까점,광주,북구,맛,1,0,0,맛 호평 다수 (1건)
421716,다라르까까점,광주,북구,분위기,1,0,0,분위기 호평 다수 (1건)
421717,다라실,광주,서구,접근성_웨이팅,0,1,0,접근성_웨이팅 언급 (1건)
519642,다랑가지,전남,영광군,접근성_웨이팅,1,0,0,접근성_웨이팅 호평 다수 (1건)
421728,다래성,광주,서구,신선도,1,0,0,신선도 호평 다수 (1건)
c95440a8a17a,다래식당,전남,구례군,맛,1,0,0,맛 호평 다수 (1건)
c95440a8a17a,다래식당,전남,구례군,신선도,1,0,0,신선도 호평 다수 (1건)
421735,다르다김밥광주신세계점,광주,서구,맛,1,0,0,맛 호평 다수 (1건)
421735,다르다김밥광주신세계점,광주,서구,신선도,1,0,0,신선도 호평 다수 (1건)
361042|421736,다르다김밥주먹밥 수완직영점,광주,광산구,신선도,1,0,0,신선도 호평 다수 (1건)
d5a53515fe7d,다름국밥곱창구이,전남,나주시,신선도,1,0,0,신선도 호평 다수 (1건)
d5a53515fe7d,다름국밥곱창구이,전남,나주시,위생_청결,1,0,0,위생_청결 호평 다수 (1건)
421738,다림보쌈,광주,북구,맛,1,0,0,맛 호평 다수 (1건)
421738,다림보쌈,광주,북구,분위기,1,0,0,분위기 호평 다수 (1건)
421742,다맛있는집,광주,광산구,맛,1,0,0,맛 호평 다수 (1건)
421742,다맛있는집,광주,광산구,분위기,1,0,0,분위기 호평 다수 (1건)
496f4ac6d676,다모레,광주,서구,분위기,1,0,0,분위기 호평 다수 (1건)
496f4ac6d676,다모레,광주,서구,접근성_웨이팅,1,0,0,접근성_웨이팅 호평 다수 (1건)
521687|895971,다모아보쌈웰빙수제비,전남,장성군,맛,1,0,0,맛 호평 다수 (1건)
521687|895971,다모아보쌈웰빙수제비,전남,장성군,신선도,1,0,0,신선도 호평 다수 (1건)
421747,다모임,광주,북구,분위기,1,0,0,분위기 호평 다수 (1건)
421748,다모토리집,광주,서구,맛,1,0,0,맛 호평 다수 (1건)
421752|435547,다미,광주,북구,맛,1,0,0,맛 호평 다수 (1건)
421752|435547,다미,광주,북구,신선도,1,0,0,신선도 호평 다수 (1건)
421752|435547,다미,광주,북구,분위기,1,0,0,분위기 호평 다수 (1건)
421755,다미식당,광주,동구,서비스_친절도,1,0,0,서비스_친절도 호평 다수 (1건)
421756,다미원,광주,동구,서비스_친절도,1,0,0,서비스_친절도 호평 다수 (1건)
421756,다미원,광주,동구,분위기,1,0,0,분위기 호평 다수 (1건)
421757,다미일식,광주,광산구,맛,1,0,0,맛 호평 다수 (1건)
421757,다미일식,광주,광산구,신선도,1,0,0,신선도 호평 다수 (1건)
523871,다반사,전남,순천시,신선도,1,0,0,신선도 호평 다수 (1건)
dbe310ac9025,다복가든,전남,나주시,맛,1,0,0,맛 호평 다수 (1건)
dbe310ac9025,다복가든,전남,나주시,분위기,1,0,0,분위기 호평 다수 (1건)
421763,다복식당,광주,광산구,맛,1,0,0,맛 호평 다수 (1건)
421764,다복육개장,광주,북구,맛,1,0,0,맛 호평 다수 (1건)
421764,다복육개장,광주,북구,분위기,1,0,0,분위기 호평 다수 (1건)
421765,다복정,광주,북구,신선도,1,0,0,신선도 호평 다수 (1건)
421765,다복정,광주,북구,분위기,1,0,0,분위기 호평 다수 (1건)
521947|896140,다복찜전문점,전남,장흥군,신선도,1,0,0,신선도 호평 다수 (1건)
421766,다복촌,광주,서구,신선도,1,0,0,신선도 호평 다수 (1건)
421766,다복촌,광주,서구,분위기,1,0,0,분위기 호평 다수 (1건)
9367,다부,광주,서구,맛,1,0,0,맛 호평 다수 (1건)
9367,다부,광주,서구,신선도,1,0,0,신선도 호평 다수 (1건)
421772,다비네식당,광주,북구,맛,1,0,0,맛 호평 다수 (1건)
421772,다비네식당,광주,북구,서비스_친절도,1,0,0,서비스_친절도 호평 다수 (1건)
9603,다비다회관,전남,순천시,맛,1,0,0,맛 호평 다수 (1건)
9603,다비다회관,전남,순천시,분위기,1,0,0,분위기 호평 다수 (1건)
421777,다사랑치킨금호풍암점,광주,서구,맛,1,0,0,맛 호평 다수 (1건)
421777,다사랑치킨금호풍암점,광주,서구,신선도,1,0,0,신선도 호평 다수 (1건)
421778|435842,다사랑치킨피자 진월점,광주,남구,위생_청결,1,0,0,위생_청결 호평 다수 (1건)
421778|435842,다사랑치킨피자 진월점,광주,남구,서비스_친절도,1,0,0,서비스_친절도 호평 다수 (1건)
421779,다사롭,광주,서구,맛,1,0,0,맛 호평 다수 (1건)
421779,다사롭,광주,서구,분위기,1,0,0,분위기 호평 다수 (1건)
421780,다선,광주,동구,맛,1,0,0,맛 호평 다수 (1건)
421780,다선,광주,동구,분위기,1,0,0,분위기 호평 다수 (1건)
421781,다섬아구찜,광주,북구,신선도,1,0,0,신선도 호평 다수 (1건)
421781,다섬아구찜,광주,북구,분위기,1,0,0,분위기 호평 다수 (1건)
421785,다수니와플 남구점,광주,남구,맛,1,0,0,맛 호평 다수 (1건)
421787,다슬이네순대족발,광주,서구,신선도,1,0,0,신선도 호평 다수 (1건)
421790,다시식당,광주,동구,신선도,1,0,0,신선도 호평 다수 (1건)
421790,다시식당,광주,동구,서비스_친절도,1,0,0,서비스_친절도 호평 다수 (1건)
421790,다시식당,광주,동구,분위기,1,0,0,분위기 호평 다수 (1건)
421791,다시식육식당,광주,남구,신선도,1,0,0,신선도 호평 다수 (1건)
421791,다시식육식당,광주,남구,분위기,1,0,0,분위기 호평 다수 (1건)
523424|837258,다시옴,전남,나주시,신선도,1,0,0,신선도 호평 다수 (1건)
421795,다오니팬피자 산수점,광주,동구,맛,1,0,0,맛 호평 다수 (1건)
421795,다오니팬피자 산수점,광주,동구,신선도,1,0,0,신선도 호평 다수 (1건)
421795,다오니팬피자 산수점,광주,동구,분위기,1,0,0,분위기 호평 다수 (1건)
421802,다온 퓨전한정식,광주,북구,신선도,1,0,0,신선도 호평 다수 (1건)
421806,다온,광주,서구,신선도,1,0,0,신선도 호평 다수 (1건)
421806,다온,광주,서구,서비스_친절도,1,0,0,서비스_친절도 호평 다수 (1건)
421807,다온수산,광주,서구,신선도,1,0,0,신선도 호평 다수 (1건)
421807,다온수산,광주,서구,위생_청결,1,0,0,위생_청결 호평 다수 (1건)
522177|896275,다온식당,전남,진도군,맛,1,0,0,맛 호평 다수 (1건)
522177|896275,다온식당,전남,진도군,신선도,1,0,0,신선도 호평 다수 (1건)
522177|896275,다온식당,전남,진도군,분위기,1,0,0,분위기 호평 다수 (1건)
421808,다온쌀국수,광주,광산구,신선도,1,0,0,신선도 호평 다수 (1건)
421808,다온쌀국수,광주,광산구,분위기,1,0,0,분위기 호평 다수 (1건)
421809,다온장어,광주,북구,맛,1,0,0,맛 호평 다수 (1건)
421809,다온장어,광주,북구,신선도,1,0,0,신선도 호평 다수 (1건)
c04ff25aefe9,다온장어수산,광주,북구,신선도,1,0,0,신선도 호평 다수 (1건)
c04ff25aefe9,다온장어수산,광주,북구,분위기,1,0,0,분위기 호평 다수 (1건)
521621|895924,다온정,전남,장성군,맛,1,0,0,맛 호평 다수 (1건)
421815,다올,광주,서구,신선도,1,0,0,신선도 호평 다수 (1건)
517786,다올우리콩두부사랑,전남,강진군,맛,1,0,0,맛 호평 다수 (1건)
4dd888ee42cc,다옴갈비,전남,광양시,맛,1,0,0,맛 호평 다수 (1건)
421818,다와,광주,광산구,맛,1,0,0,맛 호평 다수 (1건)
b6313c35ff16,다우닝룸,전남,목포시,맛,1,0,0,맛 호평 다수 (1건)
b6313c35ff16,다우닝룸,전남,목포시,가격,1,0,0,가격 호평 다수 (1건)
422670,다우도시락맛집,광주,동구,맛,1,0,0,맛 호평 다수 (1건)
422670,다우도시락맛집,광주,동구,신선도,1,0,0,신선도 호평 다수 (1건)
aeba9d62db1d,다우리 광양점,전남,광양시,맛,1,0,0,맛 호평 다수 (1건)
aeba9d62db1d,다우리 광양점,전남,광양시,신선도,1,0,0,신선도 호평 다수 (1건)
aeba9d62db1d,다우리 광양점,전남,광양시,분위기,1,0,0,분위기 호평 다수 (1건)
421823,다운타운,광주,서구,분위기,1,0,0,분위기 호평 다수 (1건)
519436|895630,다은식당,전남,신안군,신선도,1,0,0,신선도 호평 다수 (1건)
519436|895630,다은식당,전남,신안군,서비스_친절도,1,0,0,서비스_친절도 호평 다수 (1건)
191237,다이닝오라,광주,북구,맛,1,0,0,맛 호평 다수 (1건)
191237,다이닝오라,광주,북구,신선도,1,0,0,신선도 호평 다수 (1건)
191237,다이닝오라,광주,북구,분위기,1,0,0,분위기 호평 다수 (1건)
84b8fb97c26d,다이닝펍 수담,전남,목포시,분위기,1,0,0,분위기 호평 다수 (1건)
421846,다인,광주,동구,신선도,1,0,0,신선도 호평 다수 (1건)
421851,다정식당,광주,광산구,맛,1,0,0,맛 호평 다수 (1건)
421851,다정식당,광주,광산구,신선도,1,0,0,신선도 호평 다수 (1건)
423257,다정푸드 뒤집고,광주,남구,맛,1,0,0,맛 호평 다수 (1건)
423257,다정푸드 뒤집고,광주,남구,서비스_친절도,1,0,0,서비스_친절도 호평 다수 (1건)
421854,다정한미가,광주,북구,맛,1,0,0,맛 호평 다수 (1건)
421854,다정한미가,광주,북구,서비스_친절도,1,0,0,서비스_친절도 호평 다수 (1건)
421854,다정한미가,광주,북구,분위기,1,0,0,분위기 호평 다수 (1건)
421860,다크호스 광천대림점,광주,서구,맛,1,0,0,맛 호평 다수 (1건)
421860,다크호스 광천대림점,광주,서구,분위기,1,0,0,분위기 호평 다수 (1건)
421864,다크호스,광주,서구,신선도,1,0,0,신선도 호평 다수 (1건)
421864,다크호스,광주,서구,분위기,1,0,0,분위기 호평 다수 (1건)
421865,다크호스북구우산점,광주,북구,서비스_친절도,1,0,0,서비스_친절도 호평 다수 (1건)
421865,다크호스북구우산점,광주,북구,분위기,1,0,0,분위기 호평 다수 (1건)
421868,다함께,광주,북구,분위기,1,0,0,분위기 호평 다수 (1건)
383fe8644693,다해국밥,광주,남구,맛,1,0,0,맛 호평 다수 (1건)
383fe8644693,다해국밥,광주,남구,분위기,1,0,0,분위기 호평 다수 (1건)
421871,다해정,광주,광산구,서비스_친절도,1,0,0,서비스_친절도 호평 다수 (1건)
421871,다해정,광주,광산구,분위기,1,0,0,분위기 호평 다수 (1건)
421873,다향,광주,북구,맛,1,0,0,맛 호평 다수 (1건)
421873,다향,광주,북구,신선도,1,0,0,신선도 호평 다수 (1건)
519360|895572,다향떡갈비,전남,보성군,접근성_웨이팅,1,0,0,접근성_웨이팅 호평 다수 (1건)
9605,다향보성녹돈전문점,전남,보성군,신선도,1,0,0,신선도 호평 다수 (1건)
421877|879828,다홍치마,광주,북구,맛,1,0,0,맛 호평 다수 (1건)
421878,다훈이네 삼겹살,광주,동구,맛,1,0,0,맛 호평 다수 (1건)
421878,다훈이네 삼겹살,광주,동구,신선도,1,0,0,신선도 호평 다수 (1건)
421878,다훈이네 삼겹살,광주,동구,가격,1,0,0,가격 호평 다수 (1건)
421879,닥엔돈스 광주수완점,광주,광산구,맛,1,0,0,맛 호평 다수 (1건)
421879,닥엔돈스 광주수완점,광주,광산구,신선도,1,0,0,신선도 호평 다수 (1건)
421879,닥엔돈스 광주수완점,광주,광산구,위생_청결,1,0,0,위생_청결 호평 다수 (1건)
421881,닥엔돈스쪽갈비 광주효천점,광주,남구,맛,1,0,0,맛 호평 다수 (1건)
421881,닥엔돈스쪽갈비 광주효천점,광주,남구,신선도,1,0,0,신선도 호평 다수 (1건)
519251|895491,단골식당,전남,보성군,분위기,1,0,0,분위기 호평 다수 (1건)
519251|895491,단골식당,전남,보성군,재방문의사,1,0,0,재방문의사 호평 다수 (1건)
421890,단골집,광주,남구,신선도,1,0,0,신선도 호평 다수 (1건)
421890,단골집,광주,남구,재방문의사,1,0,0,재방문의사 호평 다수 (1건)
522497|896444,단막골,전남,함평군,맛,1,0,0,맛 호평 다수 (1건)
522497|896444,단막골,전남,함평군,분위기,1,0,0,분위기 호평 다수 (1건)
ddea87f64452,단비콩,전남,광양시,서비스_친절도,1,0,0,서비스_친절도 호평 다수 (1건)
421899,단술,광주,북구,맛,1,0,0,맛 호평 다수 (1건)
421899,단술,광주,북구,분위기,1,0,0,분위기 호평 다수 (1건)
421899,단술,광주,북구,접근성_웨이팅,1,0,0,접근성_웨이팅 호평 다수 (1건)
421900,단아 아구찜,광주,남구,신선도,1,0,0,신선도 호평 다수 (1건)
421901,단아아구찜 서구점,광주,서구,맛,1,0,0,맛 호평 다수 (1건)
421901,단아아구찜 서구점,광주,서구,신선도,1,0,0,신선도 호평 다수 (1건)
522486,단이네,전남,함평군,맛,1,0,0,맛 호평 다수 (1건)
93ebfc042c1b,단지,전남,나주시,맛,1,0,0,맛 호평 다수 (1건)
93ebfc042c1b,단지,전남,나주시,양,1,0,0,양 호평 다수 (1건)
522383|896390,단팥 1960,전남,함평군,맛,1,0,0,맛 호평 다수 (1건)
537655,단풍이온다,전남,장성군,신선도,1,0,0,신선도 호평 다수 (1건)
522884|896703,달가,전남,화순군,맛,1,0,0,맛 호평 다수 (1건)
522884|896703,달가,전남,화순군,분위기,1,0,0,분위기 호평 다수 (1건)
421907,달고나클라쓰,광주,광산구,맛,1,0,0,맛 호평 다수 (1건)
421908,달고양이루나,광주,남구,양,1,0,0,양 호평 다수 (1건)
421910,달곰식당,광주,동구,맛,1,0,0,맛 호평 다수 (1건)
421910,달곰식당,광주,동구,신선도,1,0,0,신선도 호평 다수 (1건)
421915,달구고,광주,서구,신선도,1,0,0,신선도 호평 다수 (1건)
5f022ac5576f,달구벌 나폴리피자,광주,북구,맛,1,0,0,맛 호평 다수 (1건)
5f022ac5576f,달구벌 나폴리피자,광주,북구,신선도,1,0,0,신선도 호평 다수 (1건)
519331,달국자,전남,보성군,신선도,1,0,0,신선도 호평 다수 (1건)
421919,달궁전집,광주,북구,맛,1,0,0,맛 호평 다수 (1건)
516439,달달한온도 풍암직영점,광주,서구,맛,1,0,0,맛 호평 다수 (1건)
516439,달달한온도 풍암직영점,광주,서구,신선도,1,0,0,신선도 호평 다수 (1건)
516439,달달한온도 풍암직영점,광주,서구,접근성_웨이팅,1,0,0,접근성_웨이팅 호평 다수 (1건)
421933,달떡볶이 광주광산점,광주,광산구,맛,1,0,0,맛 호평 다수 (1건)
517824,달롱작,전남,강진군,신선도,1,0,0,신선도 호평 다수 (1건)
421954,달밤,광주,서구,서비스_친절도,1,0,0,서비스_친절도 호평 다수 (1건)
421954,달밤,광주,서구,분위기,1,0,0,분위기 호평 다수 (1건)
4a05fb419892,달봉이회수산 매곡점,광주,북구,맛,1,0,0,맛 호평 다수 (1건)
4a05fb419892,달봉이회수산 매곡점,광주,북구,신선도,1,0,0,신선도 호평 다수 (1건)
4a05fb419892,달봉이회수산 매곡점,광주,북구,가격,1,0,0,가격 호평 다수 (1건)
4a05fb419892,달봉이회수산 매곡점,광주,북구,양,1,0,0,양 호평 다수 (1건)
523316,달빛가원,전남,나주시,맛,1,0,0,맛 호평 다수 (1건)
522979|896768,달빛갈치,전남,화순군,맛,1,0,0,맛 호평 다수 (1건)
522979|896768,달빛갈치,전남,화순군,신선도,1,0,0,신선도 호평 다수 (1건)
524057,달빛여수,전남,여수시,맛,1,0,0,맛 호평 다수 (1건)
524057,달빛여수,전남,여수시,분위기,1,0,0,분위기 호평 다수 (1건)
523409|837280,달빛이만든과일,전남,나주시,신선도,1,0,0,신선도 호평 다수 (1건)
421973,달빛이야기,광주,동구,분위기,1,0,0,분위기 호평 다수 (1건)
523889,달빛주택,전남,순천시,맛,1,0,0,맛 호평 다수 (1건)
523889,달빛주택,전남,순천시,분위기,1,0,0,분위기 호평 다수 (1건)
522957|896757,달의뒷면,전남,화순군,신선도,1,0,0,신선도 호평 다수 (1건)
522957|896757,달의뒷면,전남,화순군,분위기,1,0,0,분위기 호평 다수 (1건)
517754,달초밥,전남,강진군,맛,1,0,0,맛 호평 다수 (1건)
517754,달초밥,전남,강진군,신선도,1,0,0,신선도 호평 다수 (1건)
517754,달초밥,전남,강진군,가격,1,0,0,가격 호평 다수 (1건)
422007,달콤한추억,광주,광산구,분위기,1,0,0,분위기 호평 다수 (1건)
522271,달콩caffe,전남,진도군,맛,1,0,0,맛 호평 다수 (1건)
522271,달콩caffe,전남,진도군,신선도,1,0,0,신선도 호평 다수 (1건)
522271,달콩caffe,전남,진도군,분위기,1,0,0,분위기 호평 다수 (1건)
501146,달쿠잉,광주,광산구,맛,1,0,0,맛 호평 다수 (1건)
501146,달쿠잉,광주,광산구,신선도,1,0,0,신선도 호평 다수 (1건)
501146,달쿠잉,광주,광산구,서비스_친절도,1,0,0,서비스_친절도 호평 다수 (1건)
422016,달통기타라이브,광주,북구,맛,1,0,0,맛 호평 다수 (1건)
422016,달통기타라이브,광주,북구,양,1,0,0,양 호평 다수 (1건)
422016,달통기타라이브,광주,북구,서비스_친절도,1,0,0,서비스_친절도 호평 다수 (1건)
422016,달통기타라이브,광주,북구,분위기,1,0,0,분위기 호평 다수 (1건)
422019|879832,달퐁,광주,서구,맛,1,0,0,맛 호평 다수 (1건)
422023,닭강정파는분식집,광주,광산구,서비스_친절도,1,0,0,서비스_친절도 호평 다수 (1건)
4509b1e55624,닭고기세상,광주,남구,맛,1,0,0,맛 호평 다수 (1건)
b5f5bff86c54,닭이랑 삼겹살,광주,서구,맛,1,0,0,맛 호평 다수 (1건)
b5f5bff86c54,닭이랑 삼겹살,광주,서구,신선도,1,0,0,신선도 호평 다수 (1건)
422042,닭이랑돼지랑,광주,광산구,맛,1,0,0,맛 호평 다수 (1건)
422044,닭장금,광주,광산구,맛,1,0,0,맛 호평 다수 (1건)
422044,닭장금,광주,광산구,신선도,1,0,0,신선도 호평 다수 (1건)
522285,닭코치비어선수 진도1호점,전남,진도군,분위기,1,0,0,분위기 호평 다수 (1건)
422056,담소락,광주,북구,신선도,1,0,0,신선도 호평 다수 (1건)
422059,담소소사골순대육개장 광주쌍촌점,광주,서구,접근성_웨이팅,1,0,0,접근성_웨이팅 호평 다수 (1건)
422060,담소정,광주,동구,맛,1,0,0,맛 호평 다수 (1건)
422060,담소정,광주,동구,신선도,1,0,0,신선도 호평 다수 (1건)
422061,담소촌,광주,광산구,신선도,1,0,0,신선도 호평 다수 (1건)
422065,담실한우,광주,서구,맛,1,0,0,맛 호평 다수 (1건)
518862|895194,담양 뜨끄니 돌솥감자탕,전남,담양군,맛,1,0,0,맛 호평 다수 (1건)
422067,담양강의리추어탕막둥이네,광주,광산구,맛,1,0,0,맛 호평 다수 (1건)
422067,담양강의리추어탕막둥이네,광주,광산구,신선도,1,0,0,신선도 호평 다수 (1건)
422068,담양골진갈비,광주,동구,맛,1,0,0,맛 호평 다수 (1건)
422069,담양국수,광주,동구,신선도,1,0,0,신선도 호평 다수 (1건)
518687|895099,담양돈가스,전남,담양군,맛,1,0,0,맛 호평 다수 (1건)
422070,담양순대국밥,광주,북구,신선도,1,0,0,신선도 호평 다수 (1건)
9608,담양숯불갈비,전남,목포시,맛,1,0,0,맛 호평 다수 (1건)
422072,담양숯불갈비다온,광주,북구,맛,1,0,0,맛 호평 다수 (1건)
422071,담양숯불갈비돈앤돈구이,광주,북구,맛,1,0,0,맛 호평 다수 (1건)
422073,담양식국수,광주,광산구,신선도,1,0,0,신선도 호평 다수 (1건)
422073,담양식국수,광주,광산구,분위기,1,0,0,분위기 호평 다수 (1건)
422074,담양식당,광주,북구,맛,1,0,0,맛 호평 다수 (1건)
422076,담양식돼지갈비 그대로,광주,북구,신선도,1,0,0,신선도 호평 다수 (1건)
422076,담양식돼지갈비 그대로,광주,북구,서비스_친절도,1,0,0,서비스_친절도 호평 다수 (1건)
422079,담양용용숯불갈비,광주,북구,맛,1,0,0,맛 호평 다수 (1건)
8a9db1651347,담양전통국밥 문흥2호점,광주,북구,맛,1,0,0,맛 호평 다수 (1건)
522794|896629,담양전통숯불돼지갈비,전남,화순군,맛,1,0,0,맛 호평 다수 (1건)
518668,담양죽순게장,전남,담양군,맛,1,0,0,맛 호평 다수 (1건)
518668,담양죽순게장,전남,담양군,신선도,1,0,0,신선도 호평 다수 (1건)
422082,담양참숯돼지갈비떡갈비,광주,남구,신선도,1,0,0,신선도 호평 다수 (1건)
422084,담양추어탕,광주,북구,맛,1,0,0,맛 호평 다수 (1건)
422084,담양추어탕,광주,북구,신선도,1,0,0,신선도 호평 다수 (1건)
422085,담양통닭,광주,북구,맛,1,0,0,맛 호평 다수 (1건)
422087,담양판그릴 진월점,광주,남구,분위기,1,0,0,분위기 호평 다수 (1건)
879433|9368,담양판그릴진월점,광주,남구,맛,1,0,0,맛 호평 다수 (1건)
879433|9368,담양판그릴진월점,광주,남구,신선도,1,0,0,신선도 호평 다수 (1건)
532668,담양현재국수,전남,담양군,맛,1,0,0,맛 호평 다수 (1건)
518856,담양회수산물직판장,전남,담양군,맛,1,0,0,맛 호평 다수 (1건)
518856,담양회수산물직판장,전남,담양군,신선도,1,0,0,신선도 호평 다수 (1건)
b67fa28250d1,담원풍천장어,광주,광산구,맛,1,0,0,맛 호평 다수 (1건)
b67fa28250d1,담원풍천장어,광주,광산구,신선도,1,0,0,신선도 호평 다수 (1건)
b67fa28250d1,담원풍천장어,광주,광산구,서비스_친절도,1,0,0,서비스_친절도 호평 다수 (1건)
422090,담은,광주,서구,맛,1,0,0,맛 호평 다수 (1건)
422090,담은,광주,서구,신선도,1,0,0,신선도 호평 다수 (1건)
422090,담은,광주,서구,분위기,1,0,0,분위기 호평 다수 (1건)
518827,담주브로이,전남,담양군,맛,1,0,0,맛 호평 다수 (1건)
518827,담주브로이,전남,담양군,분위기,1,0,0,분위기 호평 다수 (1건)
422097,당고네,광주,동구,맛,1,0,0,맛 호평 다수 (1건)
422097,당고네,광주,동구,신선도,1,0,0,신선도 호평 다수 (1건)
523716,당과담,전남,목포시,신선도,1,0,0,신선도 호평 다수 (1건)
523716,당과담,전남,목포시,접근성_웨이팅,1,0,0,접근성_웨이팅 호평 다수 (1건)
422105,당신을기다릴지도몰라요,광주,북구,분위기,1,0,0,분위기 호평 다수 (1건)
422105,당신을기다릴지도몰라요,광주,북구,접근성_웨이팅,1,0,0,접근성_웨이팅 호평 다수 (1건)
1d0d9e2820fe,당치민박산장,전남,구례군,맛,1,0,0,맛 호평 다수 (1건)
518678|895092,대가,전남,담양군,신선도,1,0,0,신선도 호평 다수 (1건)
422106,대가국밥,광주,광산구,맛,1,0,0,맛 호평 다수 (1건)
422106,대가국밥,광주,광산구,양,1,0,0,양 호평 다수 (1건)
518958|895263,대가설렁탕,전남,무안군,맛,1,0,0,맛 호평 다수 (1건)
518958|895263,대가설렁탕,전남,무안군,신선도,1,0,0,신선도 호평 다수 (1건)
422108,대가아구찜,광주,광산구,맛,1,0,0,맛 호평 다수 (1건)
75c1c61f8a42,대갈장군,광주,서구,신선도,1,0,0,신선도 호평 다수 (1건)
517544,대감게장,전남,여수시,서비스_친절도,1,0,0,서비스_친절도 호평 다수 (1건)
422112,대갓집밥상,광주,동구,맛,1,0,0,맛 호평 다수 (1건)
422112,대갓집밥상,광주,동구,신선도,1,0,0,신선도 호평 다수 (1건)
9609,대갓집숯불직화구이,전남,광양시,맛,1,0,0,맛 호평 다수 (1건)
422115,대게수산 용봉점,광주,북구,신선도,1,0,0,신선도 호평 다수 (1건)
190927,대게수산,광주,서구,맛,1,0,0,맛 호평 다수 (1건)
190927,대게수산,광주,서구,신선도,1,0,0,신선도 호평 다수 (1건)
422117,대광식당,광주,서구,분위기,1,0,0,분위기 호평 다수 (1건)
422116,대광추어탕,광주,동구,맛,1,0,0,맛 호평 다수 (1건)
422116,대광추어탕,광주,동구,신선도,1,0,0,신선도 호평 다수 (1건)
422118,대교구내식당,광주,서구,맛,1,0,0,맛 호평 다수 (1건)
422118,대교구내식당,광주,서구,신선도,1,0,0,신선도 호평 다수 (1건)
422118,대교구내식당,광주,서구,분위기,1,0,0,분위기 호평 다수 (1건)
422119,대구반야월막창 일곡점,광주,북구,맛,1,0,0,맛 호평 다수 (1건)
422119,대구반야월막창 일곡점,광주,북구,신선도,1,0,0,신선도 호평 다수 (1건)
422119,대구반야월막창일곡점,광주,북구,맛,1,0,0,맛 호평 다수 (1건)
422119,대구반야월막창일곡점,광주,북구,신선도,1,0,0,신선도 호평 다수 (1건)
422120,대궁,광주,서구,신선도,1,0,0,신선도 호평 다수 (1건)
422120,대궁,광주,서구,분위기,1,0,0,분위기 호평 다수 (1건)
519544|895693,대기식당,전남,신안군,맛,1,0,0,맛 호평 다수 (1건)
519544|895693,대기식당,전남,신안군,분위기,1,0,0,분위기 호평 다수 (1건)
519544|895693,대기식당,전남,신안군,접근성_웨이팅,1,0,0,접근성_웨이팅 호평 다수 (1건)
522263,대나무통야식,전남,진도군,맛,1,0,0,맛 호평 다수 (1건)
517797,대덕닭집,전남,강진군,맛,1,0,0,맛 호평 다수 (1건)
517797,대덕닭집,전남,강진군,신선도,1,0,0,신선도 호평 다수 (1건)
422124,대덕회관,광주,북구,신선도,1,0,0,신선도 호평 다수 (1건)
521938,대도식당,전남,장흥군,신선도,1,0,0,신선도 호평 다수 (1건)
422126,대동강,광주,북구,맛,1,0,0,맛 호평 다수 (1건)
422126,대동강,광주,북구,서비스_친절도,1,0,0,서비스_친절도 호평 다수 (1건)
422126,대동강,광주,북구,분위기,1,0,0,분위기 호평 다수 (1건)
422127,대동국수 광주선암점,광주,광산구,맛,1,0,0,맛 호평 다수 (1건)
422127,대동국수 광주선암점,광주,광산구,신선도,1,0,0,신선도 호평 다수 (1건)
522659,대동명품한우,전남,해남군,맛,1,0,0,맛 호평 다수 (1건)
422131,대디파스타,광주,북구,신선도,1,0,0,신선도 호평 다수 (1건)
522989|896775,대리반점,전남,화순군,분위기,1,0,0,분위기 호평 다수 (1건)
515785|961749,대림국수 동명점,광주,동구,맛,1,0,0,맛 호평 다수 (1건)
6c5742905692,대림반점,전남,광양시,신선도,1,0,0,신선도 호평 다수 (1건)
a8bb0ac3dfe3,대만족 광주서방점,광주,북구,신선도,1,0,0,신선도 호평 다수 (1건)
a8bb0ac3dfe3,대만족 광주서방점,광주,북구,서비스_친절도,1,0,0,서비스_친절도 호평 다수 (1건)
a8bb0ac3dfe3,대만족 광주서방점,광주,북구,분위기,1,0,0,분위기 호평 다수 (1건)
9612,대명관,전남,목포시,맛,1,0,0,맛 호평 다수 (1건)
9612,대명관,전남,목포시,서비스_친절도,1,0,0,서비스_친절도 호평 다수 (1건)
521625|895928,대명산장어,전남,장성군,맛,1,0,0,맛 호평 다수 (1건)
521625|895928,대명산장어,전남,장성군,신선도,1,0,0,신선도 호평 다수 (1건)
422136,대명식당,광주,북구,신선도,1,0,0,신선도 호평 다수 (1건)
422136,대명식당,광주,북구,서비스_친절도,1,0,0,서비스_친절도 호평 다수 (1건)
8fe1229c770b,대명유황오리숯불구이,전남,목포시,맛,1,0,0,맛 호평 다수 (1건)
422139,대명한우촌,광주,서구,신선도,1,0,0,신선도 호평 다수 (1건)
522075,대명횟집,전남,진도군,신선도,1,0,0,신선도 호평 다수 (1건)
522075,대명횟집,전남,진도군,가격,1,0,0,가격 호평 다수 (1건)
522075,대명횟집,전남,진도군,양,1,0,0,양 호평 다수 (1건)
422141,대박,광주,동구,신선도,1,0,0,신선도 호평 다수 (1건)
422146,대박꼬마김밥 북구점,광주,북구,맛,1,0,0,맛 호평 다수 (1건)
422146,대박꼬마김밥 북구점,광주,북구,신선도,1,0,0,신선도 호평 다수 (1건)
422147,대박나자부자치킨 삼각점,광주,북구,맛,1,0,0,맛 호평 다수 (1건)
422147,대박나자부자치킨 삼각점,광주,북구,신선도,1,0,0,신선도 호평 다수 (1건)
427058,대박나자부자치킨 쌍촌2호점,광주,서구,맛,1,0,0,맛 호평 다수 (1건)
427058,대박나자부자치킨 쌍촌2호점,광주,서구,신선도,1,0,0,신선도 호평 다수 (1건)
186648,대박나자부자치킨 쌍촌점,광주,서구,맛,1,0,0,맛 호평 다수 (1건)
186648,대박나자부자치킨 쌍촌점,광주,서구,신선도,1,0,0,신선도 호평 다수 (1건)
186650,대박나자부자치킨 하남2지구점,광주,광산구,신선도,1,0,0,신선도 호평 다수 (1건)
422149,대박돈까스,광주,북구,맛,1,0,0,맛 호평 다수 (1건)
422149,대박돈까스,광주,북구,가격,1,0,0,가격 호평 다수 (1건)
422149,대박돈까스,광주,북구,양,1,0,0,양 호평 다수 (1건)
422150,대박돼지,광주,서구,신선도,1,0,0,신선도 호평 다수 (1건)
422150,대박돼지,광주,서구,서비스_친절도,1,0,0,서비스_친절도 호평 다수 (1건)
517916,대박마라탕 강진점,전남,강진군,맛,1,0,0,맛 호평 다수 (1건)
422151|879532|879835,대박마라탕효천점,광주,남구,맛,1,0,0,맛 호평 다수 (1건)
422151|879532|879835,대박마라탕효천점,광주,남구,신선도,1,0,0,신선도 호평 다수 (1건)
422152,대박막창구이,광주,서구,맛,1,0,0,맛 호평 다수 (1건)
422152,대박막창구이,광주,서구,신선도,1,0,0,신선도 호평 다수 (1건)
422153,대박백숙,광주,서구,신선도,1,0,0,신선도 호평 다수 (1건)
519601,대박수산식당,전남,신안군,맛,1,0,0,맛 호평 다수 (1건)
519601,대박수산식당,전남,신안군,신선도,1,0,0,신선도 호평 다수 (1건)
519601,대박수산식당,전남,신안군,가격,1,0,0,가격 호평 다수 (1건)
519601,대박수산식당,전남,신안군,분위기,1,0,0,분위기 호평 다수 (1건)
422156,대박식당,광주,북구,맛,1,0,0,맛 호평 다수 (1건)
422156,대박식당,광주,북구,신선도,1,0,0,신선도 호평 다수 (1건)
422157,대박와플,광주,남구,맛,1,0,0,맛 호평 다수 (1건)
422157,대박와플,광주,남구,신선도,1,0,0,신선도 호평 다수 (1건)
519656,대박이네식당,전남,영광군,맛,1,0,0,맛 호평 다수 (1건)
519656,대박이네식당,전남,영광군,신선도,1,0,0,신선도 호평 다수 (1건)
422160,대박집,광주,동구,신선도,1,0,0,신선도 호평 다수 (1건)
422164,대박참치,광주,광산구,신선도,1,0,0,신선도 호평 다수 (1건)
083ccdaec00b,대박촌,전남,여수시,신선도,1,0,0,신선도 호평 다수 (1건)
422166,대박추어탕,광주,북구,맛,1,0,0,맛 호평 다수 (1건)
422167,대박통닭,광주,북구,맛,1,0,0,맛 호평 다수 (1건)
422167,대박통닭,광주,북구,신선도,1,0,0,신선도 호평 다수 (1건)
523492,대반동201,전남,목포시,분위기,1,0,0,분위기 호평 다수 (1건)
c1ad243dfb56,대복삼계탕,전남,광양시,맛,1,0,0,맛 호평 다수 (1건)
422177,대복전,광주,광산구,신선도,1,0,0,신선도 호평 다수 (1건)
422177,대복전,광주,광산구,서비스_친절도,1,0,0,서비스_친절도 호평 다수 (1건)
521845|896066,대복회관,전남,장흥군,맛,1,0,0,맛 호평 다수 (1건)
521845|896066,대복회관,전남,장흥군,분위기,1,0,0,분위기 호평 다수 (1건)
422178,대복회세꼬시,광주,북구,맛,1,0,0,맛 호평 다수 (1건)
422178,대복회세꼬시,광주,북구,신선도,1,0,0,신선도 호평 다수 (1건)
422178,대복회세꼬시,광주,북구,위생_청결,1,0,0,위생_청결 호평 다수 (1건)
517328,대부수산 신대점,전남,순천시,맛,1,0,0,맛 호평 다수 (1건)
517328,대부수산 신대점,전남,순천시,신선도,1,0,0,신선도 호평 다수 (1건)
522176|896274,대북경반점,전남,진도군,신선도,1,0,0,신선도 호평 다수 (1건)
522176|896274,대북경반점,전남,진도군,위생_청결,1,0,0,위생_청결 호평 다수 (1건)
522176|896274,대북경반점,전남,진도군,접근성_웨이팅,1,0,0,접근성_웨이팅 호평 다수 (1건)
520044,대불식당,전남,영암군,맛,1,0,0,맛 호평 다수 (1건)
520044,대불식당,전남,영암군,신선도,1,0,0,신선도 호평 다수 (1건)
518820,대사랑 운수대통밥,전남,담양군,맛,1,0,0,맛 호평 다수 (1건)
518660,대사랑,전남,담양군,맛,1,0,0,맛 호평 다수 (1건)
522192|896283,대성국밥식당,전남,진도군,맛,1,0,0,맛 호평 다수 (1건)
517811,대성숯불갈비,전남,강진군,신선도,1,0,0,신선도 호평 다수 (1건)
83131|880550,대성정육회관,전남,장성군,신선도,1,0,0,신선도 호평 다수 (1건)
422187,대성콩물 중흥본점,광주,북구,신선도,1,0,0,신선도 호평 다수 (1건)
422186,대성콩물일곡직영점,광주,북구,맛,1,0,0,맛 호평 다수 (1건)
422186,대성콩물일곡직영점,광주,북구,신선도,1,0,0,신선도 호평 다수 (1건)
56801,대성한방수육국밥,전남,여수시,신선도,1,0,0,신선도 호평 다수 (1건)
422190,대성활어횟집,광주,북구,맛,1,0,0,맛 호평 다수 (1건)
422190,대성활어횟집,광주,북구,신선도,1,0,0,신선도 호평 다수 (1건)
c2124b2089f6,대성회식당,전남,완도군,신선도,1,0,0,신선도 호평 다수 (1건)
422192,대소양,광주,서구,신선도,1,0,0,신선도 호평 다수 (1건)
422192,대소양,광주,서구,위생_청결,1,0,0,위생_청결 호평 다수 (1건)
422192,대소양,광주,서구,서비스_친절도,1,0,0,서비스_친절도 호평 다수 (1건)
422192,대소양,광주,서구,분위기,1,0,0,분위기 호평 다수 (1건)
836253,대숲골농원,전남,순천시,맛,1,0,0,맛 호평 다수 (1건)
836253,대숲골농원,전남,순천시,신선도,1,0,0,신선도 호평 다수 (1건)
422195,대승이네,광주,서구,분위기,1,0,0,분위기 호평 다수 (1건)
56803,대승장어,전남,나주시,맛,1,0,0,맛 호평 다수 (1건)
519790|895778,대신가든,전남,영광군,신선도,1,0,0,신선도 호평 다수 (1건)
83139,대아식당,전남,나주시,맛,1,0,0,맛 호평 다수 (1건)
83139,대아식당,전남,나주시,분위기,1,0,0,분위기 호평 다수 (1건)
422198,대양꼬리곰탕,광주,광산구,신선도,1,0,0,신선도 호평 다수 (1건)
422199,대영분식,광주,북구,신선도,1,0,0,신선도 호평 다수 (1건)
422200,대오회관,광주,동구,신선도,1,0,0,신선도 호평 다수 (1건)
422203|433681,대왕갈비탕,광주,서구,맛,1,0,0,맛 호평 다수 (1건)
422211,대왕김밥 학동1호점,광주,동구,맛,1,0,0,맛 호평 다수 (1건)
422211,대왕김밥 학동1호점,광주,동구,신선도,1,0,0,신선도 호평 다수 (1건)
422212,대왕김밥,광주,서구,신선도,1,0,0,신선도 호평 다수 (1건)
422212,대왕김밥,광주,서구,서비스_친절도,1,0,0,서비스_친절도 호평 다수 (1건)
422206,대왕김밥전대정문,광주,북구,맛,1,0,0,맛 호평 다수 (1건)
422206,대왕김밥전대정문,광주,북구,신선도,1,0,0,신선도 호평 다수 (1건)
c82b94af5c8c,대왕김밥초밥,광주,서구,신선도,1,0,0,신선도 호평 다수 (1건)
422211,대왕김밥학동1호점,광주,동구,신선도,1,0,0,신선도 호평 다수 (1건)
422201,대왕만두,광주,북구,맛,1,0,0,맛 호평 다수 (1건)
422201,대왕만두,광주,북구,분위기,1,0,0,분위기 호평 다수 (1건)
422213|879836,대왕뼈해장국,광주,남구,맛,1,0,0,맛 호평 다수 (1건)
422214,대왕솥뚜껑,광주,서구,서비스_친절도,1,0,0,서비스_친절도 호평 다수 (1건)
422214,대왕솥뚜껑,광주,서구,분위기,1,0,0,분위기 호평 다수 (1건)
422215|432768,대왕찜갈비,광주,북구,맛,1,0,0,맛 호평 다수 (1건)
422215|432768,대왕찜갈비,광주,북구,신선도,1,0,0,신선도 호평 다수 (1건)
422216,대왕통닭 수완점,광주,광산구,가격,1,0,0,가격 호평 다수 (1건)
422216,대왕통닭 수완점,광주,광산구,서비스_친절도,1,0,0,서비스_친절도 호평 다수 (1건)
519851|895818,대왕통닭 영광점,전남,영광군,가격,1,0,0,가격 호평 다수 (1건)
422221,대운,광주,남구,신선도,1,0,0,신선도 호평 다수 (1건)
422221,대운,광주,남구,분위기,1,0,0,분위기 호평 다수 (1건)
83186|880551,대원식당,전남,순천시,맛,1,0,0,맛 호평 다수 (1건)
83186|880551,대원식당,전남,순천시,서비스_친절도,1,0,0,서비스_친절도 호평 다수 (1건)
422224,대원식육식당,광주,광산구,서비스_친절도,1,0,0,서비스_친절도 호평 다수 (1건)
422225,대원정,광주,북구,신선도,1,0,0,신선도 호평 다수 (1건)
422225,대원정,광주,북구,서비스_친절도,1,0,0,서비스_친절도 호평 다수 (1건)
422226,대원축산,광주,서구,맛,1,0,0,맛 호평 다수 (1건)
422226,대원축산,광주,서구,신선도,1,0,0,신선도 호평 다수 (1건)
e0b12781d6b1,대원축산식육식당,광주,서구,신선도,1,0,0,신선도 호평 다수 (1건)
4567f9d33917,대원한우명가,광주,서구,신선도,1,0,0,신선도 호평 다수 (1건)
4567f9d33917,대원한우명가,광주,서구,분위기,1,0,0,분위기 호평 다수 (1건)
422231,대인소주방,광주,동구,맛,1,0,0,맛 호평 다수 (1건)
422231,대인소주방,광주,동구,서비스_친절도,1,0,0,서비스_친절도 호평 다수 (1건)
422231,대인소주방,광주,동구,분위기,1,0,0,분위기 호평 다수 (1건)
422228|422734|500326,대인시장독도횟집,광주,동구,맛,1,0,0,맛 호평 다수 (1건)
422228|422734|500326,대인시장독도횟집,광주,동구,신선도,1,0,0,신선도 호평 다수 (1건)
422232|500327,대인시장통닭,광주,동구,맛,1,0,0,맛 호평 다수 (1건)
422232|500327,대인시장통닭,광주,동구,신선도,1,0,0,신선도 호평 다수 (1건)
422232|500327,대인시장통닭,광주,동구,분위기,1,0,0,분위기 호평 다수 (1건)
500328,대인전집,광주,동구,접근성_웨이팅,0,1,0,접근성_웨이팅 언급 (1건)
422233,대자아구찜,광주,북구,신선도,1,0,0,신선도 호평 다수 (1건)
422233,대자아구찜,광주,북구,서비스_친절도,1,0,0,서비스_친절도 호평 다수 (1건)
422234|435221,대장군,광주,광산구,맛,1,0,0,맛 호평 다수 (1건)
422234|435221,대장군,광주,광산구,분위기,1,0,0,분위기 호평 다수 (1건)
422238,대장금식당,광주,북구,맛,1,0,0,맛 호평 다수 (1건)
519828|895804,대장금장어구이전문점,전남,영광군,맛,1,0,0,맛 호평 다수 (1건)
519828|895804,대장금장어구이전문점,전남,영광군,접근성_웨이팅,1,0,0,접근성_웨이팅 호평 다수 (1건)
422240,대접,광주,동구,신선도,1,0,0,신선도 호평 다수 (1건)
422240,대접,광주,동구,가격,1,0,0,가격 호평 다수 (1건)
422240,대접,광주,동구,서비스_친절도,1,0,0,서비스_친절도 호평 다수 (1건)
b38fcd356d23,대접닭강정,전남,나주시,맛,1,0,0,맛 호평 다수 (1건)
b38fcd356d23,대접닭강정,전남,나주시,신선도,1,0,0,신선도 호평 다수 (1건)
b38fcd356d23,대접닭강정,전남,나주시,가격,1,0,0,가격 호평 다수 (1건)
b38fcd356d23,대접닭강정,전남,나주시,위생_청결,1,0,0,위생_청결 호평 다수 (1건)
422241,대정회관,광주,서구,맛,1,0,0,맛 호평 다수 (1건)
292c241a278c,대지회관,전남,나주시,맛,1,0,0,맛 호평 다수 (1건)
422254,대촌뜰애,광주,남구,맛,1,0,0,맛 호평 다수 (1건)
422254,대촌뜰애,광주,남구,신선도,1,0,0,신선도 호평 다수 (1건)
422254,대촌뜰애,광주,남구,분위기,1,0,0,분위기 호평 다수 (1건)
422255,대촌식당,광주,북구,신선도,1,0,0,신선도 호평 다수 (1건)
434505,대촌중앙식당,광주,남구,맛,1,0,0,맛 호평 다수 (1건)
434505,대촌중앙식당,광주,남구,분위기,1,0,0,분위기 호평 다수 (1건)
422258,대통령,광주,북구,신선도,1,0,0,신선도 호평 다수 (1건)
422259,대통령우렁이쌈밥,광주,광산구,신선도,1,0,0,신선도 호평 다수 (1건)
c10d5b29087a,대패가1900 서구점,광주,서구,맛,1,0,0,맛 호평 다수 (1건)
c10d5b29087a,대패가1900 서구점,광주,서구,신선도,1,0,0,신선도 호평 다수 (1건)
422261,대패가1900 수완지구점,광주,광산구,서비스_친절도,1,0,0,서비스_친절도 호평 다수 (1건)
422262,대패가1900 전대점,광주,북구,맛,1,0,0,맛 호평 다수 (1건)
422265,대패갑 양산점,광주,북구,양,1,0,0,양 호평 다수 (1건)
8d44a14ad0d0,대패갑&꽃게장백반 오치점,광주,북구,맛,1,0,0,맛 호평 다수 (1건)
8d44a14ad0d0,대패갑&꽃게장백반 오치점,광주,북구,신선도,1,0,0,신선도 호평 다수 (1건)
422273,대패왕,광주,남구,신선도,1,0,0,신선도 호평 다수 (1건)
517719,대풍마차,전남,여수시,신선도,1,0,0,신선도 호평 다수 (1건)
422277,대풍수,광주,북구,맛,1,0,0,맛 호평 다수 (1건)
422277,대풍수,광주,북구,서비스_친절도,1,0,0,서비스_친절도 호평 다수 (1건)
422276,대풍식당,광주,동구,접근성_웨이팅,1,0,0,접근성_웨이팅 호평 다수 (1건)
422279,대학로분식,광주,북구,신선도,1,0,0,신선도 호평 다수 (1건)
422288,대한수산물백화점,광주,광산구,신선도,1,0,0,신선도 호평 다수 (1건)
56804,대한식당,전남,광양시,맛,1,0,0,맛 호평 다수 (1건)
422292,대형숯불돼지갈비,광주,서구,맛,1,0,0,맛 호평 다수 (1건)
422292,대형숯불돼지갈비,광주,서구,신선도,1,0,0,신선도 호평 다수 (1건)
4f31d0860e0b,대호돼지국밥,전남,광양시,맛,1,0,0,맛 호평 다수 (1건)
422295,대호식당,광주,동구,신선도,1,0,0,신선도 호평 다수 (1건)
361744,대호정,광주,남구,서비스_친절도,1,0,0,서비스_친절도 호평 다수 (1건)
422296,대호푸드,광주,동구,신선도,1,0,0,신선도 호평 다수 (1건)
422297,대흥반점,광주,남구,맛,1,0,0,맛 호평 다수 (1건)
422297,대흥반점,광주,남구,신선도,1,0,0,신선도 호평 다수 (1건)
422297,대흥반점,광주,남구,분위기,1,0,0,분위기 호평 다수 (1건)
422339,더맵쏘 소갈비찜 봉선점,광주,남구,맛,1,0,0,맛 호평 다수 (1건)
422339,더맵쏘 소갈비찜 봉선점,광주,남구,서비스_친절도,1,0,0,서비스_친절도 호평 다수 (1건)
422339,더맵쏘 소갈비찜 봉선점,광주,남구,분위기,1,0,0,분위기 호평 다수 (1건)
422343|83434|879462,더문,광주,서구,서비스_친절도,1,0,0,서비스_친절도 호평 다수 (1건)
422343|83434|879462,더문,광주,서구,분위기,1,0,0,분위기 호평 다수 (1건)
198978|422302|422345|439161|879533,더바른샤브,광주,서구,신선도,1,0,0,신선도 호평 다수 (1건)
521615|895918,더바른초밥 장성점,전남,장성군,맛,0,1,0,맛 언급 (1건)
521615|895918,더바른초밥 장성점,전남,장성군,신선도,0,1,0,신선도 언급 (1건)
521615|895918,더바른초밥 장성점,전남,장성군,접근성_웨이팅,0,1,0,접근성_웨이팅 언급 (1건)
cd27bb8c5f2d,더베이,전남,광양시,맛,1,0,0,맛 호평 다수 (1건)
cd27bb8c5f2d,더베이,전남,광양시,분위기,1,0,0,분위기 호평 다수 (1건)
422386,더불어사는세상지오네,광주,남구,맛,1,0,0,맛 호평 다수 (1건)
422388,더뷔페,광주,동구,맛,1,0,0,맛 호평 다수 (1건)
422388,더뷔페,광주,동구,신선도,1,0,0,신선도 호평 다수 (1건)
5302ae9a8dc1,더브리즈,전남,나주시,분위기,1,0,0,분위기 호평 다수 (1건)
422422,더셰프,광주,서구,접근성_웨이팅,1,0,0,접근성_웨이팅 호평 다수 (1건)
422423,더셰프카이도,광주,북구,신선도,1,0,0,신선도 호평 다수 (1건)
422423,더셰프카이도,광주,북구,서비스_친절도,1,0,0,서비스_친절도 호평 다수 (1건)
c57f765bbde6,더솥 광주신세계점,광주,서구,맛,1,0,0,맛 호평 다수 (1건)
c57f765bbde6,더솥 광주신세계점,광주,서구,신선도,1,0,0,신선도 호평 다수 (1건)
523554,더스톤,전남,목포시,분위기,1,0,0,분위기 호평 다수 (1건)
963300,더시티,광주,동구,맛,1,0,0,맛 호평 다수 (1건)
523315,더아루나,전남,나주시,신선도,1,0,0,신선도 호평 다수 (1건)
523315,더아루나,전남,나주시,분위기,1,0,0,분위기 호평 다수 (1건)
422433,더알찬뼈해장국&감자탕,광주,서구,맛,1,0,0,맛 호평 다수 (1건)
90d76be51acb,더엘,광주,광산구,맛,1,0,0,맛 호평 다수 (1건)
90d76be51acb,더엘,광주,광산구,서비스_친절도,1,0,0,서비스_친절도 호평 다수 (1건)
90d76be51acb,더엘,광주,광산구,분위기,1,0,0,분위기 호평 다수 (1건)
422438,더오름,광주,북구,위생_청결,1,0,0,위생_청결 호평 다수 (1건)
422438,더오름,광주,북구,서비스_친절도,1,0,0,서비스_친절도 호평 다수 (1건)
523077|836617,더오션,전남,광양시,맛,1,0,0,맛 호평 다수 (1건)
523077|836617,더오션,전남,광양시,분위기,1,0,0,분위기 호평 다수 (1건)
92ac3d5c8d02,더온반 수완점,광주,광산구,신선도,1,0,0,신선도 호평 다수 (1건)
56806,더올리브,전남,여수시,맛,1,0,0,맛 호평 다수 (1건)
56806,더올리브,전남,여수시,분위기,1,0,0,분위기 호평 다수 (1건)
523503,더왈츠,전남,목포시,맛,1,0,0,맛 호평 다수 (1건)
523503,더왈츠,전남,목포시,서비스_친절도,1,0,0,서비스_친절도 호평 다수 (1건)
521976|896158,더잇24 전남장흥점,전남,장흥군,맛,1,0,0,맛 호평 다수 (1건)
521976|896158,더잇24 전남장흥점,전남,장흥군,접근성_웨이팅,1,0,0,접근성_웨이팅 호평 다수 (1건)
422447,더조은,광주,남구,신선도,1,0,0,신선도 호평 다수 (1건)
193600|433886,더조은콩나물국밥 양산점,광주,북구,맛,1,0,0,맛 호평 다수 (1건)
193600|433886,더조은콩나물국밥 양산점,광주,북구,신선도,1,0,0,신선도 호평 다수 (1건)
422458|961590,더찜,광주,동구,맛,1,0,0,맛 호평 다수 (1건)
422458|961590,더찜,광주,동구,신선도,1,0,0,신선도 호평 다수 (1건)
422461,더참맛수육국밥 첨단점,광주,북구,분위기,1,0,0,분위기 호평 다수 (1건)
422463,더치스토리 LH점,광주,서구,맛,1,0,0,맛 호평 다수 (1건)
422463,더치스토리 LH점,광주,서구,신선도,1,0,0,신선도 호평 다수 (1건)
422463,더치스토리 LH점,광주,서구,서비스_친절도,1,0,0,서비스_친절도 호평 다수 (1건)
422463,더치스토리 LH점,광주,서구,분위기,1,0,0,분위기 호평 다수 (1건)
422462,더치스토리 치평점,광주,서구,신선도,1,0,0,신선도 호평 다수 (1건)
422466,더치앤더치,광주,남구,맛,1,0,0,맛 호평 다수 (1건)
524232,더치앤드,전남,고흥군,맛,1,0,0,맛 호평 다수 (1건)
524232,더치앤드,전남,고흥군,서비스_친절도,1,0,0,서비스_친절도 호평 다수 (1건)
524232,더치앤드,전남,고흥군,분위기,1,0,0,분위기 호평 다수 (1건)
422477,더큰도시락 조선대점,광주,동구,가격,1,0,0,가격 호평 다수 (1건)
524192,더클래식,전남,강진군,신선도,1,0,0,신선도 호평 다수 (1건)
524192,더클래식,전남,강진군,분위기,1,0,0,분위기 호평 다수 (1건)
422479|879844,더키친(Thekitchen) 광주서석동,광주,동구,맛,1,0,0,맛 호평 다수 (1건)
422479|879844,더키친(Thekitchen) 광주서석동,광주,동구,신선도,1,0,0,신선도 호평 다수 (1건)
422479|879844,더키친(Thekitchen) 광주서석동,광주,동구,분위기,1,0,0,분위기 호평 다수 (1건)
364f2be7f3eb,더키친,광주,동구,맛,1,0,0,맛 호평 다수 (1건)
422482,더킹수산,광주,남구,맛,1,0,0,맛 호평 다수 (1건)
422482,더킹수산,광주,남구,신선도,1,0,0,신선도 호평 다수 (1건)
422482,더킹수산,광주,남구,서비스_친절도,1,0,0,서비스_친절도 호평 다수 (1건)
422482,더킹수산,광주,남구,분위기,1,0,0,분위기 호평 다수 (1건)
522332|896352,더테이블,광주,서구,분위기,1,0,0,분위기 호평 다수 (1건)
422489,더푸드도싯골,광주,광산구,신선도,1,0,0,신선도 호평 다수 (1건)
74e53b109d45,더푸른무침회,전남,나주시,맛,1,0,0,맛 호평 다수 (1건)
74e53b109d45,더푸른무침회,전남,나주시,신선도,1,0,0,신선도 호평 다수 (1건)
74e53b109d45,더푸른무침회,전남,나주시,가격,1,0,0,가격 호평 다수 (1건)
516207|962096,더플레인,광주,동구,맛,1,0,0,맛 호평 다수 (1건)
4660fa2c8c7e,더피아노,광주,광산구,맛,1,0,0,맛 호평 다수 (1건)
4660fa2c8c7e,더피아노,광주,광산구,분위기,1,0,0,분위기 호평 다수 (1건)
422494,더하다 광주신창점,광주,광산구,맛,0,1,0,맛 언급 (1건)
422494,더하다 광주신창점,광주,광산구,가격,0,1,0,가격 언급 (1건)
422496,더한우사랑,광주,동구,신선도,1,0,0,신선도 호평 다수 (1건)
422496,더한우사랑,광주,동구,서비스_친절도,1,0,0,서비스_친절도 호평 다수 (1건)
bbd829266d9b,더한잔 수완점,광주,광산구,맛,1,0,0,맛 호평 다수 (1건)
422502,더해,광주,서구,맛,1,0,0,맛 호평 다수 (1건)
422502,더해,광주,서구,신선도,1,0,0,신선도 호평 다수 (1건)
422508,더홀릭 광주첨단점,광주,광산구,맛,1,0,0,맛 호평 다수 (1건)
422508,더홀릭 광주첨단점,광주,광산구,서비스_친절도,1,0,0,서비스_친절도 호평 다수 (1건)
422508,더홀릭 광주첨단점,광주,광산구,분위기,1,0,0,분위기 호평 다수 (1건)
422509,더화이트,광주,서구,맛,1,0,0,맛 호평 다수 (1건)
422510,더힐링,광주,남구,맛,1,0,0,맛 호평 다수 (1건)
422510,더힐링,광주,남구,분위기,1,0,0,분위기 호평 다수 (1건)
422512,덕구네멸치국수첨단점,광주,광산구,신선도,1,0,0,신선도 호평 다수 (1건)
422514|879540|879845,덕보네밥상,광주,남구,분위기,1,0,0,분위기 호평 다수 (1건)
422515,덕산오징어보쌈,광주,동구,서비스_친절도,1,0,0,서비스_친절도 호평 다수 (1건)
422515,덕산오징어보쌈,광주,동구,분위기,1,0,0,분위기 호평 다수 (1건)
521844|896065,덕성루,전남,장흥군,서비스_친절도,1,0,0,서비스_친절도 호평 다수 (1건)
518192,덕이네,전남,고흥군,신선도,1,0,0,신선도 호평 다수 (1건)
422516,덕이네국밥,광주,남구,신선도,1,0,0,신선도 호평 다수 (1건)
422517,덕이네대구뽈찜,광주,북구,맛,1,0,0,맛 호평 다수 (1건)
422517,덕이네대구뽈찜,광주,북구,신선도,1,0,0,신선도 호평 다수 (1건)
422518,덕이네맛집,광주,북구,신선도,1,0,0,신선도 호평 다수 (1건)
517623,덕일감자국 본점,전남,여수시,맛,1,0,0,맛 호평 다수 (1건)
517623,덕일감자국 본점,전남,여수시,신선도,1,0,0,신선도 호평 다수 (1건)
517623,덕일감자국 본점,전남,여수시,접근성_웨이팅,1,0,0,접근성_웨이팅 호평 다수 (1건)
522067,덕일식당,전남,장흥군,맛,1,0,0,맛 호평 다수 (1건)
522067,덕일식당,전남,장흥군,신선도,1,0,0,신선도 호평 다수 (1건)
522067,덕일식당,전남,장흥군,서비스_친절도,1,0,0,서비스_친절도 호평 다수 (1건)
887514a73884,덕임추어탕,전남,순천시,신선도,1,0,0,신선도 호평 다수 (1건)
422525,덕장 짐대박이,광주,북구,맛,1,0,0,맛 호평 다수 (1건)
422525,덕장 짐대박이,광주,북구,신선도,1,0,0,신선도 호평 다수 (1건)
71a5ad6d2f2d,덕장진땡이 목포본점,전남,목포시,맛,1,0,0,맛 호평 다수 (1건)
71a5ad6d2f2d,덕장진땡이 목포본점,전남,목포시,신선도,1,0,0,신선도 호평 다수 (1건)
422522,덕장진땡이 문흥점,광주,북구,맛,1,0,0,맛 호평 다수 (1건)
422522,덕장진땡이 문흥점,광주,북구,서비스_친절도,1,0,0,서비스_친절도 호평 다수 (1건)
522193|896284,덕장진땡이 진도점,전남,진도군,서비스_친절도,1,0,0,서비스_친절도 호평 다수 (1건)
522193|896284,덕장진땡이 진도점,전남,진도군,분위기,1,0,0,분위기 호평 다수 (1건)
34dd0a6ebf80,덕장진땡이광주화정점,광주,서구,맛,1,0,0,맛 호평 다수 (1건)
422527,덕진식당,광주,동구,신선도,1,0,0,신선도 호평 다수 (1건)
517686,덕충식당,전남,여수시,맛,1,0,0,맛 호평 다수 (1건)
517686,덕충식당,전남,여수시,신선도,1,0,0,신선도 호평 다수 (1건)
517686,덕충식당,전남,여수시,분위기,1,0,0,분위기 호평 다수 (1건)
422543,덤,광주,남구,신선도,1,0,0,신선도 호평 다수 (1건)
422544,덤덤,광주,북구,맛,1,0,0,맛 호평 다수 (1건)
422544,덤덤,광주,북구,신선도,1,0,0,신선도 호평 다수 (1건)
422544,덤덤,광주,북구,분위기,1,0,0,분위기 호평 다수 (1건)
515735|961707,덤수제만두,광주,남구,맛,1,0,0,맛 호평 다수 (1건)
422545,덤앤덤더주는돼지촌,광주,북구,신선도,1,0,0,신선도 호평 다수 (1건)
422549,덮덮밥 용봉점,광주,북구,신선도,1,0,0,신선도 호평 다수 (1건)
422551,덮덮밥 월곡점,광주,광산구,신선도,1,0,0,신선도 호평 다수 (1건)
422551,덮덮밥 월곡점,광주,광산구,분위기,1,0,0,분위기 호평 다수 (1건)
422550,덮덮밥 조선대점,광주,동구,신선도,1,0,0,신선도 호평 다수 (1건)
422550,덮덮밥 조선대점,광주,동구,분위기,1,0,0,분위기 호평 다수 (1건)
422552,덮밥90도C 광주상무점,광주,서구,맛,1,0,0,맛 호평 다수 (1건)
422552,덮밥90도C 광주상무점,광주,서구,신선도,1,0,0,신선도 호평 다수 (1건)
a941ba66891f,덮밥90도C,광주,서구,맛,1,0,0,맛 호평 다수 (1건)
a941ba66891f,덮밥90도C,광주,서구,신선도,1,0,0,신선도 호평 다수 (1건)
422554,덮밥앤냉면,광주,남구,맛,1,0,0,맛 호평 다수 (1건)
422555,덮밥집,광주,광산구,맛,1,0,0,맛 호평 다수 (1건)
422555,덮밥집,광주,광산구,신선도,1,0,0,신선도 호평 다수 (1건)
523687,데이,전남,목포시,신선도,1,0,0,신선도 호평 다수 (1건)
523969|836892,데이나인,전남,여수시,맛,1,0,0,맛 호평 다수 (1건)
523969|836892,데이나인,전남,여수시,신선도,1,0,0,신선도 호평 다수 (1건)
523969|836892,데이나인,전남,여수시,분위기,1,0,0,분위기 호평 다수 (1건)
523377,데이앤나잇,전남,나주시,신선도,1,0,0,신선도 호평 다수 (1건)
523377,데이앤나잇,전남,나주시,분위기,1,0,0,분위기 호평 다수 (1건)
515821|961781,데이오프나이트,광주,동구,맛,1,0,0,맛 호평 다수 (1건)
515821|961781,데이오프나이트,광주,동구,분위기,1,0,0,분위기 호평 다수 (1건)
515821|961781,데이오프나이트,광주,동구,접근성_웨이팅,1,0,0,접근성_웨이팅 호평 다수 (1건)
422564,데이하우스 송정점,광주,광산구,분위기,1,0,0,분위기 호평 다수 (1건)
422562|422563|436114,데이하우스유동점,광주,북구,신선도,1,0,0,신선도 호평 다수 (1건)
422562|422563|436114,데이하우스유동점,광주,북구,분위기,1,0,0,분위기 호평 다수 (1건)
516291|962163,데일리,광주,북구,신선도,1,0,0,신선도 호평 다수 (1건)
516291|962163,데일리,광주,북구,분위기,1,0,0,분위기 호평 다수 (1건)
519775,데일리파티,전남,영광군,신선도,1,0,0,신선도 호평 다수 (1건)
cf26c84326c1,데키루,광주,동구,신선도,1,0,0,신선도 호평 다수 (1건)
cf26c84326c1,데키루,광주,동구,분위기,1,0,0,분위기 호평 다수 (1건)
523851|836428,덴덴하코 베이크하우스,전남,순천시,맛,0,1,0,맛 언급 (1건)
523851|836428,덴덴하코 베이크하우스,전남,순천시,서비스_친절도,0,1,0,서비스_친절도 언급 (1건)
523851|836428,덴덴하코 베이크하우스,전남,순천시,접근성_웨이팅,0,1,0,접근성_웨이팅 언급 (1건)
422586,뎀버트,광주,동구,신선도,1,0,0,신선도 호평 다수 (1건)
422586,뎀버트,광주,동구,분위기,1,0,0,분위기 호평 다수 (1건)
422589,도가원 이마트 봉선점,광주,남구,맛,1,0,0,맛 호평 다수 (1건)
422590,도경7080,광주,북구,맛,1,0,0,맛 호평 다수 (1건)
422590,도경7080,광주,북구,분위기,1,0,0,분위기 호평 다수 (1건)
5e569eff103b,도깨비 돼지김치찌개 본점,광주,북구,신선도,1,0,0,신선도 호평 다수 (1건)
422598,도깨비 숯불구이,광주,서구,신선도,1,0,0,신선도 호평 다수 (1건)
422596,도깨비마을 본점,광주,북구,가격,1,0,0,가격 호평 다수 (1건)
422596,도깨비마을 본점,광주,북구,양,1,0,0,양 호평 다수 (1건)
422600,도깨비시장,광주,북구,분위기,1,0,0,분위기 호평 다수 (1건)
422601,도깨비식당,광주,북구,신선도,1,0,0,신선도 호평 다수 (1건)
517400,도네김치찌개,전남,순천시,신선도,1,0,0,신선도 호평 다수 (1건)
518909|895226,도담갈비,전남,무안군,맛,1,0,0,맛 호평 다수 (1건)
540346,도담도담,전남,화순군,서비스_친절도,1,0,0,서비스_친절도 호평 다수 (1건)
540346,도담도담,전남,화순군,분위기,1,0,0,분위기 호평 다수 (1건)
422612|879847,도담참치스시,광주,서구,맛,1,0,0,맛 호평 다수 (1건)
422612|879847,도담참치스시,광주,서구,신선도,1,0,0,신선도 호평 다수 (1건)
422614,도덕선생매곡점,광주,북구,신선도,1,0,0,신선도 호평 다수 (1건)
422617,도도스타버거,광주,광산구,신선도,1,0,0,신선도 호평 다수 (1건)
518949|895255,도도아구찜,전남,무안군,맛,1,0,0,맛 호평 다수 (1건)
518949|895255,도도아구찜,전남,무안군,신선도,1,0,0,신선도 호평 다수 (1건)
422623,도란도란 밥상,광주,남구,신선도,1,0,0,신선도 호평 다수 (1건)
422622,도란도란,광주,서구,맛,1,0,0,맛 호평 다수 (1건)
422622,도란도란,광주,서구,분위기,1,0,0,분위기 호평 다수 (1건)
539878,도루강,전남,보성군,맛,1,0,0,맛 호평 다수 (1건)
539878,도루강,전남,보성군,신선도,1,0,0,신선도 호평 다수 (1건)
422629,도루메연탄구이,광주,광산구,맛,1,0,0,맛 호평 다수 (1건)
422629,도루메연탄구이,광주,광산구,신선도,1,0,0,신선도 호평 다수 (1건)
422634,도리도리 광주쌍촌점,광주,서구,신선도,1,0,0,신선도 호평 다수 (1건)
b67ffd5cde89,도리도리,광주,북구,맛,1,0,0,맛 호평 다수 (1건)
b67ffd5cde89,도리도리,광주,북구,서비스_친절도,1,0,0,서비스_친절도 호평 다수 (1건)
b67ffd5cde89,도리도리,광주,북구,분위기,1,0,0,분위기 호평 다수 (1건)
519145,도리포 횟집,전남,무안군,분위기,1,0,0,분위기 호평 다수 (1건)
422639,도림,광주,북구,양,1,0,0,양 호평 다수 (1건)
422643,도마카이,광주,광산구,재방문의사,1,0,0,재방문의사 호평 다수 (1건)
422644,도모참치 수완점,광주,광산구,맛,1,0,0,맛 호평 다수 (1건)
422644,도모참치 수완점,광주,광산구,신선도,1,0,0,신선도 호평 다수 (1건)
422658,도산골 옆집,광주,광산구,분위기,1,0,0,분위기 호평 다수 (1건)
422656,도산골,광주,광산구,맛,1,0,0,맛 호평 다수 (1건)
422659,도산동구내식당,광주,광산구,맛,1,0,0,맛 호평 다수 (1건)
422659,도산동구내식당,광주,광산구,분위기,1,0,0,분위기 호평 다수 (1건)
422661,도산식당,광주,광산구,접근성_웨이팅,1,0,0,접근성_웨이팅 호평 다수 (1건)
519517|895679,도선장횟집,전남,신안군,신선도,1,0,0,신선도 호평 다수 (1건)
519924,도선초밥,전남,영암군,신선도,1,0,0,신선도 호평 다수 (1건)
422666,도스마스 전남대점,광주,북구,맛,1,0,0,맛 호평 다수 (1건)
422668,도스마스 조선대점,광주,동구,맛,1,0,0,맛 호평 다수 (1건)
422668,도스마스 조선대점,광주,동구,분위기,1,0,0,분위기 호평 다수 (1건)
422674,도시락형제,광주,동구,맛,1,0,0,맛 호평 다수 (1건)
422674,도시락형제,광주,동구,신선도,1,0,0,신선도 호평 다수 (1건)
836776|880640,도시어부 돌문어삼합,전남,여수시,서비스_친절도,1,0,0,서비스_친절도 호평 다수 (1건)
422682,도심속의 수산시장,광주,서구,신선도,1,0,0,신선도 호평 다수 (1건)
422682,도심속의 수산시장,광주,서구,접근성_웨이팅,1,0,0,접근성_웨이팅 호평 다수 (1건)
519205|895451,도야족발 벌교점,전남,보성군,신선도,1,0,0,신선도 호평 다수 (1건)
519205|895451,도야족발 벌교점,전남,보성군,서비스_친절도,1,0,0,서비스_친절도 호평 다수 (1건)
520060,도야족발보쌈 영암대불점,전남,영암군,맛,1,0,0,맛 호평 다수 (1건)
520060,도야족발보쌈 영암대불점,전남,영암군,신선도,1,0,0,신선도 호평 다수 (1건)
520003,도야족발보쌈 영암점,전남,영암군,신선도,1,0,0,신선도 호평 다수 (1건)
422700,도연,광주,동구,맛,1,0,0,맛 호평 다수 (1건)
422701,도요비,광주,서구,분위기,1,0,0,분위기 호평 다수 (1건)
422701,도요비,광주,서구,접근성_웨이팅,1,0,0,접근성_웨이팅 호평 다수 (1건)
422707,도원,광주,서구,맛,1,0,0,맛 호평 다수 (1건)
422707,도원,광주,서구,서비스_친절도,1,0,0,서비스_친절도 호평 다수 (1건)
2320b769ee26,도원초밥,전남,나주시,맛,1,0,0,맛 호평 다수 (1건)
2320b769ee26,도원초밥,전남,나주시,신선도,1,0,0,신선도 호평 다수 (1건)
519039|895322,도청한우본점,전남,무안군,맛,1,0,0,맛 호평 다수 (1건)
519039|895322,도청한우본점,전남,무안군,신선도,1,0,0,신선도 호평 다수 (1건)
522654|896547,도쿄스테이크 땅끝마을 해남점,전남,해남군,맛,1,0,0,맛 호평 다수 (1건)
422718,도쿄스테이크 수완점,광주,광산구,가격,1,0,0,가격 호평 다수 (1건)
422716,도쿄스테이크 충장로점,광주,동구,신선도,1,0,0,신선도 호평 다수 (1건)
404f1fe211ef,도쿄이치바 롯데아울렛광주월드컵점,광주,서구,맛,1,0,0,맛 호평 다수 (1건)
404f1fe211ef,도쿄이치바 롯데아울렛광주월드컵점,광주,서구,신선도,1,0,0,신선도 호평 다수 (1건)
404f1fe211ef,도쿄이치바 롯데아울렛광주월드컵점,광주,서구,분위기,1,0,0,분위기 호평 다수 (1건)
520132,도토리,전남,완도군,맛,1,0,0,맛 호평 다수 (1건)
422721,도토리편백집 광주첨단점,광주,광산구,맛,0,1,0,맛 언급 (1건)
418704|879718,도피 동명점,광주,동구,신선도,1,0,0,신선도 호평 다수 (1건)
422726,도피 상무점,광주,서구,맛,1,0,0,맛 호평 다수 (1건)
422726,도피 상무점,광주,서구,신선도,1,0,0,신선도 호평 다수 (1건)
422727,도화,전남,나주시,맛,1,0,0,맛 호평 다수 (1건)
422727,도화,전남,나주시,분위기,1,0,0,분위기 호평 다수 (1건)
422729,도화식당,광주,동구,맛,1,0,0,맛 호평 다수 (1건)
422729,도화식당,광주,동구,분위기,1,0,0,분위기 호평 다수 (1건)
518206,도화에오면,전남,고흥군,맛,1,0,0,맛 호평 다수 (1건)
518206,도화에오면,전남,고흥군,분위기,1,0,0,분위기 호평 다수 (1건)
517364,도화원,전남,순천시,맛,1,0,0,맛 호평 다수 (1건)
517364,도화원,전남,순천시,분위기,1,0,0,분위기 호평 다수 (1건)
517364,도화원,전남,순천시,접근성_웨이팅,1,0,0,접근성_웨이팅 호평 다수 (1건)
422730,도화정,광주,북구,맛,1,0,0,맛 호평 다수 (1건)
422731,독골닭집,광주,광산구,신선도,1,0,0,신선도 호평 다수 (1건)
523911,독대,전남,순천시,신선도,1,0,0,신선도 호평 다수 (1건)
422732,독도,광주,광산구,맛,1,0,0,맛 호평 다수 (1건)
422736,독도집 첨단점,광주,광산구,신선도,1,0,0,신선도 호평 다수 (1건)
422735,독도집,광주,서구,서비스_친절도,1,0,0,서비스_친절도 호평 다수 (1건)
422735,독도집,광주,서구,분위기,1,0,0,분위기 호평 다수 (1건)
422737,독에빠진돈막창 수완본점,광주,광산구,분위기,1,0,0,분위기 호평 다수 (1건)
422737,독에빠진돈막창 수완본점,광주,광산구,접근성_웨이팅,1,0,0,접근성_웨이팅 호평 다수 (1건)
519520|895681,독우길 226,전남,신안군,맛,1,0,0,맛 호평 다수 (1건)
519520|895681,독우길 226,전남,신안군,분위기,1,0,0,분위기 호평 다수 (1건)
520013,독천무안뻘낙지,전남,영암군,맛,1,0,0,맛 호평 다수 (1건)
520013,독천무안뻘낙지,전남,영암군,신선도,1,0,0,신선도 호평 다수 (1건)
422740,독크루 첨단점,광주,북구,맛,1,0,0,맛 호평 다수 (1건)
422740,독크루 첨단점,광주,북구,분위기,1,0,0,분위기 호평 다수 (1건)
422740,독크루 첨단점,광주,북구,접근성_웨이팅,1,0,0,접근성_웨이팅 호평 다수 (1건)
422745,돈가,광주,서구,신선도,1,0,0,신선도 호평 다수 (1건)
422745,돈가,광주,서구,서비스_친절도,1,0,0,서비스_친절도 호평 다수 (1건)
422747,돈가네,광주,북구,신선도,1,0,0,신선도 호평 다수 (1건)
422750|879849,돈값,광주,서구,서비스_친절도,1,0,0,서비스_친절도 호평 다수 (1건)
422751,돈고봉,광주,광산구,맛,1,0,0,맛 호평 다수 (1건)
422751,돈고봉,광주,광산구,신선도,1,0,0,신선도 호평 다수 (1건)
422751,돈고봉,광주,광산구,양,1,0,0,양 호평 다수 (1건)
422757,돈구이바람났네 닭이랑,광주,광산구,맛,1,0,0,맛 호평 다수 (1건)
422757,돈구이바람났네닭이랑,광주,광산구,맛,1,0,0,맛 호평 다수 (1건)
422762,돈구이불붙었네,광주,북구,맛,1,0,0,맛 호평 다수 (1건)
518465,돈까스&국수,전남,구례군,맛,1,0,0,맛 호평 다수 (1건)
422770|879850,돈까스만드는남자 운암직영점,광주,북구,신선도,1,0,0,신선도 호평 다수 (1건)
522094,돈까스쿡수,전남,진도군,맛,1,0,0,맛 호평 다수 (1건)
522094,돈까스쿡수,전남,진도군,접근성_웨이팅,1,0,0,접근성_웨이팅 호평 다수 (1건)
d7fbfc8cc834,돈까스클럽 광주동림점,광주,북구,맛,1,0,0,맛 호평 다수 (1건)
d7fbfc8cc834,돈까스클럽 광주동림점,광주,북구,신선도,1,0,0,신선도 호평 다수 (1건)
422772,돈까스틱,광주,동구,맛,1,0,0,맛 호평 다수 (1건)
422773,돈꼬기,광주,광산구,맛,1,0,0,맛 호평 다수 (1건)
422774,돈꼬방 용두점,광주,북구,맛,1,0,0,맛 호평 다수 (1건)
422778,돈내코 참숯구이,광주,북구,맛,1,0,0,맛 호평 다수 (1건)
422778,돈내코 참숯구이,광주,북구,신선도,1,0,0,신선도 호평 다수 (1건)
422778,돈내코 참숯구이,광주,북구,접근성_웨이팅,1,0,0,접근성_웨이팅 호평 다수 (1건)
422779,돈단지 풍암점,광주,서구,맛,1,0,0,맛 호평 다수 (1건)
422779,돈단지 풍암점,광주,서구,신선도,1,0,0,신선도 호평 다수 (1건)
422781,돈대가,광주,광산구,서비스_친절도,1,0,0,서비스_친절도 호평 다수 (1건)
422781,돈대가,광주,광산구,접근성_웨이팅,1,0,0,접근성_웨이팅 호평 다수 (1건)
914050b525f8,돈도니 삼겹&직화불고기 진월점,광주,남구,맛,1,0,0,맛 호평 다수 (1건)
914050b525f8,돈도니 삼겹&직화불고기 진월점,광주,남구,신선도,1,0,0,신선도 호평 다수 (1건)
422752,돈도니 석쇠한판불고기 오치점,광주,북구,맛,1,0,0,맛 호평 다수 (1건)
422783,돈도니직화석쇠구이,광주,북구,맛,1,0,0,맛 호평 다수 (1건)
518682|895095,돈돈 오모이다스,전남,담양군,서비스_친절도,1,0,0,서비스_친절도 호평 다수 (1건)
422784,돈돈까츠 양림점,광주,남구,분위기,1,0,0,분위기 호평 다수 (1건)
422785,돈돈까츠 양산점,광주,북구,맛,1,0,0,맛 호평 다수 (1건)
422787,돈둥이 생갈비,광주,광산구,신선도,1,0,0,신선도 호평 다수 (1건)
422787,돈둥이 생갈비,광주,광산구,위생_청결,1,0,0,위생_청결 호평 다수 (1건)
1284e84ad642,돈드림병천순대 하당점,전남,목포시,맛,1,0,0,맛 호평 다수 (1건)
1284e84ad642,돈드림병천순대 하당점,전남,목포시,신선도,1,0,0,신선도 호평 다수 (1건)
1284e84ad642,돈드림병천순대 하당점,전남,목포시,서비스_친절도,1,0,0,서비스_친절도 호평 다수 (1건)
1284e84ad642,돈드림병천순대 하당점,전남,목포시,분위기,1,0,0,분위기 호평 다수 (1건)
422788,돈땡큐,광주,광산구,분위기,1,0,0,분위기 호평 다수 (1건)
422790,돈마니,광주,동구,맛,1,0,0,맛 호평 다수 (1건)
422790,돈마니,광주,동구,서비스_친절도,1,0,0,서비스_친절도 호평 다수 (1건)
422789,돈마니감자탕&등갈비,광주,광산구,맛,1,0,0,맛 호평 다수 (1건)
422791,돈먹고돈먹기,광주,광산구,맛,1,0,0,맛 호평 다수 (1건)
422791,돈먹고돈먹기,광주,광산구,서비스_친절도,1,0,0,서비스_친절도 호평 다수 (1건)
34d67c898175,돈먹자,전남,광양시,맛,1,0,0,맛 호평 다수 (1건)
34d67c898175,돈먹자,전남,광양시,분위기,1,0,0,분위기 호평 다수 (1건)
422792,돈믈리에 운남점,광주,광산구,신선도,1,0,0,신선도 호평 다수 (1건)
422792,돈믈리에 운남점,광주,광산구,분위기,1,0,0,분위기 호평 다수 (1건)
422793|84137|879463,돈미가,광주,남구,맛,1,0,0,맛 호평 다수 (1건)
422793|84137|879463,돈미가,광주,남구,신선도,1,0,0,신선도 호평 다수 (1건)
522163|896267,돈방석,전남,진도군,신선도,1,0,0,신선도 호평 다수 (1건)
422800,돈불,광주,북구,신선도,1,0,0,신선도 호평 다수 (1건)
519938,돈불낙 앤 오리탕,전남,영암군,맛,1,0,0,맛 호평 다수 (1건)
522535|896459,돈사돈,전남,해남군,맛,1,0,0,맛 호평 다수 (1건)
522535|896459,돈사돈,전남,해남군,신선도,1,0,0,신선도 호평 다수 (1건)
422803,돈소랑,광주,북구,맛,1,0,0,맛 호평 다수 (1건)
422804,돈스타삼겹,광주,북구,맛,1,0,0,맛 호평 다수 (1건)
422804,돈스타삼겹,광주,북구,신선도,1,0,0,신선도 호평 다수 (1건)
422806|879852,돈쌈냉면,광주,동구,신선도,1,0,0,신선도 호평 다수 (1건)
422807,돈아돈아,전남,담양군,신선도,1,0,0,신선도 호평 다수 (1건)
422810,돈앤덕,광주,서구,맛,1,0,0,맛 호평 다수 (1건)
3b14b8d42986,돈오락쪽갈비 쌍촌점,광주,서구,맛,1,0,0,맛 호평 다수 (1건)
3b14b8d42986,돈오락쪽갈비 쌍촌점,광주,서구,분위기,1,0,0,분위기 호평 다수 (1건)
b06db80f8796,돈오락쪽갈비 첨단2지구점,광주,북구,서비스_친절도,1,0,0,서비스_친절도 호평 다수 (1건)
5fc49820d546,돈오락쪽갈비 하남점,광주,광산구,맛,1,0,0,맛 호평 다수 (1건)
5fc49820d546,돈오락쪽갈비 하남점,광주,광산구,서비스_친절도,1,0,0,서비스_친절도 호평 다수 (1건)
198764,돈우빈,광주,북구,신선도,1,0,0,신선도 호평 다수 (1건)
422816,돈웅,광주,동구,분위기,1,0,0,분위기 호평 다수 (1건)
188766|422817,돈워리,광주,북구,분위기,1,0,0,분위기 호평 다수 (1건)
422818,돈워리비해피 조선대점,광주,동구,맛,1,0,0,맛 호평 다수 (1건)
422818,돈워리비해피 조선대점,광주,동구,서비스_친절도,1,0,0,서비스_친절도 호평 다수 (1건)
422818,돈워리비해피 조선대점,광주,동구,분위기,1,0,0,분위기 호평 다수 (1건)
422819,돈워리비해피,광주,서구,접근성_웨이팅,1,0,0,접근성_웨이팅 호평 다수 (1건)
422820,돈일촌,광주,동구,신선도,1,0,0,신선도 호평 다수 (1건)
422821|515923|961868,돈잘,광주,북구,신선도,1,0,0,신선도 호평 다수 (1건)
422821|515923|961868,돈잘,광주,북구,서비스_친절도,1,0,0,서비스_친절도 호평 다수 (1건)
422822,돈주삼 광주용봉동,광주,북구,서비스_친절도,1,0,0,서비스_친절도 호평 다수 (1건)
422823|433239,돈지메국밥,광주,북구,분위기,1,0,0,분위기 호평 다수 (1건)
56820,돈참 풍덕점,전남,순천시,맛,1,0,0,맛 호평 다수 (1건)
422826,돈창고,광주,서구,맛,1,0,0,맛 호평 다수 (1건)
422826,돈창고,광주,서구,신선도,1,0,0,신선도 호평 다수 (1건)
518561,돈치킨 구례점,전남,구례군,맛,1,0,0,맛 호평 다수 (1건)
519849,돈치킨 영광점,전남,영광군,분위기,1,0,0,분위기 호평 다수 (1건)
422829,돈치킨 하남1호점,광주,광산구,서비스_친절도,1,0,0,서비스_친절도 호평 다수 (1건)
422830,돈치호테,광주,남구,맛,1,0,0,맛 호평 다수 (1건)
422831,돈키호테수제돈까스전문점,광주,북구,맛,1,0,0,맛 호평 다수 (1건)
422833,돈통구이,광주,서구,맛,1,0,0,맛 호평 다수 (1건)
422833,돈통구이,광주,서구,신선도,1,0,0,신선도 호평 다수 (1건)
422834,돈통쌈밥삼겹살,광주,북구,신선도,1,0,0,신선도 호평 다수 (1건)
422768,돈페 일곡점,광주,북구,맛,1,0,0,맛 호평 다수 (1건)
422838|515683|880448,돈페 하남점,광주,광산구,신선도,1,0,0,신선도 호평 다수 (1건)
422837,돈페플러스 양산점,광주,북구,맛,1,0,0,맛 호평 다수 (1건)
422837,돈페플러스 양산점,광주,북구,분위기,1,0,0,분위기 호평 다수 (1건)
422839,돌,광주,서구,신선도,1,0,0,신선도 호평 다수 (1건)
522727,돌고래식당,전남,해남군,맛,1,0,0,맛 호평 다수 (1건)
422843,돌고래참치랑활어랑,광주,광산구,서비스_친절도,0,1,0,서비스_친절도 언급 (1건)
422844,돌고래철따라맛따라,광주,북구,접근성_웨이팅,1,0,0,접근성_웨이팅 호평 다수 (1건)
519457|895640,돌고래회식당,전남,신안군,맛,1,0,0,맛 호평 다수 (1건)
56821,돌고래횟집,전남,해남군,맛,1,0,0,맛 호평 다수 (1건)
56821,돌고래횟집,전남,해남군,신선도,1,0,0,신선도 호평 다수 (1건)
518732,돌담,전남,담양군,맛,1,0,0,맛 호평 다수 (1건)
518732,돌담,전남,담양군,분위기,1,0,0,분위기 호평 다수 (1건)
422846,돌담게장백반,광주,북구,맛,1,0,0,맛 호평 다수 (1건)
422846,돌담게장백반,광주,북구,양,1,0,0,양 호평 다수 (1건)
56822,돌담길,전남,장성군,맛,1,0,0,맛 호평 다수 (1건)
56822,돌담길,전남,장성군,분위기,1,0,0,분위기 호평 다수 (1건)
422849,돌담마을 광천점,광주,서구,분위기,1,0,0,분위기 호평 다수 (1건)
422850,돌담장어 광주오치동,광주,북구,신선도,1,0,0,신선도 호평 다수 (1건)
f9f5c034d0ea,돌담장어&갈비,광주,북구,신선도,1,0,0,신선도 호평 다수 (1건)
e9aeaf4c8404,돌돌말아김밥,전남,여수시,맛,1,0,0,맛 호평 다수 (1건)
e9aeaf4c8404,돌돌말아김밥,전남,여수시,신선도,1,0,0,신선도 호평 다수 (1건)
422851,돌돌이등갈비촌 광주본점,광주,서구,서비스_친절도,1,0,0,서비스_친절도 호평 다수 (1건)
422851,돌돌이등갈비촌 광주본점,광주,서구,분위기,1,0,0,분위기 호평 다수 (1건)
56823,돌마당국밥,전남,순천시,맛,1,0,0,맛 호평 다수 (1건)
56823,돌마당국밥,전남,순천시,신선도,1,0,0,신선도 호평 다수 (1건)
522348,돌머리696,전남,함평군,신선도,1,0,0,신선도 호평 다수 (1건)
522406|896404,돌머리수산,전남,함평군,맛,1,0,0,맛 호평 다수 (1건)
522406|896404,돌머리수산,전남,함평군,신선도,1,0,0,신선도 호평 다수 (1건)
522406|896404,돌머리수산,전남,함평군,접근성_웨이팅,1,0,0,접근성_웨이팅 호평 다수 (1건)
522359|896374,돌머리횟집,전남,함평군,신선도,1,0,0,신선도 호평 다수 (1건)
519234|895477,돌모리식당,전남,보성군,양,1,0,0,양 호평 다수 (1건)
519234|895477,돌모리식당,전남,보성군,접근성_웨이팅,1,0,0,접근성_웨이팅 호평 다수 (1건)
422854,돌배기집 광주상무점,광주,서구,신선도,1,0,0,신선도 호평 다수 (1건)
517647,돌산 정담,전남,여수시,맛,1,0,0,맛 호평 다수 (1건)
517647,돌산 정담,전남,여수시,가격,1,0,0,가격 호평 다수 (1건)
517555,돌산게장명가 대교점,전남,여수시,신선도,1,0,0,신선도 호평 다수 (1건)
517555,돌산게장명가 대교점,전남,여수시,서비스_친절도,1,0,0,서비스_친절도 호평 다수 (1건)
839ccadd0e86,돌산게장명가,전남,여수시,신선도,1,0,0,신선도 호평 다수 (1건)
839ccadd0e86,돌산게장명가,전남,여수시,서비스_친절도,1,0,0,서비스_친절도 호평 다수 (1건)
517590,돌산백반,전남,여수시,맛,1,0,0,맛 호평 다수 (1건)
ac8e9e325b1a,돌산식당,전남,여수시,서비스_친절도,1,0,0,서비스_친절도 호평 다수 (1건)
56944,돌산용궁횟집 하모샤브샤브 물회,전남,여수시,신선도,1,0,0,신선도 호평 다수 (1건)
422856|879854,돌샘,광주,서구,신선도,1,0,0,신선도 호평 다수 (1건)
422856|879854,돌샘,광주,서구,분위기,1,0,0,분위기 호평 다수 (1건)
422859,돌섬앞바다,광주,서구,신선도,1,0,0,신선도 호평 다수 (1건)
422859,돌섬앞바다,광주,서구,가격,1,0,0,가격 호평 다수 (1건)
422861,돌솥가마솥국밥,광주,북구,분위기,1,0,0,분위기 호평 다수 (1건)
519618,돌식당민박,전남,신안군,맛,1,0,0,맛 호평 다수 (1건)
520023,돌야식,전남,영암군,맛,1,0,0,맛 호평 다수 (1건)
520023,돌야식,전남,영암군,신선도,1,0,0,신선도 호평 다수 (1건)
422867,돌탱이,광주,서구,맛,1,0,0,맛 호평 다수 (1건)
422867,돌탱이,광주,서구,신선도,1,0,0,신선도 호평 다수 (1건)
422867,돌탱이,광주,서구,분위기,1,0,0,분위기 호평 다수 (1건)
422867,돌탱이,광주,서구,접근성_웨이팅,1,0,0,접근성_웨이팅 호평 다수 (1건)
422870,돗대골뱅이 광주용봉점,광주,북구,맛,1,0,0,맛 호평 다수 (1건)
422870,돗대골뱅이 광주용봉점,광주,북구,신선도,1,0,0,신선도 호평 다수 (1건)
518031,동강가야성,전남,고흥군,맛,1,0,0,맛 호평 다수 (1건)
518031,동강가야성,전남,고흥군,신선도,1,0,0,신선도 호평 다수 (1건)
517421,동강막창 조례점,전남,순천시,맛,1,0,0,맛 호평 다수 (1건)
422876,동경규동 용두점,광주,북구,맛,1,0,0,맛 호평 다수 (1건)
422876,동경규동 용두점,광주,북구,위생_청결,1,0,0,위생_청결 호평 다수 (1건)
422882,동곡기사식당,광주,광산구,맛,1,0,0,맛 호평 다수 (1건)
b63f3808dab1,동곡식당 본점,광주,광산구,맛,1,0,0,맛 호평 다수 (1건)
b63f3808dab1,동곡식당 본점,광주,광산구,신선도,1,0,0,신선도 호평 다수 (1건)
422884,동곡탕집,광주,광산구,맛,1,0,0,맛 호평 다수 (1건)
422887,동구밖과수원,광주,북구,맛,1,0,0,맛 호평 다수 (1건)
422887,동구밖과수원,광주,북구,신선도,1,0,0,신선도 호평 다수 (1건)
422891,동궁가든,광주,광산구,양,1,0,0,양 호평 다수 (1건)
422892,동궁게장백반,광주,동구,신선도,1,0,0,신선도 호평 다수 (1건)
419775|422895,동궁찜닭 광주진월점,광주,남구,신선도,1,0,0,신선도 호평 다수 (1건)
422894,동궁찜닭 상무점,광주,서구,맛,1,0,0,맛 호평 다수 (1건)
422894,동궁찜닭 상무점,광주,서구,신선도,1,0,0,신선도 호평 다수 (1건)
422894,동궁찜닭 상무점,광주,서구,분위기,1,0,0,분위기 호평 다수 (1건)
422899,동근이숯불두마리치킨 쌍촌점,광주,서구,맛,1,0,0,맛 호평 다수 (1건)
422899,동근이숯불두마리치킨 쌍촌점,광주,서구,신선도,1,0,0,신선도 호평 다수 (1건)
8cca17ece555,동네국밥,전남,광양시,맛,1,0,0,맛 호평 다수 (1건)
422901,동네뒷고기,광주,서구,신선도,1,0,0,신선도 호평 다수 (1건)
422902,동네맛집,광주,광산구,신선도,1,0,0,신선도 호평 다수 (1건)
422902,동네맛집,광주,광산구,서비스_친절도,1,0,0,서비스_친절도 호평 다수 (1건)
422905,동네밥집,광주,서구,신선도,1,0,0,신선도 호평 다수 (1건)
422905,동네밥집,광주,서구,분위기,1,0,0,분위기 호평 다수 (1건)
517710,동네방네,전남,여수시,맛,1,0,0,맛 호평 다수 (1건)
422909|879855,동네수산물,광주,남구,맛,1,0,0,맛 호평 다수 (1건)
422909|879855,동네수산물,광주,남구,신선도,1,0,0,신선도 호평 다수 (1건)
422911,동네식당,광주,서구,맛,1,0,0,맛 호평 다수 (1건)
422911,동네식당,광주,서구,신선도,1,0,0,신선도 호평 다수 (1건)
422912,동네주꾸미,광주,동구,신선도,1,0,0,신선도 호평 다수 (1건)
422912,동네주꾸미,광주,동구,접근성_웨이팅,1,0,0,접근성_웨이팅 호평 다수 (1건)
422916,동네통닭,광주,동구,맛,1,0,0,맛 호평 다수 (1건)
422918,동네포우차,광주,서구,맛,1,0,0,맛 호평 다수 (1건)
422918,동네포우차,광주,서구,서비스_친절도,1,0,0,서비스_친절도 호평 다수 (1건)
422918,동네포우차,광주,서구,분위기,1,0,0,분위기 호평 다수 (1건)
422918,동네포우차,광주,서구,접근성_웨이팅,1,0,0,접근성_웨이팅 호평 다수 (1건)
422921,동네한바퀴,광주,북구,신선도,1,0,0,신선도 호평 다수 (1건)
8c480056d087,동대문야채곱창대호점,전남,나주시,맛,1,0,0,맛 호평 다수 (1건)
8c480056d087,동대문야채곱창대호점,전남,나주시,신선도,1,0,0,신선도 호평 다수 (1건)
56826,동동해,전남,여수시,맛,1,0,0,맛 호평 다수 (1건)
56826,동동해,전남,여수시,신선도,1,0,0,신선도 호평 다수 (1건)
56827,동락식당,전남,영암군,신선도,1,0,0,신선도 호평 다수 (1건)
56827,동락식당,전남,영암군,서비스_친절도,1,0,0,서비스_친절도 호평 다수 (1건)
56827,동락식당,전남,영암군,접근성_웨이팅,1,0,0,접근성_웨이팅 호평 다수 (1건)
422929,동림골식육식당,광주,북구,분위기,1,0,0,분위기 호평 다수 (1건)
422932,동림수산,광주,북구,신선도,1,0,0,신선도 호평 다수 (1건)
422932,동림수산,광주,북구,가격,1,0,0,가격 호평 다수 (1건)
422934,동림추어탕,광주,북구,맛,1,0,0,맛 호평 다수 (1건)
422934,동림추어탕,광주,북구,신선도,1,0,0,신선도 호평 다수 (1건)
422935,동림큰손,광주,북구,맛,1,0,0,맛 호평 다수 (1건)
422935,동림큰손,광주,북구,신선도,1,0,0,신선도 호평 다수 (1건)
422935,동림큰손,광주,북구,분위기,1,0,0,분위기 호평 다수 (1건)
518287,동막골,전남,곡성군,맛,1,0,0,맛 호평 다수 (1건)
518287,동막골,전남,곡성군,접근성_웨이팅,1,0,0,접근성_웨이팅 호평 다수 (1건)
422937,동막골소주방,광주,광산구,맛,1,0,0,맛 호평 다수 (1건)
422937,동막골소주방,광주,광산구,분위기,1,0,0,분위기 호평 다수 (1건)
84426|880554,동막식당,전남,보성군,신선도,1,0,0,신선도 호평 다수 (1건)
422946|437256,동명굼터,광주,동구,맛,1,0,0,맛 호평 다수 (1건)
422946|437256,동명굼터,광주,동구,위생_청결,1,0,0,위생_청결 호평 다수 (1건)
422946|437256,동명굼터,광주,동구,분위기,1,0,0,분위기 호평 다수 (1건)
422947,동명꼬마김밥 광주지산동,광주,동구,맛,1,0,0,맛 호평 다수 (1건)
422947,동명꼬마김밥 광주지산동,광주,동구,신선도,1,0,0,신선도 호평 다수 (1건)
d43522008433,동명꼬마김밥,광주,동구,신선도,1,0,0,신선도 호평 다수 (1건)
422949,동명달빛,광주,동구,맛,1,0,0,맛 호평 다수 (1건)
422949,동명달빛,광주,동구,분위기,1,0,0,분위기 호평 다수 (1건)
422951|879856,동명돈 광주동명동,광주,동구,서비스_친절도,1,0,0,서비스_친절도 호평 다수 (1건)
86ccdbd78954,동명돈,광주,동구,분위기,1,0,0,분위기 호평 다수 (1건)
515816|961776,동명동구주,광주,동구,맛,1,0,0,맛 호평 다수 (1건)
422952|515793|961756,동명동별관,광주,동구,맛,1,0,0,맛 호평 다수 (1건)
422952|515793|961756,동명동별관,광주,동구,서비스_친절도,1,0,0,서비스_친절도 호평 다수 (1건)
422952|515793|961756,동명동별관,광주,동구,분위기,1,0,0,분위기 호평 다수 (1건)
422957,동명루프탑,광주,동구,신선도,1,0,0,신선도 호평 다수 (1건)
422960,동명사랑채,광주,동구,맛,1,0,0,맛 호평 다수 (1건)
422960,동명사랑채,광주,동구,분위기,1,0,0,분위기 호평 다수 (1건)
422961,동명슈퍼,광주,동구,맛,1,0,0,맛 호평 다수 (1건)
517774,동명카츠 강진점,전남,강진군,신선도,1,0,0,신선도 호평 다수 (1건)
422983,동명카츠 광주 효천1지구점,광주,남구,맛,0,0,1,맛 불만 존재 (1건)
07115dfada29,동명카츠 광주선운지구점,광주,광산구,신선도,1,0,0,신선도 호평 다수 (1건)
07115dfada29,동명카츠 광주선운지구점,광주,광산구,서비스_친절도,1,0,0,서비스_친절도 호평 다수 (1건)
07115dfada29,동명카츠 광주선운지구점,광주,광산구,분위기,1,0,0,분위기 호평 다수 (1건)
22d89399b7ce,동명카츠 광주양동점,광주,서구,신선도,1,0,0,신선도 호평 다수 (1건)
22d89399b7ce,동명카츠 광주양동점,광주,서구,서비스_친절도,1,0,0,서비스_친절도 호평 다수 (1건)
1cfdc3eaa76d,동명카츠 내방점,광주,서구,신선도,1,0,0,신선도 호평 다수 (1건)
1cfdc3eaa76d,동명카츠 내방점,광주,서구,분위기,1,0,0,분위기 호평 다수 (1건)
e6ee26ecd95e,동명카츠 문흥점,광주,북구,신선도,1,0,0,신선도 호평 다수 (1건)
422974,동명카츠 삼각점,광주,북구,신선도,1,0,0,신선도 호평 다수 (1건)
422975,동명카츠 상무점,광주,서구,위생_청결,1,0,0,위생_청결 호평 다수 (1건)
422977,동명카츠 신가점,광주,광산구,신선도,1,0,0,신선도 호평 다수 (1건)
422978,동명카츠 신용점,광주,북구,신선도,1,0,0,신선도 호평 다수 (1건)
422972|879544,동명카츠 양림점,광주,남구,신선도,1,0,0,신선도 호평 다수 (1건)
422979|879545|879857,동명카츠 염주화정점,광주,서구,신선도,1,0,0,신선도 호평 다수 (1건)
422979|879545|879857,동명카츠 염주화정점,광주,서구,서비스_친절도,1,0,0,서비스_친절도 호평 다수 (1건)
0b754befdb83,동명카츠 우산점,광주,광산구,신선도,1,0,0,신선도 호평 다수 (1건)
422965,동명카츠 운암점,광주,북구,신선도,1,0,0,신선도 호평 다수 (1건)
422966,동명카츠 일곡점,광주,북구,신선도,1,0,0,신선도 호평 다수 (1건)
521904|896112,동명카츠 장흥점,전남,장흥군,신선도,1,0,0,신선도 호평 다수 (1건)
521904|896112,동명카츠 장흥점,전남,장흥군,서비스_친절도,1,0,0,서비스_친절도 호평 다수 (1건)
422967,동명카츠 중흥점,광주,북구,맛,1,0,0,맛 호평 다수 (1건)
522555|896476,동명카츠 해남점,전남,해남군,신선도,1,0,0,신선도 호평 다수 (1건)
522555|896476,동명카츠 해남점,전남,해남군,서비스_친절도,1,0,0,서비스_친절도 호평 다수 (1건)
422973,동명카츠문흥점 광주문흥동,광주,북구,신선도,1,0,0,신선도 호평 다수 (1건)
422975,동명카츠상무점,광주,서구,위생_청결,1,0,0,위생_청결 호평 다수 (1건)
422985,동명흑염소,광주,동구,신선도,1,0,0,신선도 호평 다수 (1건)
422989,동민통닭,광주,북구,맛,1,0,0,맛 호평 다수 (1건)
422989,동민통닭,광주,북구,신선도,1,0,0,신선도 호평 다수 (1건)
518592,동바리해장국설렁탕,전남,구례군,맛,1,0,0,맛 호평 다수 (1건)
521905|896113,동방불패 장흥점,전남,장흥군,맛,1,0,0,맛 호평 다수 (1건)
521905|896113,동방불패 장흥점,전남,장흥군,신선도,1,0,0,신선도 호평 다수 (1건)
422991,동배실 광주동림동,광주,북구,맛,1,0,0,맛 호평 다수 (1건)
422991,동배실 광주동림동,광주,북구,분위기,1,0,0,분위기 호평 다수 (1건)
422992,동백,광주,동구,맛,1,0,0,맛 호평 다수 (1건)
422992,동백,광주,동구,신선도,1,0,0,신선도 호평 다수 (1건)
517577,동백산장,전남,여수시,신선도,1,0,0,신선도 호평 다수 (1건)
515938|961882,동백카츠 광주상무점,광주,서구,맛,1,0,0,맛 호평 다수 (1건)
5828e1caad13,동백카츠 광주장덕동,광주,광산구,맛,1,0,0,맛 호평 다수 (1건)
422996|879858,동백카츠 동명점,광주,동구,맛,1,0,0,맛 호평 다수 (1건)
422996|879858,동백카츠 동명점,광주,동구,신선도,1,0,0,신선도 호평 다수 (1건)
422998|515634|880405,동백카츠 장덕동점,광주,광산구,맛,1,0,0,맛 호평 다수 (1건)
517557,동백한식,전남,여수시,신선도,1,0,0,신선도 호평 다수 (1건)
519444|895635,동백횟집,전남,신안군,신선도,1,0,0,신선도 호평 다수 (1건)
520176,동백횟집식당,전남,완도군,신선도,1,0,0,신선도 호평 다수 (1건)
520176,동백횟집식당,전남,완도군,서비스_친절도,1,0,0,서비스_친절도 호평 다수 (1건)
520176,동백횟집식당,전남,완도군,접근성_웨이팅,1,0,0,접근성_웨이팅 호평 다수 (1건)
423002,동산가든,광주,북구,맛,1,0,0,맛 호평 다수 (1건)
423002,동산가든,광주,북구,신선도,1,0,0,신선도 호평 다수 (1건)
423010,동산회관,광주,북구,맛,1,0,0,맛 호평 다수 (1건)
423010,동산회관,광주,북구,서비스_친절도,1,0,0,서비스_친절도 호평 다수 (1건)
423011,동서네낙지 광주양산점,광주,북구,맛,1,0,0,맛 호평 다수 (1건)
423011,동서네낙지 광주양산점,광주,북구,서비스_친절도,1,0,0,서비스_친절도 호평 다수 (1건)
9370,동성떡갈비,광주,광산구,위생_청결,1,0,0,위생_청결 호평 다수 (1건)
423016,동성산장,광주,북구,맛,1,0,0,맛 호평 다수 (1건)
423016,동성산장,광주,북구,분위기,1,0,0,분위기 호평 다수 (1건)
eda346012632,동아리 동림점,광주,서구,맛,1,0,0,맛 호평 다수 (1건)
eda346012632,동아리 동림점,광주,서구,분위기,1,0,0,분위기 호평 다수 (1건)
423024,동아리 백운휴먼점,광주,남구,맛,1,0,0,맛 호평 다수 (1건)
423024,동아리 백운휴먼점,광주,남구,분위기,1,0,0,분위기 호평 다수 (1건)
c9b921328280,동아리 양산현진점,광주,북구,맛,1,0,0,맛 호평 다수 (1건)
d37f294faba7,동아리 연제주공점,광주,북구,맛,1,0,0,맛 호평 다수 (1건)
d37f294faba7,동아리 연제주공점,광주,북구,분위기,1,0,0,분위기 호평 다수 (1건)
423029,동아리 운남삼성점,광주,광산구,분위기,1,0,0,분위기 호평 다수 (1건)
423042,동아리 운남주공점,광주,광산구,맛,1,0,0,맛 호평 다수 (1건)
423042,동아리 운남주공점,광주,광산구,분위기,1,0,0,분위기 호평 다수 (1건)
ddd63fcd81b9,동아리 월곡일신점,광주,광산구,신선도,1,0,0,신선도 호평 다수 (1건)
ddd63fcd81b9,동아리 월곡일신점,광주,광산구,분위기,1,0,0,분위기 호평 다수 (1건)
d09fe021c50a,동아리 일곡점,광주,북구,맛,1,0,0,맛 호평 다수 (1건)
d09fe021c50a,동아리 일곡점,광주,북구,분위기,1,0,0,분위기 호평 다수 (1건)
01b7e42ac30f,동아리 하남점,광주,광산구,맛,1,0,0,맛 호평 다수 (1건)
01b7e42ac30f,동아리 하남점,광주,광산구,신선도,1,0,0,신선도 호평 다수 (1건)
01b7e42ac30f,동아리 하남점,광주,광산구,분위기,1,0,0,분위기 호평 다수 (1건)
bb96ead5f0e4,동아리 한마음쌍촌점,광주,서구,맛,1,0,0,맛 호평 다수 (1건)
bb96ead5f0e4,동아리 한마음쌍촌점,광주,서구,분위기,1,0,0,분위기 호평 다수 (1건)
423032,동아리,광주,광산구,맛,1,0,0,맛 호평 다수 (1건)
423032,동아리,광주,광산구,분위기,1,0,0,분위기 호평 다수 (1건)
423044,동아리꼬치구이 염주라인점,광주,서구,맛,1,0,0,맛 호평 다수 (1건)
423044,동아리꼬치구이 염주라인점,광주,서구,신선도,1,0,0,신선도 호평 다수 (1건)
423044,동아리꼬치구이 염주라인점,광주,서구,분위기,1,0,0,분위기 호평 다수 (1건)
423041,동아리꼬치구이,광주,북구,맛,1,0,0,맛 호평 다수 (1건)
423041,동아리꼬치구이,광주,북구,신선도,1,0,0,신선도 호평 다수 (1건)
423041,동아리꼬치구이,광주,북구,분위기,1,0,0,분위기 호평 다수 (1건)
494965,동아리꼬치구이전문점,광주,서구,맛,1,0,0,맛 호평 다수 (1건)
494965,동아리꼬치구이전문점,광주,서구,신선도,1,0,0,신선도 호평 다수 (1건)
423022,동아리도산점,광주,광산구,맛,1,0,0,맛 호평 다수 (1건)
423026|423033,동아리시청점,광주,서구,맛,1,0,0,맛 호평 다수 (1건)
423026|423033,동아리시청점,광주,서구,분위기,1,0,0,분위기 호평 다수 (1건)
423047,동아리신가점,광주,광산구,맛,1,0,0,맛 호평 다수 (1건)
423047,동아리신가점,광주,광산구,신선도,1,0,0,신선도 호평 다수 (1건)
423047,동아리신가점,광주,광산구,분위기,1,0,0,분위기 호평 다수 (1건)
85b4fdcafee3,동아리첨단일신점,광주,광산구,분위기,1,0,0,분위기 호평 다수 (1건)
85b4fdcafee3,동아리첨단일신점,광주,광산구,접근성_웨이팅,1,0,0,접근성_웨이팅 호평 다수 (1건)
423049,동아리첨단점,광주,광산구,맛,1,0,0,맛 호평 다수 (1건)
423049,동아리첨단점,광주,광산구,분위기,1,0,0,분위기 호평 다수 (1건)
423020,동아즉석왕족발,광주,남구,맛,1,0,0,맛 호평 다수 (1건)
423020,동아즉석왕족발,광주,남구,신선도,1,0,0,신선도 호평 다수 (1건)
9615,동악산장,전남,곡성군,맛,1,0,0,맛 호평 다수 (1건)
9615,동악산장,전남,곡성군,신선도,1,0,0,신선도 호평 다수 (1건)
423052,동양맛집,광주,서구,맛,1,0,0,맛 호평 다수 (1건)
423052,동양맛집,광주,서구,신선도,1,0,0,신선도 호평 다수 (1건)
423053,동영각,광주,광산구,맛,1,0,0,맛 호평 다수 (1건)
423053,동영각,광주,광산구,분위기,1,0,0,분위기 호평 다수 (1건)
423055,동우랑,광주,북구,신선도,1,0,0,신선도 호평 다수 (1건)
515918|961863,동운정,광주,북구,신선도,1,0,0,신선도 호평 다수 (1건)
423059,동원 게장 백반,광주,동구,맛,1,0,0,맛 호평 다수 (1건)
423061,동원식육식당,광주,서구,맛,1,0,0,맛 호평 다수 (1건)
423061,동원식육식당,광주,서구,신선도,1,0,0,신선도 호평 다수 (1건)
519164|895418,동윤가든,전남,보성군,맛,1,0,0,맛 호평 다수 (1건)
519164|895418,동윤가든,전남,보성군,신선도,1,0,0,신선도 호평 다수 (1건)
519164|895418,동윤가든,전남,보성군,분위기,1,0,0,분위기 호평 다수 (1건)
423066,동주,광주,북구,맛,1,0,0,맛 호평 다수 (1건)
423067,동주까스,광주,광산구,신선도,1,0,0,신선도 호평 다수 (1건)
423067,동주까스,광주,광산구,분위기,1,0,0,분위기 호평 다수 (1건)
423071,동창생,광주,북구,맛,1,0,0,맛 호평 다수 (1건)
423071,동창생,광주,북구,서비스_친절도,1,0,0,서비스_친절도 호평 다수 (1건)
4399625bda64,동창식당,전남,장성군,신선도,1,0,0,신선도 호평 다수 (1건)
423073,동천대패,광주,서구,신선도,1,0,0,신선도 호평 다수 (1건)
423073,동천대패,광주,서구,분위기,1,0,0,분위기 호평 다수 (1건)
423077,동천명문추어탕,광주,서구,신선도,1,0,0,신선도 호평 다수 (1건)
423078,동천장어구이장어탕,광주,동구,맛,1,0,0,맛 호평 다수 (1건)
423078,동천장어구이장어탕,광주,동구,신선도,1,0,0,신선도 호평 다수 (1건)
423078,동천장어구이장어탕,광주,동구,분위기,1,0,0,분위기 호평 다수 (1건)
423079,동천진미국밥,광주,서구,맛,1,0,0,맛 호평 다수 (1건)
423079,동천진미국밥,광주,서구,신선도,1,0,0,신선도 호평 다수 (1건)
423081,동천한우곱창,광주,서구,신선도,1,0,0,신선도 호평 다수 (1건)
423083,동키치킨러셀임실피자,광주,광산구,신선도,1,0,0,신선도 호평 다수 (1건)
519386|895590,동트는집,전남,보성군,신선도,1,0,0,신선도 호평 다수 (1건)
522670,동해,전남,해남군,신선도,1,0,0,신선도 호평 다수 (1건)
423086,동해계절맛집,광주,서구,맛,1,0,0,맛 호평 다수 (1건)
423086,동해계절맛집,광주,서구,신선도,1,0,0,신선도 호평 다수 (1건)
518537,동해국수,전남,구례군,맛,1,0,0,맛 호평 다수 (1건)
518537,동해국수,전남,구례군,신선도,1,0,0,신선도 호평 다수 (1건)
c3a73635716c,동해맛집,광주,서구,맛,1,0,0,맛 호평 다수 (1건)
c3a73635716c,동해맛집,광주,서구,신선도,1,0,0,신선도 호평 다수 (1건)
423087|879859,동해물과아구찜 광주북구점,광주,북구,맛,1,0,0,맛 호평 다수 (1건)
423087|879859,동해물과아구찜 광주북구점,광주,북구,신선도,1,0,0,신선도 호평 다수 (1건)
5aa4429f2c12,동해바다,광주,동구,맛,1,0,0,맛 호평 다수 (1건)
5aa4429f2c12,동해바다,광주,동구,신선도,1,0,0,신선도 호평 다수 (1건)
423089,동해반점,광주,동구,신선도,1,0,0,신선도 호평 다수 (1건)
423091,동해분식,광주,남구,맛,1,0,0,맛 호평 다수 (1건)
423094,동해아구찜,광주,남구,맛,1,0,0,맛 호평 다수 (1건)
423094,동해아구찜,광주,남구,신선도,1,0,0,신선도 호평 다수 (1건)
423098,동해회바다,광주,서구,신선도,1,0,0,신선도 호평 다수 (1건)
423098,동해회바다,광주,서구,서비스_친절도,1,0,0,서비스_친절도 호평 다수 (1건)
87239a36d4e3,동행,광주,서구,서비스_친절도,1,0,0,서비스_친절도 호평 다수 (1건)
69f153d46e21,동화루,전남,광양시,맛,1,0,0,맛 호평 다수 (1건)
69f153d46e21,동화루,전남,광양시,분위기,1,0,0,분위기 호평 다수 (1건)
521799|896039,동화옛날손짜장,전남,장성군,맛,1,0,0,맛 호평 다수 (1건)
423103,동화추어탕,광주,광산구,맛,1,0,0,맛 호평 다수 (1건)
423103,동화추어탕,광주,광산구,신선도,1,0,0,신선도 호평 다수 (1건)
423103,동화추어탕,광주,광산구,서비스_친절도,1,0,0,서비스_친절도 호평 다수 (1건)
423104,동회소주방,광주,북구,맛,1,0,0,맛 호평 다수 (1건)
423104,동회소주방,광주,북구,분위기,1,0,0,분위기 호평 다수 (1건)
423105,동흥루,광주,북구,서비스_친절도,1,0,0,서비스_친절도 호평 다수 (1건)
515874,돼새김,광주,북구,맛,1,0,0,맛 호평 다수 (1건)
515874,돼새김,광주,북구,신선도,1,0,0,신선도 호평 다수 (1건)
423107,돼지가김치찜했어 북구점,광주,북구,맛,1,0,0,맛 호평 다수 (1건)
423107,돼지가김치찜했어 북구점,광주,북구,신선도,1,0,0,신선도 호평 다수 (1건)
423108,돼지갈비막창구이,광주,동구,맛,1,0,0,맛 호평 다수 (1건)
423108,돼지갈비막창구이,광주,동구,신선도,1,0,0,신선도 호평 다수 (1건)
423108,돼지갈비막창구이,광주,동구,분위기,1,0,0,분위기 호평 다수 (1건)
6ae182413016,돼지고기듬뿍넣은김치찌개 서구문화센터점,광주,서구,맛,1,0,0,맛 호평 다수 (1건)
6ae182413016,돼지고기듬뿍넣은김치찌개 서구문화센터점,광주,서구,신선도,1,0,0,신선도 호평 다수 (1건)
6ae182413016,돼지고기듬뿍넣은김치찌개 서구문화센터점,광주,서구,접근성_웨이팅,1,0,0,접근성_웨이팅 호평 다수 (1건)
7112259202e0,돼지고기듬뿍넣은김치찌개 신가점,광주,광산구,맛,1,0,0,맛 호평 다수 (1건)
7112259202e0,돼지고기듬뿍넣은김치찌개 신가점,광주,광산구,양,1,0,0,양 호평 다수 (1건)
423113,돼지고기듬뿍넣은김치찌개 신창점,광주,광산구,맛,1,0,0,맛 호평 다수 (1건)
423111,돼지고기듬뿍넣은김치찌개 임동점,광주,북구,신선도,1,0,0,신선도 호평 다수 (1건)
423119,돼지고기듬뿍넣은김치찌개동천점,광주,서구,맛,1,0,0,맛 호평 다수 (1건)
423119,돼지고기듬뿍넣은김치찌개동천점,광주,서구,신선도,1,0,0,신선도 호평 다수 (1건)
423119,돼지고기듬뿍넣은김치찌개동천점,광주,서구,분위기,1,0,0,분위기 호평 다수 (1건)
423121,돼지골목길,광주,광산구,맛,1,0,0,맛 호평 다수 (1건)
423121,돼지골목길,광주,광산구,신선도,1,0,0,신선도 호평 다수 (1건)
423121,돼지골목길,광주,광산구,접근성_웨이팅,1,0,0,접근성_웨이팅 호평 다수 (1건)
423122,돼지꾸숑,광주,북구,신선도,1,0,0,신선도 호평 다수 (1건)
423127,돼지돈,광주,서구,신선도,1,0,0,신선도 호평 다수 (1건)
423130,돼지듬뿍진짜김치찌개,광주,광산구,서비스_친절도,1,0,0,서비스_친절도 호평 다수 (1건)
423130,돼지듬뿍진짜김치찌개,광주,광산구,재방문의사,1,0,0,재방문의사 호평 다수 (1건)
423132,돼지똥꼬전대본점,광주,북구,맛,1,0,0,맛 호평 다수 (1건)
423132,돼지똥꼬전대본점,광주,북구,신선도,1,0,0,신선도 호평 다수 (1건)
423136,돼지면찌개리,광주,광산구,신선도,1,0,0,신선도 호평 다수 (1건)
517969,돼지반점,전남,강진군,맛,1,0,0,맛 호평 다수 (1건)
517969,돼지반점,전남,강진군,신선도,1,0,0,신선도 호평 다수 (1건)
423138,돼지본색대한수산,광주,북구,맛,1,0,0,맛 호평 다수 (1건)
423138,돼지본색대한수산,광주,북구,신선도,1,0,0,신선도 호평 다수 (1건)
423138,돼지본색대한수산,광주,북구,분위기,1,0,0,분위기 호평 다수 (1건)
423140,돼지삼형제,광주,북구,맛,1,0,0,맛 호평 다수 (1건)
423140,돼지삼형제,광주,북구,신선도,1,0,0,신선도 호평 다수 (1건)
423140,돼지삼형제,광주,북구,분위기,1,0,0,분위기 호평 다수 (1건)
360636,돼지새끼 내가돼새,광주,서구,서비스_친절도,1,0,0,서비스_친절도 호평 다수 (1건)
360636,돼지새끼 내가돼새,광주,서구,분위기,1,0,0,분위기 호평 다수 (1건)
423142|879862,돼지세끼,광주,서구,맛,1,0,0,맛 호평 다수 (1건)
423142|879862,돼지세끼,광주,서구,신선도,1,0,0,신선도 호평 다수 (1건)
423144,돼지애꿈,광주,광산구,신선도,1,0,0,신선도 호평 다수 (1건)
423144,돼지애꿈,광주,광산구,분위기,1,0,0,분위기 호평 다수 (1건)
423145,돼지야 배달간다 본점,광주,북구,서비스_친절도,1,0,0,서비스_친절도 호평 다수 (1건)
423145,돼지야 배달간다 본점,광주,북구,분위기,1,0,0,분위기 호평 다수 (1건)
95204bed915d,돼지야,광주,북구,맛,1,0,0,맛 호평 다수 (1건)
95204bed915d,돼지야,광주,북구,신선도,1,0,0,신선도 호평 다수 (1건)
95204bed915d,돼지야,광주,북구,서비스_친절도,1,0,0,서비스_친절도 호평 다수 (1건)
423147,돼지야반갑다송정점,광주,광산구,맛,1,0,0,맛 호평 다수 (1건)
423147,돼지야반갑다송정점,광주,광산구,신선도,1,0,0,신선도 호평 다수 (1건)
423147,돼지야반갑다송정점,광주,광산구,분위기,1,0,0,분위기 호평 다수 (1건)
423149,돼지엄마식당,광주,북구,맛,1,0,0,맛 호평 다수 (1건)
423150,돼지와막창의썸,광주,광산구,맛,1,0,0,맛 호평 다수 (1건)
423150,돼지와막창의썸,광주,광산구,신선도,1,0,0,신선도 호평 다수 (1건)
423151,돼지우리,광주,서구,맛,1,0,0,맛 호평 다수 (1건)
423151,돼지우리,광주,서구,신선도,1,0,0,신선도 호평 다수 (1건)
423151,돼지우리,광주,서구,위생_청결,1,0,0,위생_청결 호평 다수 (1건)
423152,돼지은행,광주,동구,맛,1,0,0,맛 호평 다수 (1건)
422159,돼지잡는 대박집,광주,서구,신선도,1,0,0,신선도 호평 다수 (1건)
423158|879864,돼지전설 화정직영점,광주,서구,맛,1,0,0,맛 호평 다수 (1건)
423158|879864,돼지전설 화정직영점,광주,서구,신선도,1,0,0,신선도 호평 다수 (1건)
423158|879864,돼지전설 화정직영점,광주,서구,분위기,1,0,0,분위기 호평 다수 (1건)
423161,돼지타코야끼,광주,광산구,맛,1,0,0,맛 호평 다수 (1건)
423161,돼지타코야끼,광주,광산구,신선도,1,0,0,신선도 호평 다수 (1건)
423162,돼지한마당,광주,광산구,맛,1,0,0,맛 호평 다수 (1건)
423162,돼지한마당,광주,광산구,신선도,1,0,0,신선도 호평 다수 (1건)
423162,돼지한마당,광주,광산구,분위기,1,0,0,분위기 호평 다수 (1건)
423163,돼패한사장,광주,광산구,신선도,1,0,0,신선도 호평 다수 (1건)
423164,된장방,광주,서구,신선도,1,0,0,신선도 호평 다수 (1건)
423164,된장방,광주,서구,서비스_친절도,1,0,0,서비스_친절도 호평 다수 (1건)
423164,된장방,광주,서구,분위기,1,0,0,분위기 호평 다수 (1건)
517630,두거리우신탕 무선점,전남,여수시,맛,1,0,0,맛 호평 다수 (1건)
517630,두거리우신탕 무선점,전남,여수시,신선도,1,0,0,신선도 호평 다수 (1건)
423165,두근두근수제청,광주,광산구,신선도,1,0,0,신선도 호평 다수 (1건)
d259687c94df,두근두근테이블,전남,광양시,접근성_웨이팅,1,0,0,접근성_웨이팅 호평 다수 (1건)
423167|432885,두꺼비,광주,광산구,맛,1,0,0,맛 호평 다수 (1건)
9616,두꺼비게장,전남,여수시,맛,1,0,0,맛 호평 다수 (1건)
9616,두꺼비게장,전남,여수시,신선도,1,0,0,신선도 호평 다수 (1건)
532196b89aa1,두꺼비손짜장,광주,남구,신선도,1,0,0,신선도 호평 다수 (1건)
532196b89aa1,두꺼비손짜장,광주,남구,분위기,1,0,0,분위기 호평 다수 (1건)
423177,두돈까스 광주쌍촌점,광주,서구,접근성_웨이팅,1,0,0,접근성_웨이팅 호평 다수 (1건)
521550,두돈까스 완도점,전남,완도군,맛,1,0,0,맛 호평 다수 (1건)
521550,두돈까스 완도점,전남,완도군,신선도,1,0,0,신선도 호평 다수 (1건)
423180,두레,광주,동구,맛,1,0,0,맛 호평 다수 (1건)
423183,두레박,광주,서구,신선도,1,0,0,신선도 호평 다수 (1건)
423183,두레박,광주,서구,분위기,1,0,0,분위기 호평 다수 (1건)
520098,두레박기사님식당,전남,영암군,맛,1,0,0,맛 호평 다수 (1건)
423185,두레밥,광주,서구,분위기,1,0,0,분위기 호평 다수 (1건)
eaa59a5a4202,두레식당,광주,동구,맛,1,0,0,맛 호평 다수 (1건)
423192,두림낙지전문점,광주,북구,맛,1,0,0,맛 호평 다수 (1건)
423192,두림낙지전문점,광주,북구,신선도,1,0,0,신선도 호평 다수 (1건)
423194,두마리양동시장통닭,광주,북구,신선도,1,0,0,신선도 호평 다수 (1건)
182705,두마리찜닭 광주효덕점,광주,남구,맛,1,0,0,맛 호평 다수 (1건)
182705,두마리찜닭 광주효덕점,광주,남구,가격,1,0,0,가격 호평 다수 (1건)
518254,두목소머리국밥,전남,곡성군,신선도,1,0,0,신선도 호평 다수 (1건)
519216|895461,두무포산장,전남,보성군,양,1,0,0,양 호평 다수 (1건)
519216|895461,두무포산장,전남,보성군,재방문의사,1,0,0,재방문의사 호평 다수 (1건)
522293,두미스,전남,진도군,신선도,1,0,0,신선도 호평 다수 (1건)
522293,두미스,전남,진도군,서비스_친절도,1,0,0,서비스_친절도 호평 다수 (1건)
423215,두바퀴,광주,서구,맛,1,0,0,맛 호평 다수 (1건)
518554,두부이야기,전남,구례군,맛,1,0,0,맛 호평 다수 (1건)
518554,두부이야기,전남,구례군,신선도,1,0,0,신선도 호평 다수 (1건)
423221,두암골 설렁탕,광주,북구,분위기,1,0,0,분위기 호평 다수 (1건)
182721,두암골전집,광주,북구,분위기,1,0,0,분위기 호평 다수 (1건)
423224,두암골풍천장어,광주,북구,위생_청결,1,0,0,위생_청결 호평 다수 (1건)
423228,두암숯불갈비,광주,북구,분위기,1,0,0,분위기 호평 다수 (1건)
522279,두언니 양꼬치 & 마라탕,전남,진도군,맛,1,0,0,맛 호평 다수 (1건)
522279,두언니 양꼬치 & 마라탕,전남,진도군,신선도,1,0,0,신선도 호평 다수 (1건)
423232,두접시바다장어,광주,서구,맛,1,0,0,맛 호평 다수 (1건)
423232,두접시바다장어,광주,서구,신선도,1,0,0,신선도 호평 다수 (1건)
519819|895797,두툼한고깃집,전남,영광군,맛,1,0,0,맛 호평 다수 (1건)
519819|895797,두툼한고깃집,전남,영광군,신선도,1,0,0,신선도 호평 다수 (1건)
518271,둘둘치킨 옥과점,전남,곡성군,맛,1,0,0,맛 호평 다수 (1건)
518271,둘둘치킨 옥과점,전남,곡성군,신선도,1,0,0,신선도 호평 다수 (1건)
518271,둘둘치킨 옥과점,전남,곡성군,분위기,1,0,0,분위기 호평 다수 (1건)
423248,둘마리깻잎순살치킨,광주,남구,맛,1,0,0,맛 호평 다수 (1건)
182750,둘이아구낙지,광주,북구,맛,1,0,0,맛 호평 다수 (1건)
182750,둘이아구낙지,광주,북구,신선도,1,0,0,신선도 호평 다수 (1건)
519620,둥구횟집민박,전남,신안군,신선도,1,0,0,신선도 호평 다수 (1건)
522831,둥근지붕,전남,화순군,신선도,1,0,0,신선도 호평 다수 (1건)
423255,둥지식당,광주,광산구,신선도,1,0,0,신선도 호평 다수 (1건)
423255,둥지식당,광주,광산구,분위기,1,0,0,분위기 호평 다수 (1건)
423256,둥지해장국,광주,광산구,맛,1,0,0,맛 호평 다수 (1건)
182761,뒤파르크,광주,서구,가격,1,0,0,가격 호평 다수 (1건)
182761,뒤파르크,광주,서구,분위기,1,0,0,분위기 호평 다수 (1건)
182761,뒤파르크,광주,서구,접근성_웨이팅,1,0,0,접근성_웨이팅 호평 다수 (1건)
423261,듀퐁,광주,서구,서비스_친절도,1,0,0,서비스_친절도 호평 다수 (1건)
423261,듀퐁,광주,서구,분위기,1,0,0,분위기 호평 다수 (1건)
138b17d80c1e,드들돈가스,전남,나주시,맛,1,0,0,맛 호평 다수 (1건)
138b17d80c1e,드들돈가스,전남,나주시,신선도,1,0,0,신선도 호평 다수 (1건)
423281,드루와,광주,서구,분위기,1,0,0,분위기 호평 다수 (1건)
423286,드림피자,광주,북구,신선도,1,0,0,신선도 호평 다수 (1건)
423286,드림피자,광주,북구,분위기,1,0,0,분위기 호평 다수 (1건)
423290,드시락,광주,동구,맛,1,0,0,맛 호평 다수 (1건)
423290,드시락,광주,동구,신선도,1,0,0,신선도 호평 다수 (1건)
423295,득량만횟집,광주,동구,신선도,1,0,0,신선도 호평 다수 (1건)
423295,득량만횟집,광주,동구,서비스_친절도,1,0,0,서비스_친절도 호평 다수 (1건)
518059,득량식당,전남,고흥군,맛,1,0,0,맛 호평 다수 (1건)
423296,득량회무침,광주,북구,맛,1,0,0,맛 호평 다수 (1건)
423296,득량회무침,광주,북구,신선도,1,0,0,신선도 호평 다수 (1건)
435796,든든한한끼덮밥,광주,동구,맛,1,0,0,맛 호평 다수 (1건)
435796,든든한한끼덮밥,광주,동구,신선도,1,0,0,신선도 호평 다수 (1건)
520056,들녘메밀,전남,영암군,위생_청결,1,0,0,위생_청결 호평 다수 (1건)
520056,들녘메밀,전남,영암군,분위기,1,0,0,분위기 호평 다수 (1건)
518426,들녘밥상,전남,구례군,맛,1,0,0,맛 호평 다수 (1건)
423310|879867,등갈비대통령,광주,서구,신선도,1,0,0,신선도 호평 다수 (1건)
423310|879867,등갈비대통령,광주,서구,분위기,1,0,0,분위기 호평 다수 (1건)
423311,등교생,광주,서구,신선도,1,0,0,신선도 호평 다수 (1건)
423311,등교생,광주,서구,분위기,1,0,0,분위기 호평 다수 (1건)
b8f0c2034d41,등대식육식당,전남,목포시,신선도,1,0,0,신선도 호평 다수 (1건)
182815,등대아구찜,광주,광산구,맛,1,0,0,맛 호평 다수 (1건)
182815,등대아구찜,광주,광산구,신선도,1,0,0,신선도 호평 다수 (1건)
423314,등대회수산,광주,북구,신선도,1,0,0,신선도 호평 다수 (1건)
517789,등뼈가 전남강진점,전남,강진군,맛,1,0,0,맛 호평 다수 (1건)
519217|895462,등뼈가 전남벌교점,전남,보성군,신선도,1,0,0,신선도 호평 다수 (1건)
423319|516185|879868|962080,등뼈감자탕 앤 등갈비 월산점,광주,남구,양,1,0,0,양 호평 다수 (1건)
182821|423319,등뼈감자탕&등갈비 월산점,광주,남구,맛,1,0,0,맛 호평 다수 (1건)
182821|423319,등뼈감자탕&등갈비 월산점,광주,남구,양,1,0,0,양 호평 다수 (1건)
cb081a73eb99,등뼈감자탕&등갈비 중흥점,광주,북구,맛,1,0,0,맛 호평 다수 (1건)
522988|896774,등뼈감자탕&등갈비 화순점,전남,화순군,맛,1,0,0,맛 호평 다수 (1건)
522988|896774,등뼈감자탕&등갈비 화순점,전남,화순군,양,1,0,0,양 호평 다수 (1건)
423321,등뼈묵은지찜,광주,북구,맛,1,0,0,맛 호평 다수 (1건)
423321,등뼈묵은지찜,광주,북구,신선도,1,0,0,신선도 호평 다수 (1건)
532682,등뼈본가,전남,담양군,신선도,1,0,0,신선도 호평 다수 (1건)
5048931c2218,등촌샤브칼국수 목포점,전남,목포시,신선도,1,0,0,신선도 호평 다수 (1건)
517462,등촌샤브칼국수 순천점,전남,순천시,맛,1,0,0,맛 호평 다수 (1건)
517462,등촌샤브칼국수 순천점,전남,순천시,신선도,1,0,0,신선도 호평 다수 (1건)
518939|895246,등촌샤브칼국수 전남무안점,전남,무안군,신선도,1,0,0,신선도 호평 다수 (1건)
423330|961594,등촌칼국수,광주,동구,맛,1,0,0,맛 호평 다수 (1건)
423330|961594,등촌칼국수,광주,동구,분위기,1,0,0,분위기 호평 다수 (1건)
3c535afa53bb,디깅소셜클럽,전남,나주시,접근성_웨이팅,1,0,0,접근성_웨이팅 호평 다수 (1건)
f2424adb8b6c,디디디,전남,광양시,맛,1,0,0,맛 호평 다수 (1건)
f2424adb8b6c,디디디,전남,광양시,서비스_친절도,1,0,0,서비스_친절도 호평 다수 (1건)
f2424adb8b6c,디디디,전남,광양시,분위기,1,0,0,분위기 호평 다수 (1건)
418702|423333,디디치킨  신가점,광주,광산구,서비스_친절도,1,0,0,서비스_친절도 호평 다수 (1건)
182841,디디치킨 광주운암점,광주,북구,맛,1,0,0,맛 호평 다수 (1건)
182841,디디치킨 광주운암점,광주,북구,서비스_친절도,1,0,0,서비스_친절도 호평 다수 (1건)
423336,디디치킨 백운점,광주,남구,맛,1,0,0,맛 호평 다수 (1건)
423336,디디치킨 백운점,광주,남구,신선도,1,0,0,신선도 호평 다수 (1건)
418702|423333,디디치킨 신가점,광주,광산구,맛,1,0,0,맛 호평 다수 (1건)
418702|423333,디디치킨 신가점,광주,광산구,서비스_친절도,1,0,0,서비스_친절도 호평 다수 (1건)
182840,디디치킨 양산점,광주,북구,신선도,1,0,0,신선도 호평 다수 (1건)
182840,디디치킨 양산점,광주,북구,위생_청결,1,0,0,위생_청결 호평 다수 (1건)
182840,디디치킨 양산점,광주,북구,서비스_친절도,1,0,0,서비스_친절도 호평 다수 (1건)
423339,디디치킨 우산점,광주,광산구,맛,1,0,0,맛 호평 다수 (1건)
423339,디디치킨 우산점,광주,광산구,신선도,1,0,0,신선도 호평 다수 (1건)
423339,디디치킨 우산점,광주,광산구,분위기,1,0,0,분위기 호평 다수 (1건)
423334,디디치킨 첨단점,광주,광산구,맛,1,0,0,맛 호평 다수 (1건)
423334,디디치킨 첨단점,광주,광산구,서비스_친절도,1,0,0,서비스_친절도 호평 다수 (1건)
423334,디디치킨 첨단점,광주,광산구,분위기,1,0,0,분위기 호평 다수 (1건)
423335,디디치킨 화정점,광주,서구,서비스_친절도,1,0,0,서비스_친절도 호평 다수 (1건)
d8a2201fd0e9,디샤,전남,광양시,맛,1,0,0,맛 호평 다수 (1건)
182857,디어딥,광주,동구,맛,1,0,0,맛 호평 다수 (1건)
418703,디어문,광주,서구,맛,0,1,0,맛 언급 (1건)
01828f2ce976,디엠베트남쌀국수,전남,광양시,맛,1,0,0,맛 호평 다수 (1건)
423391,디케,광주,북구,맛,1,0,0,맛 호평 다수 (1건)
423391,디케,광주,북구,분위기,1,0,0,분위기 호평 다수 (1건)
423392,디투리소스,광주,동구,신선도,1,0,0,신선도 호평 다수 (1건)
428726,디프리,광주,북구,분위기,1,0,0,분위기 호평 다수 (1건)
198130|423394|438332|879548,디피오레,광주,동구,신선도,1,0,0,신선도 호평 다수 (1건)
198130|423394|438332|879548,디피오레,광주,동구,접근성_웨이팅,1,0,0,접근성_웨이팅 호평 다수 (1건)
423396,딘,광주,북구,맛,1,0,0,맛 호평 다수 (1건)
423396,딘,광주,북구,분위기,1,0,0,분위기 호평 다수 (1건)
523890,딜리,전남,순천시,맛,1,0,0,맛 호평 다수 (1건)
423418,따담,광주,동구,신선도,1,0,0,신선도 호평 다수 (1건)
c8b5751af58a,따뜻한밥상,전남,담양군,맛,1,0,0,맛 호평 다수 (1건)
c8b5751af58a,따뜻한밥상,전남,담양군,신선도,1,0,0,신선도 호평 다수 (1건)
182924,따뜻한식탁,광주,서구,맛,1,0,0,맛 호평 다수 (1건)
182931,따스한족발,광주,서구,신선도,1,0,0,신선도 호평 다수 (1건)
423428,딱걸렸어,광주,남구,맛,1,0,0,맛 호평 다수 (1건)
423428,딱걸렸어,광주,남구,신선도,1,0,0,신선도 호평 다수 (1건)
423428,딱걸렸어,광주,남구,서비스_친절도,1,0,0,서비스_친절도 호평 다수 (1건)
423428,딱걸렸어,광주,남구,분위기,1,0,0,분위기 호평 다수 (1건)
532218,딱조아,광주,서구,분위기,1,0,0,분위기 호평 다수 (1건)
423430,딱좋아,광주,서구,분위기,1,0,0,분위기 호평 다수 (1건)
423431,딱좋아국밥,광주,동구,맛,1,0,0,맛 호평 다수 (1건)
423433,딱좋은 푸드,광주,서구,신선도,1,0,0,신선도 호평 다수 (1건)
423433,딱좋은 푸드,광주,서구,서비스_친절도,1,0,0,서비스_친절도 호평 다수 (1건)
423433,딱좋은푸드,광주,서구,서비스_친절도,1,0,0,서비스_친절도 호평 다수 (1건)
423437,딴따라,광주,북구,맛,1,0,0,맛 호평 다수 (1건)
515731|961704,딴딴미엔,광주,남구,맛,1,0,0,맛 호평 다수 (1건)
515731|961704,딴딴미엔,광주,남구,분위기,1,0,0,분위기 호평 다수 (1건)
518522,땅고랑오리집,전남,구례군,신선도,1,0,0,신선도 호평 다수 (1건)
518522,땅고랑오리집,전남,구례군,서비스_친절도,1,0,0,서비스_친절도 호평 다수 (1건)
518522,땅고랑오리집,전남,구례군,분위기,1,0,0,분위기 호평 다수 (1건)
522677,땅끝기와집,전남,해남군,분위기,1,0,0,분위기 호평 다수 (1건)
423442,땅끝마을,광주,서구,신선도,1,0,0,신선도 호평 다수 (1건)
423443|879869,땅끝뻘낙지,광주,서구,맛,1,0,0,맛 호평 다수 (1건)
423443|879869,땅끝뻘낙지,광주,서구,신선도,1,0,0,신선도 호평 다수 (1건)
522580|896492,땅끝해물탕횟집,전남,해남군,맛,1,0,0,맛 호평 다수 (1건)
522580|896492,땅끝해물탕횟집,전남,해남군,신선도,1,0,0,신선도 호평 다수 (1건)
423445,땅땅치킨 광주공군기지점,광주,광산구,맛,1,0,0,맛 호평 다수 (1건)
423445,땅땅치킨 광주공군기지점,광주,광산구,서비스_친절도,1,0,0,서비스_친절도 호평 다수 (1건)
182949,땅땅치킨 쌍촌점,광주,서구,맛,1,0,0,맛 호평 다수 (1건)
520962,땅땅치킨 중흥점,광주,북구,접근성_웨이팅,1,0,0,접근성_웨이팅 호평 다수 (1건)
423447|879870,땅스부대찌개 효천점,광주,남구,양,1,0,0,양 호평 다수 (1건)
423447|879870,땅스부대찌개 효천점,광주,남구,접근성_웨이팅,1,0,0,접근성_웨이팅 호평 다수 (1건)
423452,땡겨복돼지,광주,북구,맛,1,0,0,맛 호평 다수 (1건)
423452,땡겨복돼지,광주,북구,신선도,1,0,0,신선도 호평 다수 (1건)
423455,땡기요 광주동구점,광주,동구,맛,1,0,0,맛 호평 다수 (1건)
423455,땡기요 광주동구점,광주,동구,신선도,1,0,0,신선도 호평 다수 (1건)
182961,땡스베이킹데이,광주,동구,접근성_웨이팅,1,0,0,접근성_웨이팅 호평 다수 (1건)
182962,땡초돼지김치찌개 일곡점,광주,북구,맛,1,0,0,맛 호평 다수 (1건)
182962,땡초돼지김치찌개 일곡점,광주,북구,접근성_웨이팅,1,0,0,접근성_웨이팅 호평 다수 (1건)
423460,땡초푸드 금호점,광주,서구,맛,1,0,0,맛 호평 다수 (1건)
423460,땡초푸드 금호점,광주,서구,신선도,1,0,0,신선도 호평 다수 (1건)
423460,땡초푸드 금호점,광주,서구,분위기,1,0,0,분위기 호평 다수 (1건)
423463,땡초푸드파이터 신창점,광주,광산구,가격,1,0,0,가격 호평 다수 (1건)
423464,땡초푸드파이터 일곡본점,광주,북구,맛,1,0,0,맛 호평 다수 (1건)
423464,땡초푸드파이터 일곡본점,광주,북구,분위기,1,0,0,분위기 호평 다수 (1건)
423468,땡칠이,광주,동구,분위기,1,0,0,분위기 호평 다수 (1건)
522713|896584,땡큐맘치킨 전남해남점,전남,해남군,맛,1,0,0,맛 호평 다수 (1건)
182977,떡고,광주,북구,신선도,1,0,0,신선도 호평 다수 (1건)
423474,떡군이네떡볶이 광주수완점,광주,광산구,맛,1,0,0,맛 호평 다수 (1건)
423475,떡군이네떡볶이광주화정점,광주,서구,맛,1,0,0,맛 호평 다수 (1건)
423475,떡군이네떡볶이광주화정점,광주,서구,신선도,1,0,0,신선도 호평 다수 (1건)
423478,떡볶당 광주수완점,광주,광산구,맛,1,0,0,맛 호평 다수 (1건)
423480|879549,떡볶당 광주주월점,광주,남구,맛,1,0,0,맛 호평 다수 (1건)
423480|879549,떡볶당 광주주월점,광주,남구,신선도,1,0,0,신선도 호평 다수 (1건)
423479,떡볶당 동천점,광주,서구,맛,1,0,0,맛 호평 다수 (1건)
5f4ee671c7b7,떡볶이대첩&로제&닭발 본점,광주,북구,맛,1,0,0,맛 호평 다수 (1건)
5f4ee671c7b7,떡볶이대첩&로제&닭발 본점,광주,북구,신선도,1,0,0,신선도 호평 다수 (1건)
423483,떡볶이대통령 운암점,광주,북구,맛,1,0,0,맛 호평 다수 (1건)
423483,떡볶이대통령 운암점,광주,북구,신선도,1,0,0,신선도 호평 다수 (1건)
423483,떡볶이대통령 운암점,광주,북구,위생_청결,1,0,0,위생_청결 호평 다수 (1건)
423483,떡볶이대통령 운암점,광주,북구,서비스_친절도,1,0,0,서비스_친절도 호평 다수 (1건)
423482,떡볶이대통령,광주,북구,맛,1,0,0,맛 호평 다수 (1건)
517974,떡볶이랑꽈배기랑,전남,강진군,맛,1,0,0,맛 호평 다수 (1건)
182991,떡볶이삼촌 광주봉선점,광주,남구,맛,1,0,0,맛 호평 다수 (1건)
182991,떡볶이삼촌 광주봉선점,광주,남구,신선도,1,0,0,신선도 호평 다수 (1건)
182993,떡볶이참잘하는집 떡참 광주구시청점,광주,동구,신선도,1,0,0,신선도 호평 다수 (1건)
423489,떡볶이참잘하는집 떡참 광주금호점,광주,서구,신선도,1,0,0,신선도 호평 다수 (1건)
423497,떡볶이참잘하는집 떡참 광주월곡점,광주,광산구,신선도,1,0,0,신선도 호평 다수 (1건)
423498,떡볶이참잘하는집 떡참 광주월산점,광주,남구,신선도,1,0,0,신선도 호평 다수 (1건)
423490,떡볶이참잘하는집 떡참광주동천점,광주,서구,신선도,1,0,0,신선도 호평 다수 (1건)
182998,떡볶이참잘하는집떡참광주봉선점,광주,남구,분위기,1,0,0,분위기 호평 다수 (1건)
423497,떡볶이참잘하는집떡참광주월곡점,광주,광산구,신선도,1,0,0,신선도 호평 다수 (1건)
183005,떡볶탕,광주,북구,맛,1,0,0,맛 호평 다수 (1건)
423501,떡부심떡볶이,광주,북구,맛,1,0,0,맛 호평 다수 (1건)
423502,떡순이두마리치킨,광주,남구,맛,1,0,0,맛 호평 다수 (1건)
423504,떡하니,광주,북구,맛,1,0,0,맛 호평 다수 (1건)
423504,떡하니,광주,북구,신선도,1,0,0,신선도 호평 다수 (1건)
423505,떳다 뼈 해장국,광주,광산구,맛,1,0,0,맛 호평 다수 (1건)
423505,떳다 뼈 해장국,광주,광산구,서비스_친절도,1,0,0,서비스_친절도 호평 다수 (1건)
423505,떳다 뼈해장국,광주,광산구,신선도,1,0,0,신선도 호평 다수 (1건)
423505,떳다 뼈해장국,광주,광산구,서비스_친절도,1,0,0,서비스_친절도 호평 다수 (1건)
183012,떼구루루,광주,동구,접근성_웨이팅,1,0,0,접근성_웨이팅 호평 다수 (1건)
518285,또가원,전남,곡성군,분위기,1,0,0,분위기 호평 다수 (1건)
518285,또가원,전남,곡성군,접근성_웨이팅,1,0,0,접근성_웨이팅 호평 다수 (1건)
836277|85321|880555,또다시,전남,순천시,맛,1,0,0,맛 호평 다수 (1건)
836277|85321|880555,또다시,전남,순천시,분위기,1,0,0,분위기 호평 다수 (1건)
423510,또또도시락,광주,서구,맛,1,0,0,맛 호평 다수 (1건)
423510,또또도시락,광주,서구,신선도,1,0,0,신선도 호평 다수 (1건)
183017,또래꼬마김밥 광주1호점,광주,북구,신선도,1,0,0,신선도 호평 다수 (1건)
183017,또래꼬마김밥 광주1호점,광주,북구,위생_청결,1,0,0,위생_청결 호평 다수 (1건)
183018,또래분식,광주,북구,맛,1,0,0,맛 호평 다수 (1건)
183018,또래분식,광주,북구,신선도,1,0,0,신선도 호평 다수 (1건)
518548,또만나요,전남,구례군,신선도,1,0,0,신선도 호평 다수 (1건)
518548,또만나요,전남,구례군,분위기,1,0,0,분위기 호평 다수 (1건)
423523,또먹,광주,광산구,맛,1,0,0,맛 호평 다수 (1건)
183031,또바기꼬마김밥,광주,남구,맛,1,0,0,맛 호평 다수 (1건)
183031,또바기꼬마김밥,광주,남구,신선도,1,0,0,신선도 호평 다수 (1건)
423527,또바기밥 금남로점,광주,북구,신선도,1,0,0,신선도 호평 다수 (1건)
423528,또바기밥,광주,광산구,신선도,1,0,0,신선도 호평 다수 (1건)
183040,또순이순대보쌈,광주,북구,맛,1,0,0,맛 호평 다수 (1건)
423536,또순이아구랑꽃게랑,광주,광산구,신선도,1,0,0,신선도 호평 다수 (1건)
423536,또순이아구랑꽃게랑,광주,광산구,분위기,1,0,0,분위기 호평 다수 (1건)
423538|879873,또심이김밥,광주,북구,맛,1,0,0,맛 호평 다수 (1건)
423538|879873,또심이김밥,광주,북구,신선도,1,0,0,신선도 호평 다수 (1건)
423540,또오기,광주,동구,맛,1,0,0,맛 호평 다수 (1건)
423540,또오기,광주,동구,서비스_친절도,1,0,0,서비스_친절도 호평 다수 (1건)
423541,또오래꼬마김밥,광주,광산구,가격,1,0,0,가격 호평 다수 (1건)
183047,또오리,광주,남구,신선도,1,0,0,신선도 호평 다수 (1건)
183047,또오리,광주,남구,서비스_친절도,1,0,0,서비스_친절도 호평 다수 (1건)
516142,또오리가자,광주,남구,맛,1,0,0,맛 호평 다수 (1건)
516142,또오리가자,광주,남구,분위기,1,0,0,분위기 호평 다수 (1건)
423543,또와김밥,광주,서구,신선도,1,0,0,신선도 호평 다수 (1건)
423544,또와스낵,광주,북구,신선도,1,0,0,신선도 호평 다수 (1건)
423544,또와스낵,광주,북구,분위기,1,0,0,분위기 호평 다수 (1건)
423545,또와요국밥,광주,광산구,맛,1,0,0,맛 호평 다수 (1건)
423545,또와요국밥,광주,광산구,신선도,1,0,0,신선도 호평 다수 (1건)
423546,또와주,광주,북구,신선도,1,0,0,신선도 호평 다수 (1건)
423551,똑순이소주코너,광주,동구,맛,1,0,0,맛 호평 다수 (1건)
419571|423552,똑순이아구찜,광주,북구,맛,1,0,0,맛 호평 다수 (1건)
419571|423552,똑순이아구찜,광주,북구,양,1,0,0,양 호평 다수 (1건)
423556,똥개,광주,북구,신선도,1,0,0,신선도 호평 다수 (1건)
423556,똥개,광주,북구,접근성_웨이팅,1,0,0,접근성_웨이팅 호평 다수 (1건)
518317,뚜꺼비,전남,곡성군,맛,1,0,0,맛 호평 다수 (1건)
518317,뚜꺼비,전남,곡성군,서비스_친절도,1,0,0,서비스_친절도 호평 다수 (1건)
518317,뚜꺼비,전남,곡성군,분위기,1,0,0,분위기 호평 다수 (1건)
423557,뚜껑회관 본점,광주,북구,맛,1,0,0,맛 호평 다수 (1건)
423557,뚜껑회관 본점,광주,북구,신선도,1,0,0,신선도 호평 다수 (1건)
423557,뚜껑회관 본점,광주,북구,서비스_친절도,1,0,0,서비스_친절도 호평 다수 (1건)
b92c2b69c60a,뚜버기,전남,완도군,맛,1,0,0,맛 호평 다수 (1건)
423558,뚜벅이,광주,서구,신선도,1,0,0,신선도 호평 다수 (1건)
423559,뚜벅이상무점,광주,서구,맛,1,0,0,맛 호평 다수 (1건)
437626,뚜싼,광주,서구,맛,1,0,0,맛 호평 다수 (1건)
423565,뚝방추어탕,광주,광산구,신선도,1,0,0,신선도 호평 다수 (1건)
405000|423569|423571,뚝배기생태탕,광주,북구,맛,1,0,0,맛 호평 다수 (1건)
423567,뚝배기생태탕전문점,광주,광산구,맛,1,0,0,맛 호평 다수 (1건)
423567,뚝배기생태탕전문점,광주,광산구,신선도,1,0,0,신선도 호평 다수 (1건)
503291592dbb,뚝배기식당,전남,구례군,신선도,1,0,0,신선도 호평 다수 (1건)
430606,뚝배기양평해장국 평동점,광주,광산구,접근성_웨이팅,1,0,0,접근성_웨이팅 호평 다수 (1건)
837082,뚝배기양평해장국,전남,나주시,맛,1,0,0,맛 호평 다수 (1건)
837082,뚝배기양평해장국,전남,나주시,가격,1,0,0,가격 호평 다수 (1건)
837082,뚝배기양평해장국,전남,나주시,분위기,1,0,0,분위기 호평 다수 (1건)
f25c0627e21c,뚝배기짬뽕,전남,구례군,신선도,1,0,0,신선도 호평 다수 (1건)
423574,뚝배기추어탕,광주,동구,맛,1,0,0,맛 호평 다수 (1건)
423574,뚝배기추어탕,광주,동구,신선도,1,0,0,신선도 호평 다수 (1건)
423576,뚠뚠대패삼겹,광주,광산구,분위기,1,0,0,분위기 호평 다수 (1건)
423580|879552,뚠뚠돼지김치찌개 송정점,광주,광산구,신선도,1,0,0,신선도 호평 다수 (1건)
423581,뚠뚠돼지김치찌개 수완점,광주,광산구,맛,1,0,0,맛 호평 다수 (1건)
423581,뚠뚠돼지김치찌개 수완점,광주,광산구,신선도,1,0,0,신선도 호평 다수 (1건)
183084,뚠뚠돼지김치찌개,광주,서구,맛,1,0,0,맛 호평 다수 (1건)
183084,뚠뚠돼지김치찌개,광주,서구,신선도,1,0,0,신선도 호평 다수 (1건)
183090,뚱갈비,광주,광산구,맛,1,0,0,맛 호평 다수 (1건)
183114,뚱까츠,광주,광산구,맛,1,0,0,맛 호평 다수 (1건)
183114,뚱까츠,광주,광산구,신선도,1,0,0,신선도 호평 다수 (1건)
194268,뚱돼지숯불갈비,광주,동구,맛,1,0,0,맛 호평 다수 (1건)
194268,뚱돼지숯불갈비,광주,동구,신선도,1,0,0,신선도 호평 다수 (1건)
423587,뚱땅갈비,광주,서구,맛,1,0,0,맛 호평 다수 (1건)
423587,뚱땅갈비,광주,서구,신선도,1,0,0,신선도 호평 다수 (1건)
423587,뚱땅갈비,광주,서구,분위기,1,0,0,분위기 호평 다수 (1건)
521709|895983,뚱뚱이할머니족발국밥,전남,장성군,맛,1,0,0,맛 호평 다수 (1건)
521709|895983,뚱뚱이할머니족발국밥,전남,장성군,신선도,1,0,0,신선도 호평 다수 (1건)
423592,뚱보연탄구이,광주,북구,맛,1,0,0,맛 호평 다수 (1건)
423593,뚱삼촌찹쌀꽈배기,광주,광산구,신선도,1,0,0,신선도 호평 다수 (1건)
423593,뚱삼촌찹쌀꽈배기,광주,광산구,접근성_웨이팅,1,0,0,접근성_웨이팅 호평 다수 (1건)
518128,뚱스&숯불구이,전남,고흥군,맛,0,1,0,맛 언급 (1건)
518128,뚱스&숯불구이,전남,고흥군,서비스_친절도,0,1,0,서비스_친절도 언급 (1건)
423595,뚱스넥,광주,남구,맛,1,0,0,맛 호평 다수 (1건)
423598,뚱스파스타앤돈까스,광주,북구,신선도,1,0,0,신선도 호평 다수 (1건)
183105,뚱이네,광주,광산구,맛,1,0,0,맛 호평 다수 (1건)
423601,뚱이네김치찌개 진곡점,광주,광산구,신선도,1,0,0,신선도 호평 다수 (1건)
423606,뚱이식당,광주,북구,신선도,1,0,0,신선도 호평 다수 (1건)
423606,뚱이식당,광주,북구,서비스_친절도,1,0,0,서비스_친절도 호평 다수 (1건)
423608,뚱초밥,광주,서구,신선도,1,0,0,신선도 호평 다수 (1건)
423608,뚱초밥,광주,서구,분위기,1,0,0,분위기 호평 다수 (1건)
423619,뜨락,광주,남구,맛,1,0,0,맛 호평 다수 (1건)
423619,뜨락,광주,남구,신선도,1,0,0,신선도 호평 다수 (1건)
423619,뜨락,광주,남구,분위기,1,0,0,분위기 호평 다수 (1건)
518316,뜨란채밥상 한식뷔페,전남,곡성군,맛,1,0,0,맛 호평 다수 (1건)
518316,뜨란채밥상 한식뷔페,전남,곡성군,가격,1,0,0,가격 호평 다수 (1건)
423621,뜨레찬육개장&반찬가게중흥점,광주,북구,맛,1,0,0,맛 호평 다수 (1건)
518239,뜨레핀,전남,곡성군,맛,1,0,0,맛 호평 다수 (1건)
518239,뜨레핀,전남,곡성군,신선도,1,0,0,신선도 호평 다수 (1건)
523489,뜰방네 효소 꽈배기,전남,나주시,맛,1,0,0,맛 호평 다수 (1건)
523489,뜰방네 효소 꽈배기,전남,나주시,신선도,1,0,0,신선도 호평 다수 (1건)
423625,뜰안채,광주,동구,신선도,1,0,0,신선도 호평 다수 (1건)
423625,뜰안채,광주,동구,서비스_친절도,1,0,0,서비스_친절도 호평 다수 (1건)
423626,뜸,광주,동구,분위기,1,0,0,분위기 호평 다수 (1건)
183132,뜸들이다 하남점,광주,광산구,맛,1,0,0,맛 호평 다수 (1건)
183132,뜸들이다 하남점,광주,광산구,신선도,1,0,0,신선도 호평 다수 (1건)
423635,띵하오차이,광주,북구,신선도,1,0,0,신선도 호평 다수 (1건)
423635,띵하오차이,광주,북구,분위기,1,0,0,분위기 호평 다수 (1건)
d3f4c0fa7cbc,라끄비앙,전남,나주시,맛,1,0,0,맛 호평 다수 (1건)
d3f4c0fa7cbc,라끄비앙,전남,나주시,분위기,1,0,0,분위기 호평 다수 (1건)
523215,라떼빈,전남,광양시,맛,1,0,0,맛 호평 다수 (1건)
423648,라라마조리,광주,서구,맛,1,0,0,맛 호평 다수 (1건)
423654,라라파스타,광주,서구,신선도,1,0,0,신선도 호평 다수 (1건)
423654,라라파스타,광주,서구,서비스_친절도,1,0,0,서비스_친절도 호평 다수 (1건)
523591,라르고하,전남,목포시,맛,1,0,0,맛 호평 다수 (1건)
522447|896418,라림정,전남,함평군,신선도,1,0,0,신선도 호평 다수 (1건)
183163,라마다플라자광주호텔 뷔페,광주,서구,서비스_친절도,1,0,0,서비스_친절도 호평 다수 (1건)
197551|437760,라마다플라자광주호텔 파라뷰,광주,서구,신선도,1,0,0,신선도 호평 다수 (1건)
875f1d1bde3a,라메르,전남,여수시,맛,1,0,0,맛 호평 다수 (1건)
875f1d1bde3a,라메르,전남,여수시,서비스_친절도,1,0,0,서비스_친절도 호평 다수 (1건)
875f1d1bde3a,라메르,전남,여수시,분위기,1,0,0,분위기 호평 다수 (1건)
423659,라멘선생&수제돈까스 상무점,광주,서구,맛,1,0,0,맛 호평 다수 (1건)
423659,라멘선생&수제돈까스 상무점,광주,서구,신선도,1,0,0,신선도 호평 다수 (1건)
aa0003ffb169,라멘집 아저씨,전남,목포시,맛,1,0,0,맛 호평 다수 (1건)
515792|961755,라멘티스트,광주,동구,분위기,1,0,0,분위기 호평 다수 (1건)
183168,라무진 광주첨단점,광주,광산구,맛,1,0,0,맛 호평 다수 (1건)
183168,라무진 광주첨단점,광주,광산구,신선도,1,0,0,신선도 호평 다수 (1건)
b51f9f8b6656,라무진 나주혁신점,전남,나주시,서비스_친절도,1,0,0,서비스_친절도 호평 다수 (1건)
423666,라보카,광주,남구,맛,1,0,0,맛 호평 다수 (1건)
423666,라보카,광주,남구,신선도,1,0,0,신선도 호평 다수 (1건)
522416|896408,라사천마라탕 함평점,전남,함평군,맛,1,0,0,맛 호평 다수 (1건)
522416|896408,라사천마라탕 함평점,전남,함평군,신선도,1,0,0,신선도 호평 다수 (1건)
522416|896408,라사천마라탕 함평점,전남,함평군,위생_청결,1,0,0,위생_청결 호평 다수 (1건)
522416|896408,라사천마라탕 함평점,전남,함평군,서비스_친절도,1,0,0,서비스_친절도 호평 다수 (1건)
2092,라스람블라스,광주,서구,신선도,1,0,0,신선도 호평 다수 (1건)
2092,라스람블라스,광주,서구,분위기,1,0,0,분위기 호평 다수 (1건)
183183,라스롱,광주,서구,분위기,1,0,0,분위기 호평 다수 (1건)
391446,라스토리아,광주,북구,맛,1,0,0,맛 호평 다수 (1건)
423680,라싸니하오 북구용두점,광주,북구,분위기,1,0,0,분위기 호평 다수 (1건)
423681,라싸니하오 화정점,광주,서구,신선도,1,0,0,신선도 호평 다수 (1건)
522295,라온,전남,장성군,맛,1,0,0,맛 호평 다수 (1건)
522295,라온,전남,장성군,분위기,1,0,0,분위기 호평 다수 (1건)
423686,라온샌드,광주,서구,신선도,1,0,0,신선도 호평 다수 (1건)
773ca16e328b,라온아띠 나주혁신점,전남,나주시,분위기,1,0,0,분위기 호평 다수 (1건)
517800,라온테이블,전남,강진군,신선도,1,0,0,신선도 호평 다수 (1건)
517800,라온테이블,전남,강진군,분위기,1,0,0,분위기 호평 다수 (1건)
183193,라올라 샐러드&샌드위치,광주,서구,신선도,1,0,0,신선도 호평 다수 (1건)
518861|895193,라울라울,전남,담양군,분위기,1,0,0,분위기 호평 다수 (1건)
189034|423708,라이스스토리 광주일곡점,광주,북구,신선도,1,0,0,신선도 호평 다수 (1건)
519926,라이스스토리 영암점,전남,영암군,맛,1,0,0,맛 호평 다수 (1건)
183216,라이온퀸즈,광주,광산구,신선도,1,0,0,신선도 호평 다수 (1건)
520162,라이차이,전남,완도군,위생_청결,1,0,0,위생_청결 호평 다수 (1건)
520162,라이차이,전남,완도군,서비스_친절도,1,0,0,서비스_친절도 호평 다수 (1건)
187130,라이트&나이트,광주,북구,신선도,1,0,0,신선도 호평 다수 (1건)
183143,라인대주분식,광주,서구,맛,1,0,0,맛 호평 다수 (1건)
183143,라인대주분식,광주,서구,신선도,1,0,0,신선도 호평 다수 (1건)
391361|423720,라인식육식당,광주,남구,맛,1,0,0,맛 호평 다수 (1건)
391361|423720,라인식육식당,광주,남구,신선도,1,0,0,신선도 호평 다수 (1건)
391361|423720,라인식육식당,광주,남구,서비스_친절도,1,0,0,서비스_친절도 호평 다수 (1건)
391361|423720,라인식육식당,광주,남구,분위기,1,0,0,분위기 호평 다수 (1건)
423721|879877,라인짱김밥,광주,광산구,신선도,1,0,0,신선도 호평 다수 (1건)
423721|879877,라인짱김밥,광주,광산구,분위기,1,0,0,분위기 호평 다수 (1건)
423728,라즈인도요리전남대,광주,북구,분위기,1,0,0,분위기 호평 다수 (1건)
183241,라쿵푸마라탕 문풍점,광주,북구,분위기,1,0,0,분위기 호평 다수 (1건)
423737,라쿵푸마라탕 전남대점,광주,북구,신선도,1,0,0,신선도 호평 다수 (1건)
183244,라크레마,광주,북구,맛,1,0,0,맛 호평 다수 (1건)
183244,라크레마,광주,북구,분위기,1,0,0,분위기 호평 다수 (1건)
ec4e103b8f12,라포네,전남,나주시,분위기,1,0,0,분위기 호평 다수 (1건)
521600|895907,라플레르,전남,장성군,분위기,1,0,0,분위기 호평 다수 (1건)
423749,라홍방마라탕 봉선점,광주,남구,맛,1,0,0,맛 호평 다수 (1건)
423749,라홍방마라탕 봉선점,광주,남구,분위기,1,0,0,분위기 호평 다수 (1건)
423749,라홍방마라탕 봉선점,광주,남구,접근성_웨이팅,1,0,0,접근성_웨이팅 호평 다수 (1건)
522036|896194,라화방마라탕 장흥점,전남,장흥군,서비스_친절도,1,0,0,서비스_친절도 호평 다수 (1건)
519056,라화쿵부 남악점,전남,무안군,접근성_웨이팅,1,0,0,접근성_웨이팅 호평 다수 (1건)
423751|440944,락,광주,서구,맛,1,0,0,맛 호평 다수 (1건)
423751|440944,락,광주,서구,서비스_친절도,1,0,0,서비스_친절도 호평 다수 (1건)
423751|440944,락,광주,서구,분위기,1,0,0,분위기 호평 다수 (1건)
423752,락락,광주,북구,분위기,1,0,0,분위기 호평 다수 (1건)
423755,락희양꼬치,광주,서구,맛,1,0,0,맛 호평 다수 (1건)
423755,락희양꼬치,광주,서구,신선도,1,0,0,신선도 호평 다수 (1건)
423757,란7080,광주,남구,맛,1,0,0,맛 호평 다수 (1건)
423757,란7080,광주,남구,접근성_웨이팅,1,0,0,접근성_웨이팅 호평 다수 (1건)
423759,란스토 수완점,광주,광산구,맛,1,0,0,맛 호평 다수 (1건)
518637,란이네,전남,구례군,맛,1,0,0,맛 호평 다수 (1건)
518637,란이네,전남,구례군,신선도,1,0,0,신선도 호평 다수 (1건)
522365|896379,란주짬뽕,전남,함평군,맛,1,0,0,맛 호평 다수 (1건)
522365|896379,란주짬뽕,전남,함평군,신선도,1,0,0,신선도 호평 다수 (1건)
518872,란참치,전남,담양군,신선도,1,0,0,신선도 호평 다수 (1건)
518872,란참치,전남,담양군,가격,1,0,0,가격 호평 다수 (1건)
518872,란참치,전남,담양군,서비스_친절도,1,0,0,서비스_친절도 호평 다수 (1건)
522310|896343,란초밥참치회,전남,진도군,신선도,1,0,0,신선도 호평 다수 (1건)
423770,랜드피아음식점,광주,서구,맛,1,0,0,맛 호평 다수 (1건)
423770,랜드피아음식점,광주,서구,분위기,1,0,0,분위기 호평 다수 (1건)
183278,램앤솔트,광주,서구,위생_청결,1,0,0,위생_청결 호평 다수 (1건)
183278,램앤솔트,광주,서구,서비스_친절도,1,0,0,서비스_친절도 호평 다수 (1건)
fa0b8074d7dc,램플러스 광양중마점,전남,광양시,맛,1,0,0,맛 호평 다수 (1건)
518941|895247,램플러스 목포남악신도시점,전남,무안군,맛,1,0,0,맛 호평 다수 (1건)
518941|895247,램플러스 목포남악신도시점,전남,무안군,분위기,1,0,0,분위기 호평 다수 (1건)
426b58a55501,러브스토리,전남,광양시,분위기,1,0,0,분위기 호평 다수 (1건)
524068,러브잇,전남,여수시,신선도,1,0,0,신선도 호평 다수 (1건)
183284,러브쿠키,광주,서구,신선도,1,0,0,신선도 호평 다수 (1건)
183284,러브쿠키,광주,서구,분위기,1,0,0,분위기 호평 다수 (1건)
183292,럭셔리 수 룸소주방,광주,광산구,서비스_친절도,1,0,0,서비스_친절도 호평 다수 (1건)
183297,럭키푸드,광주,남구,신선도,1,0,0,신선도 호평 다수 (1건)
423794,런치타임,광주,북구,맛,1,0,0,맛 호평 다수 (1건)
423794,런치타임,광주,북구,분위기,1,0,0,분위기 호평 다수 (1건)
2098|423798,런푸드,광주,광산구,신선도,0,1,0,신선도 언급 (1건)
183306,럽치킨,광주,광산구,맛,1,0,0,맛 호평 다수 (1건)
183306,럽치킨,광주,광산구,서비스_친절도,1,0,0,서비스_친절도 호평 다수 (1건)
183310,레기스탄애비뉴,광주,광산구,분위기,1,0,0,분위기 호평 다수 (1건)
423808,레드블루,광주,남구,분위기,1,0,0,분위기 호평 다수 (1건)
423812,레드애플 본촌점,광주,북구,맛,1,0,0,맛 호평 다수 (1건)
423817,레드핫떡볶이,광주,남구,맛,1,0,0,맛 호평 다수 (1건)
516437,레디쉬,광주,서구,맛,1,0,0,맛 호평 다수 (1건)
183333,레반트,광주,서구,맛,1,0,0,맛 호평 다수 (1건)
183333,레반트,광주,서구,신선도,1,0,0,신선도 호평 다수 (1건)
183333,레반트,광주,서구,분위기,1,0,0,분위기 호평 다수 (1건)
423829,레스토 알뤼르,광주,북구,접근성_웨이팅,1,0,0,접근성_웨이팅 호평 다수 (1건)
423829,레스토알뤼르,광주,북구,맛,1,0,0,맛 호평 다수 (1건)
423829,레스토알뤼르,광주,북구,분위기,1,0,0,분위기 호평 다수 (1건)
183338,레시피,광주,광산구,맛,1,0,0,맛 호평 다수 (1건)
183338,레시피,광주,광산구,신선도,1,0,0,신선도 호평 다수 (1건)
423834,레오노,광주,서구,맛,1,0,0,맛 호평 다수 (1건)
537656,레이디벅스 장성,전남,장성군,신선도,0,1,0,신선도 언급 (1건)
423837,레이레스토랑,광주,서구,분위기,1,0,0,분위기 호평 다수 (1건)
522588|896498,레이크하우스,전남,해남군,신선도,1,0,0,신선도 호평 다수 (1건)
423842,레인보우,광주,북구,분위기,1,0,0,분위기 호평 다수 (1건)
423847,레전드고기한상,광주,서구,신선도,1,0,0,신선도 호평 다수 (1건)
523118|836649|896868,레츠푸릇,전남,광양시,신선도,1,0,0,신선도 호평 다수 (1건)
523118|836649|896868,레츠푸릇,전남,광양시,분위기,1,0,0,분위기 호평 다수 (1건)
183359,레트로79,광주,동구,맛,0,1,0,맛 언급 (1건)
183359,레트로79,광주,동구,분위기,0,1,0,분위기 언급 (1건)
515768,로그아웃,광주,남구,분위기,1,0,0,분위기 호평 다수 (1건)
423863,로니로티 광주전남대점,광주,북구,신선도,1,0,0,신선도 호평 다수 (1건)
423863,로니로티 광주전남대점,광주,북구,분위기,1,0,0,분위기 호평 다수 (1건)
423865,로니로티수완점,광주,광산구,맛,1,0,0,맛 호평 다수 (1건)
423865,로니로티수완점,광주,광산구,분위기,1,0,0,분위기 호평 다수 (1건)
523257,로담,전남,광양시,맛,1,0,0,맛 호평 다수 (1건)
515839|961798,로데오,광주,동구,맛,1,0,0,맛 호평 다수 (1건)
423870,로뎀나무,광주,광산구,분위기,1,0,0,분위기 호평 다수 (1건)
423871,로뎀나무아래  본점,광주,서구,신선도,1,0,0,신선도 호평 다수 (1건)
423871,로뎀나무아래  본점,광주,서구,분위기,1,0,0,분위기 호평 다수 (1건)
423871,로뎀나무아래 본점,광주,서구,신선도,1,0,0,신선도 호평 다수 (1건)
423871,로뎀나무아래 본점,광주,서구,분위기,1,0,0,분위기 호평 다수 (1건)
423874,로뎀트리,광주,동구,분위기,1,0,0,분위기 호평 다수 (1건)
183386,로드그레이,광주,동구,맛,1,0,0,맛 호평 다수 (1건)
183386,로드그레이,광주,동구,분위기,1,0,0,분위기 호평 다수 (1건)
423880,로드하우스,광주,북구,분위기,1,0,0,분위기 호평 다수 (1건)
524160,로띠번 여수여서점,전남,여수시,맛,1,0,0,맛 호평 다수 (1건)
522481,로띠번 함평천지목포방향휴게소점,전남,함평군,맛,1,0,0,맛 호평 다수 (1건)
423890,로맨스타,광주,동구,분위기,1,0,0,분위기 호평 다수 (1건)
515687,로맨티크,광주,광산구,분위기,1,0,0,분위기 호평 다수 (1건)
423892,로맨틱뮤지엄,광주,동구,맛,1,0,0,맛 호평 다수 (1건)
423892,로맨틱뮤지엄,광주,동구,분위기,1,0,0,분위기 호평 다수 (1건)
183402,로머스뷔페,광주,동구,맛,1,0,0,맛 호평 다수 (1건)
183402,로머스뷔페,광주,동구,신선도,1,0,0,신선도 호평 다수 (1건)
515924|961869,로바다구주,광주,북구,맛,1,0,0,맛 호평 다수 (1건)
423900,로반스윗 광주계림점,광주,동구,맛,1,0,0,맛 호평 다수 (1건)
423900,로반스윗 광주계림점,광주,동구,분위기,1,0,0,분위기 호평 다수 (1건)
521996,로보티머 장흥점,전남,장흥군,분위기,1,0,0,분위기 호평 다수 (1건)
522040,로보티머 장흥중앙점,전남,장흥군,신선도,1,0,0,신선도 호평 다수 (1건)
522040,로보티머 장흥중앙점,전남,장흥군,분위기,1,0,0,분위기 호평 다수 (1건)
423901,로비,광주,동구,분위기,1,0,0,분위기 호평 다수 (1건)
423902,로사안젤라,광주,남구,맛,1,0,0,맛 호평 다수 (1건)
423902,로사안젤라,광주,남구,신선도,1,0,0,신선도 호평 다수 (1건)
423912,로얄쟈카르타 로얄자카르타 첨단점,광주,광산구,분위기,1,0,0,분위기 호평 다수 (1건)
423913,로얄회관,광주,북구,맛,1,0,0,맛 호평 다수 (1건)
423913,로얄회관,광주,북구,신선도,1,0,0,신선도 호평 다수 (1건)
423913,로얄회관,광주,북구,서비스_친절도,1,0,0,서비스_친절도 호평 다수 (1건)
423913,로얄회관,광주,북구,분위기,1,0,0,분위기 호평 다수 (1건)
183429,로즈노래연습장,광주,북구,분위기,1,0,0,분위기 호평 다수 (1건)
423927,로컬푸드오늘밥집,광주,광산구,신선도,1,0,0,신선도 호평 다수 (1건)
423928,로코코,광주,광산구,맛,1,0,0,맛 호평 다수 (1건)
423928,로코코,광주,광산구,분위기,1,0,0,분위기 호평 다수 (1건)
518646,로타리김밥,전남,구례군,맛,1,0,0,맛 호평 다수 (1건)
518646,로타리김밥,전남,구례군,신선도,1,0,0,신선도 호평 다수 (1건)
523237,로티보이 중마점,전남,광양시,신선도,1,0,0,신선도 호평 다수 (1건)
523237,로티보이 중마점,전남,광양시,서비스_친절도,1,0,0,서비스_친절도 호평 다수 (1건)
423930|879881,로티보이광주누문교보점,광주,북구,맛,1,0,0,맛 호평 다수 (1건)
423930|879881,로티보이광주누문교보점,광주,북구,분위기,1,0,0,분위기 호평 다수 (1건)
183441,로프트28,광주,북구,분위기,1,0,0,분위기 호평 다수 (1건)
423934,로플로플 전남대점,광주,북구,신선도,1,0,0,신선도 호평 다수 (1건)
423934,로플로플 전남대점,광주,북구,분위기,1,0,0,분위기 호평 다수 (1건)
423936,로하,광주,서구,맛,1,0,0,맛 호평 다수 (1건)
423936,로하,광주,서구,신선도,1,0,0,신선도 호평 다수 (1건)
423938,록본기,광주,서구,신선도,1,0,0,신선도 호평 다수 (1건)
518725,론다,전남,담양군,분위기,1,0,0,분위기 호평 다수 (1건)
183451,롤,광주,북구,맛,1,0,0,맛 호평 다수 (1건)
183451,롤,광주,북구,신선도,1,0,0,신선도 호평 다수 (1건)
423940,롤러코스터,광주,광산구,신선도,1,0,0,신선도 호평 다수 (1건)
423942,롤링파스타 광주수완점,광주,광산구,맛,1,0,0,맛 호평 다수 (1건)
423942,롤링파스타 광주수완점,광주,광산구,신선도,1,0,0,신선도 호평 다수 (1건)
423945,롤링파스타 광주유스퀘어점,광주,서구,신선도,1,0,0,신선도 호평 다수 (1건)
423943,롤링파스타 광주일곡점,광주,북구,맛,1,0,0,맛 호평 다수 (1건)
423943,롤링파스타 광주일곡점,광주,북구,신선도,1,0,0,신선도 호평 다수 (1건)
423943,롤링파스타 광주일곡점,광주,북구,분위기,1,0,0,분위기 호평 다수 (1건)
423944|879557,롤링파스타 광주충장로점,광주,동구,맛,1,0,0,맛 호평 다수 (1건)
423944|879557,롤링파스타 광주충장로점,광주,동구,신선도,1,0,0,신선도 호평 다수 (1건)
519044|895327,롤링파스타 무안전남도청점,전남,무안군,신선도,1,0,0,신선도 호평 다수 (1건)
519044|895327,롤링파스타 무안전남도청점,전남,무안군,가격,1,0,0,가격 호평 다수 (1건)
516363,롤링핀 광주상무점,광주,서구,맛,1,0,0,맛 호평 다수 (1건)
523853|836461,롤링핀 전남순천법원점,전남,순천시,맛,1,0,0,맛 호평 다수 (1건)
523853|836461,롤링핀 전남순천법원점,전남,순천시,분위기,1,0,0,분위기 호평 다수 (1건)
424003,롱달이,광주,광산구,맛,1,0,0,맛 호평 다수 (1건)
424006,롱쓰부대찌개 상무점,광주,서구,접근성_웨이팅,1,0,0,접근성_웨이팅 호평 다수 (1건)
424006,롱쓰부대찌개상무점,광주,서구,맛,1,0,0,맛 호평 다수 (1건)
424006,롱쓰부대찌개상무점,광주,서구,분위기,1,0,0,분위기 호평 다수 (1건)
424008,료코,광주,동구,신선도,1,0,0,신선도 호평 다수 (1건)
424011,루BAR,광주,광산구,맛,1,0,0,맛 호평 다수 (1건)
424011,루BAR,광주,광산구,신선도,1,0,0,신선도 호평 다수 (1건)
515755|961727,루껫또,광주,남구,맛,1,0,0,맛 호평 다수 (1건)
518531,루씨살롱,전남,구례군,맛,1,0,0,맛 호평 다수 (1건)
518531,루씨살롱,전남,구례군,분위기,1,0,0,분위기 호평 다수 (1건)
424023,루아르,광주,광산구,서비스_친절도,1,0,0,서비스_친절도 호평 다수 (1건)
424023,루아르,광주,광산구,분위기,1,0,0,분위기 호평 다수 (1건)
2aef748f64cc,루야네 심야식당,전남,나주시,서비스_친절도,1,0,0,서비스_친절도 호평 다수 (1건)
424032,루키초밥,광주,서구,분위기,1,0,0,분위기 호평 다수 (1건)
424032,루키초밥,광주,서구,접근성_웨이팅,1,0,0,접근성_웨이팅 호평 다수 (1건)
424037,룰루랄라,광주,북구,신선도,1,0,0,신선도 호평 다수 (1건)
424037,룰루랄라,광주,북구,서비스_친절도,1,0,0,서비스_친절도 호평 다수 (1건)
424037,룰루랄라,광주,북구,분위기,1,0,0,분위기 호평 다수 (1건)
723939b866f8,룰리스x아흐레,전남,목포시,맛,1,0,0,맛 호평 다수 (1건)
723939b866f8,룰리스x아흐레,전남,목포시,신선도,1,0,0,신선도 호평 다수 (1건)
183551,룸블랑 광주충장로3가,광주,동구,분위기,1,0,0,분위기 호평 다수 (1건)
424038,룸이야,광주,광산구,서비스_친절도,1,0,0,서비스_친절도 호평 다수 (1건)
424038,룸이야,광주,광산구,분위기,1,0,0,분위기 호평 다수 (1건)
424041,륀느,광주,서구,분위기,1,0,0,분위기 호평 다수 (1건)
430563,류경 한정식,광주,서구,맛,1,0,0,맛 호평 다수 (1건)
424042,류길상피자 광주1호점,광주,동구,신선도,1,0,0,신선도 호평 다수 (1건)
518325,류정수옛날손짜장,전남,곡성군,맛,1,0,0,맛 호평 다수 (1건)
424046,륭림닭발 수완점,광주,광산구,맛,1,0,0,맛 호평 다수 (1건)
424046,륭림닭발 수완점,광주,광산구,신선도,1,0,0,신선도 호평 다수 (1건)
523733,르꼬뮤네,전남,순천시,맛,1,0,0,맛 호평 다수 (1건)
517299,르꼬앙,전남,순천시,분위기,1,0,0,분위기 호평 다수 (1건)
424055,르부케,광주,광산구,맛,1,0,0,맛 호평 다수 (1건)
517303,르필리에,전남,순천시,신선도,1,0,0,신선도 호평 다수 (1건)
517303,르필리에,전남,순천시,가격,1,0,0,가격 호평 다수 (1건)
523613,리마인드비,전남,목포시,맛,1,0,0,맛 호평 다수 (1건)
523613,리마인드비,전남,목포시,신선도,1,0,0,신선도 호평 다수 (1건)
523613,리마인드비,전남,목포시,분위기,1,0,0,분위기 호평 다수 (1건)
391684,리멤버,광주,남구,맛,1,0,0,맛 호평 다수 (1건)
391684,리멤버,광주,남구,분위기,1,0,0,분위기 호평 다수 (1건)
521692,리버사이드,전남,장성군,맛,1,0,0,맛 호평 다수 (1건)
521692,리버사이드,전남,장성군,신선도,1,0,0,신선도 호평 다수 (1건)
524007,리뷰,전남,여수시,맛,1,0,0,맛 호평 다수 (1건)
524007,리뷰,전남,여수시,분위기,1,0,0,분위기 호평 다수 (1건)
521622|895925,리스치킨,전남,장성군,서비스_친절도,1,0,0,서비스_친절도 호평 다수 (1건)
4391d5566913,리시안셔스,전남,나주시,분위기,1,0,0,분위기 호평 다수 (1건)
517949,리치비치치킨,전남,강진군,맛,1,0,0,맛 호평 다수 (1건)
517949,리치비치치킨,전남,강진군,분위기,1,0,0,분위기 호평 다수 (1건)
517439,리코,전남,순천시,신선도,1,0,0,신선도 호평 다수 (1건)
424116,리프티드,광주,광산구,맛,1,0,0,맛 호평 다수 (1건)
424116,리프티드,광주,광산구,분위기,1,0,0,분위기 호평 다수 (1건)
424119,리프패럿광주풍암점,광주,서구,맛,1,0,0,맛 호평 다수 (1건)
424119,리프패럿광주풍암점,광주,서구,분위기,1,0,0,분위기 호평 다수 (1건)
522187|896281,린파스타,전남,진도군,맛,1,0,0,맛 호평 다수 (1건)
522187|896281,린파스타,전남,진도군,접근성_웨이팅,1,0,0,접근성_웨이팅 호평 다수 (1건)
183640,릴리소프틀리,광주,북구,맛,1,0,0,맛 호평 다수 (1건)
183640,릴리소프틀리,광주,북구,분위기,1,0,0,분위기 호평 다수 (1건)
424124,릴리스아틀리에,광주,동구,맛,1,0,0,맛 호평 다수 (1건)
424124,릴리스아틀리에,광주,동구,분위기,1,0,0,분위기 호평 다수 (1건)
424125,릴리펏 광주수완점,광주,광산구,맛,1,0,0,맛 호평 다수 (1건)
424125,릴리펏 광주수완점,광주,광산구,분위기,1,0,0,분위기 호평 다수 (1건)
523387|837198,릴케의 정원,전남,나주시,맛,1,0,0,맛 호평 다수 (1건)
523387|837198,릴케의 정원,전남,나주시,분위기,1,0,0,분위기 호평 다수 (1건)
183644,림벅와플,광주,광산구,맛,1,0,0,맛 호평 다수 (1건)
183644,림벅와플,광주,광산구,신선도,1,0,0,신선도 호평 다수 (1건)
537667,링거,전남,영광군,분위기,1,0,0,분위기 호평 다수 (1건)
424135,마구로하우스 양산점,광주,북구,맛,1,0,0,맛 호평 다수 (1건)
424135,마구로하우스 양산점,광주,북구,신선도,1,0,0,신선도 호평 다수 (1건)
424134,마구로하우스,광주,광산구,신선도,1,0,0,신선도 호평 다수 (1건)
424134,마구로하우스,광주,광산구,서비스_친절도,1,0,0,서비스_친절도 호평 다수 (1건)
519586,마나,전남,신안군,신선도,1,0,0,신선도 호평 다수 (1건)
424136,마네키 봉선점,광주,남구,맛,1,0,0,맛 호평 다수 (1건)
424136,마네키 봉선점,광주,남구,신선도,1,0,0,신선도 호평 다수 (1건)
424137,마네키 상무점,광주,서구,서비스_친절도,1,0,0,서비스_친절도 호평 다수 (1건)
424137,마네키 상무점,광주,서구,분위기,1,0,0,분위기 호평 다수 (1건)
424141,마녀부대찌개,광주,광산구,맛,1,0,0,맛 호평 다수 (1건)
424141,마녀부대찌개,광주,광산구,가격,1,0,0,가격 호평 다수 (1건)
183659,마녀술상,광주,남구,맛,1,0,0,맛 호평 다수 (1건)
183659,마녀술상,광주,남구,분위기,1,0,0,분위기 호평 다수 (1건)
183661,마녀의닭갈비 하남점,광주,광산구,신선도,1,0,0,신선도 호평 다수 (1건)
183661,마녀의닭갈비 하남점,광주,광산구,서비스_친절도,1,0,0,서비스_친절도 호평 다수 (1건)
424143,마녀의닭갈비,광주,광산구,양,1,0,0,양 호평 다수 (1건)
183666,마녀찜닭 양산점,광주,북구,맛,1,0,0,맛 호평 다수 (1건)
183666,마녀찜닭 양산점,광주,북구,신선도,1,0,0,신선도 호평 다수 (1건)
183666,마녀찜닭 양산점,광주,북구,분위기,1,0,0,분위기 호평 다수 (1건)
424150,마녀치킨,광주,광산구,신선도,1,0,0,신선도 호평 다수 (1건)
518955|895260,마노,전남,무안군,신선도,1,0,0,신선도 호평 다수 (1건)
518955|895260,마노,전남,무안군,분위기,1,0,0,분위기 호평 다수 (1건)
424151,마뇰리아,광주,광산구,맛,1,0,0,맛 호평 다수 (1건)
424151,마뇰리아,광주,광산구,분위기,1,0,0,분위기 호평 다수 (1건)
424153,마니마니 전대상대점,광주,북구,맛,1,0,0,맛 호평 다수 (1건)
523005|896783,마님장어,전남,화순군,가격,1,0,0,가격 호평 다수 (1건)
523005|896783,마님장어,전남,화순군,서비스_친절도,1,0,0,서비스_친절도 호평 다수 (1건)
424156,마다리소머리국밥,광주,광산구,맛,1,0,0,맛 호평 다수 (1건)
424156,마다리소머리국밥,광주,광산구,분위기,1,0,0,분위기 호평 다수 (1건)
424158,마담순살떡볶이 수완신가점,광주,광산구,맛,1,0,0,맛 호평 다수 (1건)
424159,마담순살떡볶이 쌍촌점,광주,서구,맛,1,0,0,맛 호평 다수 (1건)
424159,마담순살떡볶이 쌍촌점,광주,서구,신선도,1,0,0,신선도 호평 다수 (1건)
424157,마담순살떡볶이 전대점,광주,북구,맛,1,0,0,맛 호평 다수 (1건)
424160,마당,광주,동구,맛,1,0,0,맛 호평 다수 (1건)
424160,마당,광주,동구,신선도,1,0,0,신선도 호평 다수 (1건)
424160,마당,광주,동구,서비스_친절도,1,0,0,서비스_친절도 호평 다수 (1건)
c3b2a36059d6,마동창고,전남,광양시,맛,1,0,0,맛 호평 다수 (1건)
518551,마들렌,전남,구례군,맛,1,0,0,맛 호평 다수 (1건)
424166,마들렌살롱,광주,광산구,맛,1,0,0,맛 호평 다수 (1건)
424166,마들렌살롱,광주,광산구,분위기,1,0,0,분위기 호평 다수 (1건)
424171,마라미녀 마라탕 첨단점,광주,광산구,맛,1,0,0,맛 호평 다수 (1건)
424170,마라미녀,광주,북구,맛,1,0,0,맛 호평 다수 (1건)
424170,마라미녀,광주,북구,신선도,1,0,0,신선도 호평 다수 (1건)
518108,마라부마라탕,전남,고흥군,맛,1,0,0,맛 호평 다수 (1건)
518108,마라부마라탕,전남,고흥군,분위기,1,0,0,분위기 호평 다수 (1건)
f8cf64f6463e,마로네,전남,광양시,신선도,1,0,0,신선도 호평 다수 (1건)
424182,마로니에,광주,광산구,맛,1,0,0,맛 호평 다수 (1건)
424183,마로식탁,광주,남구,신선도,1,0,0,신선도 호평 다수 (1건)
424183,마로식탁,광주,남구,분위기,1,0,0,분위기 호평 다수 (1건)
424191,마루네,광주,서구,맛,1,0,0,맛 호평 다수 (1건)
424191,마루네,광주,서구,신선도,1,0,0,신선도 호평 다수 (1건)
424191,마루네,광주,서구,가격,1,0,0,가격 호평 다수 (1건)
392243|424192,마루샤브 광주수완점,광주,광산구,신선도,1,0,0,신선도 호평 다수 (1건)
183710,마루스시 신세계백화점 광주점,광주,서구,맛,1,0,0,맛 호평 다수 (1건)
183710,마루스시 신세계백화점 광주점,광주,서구,접근성_웨이팅,1,0,0,접근성_웨이팅 호평 다수 (1건)
424195,마루요시 상무점,광주,서구,맛,1,0,0,맛 호평 다수 (1건)
424195,마루요시 상무점,광주,서구,신선도,1,0,0,신선도 호평 다수 (1건)
424195,마루요시 상무점,광주,서구,서비스_친절도,1,0,0,서비스_친절도 호평 다수 (1건)
424196,마루요시 첨단점,광주,광산구,맛,1,0,0,맛 호평 다수 (1건)
424196,마루요시 첨단점,광주,광산구,신선도,1,0,0,신선도 호평 다수 (1건)
424197,마루추어탕,광주,동구,맛,1,0,0,맛 호평 다수 (1건)
424197,마루추어탕,광주,동구,신선도,1,0,0,신선도 호평 다수 (1건)
424197,마루추어탕,광주,동구,서비스_친절도,1,0,0,서비스_친절도 호평 다수 (1건)
424199,마루힐한식뷔페,광주,광산구,맛,1,0,0,맛 호평 다수 (1건)
424199,마루힐한식뷔페,광주,광산구,신선도,1,0,0,신선도 호평 다수 (1건)
424202,마륵동왕갈비탕,광주,서구,맛,1,0,0,맛 호평 다수 (1건)
424203,마륵소주방,광주,광산구,신선도,1,0,0,신선도 호평 다수 (1건)
424203,마륵소주방,광주,광산구,서비스_친절도,1,0,0,서비스_친절도 호평 다수 (1건)
424208,마리오셰프&챠오,광주,남구,신선도,1,0,0,신선도 호평 다수 (1건)
424208,마리오셰프&챠오,광주,남구,접근성_웨이팅,1,0,0,접근성_웨이팅 호평 다수 (1건)
86557,마리짱 여수엑스포역점,전남,여수시,맛,1,0,0,맛 호평 다수 (1건)
86557,마리짱 여수엑스포역점,전남,여수시,분위기,1,0,0,분위기 호평 다수 (1건)
424211,마마,광주,북구,맛,1,0,0,맛 호평 다수 (1건)
424211,마마,광주,북구,신선도,1,0,0,신선도 호평 다수 (1건)
183731,마마당,광주,서구,맛,1,0,0,맛 호평 다수 (1건)
183731,마마당,광주,서구,신선도,1,0,0,신선도 호평 다수 (1건)
183736,마몽로제떡볶이 소촌점,광주,광산구,맛,1,0,0,맛 호평 다수 (1건)
424221,마미쿡 광주용산점,광주,동구,맛,1,0,0,맛 호평 다수 (1건)
424221,마미쿡 광주용산점,광주,동구,신선도,1,0,0,신선도 호평 다수 (1건)
424223,마미쿡 전대점,광주,북구,맛,1,0,0,맛 호평 다수 (1건)
424223,마미쿡 전대점,광주,북구,신선도,1,0,0,신선도 호평 다수 (1건)
183737,마미쿡 첨단메가박스점,광주,광산구,신선도,1,0,0,신선도 호평 다수 (1건)
424229,마선생 마라탕 양꼬치,광주,서구,맛,1,0,0,맛 호평 다수 (1건)
424259,마선생 마약국밥 광주광산점,광주,광산구,접근성_웨이팅,1,0,0,접근성_웨이팅 호평 다수 (1건)
424172|424231,마선생 마약국밥 상무점,광주,서구,맛,1,0,0,맛 호평 다수 (1건)
424232,마선생 마약국밥 수완점,광주,광산구,맛,1,0,0,맛 호평 다수 (1건)
424232,마선생 마약국밥 수완점,광주,광산구,신선도,1,0,0,신선도 호평 다수 (1건)
424232,마선생 마약국밥 수완점,광주,광산구,양,1,0,0,양 호평 다수 (1건)
183747,마선생마약국밥북부점,광주,북구,맛,1,0,0,맛 호평 다수 (1건)
183750,마성떡볶이 광주기아챔피언스필드 5층 외야석점,광주,북구,맛,1,0,0,맛 호평 다수 (1건)
424237,마시그래이 광주수완점,광주,광산구,맛,1,0,0,맛 호평 다수 (1건)
424237,마시그래이 광주수완점,광주,광산구,분위기,1,0,0,분위기 호평 다수 (1건)
424237,마시그래이광주수완점,광주,광산구,분위기,1,0,0,분위기 호평 다수 (1건)
424239,마시리,광주,서구,맛,1,0,0,맛 호평 다수 (1건)
424239,마시리,광주,서구,신선도,1,0,0,신선도 호평 다수 (1건)
424239,마시리,광주,서구,서비스_친절도,1,0,0,서비스_친절도 호평 다수 (1건)
424241,마시밴,광주,광산구,신선도,1,0,0,신선도 호평 다수 (1건)
424242,마시세 소주방,광주,북구,맛,1,0,0,맛 호평 다수 (1건)
424242,마시세소주방,광주,북구,맛,1,0,0,맛 호평 다수 (1건)
183760,마시찌롱두마리치킨 행복점,광주,북구,맛,1,0,0,맛 호평 다수 (1건)
183760,마시찌롱두마리치킨 행복점,광주,북구,신선도,1,0,0,신선도 호평 다수 (1건)
523727,마시청,전남,목포시,신선도,1,0,0,신선도 호평 다수 (1건)
523727,마시청,전남,목포시,접근성_웨이팅,1,0,0,접근성_웨이팅 호평 다수 (1건)
183761,마시타,광주,동구,맛,1,0,0,맛 호평 다수 (1건)
424244,마시타,광주,동구,맛,1,0,0,맛 호평 다수 (1건)
520039,마신떡볶이 영암삼호점,전남,영암군,맛,1,0,0,맛 호평 다수 (1건)
520039,마신떡볶이 영암삼호점,전남,영암군,신선도,1,0,0,신선도 호평 다수 (1건)
520039,마신떡볶이 영암삼호점,전남,영암군,분위기,1,0,0,분위기 호평 다수 (1건)
183773,마실,광주,북구,맛,1,0,0,맛 호평 다수 (1건)
183773,마실,광주,북구,신선도,1,0,0,신선도 호평 다수 (1건)
424250,마실계절맛집,광주,서구,서비스_친절도,1,0,0,서비스_친절도 호평 다수 (1건)
424250,마실계절맛집,광주,서구,분위기,1,0,0,분위기 호평 다수 (1건)
4c7d431e7b7e,마실나온고양이,전남,담양군,맛,1,0,0,맛 호평 다수 (1건)
4c7d431e7b7e,마실나온고양이,전남,담양군,양,1,0,0,양 호평 다수 (1건)
424252,마실뜨락,광주,북구,맛,1,0,0,맛 호평 다수 (1건)
424252,마실뜨락,광주,북구,분위기,1,0,0,분위기 호평 다수 (1건)
424253,마실삼겹,광주,북구,맛,1,0,0,맛 호평 다수 (1건)
424253,마실삼겹,광주,북구,신선도,1,0,0,신선도 호평 다수 (1건)
424253,마실삼겹,광주,북구,분위기,1,0,0,분위기 호평 다수 (1건)
424255,마실오소,광주,북구,맛,1,0,0,맛 호평 다수 (1건)
424255,마실오소,광주,북구,분위기,1,0,0,분위기 호평 다수 (1건)
363716|424257|86661|879466,마싯는끼니 첨단신용점,광주,북구,맛,1,0,0,맛 호평 다수 (1건)
183776,마싰는끼니 첨단신용점,광주,북구,신선도,1,0,0,신선도 호평 다수 (1건)
183777,마쏘라까망베르 광주지산점,광주,동구,맛,1,0,0,맛 호평 다수 (1건)
424258,마쏘라까망베르,광주,동구,맛,1,0,0,맛 호평 다수 (1건)
424260,마약닭도리  용봉점,광주,북구,신선도,1,0,0,신선도 호평 다수 (1건)
424260,마약닭도리 용봉점,광주,북구,서비스_친절도,1,0,0,서비스_친절도 호평 다수 (1건)
424262|879886,마약육전,광주,북구,신선도,1,0,0,신선도 호평 다수 (1건)
183239,마약칼국수 광주점,광주,북구,신선도,1,0,0,신선도 호평 다수 (1건)
183239,마약칼국수 광주점,광주,북구,분위기,1,0,0,분위기 호평 다수 (1건)
424275,마왕족발 광주두암점,광주,북구,맛,1,0,0,맛 호평 다수 (1건)
424275,마왕족발 광주두암점,광주,북구,신선도,1,0,0,신선도 호평 다수 (1건)
424265,마왕족발 광주봉선점,광주,남구,맛,1,0,0,맛 호평 다수 (1건)
424265,마왕족발 광주봉선점,광주,남구,신선도,1,0,0,신선도 호평 다수 (1건)
424268,마왕족발 광주상무점,광주,서구,맛,1,0,0,맛 호평 다수 (1건)
424268,마왕족발 광주상무점,광주,서구,신선도,1,0,0,신선도 호평 다수 (1건)
183789,마왕족발 광주양산점,광주,북구,맛,1,0,0,맛 호평 다수 (1건)
183789,마왕족발 광주양산점,광주,북구,신선도,1,0,0,신선도 호평 다수 (1건)
424270,마왕족발 광주양산점,광주,북구,맛,1,0,0,맛 호평 다수 (1건)
424270,마왕족발 광주양산점,광주,북구,신선도,1,0,0,신선도 호평 다수 (1건)
183790,마왕족발 광주우산점,광주,광산구,맛,1,0,0,맛 호평 다수 (1건)
183790,마왕족발 광주우산점,광주,광산구,신선도,1,0,0,신선도 호평 다수 (1건)
424272|879888,마왕족발 광주운암점,광주,북구,맛,1,0,0,맛 호평 다수 (1건)
424272|879888,마왕족발 광주운암점,광주,북구,신선도,1,0,0,신선도 호평 다수 (1건)
424273,마왕족발 광주첨단점,광주,광산구,맛,1,0,0,맛 호평 다수 (1건)
424273,마왕족발 광주첨단점,광주,광산구,신선도,1,0,0,신선도 호평 다수 (1건)
424274|879562|879889,마왕족발 광주효천점,광주,남구,맛,1,0,0,맛 호평 다수 (1건)
424274|879562|879889,마왕족발 광주효천점,광주,남구,신선도,1,0,0,신선도 호평 다수 (1건)
518066,마왕족발 전남고흥점,전남,고흥군,신선도,1,0,0,신선도 호평 다수 (1건)
522983,마왕족발 전남화순점,전남,화순군,신선도,1,0,0,신선도 호평 다수 (1건)
424276,마왕족발 전대상대점,광주,북구,맛,1,0,0,맛 호평 다수 (1건)
424276,마왕족발 전대상대점,광주,북구,신선도,1,0,0,신선도 호평 다수 (1건)
424279,마요네즈 광주동명점,광주,동구,맛,1,0,0,맛 호평 다수 (1건)
424279,마요네즈 광주동명점,광주,동구,분위기,1,0,0,분위기 호평 다수 (1건)
424280,마요네즈 광주수완점,광주,광산구,신선도,1,0,0,신선도 호평 다수 (1건)
424278,마요네즈 구시청점,광주,동구,접근성_웨이팅,1,0,0,접근성_웨이팅 호평 다수 (1건)
a7f3168b3dd1,마요네즈 순천조례점,전남,순천시,맛,1,0,0,맛 호평 다수 (1건)
a7f3168b3dd1,마요네즈 순천조례점,전남,순천시,신선도,1,0,0,신선도 호평 다수 (1건)
424281,마요네즈 전남대점,광주,북구,맛,1,0,0,맛 호평 다수 (1건)
424281,마요네즈 전남대점,광주,북구,신선도,1,0,0,신선도 호평 다수 (1건)
183802,마우이보일링크랩,광주,서구,맛,1,0,0,맛 호평 다수 (1건)
183802,마우이보일링크랩,광주,서구,신선도,1,0,0,신선도 호평 다수 (1건)
183804,마으레,광주,광산구,분위기,1,0,0,분위기 호평 다수 (1건)
424285,마으레,광주,광산구,분위기,1,0,0,분위기 호평 다수 (1건)
424286,마을식당,광주,북구,맛,1,0,0,맛 호평 다수 (1건)
424286,마을식당,광주,북구,신선도,1,0,0,신선도 호평 다수 (1건)
424288,마을추어탕,광주,서구,신선도,1,0,0,신선도 호평 다수 (1건)
424288,마을추어탕,광주,서구,분위기,1,0,0,분위기 호평 다수 (1건)
183809,마을회관 양푼이숯불갈비찜,광주,광산구,신선도,1,0,0,신선도 호평 다수 (1건)
424290,마을회관 양푼이숯불갈비찜,광주,광산구,접근성_웨이팅,1,0,0,접근성_웨이팅 호평 다수 (1건)
532692|539617,마음,전남,담양군,맛,1,0,0,맛 호평 다수 (1건)
424294,마음따라술따라,광주,서구,맛,1,0,0,맛 호평 다수 (1건)
424294,마음따라술따라,광주,서구,분위기,1,0,0,분위기 호평 다수 (1건)
522434|896414,마음의 온도,전남,함평군,맛,1,0,0,맛 호평 다수 (1건)
522434|896414,마음의 온도,전남,함평군,서비스_친절도,1,0,0,서비스_친절도 호평 다수 (1건)
522434|896414,마음의 온도,전남,함평군,분위기,1,0,0,분위기 호평 다수 (1건)
522434|896414,마음의 온도,전남,함평군,접근성_웨이팅,1,0,0,접근성_웨이팅 호평 다수 (1건)
424297,마이데이,광주,북구,맛,1,0,0,맛 호평 다수 (1건)
424297,마이데이,광주,북구,신선도,1,0,0,신선도 호평 다수 (1건)
183818,마이빈,광주,서구,맛,1,0,0,맛 호평 다수 (1건)
183818,마이빈,광주,서구,분위기,1,0,0,분위기 호평 다수 (1건)
424301,마인,광주,광산구,신선도,1,0,0,신선도 호평 다수 (1건)
424302,마인프라자,광주,서구,맛,1,0,0,맛 호평 다수 (1건)
424302,마인프라자,광주,서구,분위기,1,0,0,분위기 호평 다수 (1건)
424304,마장동막창숯불구이,광주,남구,맛,1,0,0,맛 호평 다수 (1건)
424304,마장동막창숯불구이,광주,남구,신선도,1,0,0,신선도 호평 다수 (1건)
424305,마장동이씨솥뚜껑김치삼겹살,광주,남구,맛,1,0,0,맛 호평 다수 (1건)
424305,마장동이씨솥뚜껑김치삼겹살,광주,남구,신선도,1,0,0,신선도 호평 다수 (1건)
518462,마재갈비,전남,구례군,맛,1,0,0,맛 호평 다수 (1건)
424307,마재생갈비,광주,서구,맛,1,0,0,맛 호평 다수 (1건)
424309,마주보다,광주,광산구,신선도,0,1,0,신선도 언급 (1건)
424309,마주보다,광주,광산구,분위기,0,1,0,분위기 언급 (1건)
424318,마중물추어탕 무등산직영점,광주,동구,맛,1,0,0,맛 호평 다수 (1건)
424318,마중물추어탕 무등산직영점,광주,동구,신선도,1,0,0,신선도 호평 다수 (1건)
424312,마중물추어탕 송정직영점,광주,광산구,맛,1,0,0,맛 호평 다수 (1건)
424312,마중물추어탕 송정직영점,광주,광산구,신선도,1,0,0,신선도 호평 다수 (1건)
183838,마중물추어탕 용봉점,광주,북구,맛,1,0,0,맛 호평 다수 (1건)
424313,마중물추어탕,광주,서구,맛,1,0,0,맛 호평 다수 (1건)
424313,마중물추어탕,광주,서구,접근성_웨이팅,1,0,0,접근성_웨이팅 호평 다수 (1건)
424320,마지촌,광주,광산구,신선도,1,0,0,신선도 호평 다수 (1건)
183844|183845,마천루 광주쌍촌동,광주,서구,분위기,1,0,0,분위기 호평 다수 (1건)
424324,마초떡볶이 쌍촌금호점,광주,서구,신선도,1,0,0,신선도 호평 다수 (1건)
424326,마카나이 전대점,광주,북구,신선도,1,0,0,신선도 호평 다수 (1건)
424327,마카나이 충장점,광주,동구,맛,1,0,0,맛 호평 다수 (1건)
424327,마카나이 충장점,광주,동구,신선도,1,0,0,신선도 호평 다수 (1건)
424329,마카리오스,광주,광산구,신선도,1,0,0,신선도 호평 다수 (1건)
86784,마파도,전남,순천시,신선도,1,0,0,신선도 호평 다수 (1건)
424333,마포구이,광주,남구,맛,1,0,0,맛 호평 다수 (1건)
424333,마포구이,광주,남구,신선도,1,0,0,신선도 호평 다수 (1건)
424334,마포나루,광주,북구,맛,1,0,0,맛 호평 다수 (1건)
424334,마포나루,광주,북구,서비스_친절도,1,0,0,서비스_친절도 호평 다수 (1건)
424334,마포나루,광주,북구,분위기,1,0,0,분위기 호평 다수 (1건)
424335,마포돈구이,광주,북구,맛,1,0,0,맛 호평 다수 (1건)
424335,마포돈구이,광주,북구,신선도,1,0,0,신선도 호평 다수 (1건)
424335,마포돈구이,광주,북구,서비스_친절도,1,0,0,서비스_친절도 호평 다수 (1건)
73f7986ef152,마포선장 나주혁신점,전남,나주시,맛,1,0,0,맛 호평 다수 (1건)
73f7986ef152,마포선장 나주혁신점,전남,나주시,신선도,1,0,0,신선도 호평 다수 (1건)
424338,마포선장 수완직영점,광주,광산구,맛,1,0,0,맛 호평 다수 (1건)
424338,마포선장 수완직영점,광주,광산구,신선도,1,0,0,신선도 호평 다수 (1건)
424336,마포선장,광주,북구,분위기,1,0,0,분위기 호평 다수 (1건)
424336,마포선장,광주,북구,접근성_웨이팅,1,0,0,접근성_웨이팅 호평 다수 (1건)
424342,마포숯불갈비,광주,서구,신선도,1,0,0,신선도 호평 다수 (1건)
183855,마포진갈매기 운남점,광주,광산구,신선도,1,0,0,신선도 호평 다수 (1건)
424345,마포촌,광주,광산구,맛,1,0,0,맛 호평 다수 (1건)
424345,마포촌,광주,광산구,신선도,1,0,0,신선도 호평 다수 (1건)
520116,마포한방보쌈족발,전남,영암군,위생_청결,1,0,0,위생_청결 호평 다수 (1건)
520968,마피아 광주 서구 쌍촌동,광주,서구,맛,1,0,0,맛 호평 다수 (1건)
424349,마피아떡볶이 광주남구점,광주,남구,맛,1,0,0,맛 호평 다수 (1건)
424349,마피아떡볶이 광주남구점,광주,남구,위생_청결,1,0,0,위생_청결 호평 다수 (1건)
424349,마피아떡볶이 광주남구점,광주,남구,서비스_친절도,1,0,0,서비스_친절도 호평 다수 (1건)
183877,마피아떡볶이 광주송정점,광주,광산구,맛,1,0,0,맛 호평 다수 (1건)
183877,마피아떡볶이 광주송정점,광주,광산구,신선도,1,0,0,신선도 호평 다수 (1건)
424351,마피아떡볶이 광주수완점,광주,광산구,맛,1,0,0,맛 호평 다수 (1건)
424352,마피아떡볶이 광주풍암동,광주,서구,맛,1,0,0,맛 호평 다수 (1건)
424352,마피아떡볶이 광주풍암동,광주,서구,분위기,1,0,0,분위기 호평 다수 (1건)
183879,마피아떡볶이 광주풍암점,광주,서구,맛,1,0,0,맛 호평 다수 (1건)
515849|961806,마한지,광주,동구,서비스_친절도,1,0,0,서비스_친절도 호평 다수 (1건)
515849|961806,마한지,광주,동구,분위기,1,0,0,분위기 호평 다수 (1건)
424353,막가파,광주,서구,맛,1,0,0,맛 호평 다수 (1건)
424353,막가파,광주,서구,분위기,1,0,0,분위기 호평 다수 (1건)
424359,막끌리나,광주,광산구,맛,1,0,0,맛 호평 다수 (1건)
424359,막끌리나,광주,광산구,분위기,1,0,0,분위기 호평 다수 (1건)
520231,막끌리네식당,전남,완도군,맛,1,0,0,맛 호평 다수 (1건)
520231,막끌리네식당,전남,완도군,신선도,1,0,0,신선도 호평 다수 (1건)
183889,막내,광주,동구,분위기,1,0,0,분위기 호평 다수 (1건)
183889,막내,광주,동구,접근성_웨이팅,1,0,0,접근성_웨이팅 호평 다수 (1건)
424362,막내통닭,광주,서구,맛,1,0,0,맛 호평 다수 (1건)
424362,막내통닭,광주,서구,신선도,1,0,0,신선도 호평 다수 (1건)
183893,막둥이네석갈비,광주,광산구,맛,1,0,0,맛 호평 다수 (1건)
183893,막둥이네석갈비,광주,광산구,신선도,1,0,0,신선도 호평 다수 (1건)
183893,막둥이네석갈비,광주,광산구,분위기,1,0,0,분위기 호평 다수 (1건)
424365,막뚱이,광주,북구,맛,1,0,0,맛 호평 다수 (1건)
424365,막뚱이,광주,북구,신선도,1,0,0,신선도 호평 다수 (1건)
424366,막뚱이꼬마김밥,광주,광산구,신선도,1,0,0,신선도 호평 다수 (1건)
424366,막뚱이꼬마김밥,광주,광산구,양,1,0,0,양 호평 다수 (1건)
424369,막오삼,광주,서구,맛,1,0,0,맛 호평 다수 (1건)
424369,막오삼,광주,서구,신선도,1,0,0,신선도 호평 다수 (1건)
424369,막오삼,광주,서구,접근성_웨이팅,1,0,0,접근성_웨이팅 호평 다수 (1건)
183900,막잔 신창점,광주,광산구,맛,1,0,0,맛 호평 다수 (1건)
183900,막잔 신창점,광주,광산구,서비스_친절도,1,0,0,서비스_친절도 호평 다수 (1건)
424373,막창 곱창선생 월곡점,광주,광산구,서비스_친절도,1,0,0,서비스_친절도 호평 다수 (1건)
424373,막창곱창선생 월곡점,광주,광산구,신선도,1,0,0,신선도 호평 다수 (1건)
424380,막창도둑 광주첨단점,광주,광산구,위생_청결,1,0,0,위생_청결 호평 다수 (1건)
183903,막창도둑 동천점,광주,서구,맛,1,0,0,맛 호평 다수 (1건)
183903,막창도둑 동천점,광주,서구,신선도,1,0,0,신선도 호평 다수 (1건)
424376,막창도둑 수완점,광주,광산구,맛,1,0,0,맛 호평 다수 (1건)
424376,막창도둑 수완점,광주,광산구,신선도,1,0,0,신선도 호평 다수 (1건)
424377,막창도둑 신가점,광주,광산구,신선도,1,0,0,신선도 호평 다수 (1건)
424376,막창도둑수완점,광주,광산구,맛,1,0,0,맛 호평 다수 (1건)
424377,막창도둑신가점,광주,광산구,맛,1,0,0,맛 호평 다수 (1건)
424377,막창도둑신가점,광주,광산구,신선도,1,0,0,신선도 호평 다수 (1건)
424378,막창도둑양산점,광주,북구,신선도,1,0,0,신선도 호평 다수 (1건)
424379,막창도둑용봉점,광주,북구,맛,1,0,0,맛 호평 다수 (1건)
424379,막창도둑용봉점,광주,북구,위생_청결,1,0,0,위생_청결 호평 다수 (1건)
424382,막회이야기,광주,북구,신선도,1,0,0,신선도 호평 다수 (1건)
522933|896739,만강장어명품관,전남,화순군,맛,1,0,0,맛 호평 다수 (1건)
522933|896739,만강장어명품관,전남,화순군,신선도,1,0,0,신선도 호평 다수 (1건)
522933|896739,만강장어명품관,전남,화순군,서비스_친절도,1,0,0,서비스_친절도 호평 다수 (1건)
183914,만계치킨 도산점,광주,광산구,맛,1,0,0,맛 호평 다수 (1건)
183914,만계치킨 도산점,광주,광산구,신선도,1,0,0,신선도 호평 다수 (1건)
424389,만계치킨 상대점,광주,북구,가격,1,0,0,가격 호평 다수 (1건)
424389,만계치킨 상대점,광주,북구,서비스_친절도,1,0,0,서비스_친절도 호평 다수 (1건)
424389,만계치킨 상대점,광주,북구,분위기,1,0,0,분위기 호평 다수 (1건)
424389,만계치킨 상대점,광주,북구,접근성_웨이팅,1,0,0,접근성_웨이팅 호평 다수 (1건)
424388,만계치킨 수완점,광주,광산구,맛,1,0,0,맛 호평 다수 (1건)
424388,만계치킨 수완점,광주,광산구,신선도,1,0,0,신선도 호평 다수 (1건)
183918,만계치킨전대상대점,광주,북구,분위기,1,0,0,분위기 호평 다수 (1건)
183918,만계치킨전대상대점,광주,북구,접근성_웨이팅,1,0,0,접근성_웨이팅 호평 다수 (1건)
424391,만고강산,광주,광산구,맛,1,0,0,맛 호평 다수 (1건)
424393,만기네집,광주,서구,맛,1,0,0,맛 호평 다수 (1건)
424393,만기네집,광주,서구,신선도,1,0,0,신선도 호평 다수 (1건)
424395,만나김밥,광주,북구,신선도,1,0,0,신선도 호평 다수 (1건)
437310,만나맛나,광주,광산구,맛,1,0,0,맛 호평 다수 (1건)
437310,만나맛나,광주,광산구,분위기,1,0,0,분위기 호평 다수 (1건)
521828|896057,만나숯불갈비,전남,장흥군,서비스_친절도,1,0,0,서비스_친절도 호평 다수 (1건)
183929,만나식당,광주,북구,맛,1,0,0,맛 호평 다수 (1건)
183929,만나식당,광주,북구,신선도,1,0,0,신선도 호평 다수 (1건)
183929,만나식당,광주,북구,분위기,1,0,0,분위기 호평 다수 (1건)
424402,만나자오돌뼈,광주,광산구,신선도,1,0,0,신선도 호평 다수 (1건)
424402,만나자오돌뼈,광주,광산구,분위기,1,0,0,분위기 호평 다수 (1건)
519458|895641,만남,전남,신안군,분위기,1,0,0,분위기 호평 다수 (1건)
592cc346b0d9,만남가든,전남,구례군,맛,1,0,0,맛 호평 다수 (1건)
86928|880564,만남기사식당,전남,해남군,맛,1,0,0,맛 호평 다수 (1건)
86928|880564,만남기사식당,전남,해남군,신선도,1,0,0,신선도 호평 다수 (1건)
183944,만남의광장,광주,북구,신선도,1,0,0,신선도 호평 다수 (1건)
424418,만다린 광주본점,광주,북구,신선도,1,0,0,신선도 호평 다수 (1건)
424419,만다린,광주,북구,맛,1,0,0,맛 호평 다수 (1건)
424420,만덕이통닭,광주,광산구,맛,1,0,0,맛 호평 다수 (1건)
424420,만덕이통닭,광주,광산구,신선도,1,0,0,신선도 호평 다수 (1건)
424420,만덕이통닭,광주,광산구,위생_청결,1,0,0,위생_청결 호평 다수 (1건)
424421,만도리,광주,북구,신선도,1,0,0,신선도 호평 다수 (1건)
424421,만도리,광주,북구,분위기,1,0,0,분위기 호평 다수 (1건)
86958|880565,만두콩이,전남,여수시,신선도,1,0,0,신선도 호평 다수 (1건)
424424,만두한판 동천점,광주,서구,맛,1,0,0,맛 호평 다수 (1건)
424425,만득이네 아구찜,광주,남구,맛,1,0,0,맛 호평 다수 (1건)
424425,만득이네 아구찜,광주,남구,신선도,1,0,0,신선도 호평 다수 (1건)
424425,만득이네 아구찜,광주,남구,접근성_웨이팅,1,0,0,접근성_웨이팅 호평 다수 (1건)
521548,만리향 노화읍,전남,완도군,분위기,1,0,0,분위기 호평 다수 (1건)
183977,만리향,광주,서구,서비스_친절도,1,0,0,서비스_친절도 호평 다수 (1건)
183983,만복식당,광주,서구,신선도,1,0,0,신선도 호평 다수 (1건)
424452,만복이수산,광주,서구,맛,1,0,0,맛 호평 다수 (1건)
424452,만복이수산,광주,서구,신선도,1,0,0,신선도 호평 다수 (1건)
424452,만복이수산,광주,서구,접근성_웨이팅,1,0,0,접근성_웨이팅 호평 다수 (1건)
517429,만석국밥집,전남,순천시,맛,1,0,0,맛 호평 다수 (1건)
517429,만석국밥집,전남,순천시,신선도,1,0,0,신선도 호평 다수 (1건)
517429,만석국밥집,전남,순천시,분위기,1,0,0,분위기 호평 다수 (1건)
424456,만석군족발,광주,광산구,서비스_친절도,1,0,0,서비스_친절도 호평 다수 (1건)
424457|879892,만석궁,광주,서구,분위기,1,0,0,분위기 호평 다수 (1건)
424458,만석궁회관,광주,서구,맛,1,0,0,맛 호평 다수 (1건)
424458,만석궁회관,광주,서구,분위기,1,0,0,분위기 호평 다수 (1건)
424459,만석치킨,광주,광산구,맛,1,0,0,맛 호평 다수 (1건)
424461|879893,만선당 어부의밥상 첨단점,광주,광산구,신선도,1,0,0,신선도 호평 다수 (1건)
183993,만선당어부의밥상,광주,광산구,맛,1,0,0,맛 호평 다수 (1건)
183993,만선당어부의밥상,광주,광산구,신선도,1,0,0,신선도 호평 다수 (1건)
87031|880567,만선식당,전남,목포시,신선도,1,0,0,신선도 호평 다수 (1건)
521558|895879,만선식당,전남,완도군,맛,1,0,0,맛 호평 다수 (1건)
521558|895879,만선식당,전남,완도군,신선도,1,0,0,신선도 호평 다수 (1건)
183995,만수식당 광주대인동,광주,동구,신선도,1,0,0,신선도 호평 다수 (1건)
183995,만수식당 광주대인동,광주,동구,가격,1,0,0,가격 호평 다수 (1건)
424463,만순주가,광주,광산구,가격,1,0,0,가격 호평 다수 (1건)
424464,만원의행복 금호점,광주,서구,맛,1,0,0,맛 호평 다수 (1건)
424464,만원의행복 금호점,광주,서구,신선도,1,0,0,신선도 호평 다수 (1건)
424464,만원의행복 금호점,광주,서구,가격,1,0,0,가격 호평 다수 (1건)
184000,만인각 광주양동,광주,서구,맛,1,0,0,맛 호평 다수 (1건)
517958,만전각,전남,강진군,서비스_친절도,1,0,0,서비스_친절도 호평 다수 (1건)
424468|879894,만조성 상무점,광주,서구,맛,1,0,0,맛 호평 다수 (1건)
837051,만주왕갈비 나주점,전남,나주시,위생_청결,1,0,0,위생_청결 호평 다수 (1건)
424470,만쥬하나 광주본점,광주,동구,맛,1,0,0,맛 호평 다수 (1건)
184005,만찬회초밥 도시,광주,서구,신선도,1,0,0,신선도 호평 다수 (1건)
424471,만찬회초밥 도시락,광주,서구,신선도,1,0,0,신선도 호평 다수 (1건)
424473,만춘상회,광주,광산구,신선도,1,0,0,신선도 호평 다수 (1건)
184009,만취 광주지산동,광주,동구,맛,1,0,0,맛 호평 다수 (1건)
184009,만취 광주지산동,광주,동구,분위기,1,0,0,분위기 호평 다수 (1건)
424475,만평산장,광주,북구,신선도,1,0,0,신선도 호평 다수 (1건)
184012,만평생오리구이,광주,동구,신선도,1,0,0,신선도 호평 다수 (1건)
522427,만해반점,전남,함평군,맛,1,0,0,맛 호평 다수 (1건)
522427,만해반점,전남,함평군,분위기,1,0,0,분위기 호평 다수 (1건)
517928,만호성,전남,강진군,서비스_친절도,1,0,0,서비스_친절도 호평 다수 (1건)
517928,만호성,전남,강진군,분위기,1,0,0,분위기 호평 다수 (1건)
424486,말고기전문흑마,광주,서구,신선도,1,0,0,신선도 호평 다수 (1건)
424487,말랑말랑쫀득쫀득,광주,북구,맛,1,0,0,맛 호평 다수 (1건)
424487,말랑말랑쫀득쫀득,광주,북구,서비스_친절도,1,0,0,서비스_친절도 호평 다수 (1건)
424494,말바우 생선구이,광주,북구,신선도,1,0,0,신선도 호평 다수 (1건)
424494,말바우 생선구이,광주,북구,접근성_웨이팅,1,0,0,접근성_웨이팅 호평 다수 (1건)
424497,말바우 자연산 능이버섯가게,광주,북구,가격,1,0,0,가격 호평 다수 (1건)
424491,말바우국밥,광주,북구,맛,1,0,0,맛 호평 다수 (1건)
424491,말바우국밥,광주,북구,양,1,0,0,양 호평 다수 (1건)
424492,말바우그횟집,광주,북구,신선도,1,0,0,신선도 호평 다수 (1건)
424493,말바우먹거리,광주,북구,신선도,1,0,0,신선도 호평 다수 (1건)
424494,말바우생선구이,광주,북구,신선도,1,0,0,신선도 호평 다수 (1건)
424495,말바우숯불구이,광주,북구,맛,1,0,0,맛 호평 다수 (1건)
424495,말바우숯불구이,광주,북구,신선도,1,0,0,신선도 호평 다수 (1건)
424495,말바우숯불구이,광주,북구,분위기,1,0,0,분위기 호평 다수 (1건)
520114,말아조,전남,영암군,맛,1,0,0,맛 호평 다수 (1건)
520114,말아조,전남,영암군,분위기,1,0,0,분위기 호평 다수 (1건)
184036,말캉,광주,광산구,신선도,1,0,0,신선도 호평 다수 (1건)
424501,맑은물청둥오리,광주,북구,맛,1,0,0,맛 호평 다수 (1건)
424501,맑은물청둥오리,광주,북구,신선도,1,0,0,신선도 호평 다수 (1건)
424502,맑은바람,광주,북구,맛,1,0,0,맛 호평 다수 (1건)
424502,맑은바람,광주,북구,신선도,1,0,0,신선도 호평 다수 (1건)
424502,맑은바람,광주,북구,분위기,1,0,0,분위기 호평 다수 (1건)
517414,맘마롱,전남,순천시,맛,1,0,0,맛 호평 다수 (1건)
517414,맘마롱,전남,순천시,분위기,1,0,0,분위기 호평 다수 (1건)
184075,맛가 광주누문동,광주,북구,맛,1,0,0,맛 호평 다수 (1건)
424540,맛고을해남,광주,서구,신선도,1,0,0,신선도 호평 다수 (1건)
424541,맛골뚝배기,광주,북구,맛,1,0,0,맛 호평 다수 (1건)
424541,맛골뚝배기,광주,북구,신선도,1,0,0,신선도 호평 다수 (1건)
424543,맛과향,광주,서구,신선도,1,0,0,신선도 호평 다수 (1건)
424543,맛과향,광주,서구,접근성_웨이팅,1,0,0,접근성_웨이팅 호평 다수 (1건)
424544,맛깔분식,광주,광산구,양,1,0,0,양 호평 다수 (1건)
424545,맛깔참죽 광주운남점,광주,광산구,신선도,1,0,0,신선도 호평 다수 (1건)
392348|424548,맛깡패버거,광주,서구,신선도,1,0,0,신선도 호평 다수 (1건)
392348|424548,맛깡패버거,광주,서구,분위기,1,0,0,분위기 호평 다수 (1건)
a365df9d4e9f,맛나감자탕 목포남악점,전남,목포시,맛,1,0,0,맛 호평 다수 (1건)
517521,맛나게장,전남,여수시,맛,1,0,0,맛 호평 다수 (1건)
517521,맛나게장,전남,여수시,분위기,1,0,0,분위기 호평 다수 (1건)
517521,맛나게장,전남,여수시,접근성_웨이팅,1,0,0,접근성_웨이팅 호평 다수 (1건)
184089,맛나대구랑낙지랑,광주,광산구,맛,1,0,0,맛 호평 다수 (1건)
184089,맛나대구랑낙지랑,광주,광산구,신선도,1,0,0,신선도 호평 다수 (1건)
424552,맛나리치킨,광주,서구,맛,1,0,0,맛 호평 다수 (1건)
424552,맛나리치킨,광주,서구,신선도,1,0,0,신선도 호평 다수 (1건)
518069,맛나부러,전남,고흥군,맛,1,0,0,맛 호평 다수 (1건)
518069,맛나부러,전남,고흥군,서비스_친절도,1,0,0,서비스_친절도 호평 다수 (1건)
424553,맛나분식,광주,광산구,맛,1,0,0,맛 호평 다수 (1건)
424553,맛나분식,광주,광산구,서비스_친절도,1,0,0,서비스_친절도 호평 다수 (1건)
424549,맛나수산,광주,동구,맛,1,0,0,맛 호평 다수 (1건)
424549,맛나수산,광주,동구,신선도,1,0,0,신선도 호평 다수 (1건)
424555,맛나식당,광주,서구,맛,1,0,0,맛 호평 다수 (1건)
424555,맛나식당,광주,서구,접근성_웨이팅,1,0,0,접근성_웨이팅 호평 다수 (1건)
522424,맛나식당,전남,함평군,맛,1,0,0,맛 호평 다수 (1건)
522424,맛나식당,전남,함평군,서비스_친절도,1,0,0,서비스_친절도 호평 다수 (1건)
522424,맛나식당,전남,함평군,분위기,1,0,0,분위기 호평 다수 (1건)
56790|880486,맛나제,전남,신안군,맛,1,0,0,맛 호평 다수 (1건)
56790|880486,맛나제,전남,신안군,신선도,1,0,0,신선도 호평 다수 (1건)
56790|880486,맛나제,전남,신안군,서비스_친절도,1,0,0,서비스_친절도 호평 다수 (1건)
56790|880486,맛나제,전남,신안군,분위기,1,0,0,분위기 호평 다수 (1건)
424559,맛나치킨,광주,남구,맛,1,0,0,맛 호평 다수 (1건)
424559,맛나치킨,광주,남구,신선도,1,0,0,신선도 호평 다수 (1건)
184099,맛나푸드,광주,북구,맛,1,0,0,맛 호평 다수 (1건)
424556,맛나한식뷔페,광주,북구,맛,1,0,0,맛 호평 다수 (1건)
424562,맛남김밥,광주,북구,신선도,1,0,0,신선도 호평 다수 (1건)
184102,맛닭꼬 두암2호점,광주,북구,맛,1,0,0,맛 호평 다수 (1건)
424566|879898,맛동산 동명본점,광주,동구,접근성_웨이팅,1,0,0,접근성_웨이팅 호평 다수 (1건)
420553,맛드림김밥랜드 문흥점,광주,북구,맛,1,0,0,맛 호평 다수 (1건)
420553,맛드림김밥랜드 문흥점,광주,북구,신선도,1,0,0,신선도 호평 다수 (1건)
420553,맛드림김밥랜드 문흥점,광주,북구,서비스_친절도,1,0,0,서비스_친절도 호평 다수 (1건)
420553,맛드림김밥랜드 문흥점,광주,북구,접근성_웨이팅,1,0,0,접근성_웨이팅 호평 다수 (1건)
424574,맛미당,광주,북구,신선도,1,0,0,신선도 호평 다수 (1건)
424575,맛미정,광주,서구,맛,1,0,0,맛 호평 다수 (1건)
424575,맛미정,광주,서구,신선도,1,0,0,신선도 호평 다수 (1건)
184115,맛보는족족 광주방림동,광주,남구,맛,1,0,0,맛 호평 다수 (1건)
184115,맛보는족족 광주방림동,광주,남구,신선도,1,0,0,신선도 호평 다수 (1건)
419269|424577,맛사계절,광주,북구,분위기,1,0,0,분위기 호평 다수 (1건)
419269|424577,맛사계절,광주,북구,접근성_웨이팅,1,0,0,접근성_웨이팅 호평 다수 (1건)
424578,맛삼,광주,동구,맛,1,0,0,맛 호평 다수 (1건)
424578,맛삼,광주,동구,신선도,1,0,0,신선도 호평 다수 (1건)
424578,맛삼,광주,동구,양,1,0,0,양 호평 다수 (1건)
424578,맛삼,광주,동구,접근성_웨이팅,1,0,0,접근성_웨이팅 호평 다수 (1건)
424579,맛샘분식,광주,북구,맛,1,0,0,맛 호평 다수 (1건)
424579,맛샘분식,광주,북구,신선도,1,0,0,신선도 호평 다수 (1건)
424581,맛없으면환불해주는장군집 광주광산점,광주,광산구,서비스_친절도,0,1,0,서비스_친절도 언급 (1건)
424584,맛을찾는사람들,광주,북구,맛,1,0,0,맛 호평 다수 (1건)
424585|879569,맛이만나,광주,동구,서비스_친절도,1,0,0,서비스_친절도 호평 다수 (1건)
424585|879569,맛이만나,광주,동구,분위기,1,0,0,분위기 호평 다수 (1건)
522242|896314,맛있는 숯불고기집,전남,진도군,맛,1,0,0,맛 호평 다수 (1건)
520216,맛있는곱창,전남,완도군,맛,1,0,0,맛 호평 다수 (1건)
520216,맛있는곱창,전남,완도군,신선도,1,0,0,신선도 호평 다수 (1건)
424591,맛있는밥집 쌍촌본점,광주,서구,맛,1,0,0,맛 호평 다수 (1건)
424596,맛있는이모네족발,광주,북구,맛,1,0,0,맛 호평 다수 (1건)
424596,맛있는이모네족발,광주,북구,신선도,1,0,0,신선도 호평 다수 (1건)
424596,맛있는이모네족발,광주,북구,양,1,0,0,양 호평 다수 (1건)
521879|896091,맛있는잔치국수,전남,장흥군,맛,1,0,0,맛 호평 다수 (1건)
424601,맛있는집밥 첨단택지점,광주,북구,맛,1,0,0,맛 호평 다수 (1건)
517373,맛있는채움,전남,순천시,맛,1,0,0,맛 호평 다수 (1건)
517373,맛있는채움,전남,순천시,신선도,1,0,0,신선도 호평 다수 (1건)
424602,맛있는카츠,광주,북구,맛,1,0,0,맛 호평 다수 (1건)
424602,맛있는카츠,광주,북구,신선도,1,0,0,신선도 호평 다수 (1건)
424603,맛있는튀김,광주,남구,맛,1,0,0,맛 호평 다수 (1건)
424603,맛있는튀김,광주,남구,신선도,1,0,0,신선도 호평 다수 (1건)
184147,맛있는한끼 광주월전동,광주,광산구,맛,1,0,0,맛 호평 다수 (1건)
424610,맛있다감자탕 금호점,광주,서구,맛,1,0,0,맛 호평 다수 (1건)
424610,맛있다감자탕금호점,광주,서구,맛,1,0,0,맛 호평 다수 (1건)
424610,맛있다감자탕금호점,광주,서구,신선도,1,0,0,신선도 호평 다수 (1건)
424612,맛있소소우,광주,북구,맛,1,0,0,맛 호평 다수 (1건)
424614|879901,맛있으면돼지,광주,광산구,맛,1,0,0,맛 호평 다수 (1건)
424614|879901,맛있으면돼지,광주,광산구,신선도,1,0,0,신선도 호평 다수 (1건)
184157,맛있타코,광주,남구,맛,1,0,0,맛 호평 다수 (1건)
184157,맛있타코,광주,남구,접근성_웨이팅,1,0,0,접근성_웨이팅 호평 다수 (1건)
424619,맛자랑아구찜,광주,서구,맛,1,0,0,맛 호평 다수 (1건)
424619,맛자랑아구찜,광주,서구,신선도,1,0,0,신선도 호평 다수 (1건)
424621,맛조은분식,광주,광산구,맛,1,0,0,맛 호평 다수 (1건)
419194,맛집 게장천국 광주본점,광주,북구,신선도,1,0,0,신선도 호평 다수 (1건)
424626,맛집한겨례,광주,동구,분위기,1,0,0,분위기 호평 다수 (1건)
383883|424627,맛집현아네,광주,서구,접근성_웨이팅,1,0,0,접근성_웨이팅 호평 다수 (1건)
424629,맛짱네,광주,남구,맛,1,0,0,맛 호평 다수 (1건)
424629,맛짱네,광주,남구,신선도,1,0,0,신선도 호평 다수 (1건)
184171,맛짱분식,광주,남구,맛,1,0,0,맛 호평 다수 (1건)
184171,맛짱분식,광주,남구,분위기,1,0,0,분위기 호평 다수 (1건)
184174,맛찬들광주상무점 광주치평동,광주,서구,맛,1,0,0,맛 호평 다수 (1건)
184174,맛찬들광주상무점 광주치평동,광주,서구,접근성_웨이팅,1,0,0,접근성_웨이팅 호평 다수 (1건)
8a75e6a089fd,맛찬들왕소금구이 광양점,전남,광양시,신선도,1,0,0,신선도 호평 다수 (1건)
515681|880446,맛찬들왕소금구이 광주 첨단점,광주,광산구,맛,1,0,0,맛 호평 다수 (1건)
517434,맛찬들왕소금구이 순천신대점,전남,순천시,맛,1,0,0,맛 호평 다수 (1건)
517434,맛찬들왕소금구이 순천신대점,전남,순천시,신선도,1,0,0,신선도 호평 다수 (1건)
184175,맛찬들첨단점 광주월계동,광주,광산구,맛,1,0,0,맛 호평 다수 (1건)
a8c3dfc095c0,망고루 체인본부,전남,목포시,맛,1,0,0,맛 호평 다수 (1건)
184179,망고식스 광주풍암동,광주,서구,맛,1,0,0,맛 호평 다수 (1건)
184179,망고식스 광주풍암동,광주,서구,신선도,1,0,0,신선도 호평 다수 (1건)
522656,망원동티라미수 해남읍점,전남,해남군,접근성_웨이팅,1,0,0,접근성_웨이팅 호평 다수 (1건)
184180,망월식육식당 광주우산동,광주,북구,신선도,1,0,0,신선도 호평 다수 (1건)
515947|879570|961891,망향비빔국수 광주서구점,광주,서구,접근성_웨이팅,1,0,0,접근성_웨이팅 호평 다수 (1건)
184181,망향비빔국수 광주치평동,광주,서구,분위기,1,0,0,분위기 호평 다수 (1건)
184183,매곡동여의주,광주,북구,맛,1,0,0,맛 호평 다수 (1건)
184183,매곡동여의주,광주,북구,신선도,1,0,0,신선도 호평 다수 (1건)
424636,매력한우명품관서방점,광주,북구,신선도,1,0,0,신선도 호평 다수 (1건)
184187,매력한우명품관아울렛점 광주마륵동,광주,서구,맛,1,0,0,맛 호평 다수 (1건)
184196,매운날양푼이매운갈비찜 광주월계동,광주,광산구,가격,1,0,0,가격 호평 다수 (1건)
184197,매운돼지등갈비찜 광주월산동,광주,남구,맛,1,0,0,맛 호평 다수 (1건)
434903|880237,매운돼지등갈비찜,광주,남구,맛,1,0,0,맛 호평 다수 (1건)
434903|880237,매운돼지등갈비찜,광주,남구,양,1,0,0,양 호평 다수 (1건)
184198,매운똥발이,광주,북구,맛,1,0,0,맛 호평 다수 (1건)
184198,매운똥발이,광주,북구,서비스_친절도,1,0,0,서비스_친절도 호평 다수 (1건)
184205,매월농원 신창점,광주,광산구,신선도,1,0,0,신선도 호평 다수 (1건)
424647,매월농원 하남점,광주,광산구,맛,1,0,0,맛 호평 다수 (1건)
424647,매월농원 하남점,광주,광산구,가격,1,0,0,가격 호평 다수 (1건)
424649,매월본가,광주,서구,가격,1,0,0,가격 호평 다수 (1건)
424654,매월한우촌,광주,서구,맛,1,0,0,맛 호평 다수 (1건)
424654,매월한우촌,광주,서구,분위기,1,0,0,분위기 호평 다수 (1건)
424655,매월화로구이,광주,서구,신선도,1,0,0,신선도 호평 다수 (1건)
424658,매일국밥,광주,북구,맛,1,0,0,맛 호평 다수 (1건)
424658,매일국밥,광주,북구,신선도,1,0,0,신선도 호평 다수 (1건)
424660,매일맛집,광주,북구,신선도,1,0,0,신선도 호평 다수 (1건)
424661,매일먹고가자,광주,북구,맛,1,0,0,맛 호평 다수 (1건)
424661,매일먹고가자,광주,북구,신선도,1,0,0,신선도 호평 다수 (1건)
424663,매일밥상,광주,남구,신선도,1,0,0,신선도 호평 다수 (1건)
424669|879572|879902,매일청과,광주,광산구,맛,1,0,0,맛 호평 다수 (1건)
424669|879572|879902,매일청과,광주,광산구,신선도,1,0,0,신선도 호평 다수 (1건)
424672,매일팥죽,광주,북구,맛,1,0,0,맛 호평 다수 (1건)
424672,매일팥죽,광주,북구,가격,1,0,0,가격 호평 다수 (1건)
424672,매일팥죽,광주,북구,접근성_웨이팅,1,0,0,접근성_웨이팅 호평 다수 (1건)
424673,매일해장국,광주,서구,접근성_웨이팅,1,0,0,접근성_웨이팅 호평 다수 (1건)
517785,매자리식당,전남,강진군,맛,1,0,0,맛 호평 다수 (1건)
424676,매코미 통닭발,광주,북구,신선도,1,0,0,신선도 호평 다수 (1건)
1306715e729a,매화곱창,전남,광양시,신선도,1,0,0,신선도 호평 다수 (1건)
424681,매화도회센터,광주,광산구,맛,1,0,0,맛 호평 다수 (1건)
424681,매화도회센터,광주,광산구,신선도,1,0,0,신선도 호평 다수 (1건)
4c7bfbc42848,매화향,전남,광양시,서비스_친절도,1,0,0,서비스_친절도 호평 다수 (1건)
522131|896248,매화횟집,전남,진도군,맛,1,0,0,맛 호평 다수 (1건)
522131|896248,매화횟집,전남,진도군,신선도,1,0,0,신선도 호평 다수 (1건)
522131|896248,매화횟집,전남,진도군,가격,1,0,0,가격 호평 다수 (1건)
518198,맥도날치킨 녹동점,전남,고흥군,맛,1,0,0,맛 호평 다수 (1건)
519355,맥아&볼트,전남,보성군,분위기,1,0,0,분위기 호평 다수 (1건)
519523,맨드라미하우스,전남,신안군,맛,1,0,0,맛 호평 다수 (1건)
519523,맨드라미하우스,전남,신안군,신선도,1,0,0,신선도 호평 다수 (1건)
519523,맨드라미하우스,전남,신안군,분위기,1,0,0,분위기 호평 다수 (1건)
424714,맨발,광주,북구,위생_청결,1,0,0,위생_청결 호평 다수 (1건)
424714,맨발,광주,북구,서비스_친절도,1,0,0,서비스_친절도 호평 다수 (1건)
424717,맴맴,광주,남구,맛,1,0,0,맛 호평 다수 (1건)
424717,맴맴,광주,남구,분위기,1,0,0,분위기 호평 다수 (1건)
522566,맴섬횟집,전남,해남군,신선도,1,0,0,신선도 호평 다수 (1건)
6eca83f44b83,맵고단신촌알쌈 광양점,전남,광양시,맛,1,0,0,맛 호평 다수 (1건)
6eca83f44b83,맵고단신촌알쌈 광양점,전남,광양시,신선도,1,0,0,신선도 호평 다수 (1건)
424719,맷돌 광주진월동,광주,남구,신선도,1,0,0,신선도 호평 다수 (1건)
184280,맷돌,광주,남구,신선도,1,0,0,신선도 호평 다수 (1건)
424721,맷돌야외음식,광주,남구,맛,1,0,0,맛 호평 다수 (1건)
424720,맷돌영양두유,광주,동구,신선도,1,0,0,신선도 호평 다수 (1건)
424723,맷돌콩물국수,광주,북구,맛,1,0,0,맛 호평 다수 (1건)
424723,맷돌콩물국수,광주,북구,신선도,1,0,0,신선도 호평 다수 (1건)
518297,맹성식당,전남,곡성군,맛,1,0,0,맛 호평 다수 (1건)
518297,맹성식당,전남,곡성군,분위기,1,0,0,분위기 호평 다수 (1건)
424725,머거버거,광주,북구,맛,1,0,0,맛 호평 다수 (1건)
424725,머거버거,광주,북구,신선도,1,0,0,신선도 호평 다수 (1건)
9d2ce4f04cba,머구리,전남,광양시,분위기,1,0,0,분위기 호평 다수 (1건)
424729,머글소고기해장국,광주,광산구,맛,1,0,0,맛 호평 다수 (1건)
424729,머글소고기해장국,광주,광산구,신선도,1,0,0,신선도 호평 다수 (1건)
424739,머시기쪽갈비 도산직영점,광주,광산구,맛,1,0,0,맛 호평 다수 (1건)
424739,머시기쪽갈비 도산직영점,광주,광산구,신선도,1,0,0,신선도 호평 다수 (1건)
424739,머시기쪽갈비 도산직영점,광주,광산구,접근성_웨이팅,1,0,0,접근성_웨이팅 호평 다수 (1건)
184296,머시기쪽갈비 마륵점,광주,서구,맛,1,0,0,맛 호평 다수 (1건)
184296,머시기쪽갈비 마륵점,광주,서구,신선도,1,0,0,신선도 호평 다수 (1건)
424744,머시기쪽갈비 수완흑석점,광주,광산구,맛,1,0,0,맛 호평 다수 (1건)
184303,머시기쪽갈비 양산점,광주,북구,신선도,1,0,0,신선도 호평 다수 (1건)
184303,머시기쪽갈비 양산점,광주,북구,분위기,1,0,0,분위기 호평 다수 (1건)
424741,머시기쪽갈비생족발구이 쌍촌본점,광주,서구,맛,1,0,0,맛 호평 다수 (1건)
424741,머시기쪽갈비생족발구이 쌍촌본점,광주,서구,신선도,1,0,0,신선도 호평 다수 (1건)
424752,먹고가자,광주,북구,신선도,1,0,0,신선도 호평 다수 (1건)
424753,먹고또와,광주,동구,맛,1,0,0,맛 호평 다수 (1건)
424756,먹고을,광주,서구,맛,1,0,0,맛 호평 다수 (1건)
424757,먹고힘내,광주,광산구,맛,1,0,0,맛 호평 다수 (1건)
518193,먹곡가든,전남,고흥군,서비스_친절도,1,0,0,서비스_친절도 호평 다수 (1건)
424758,먹골식당,광주,광산구,신선도,1,0,0,신선도 호평 다수 (1건)
424762,먹보돼지,광주,북구,신선도,1,0,0,신선도 호평 다수 (1건)
424769|879575,먹자판,광주,동구,가격,1,0,0,가격 호평 다수 (1건)
424769|879575,먹자판,광주,동구,양,1,0,0,양 호평 다수 (1건)
424773,먹짝,광주,서구,맛,1,0,0,맛 호평 다수 (1건)
424773,먹짝,광주,서구,가격,1,0,0,가격 호평 다수 (1건)
424773,먹짝,광주,서구,양,1,0,0,양 호평 다수 (1건)
184333,먹태 쌍촌점,광주,서구,신선도,1,0,0,신선도 호평 다수 (1건)
424770,먹태 주월동,광주,남구,맛,1,0,0,맛 호평 다수 (1건)
424770,먹태 주월동,광주,남구,분위기,1,0,0,분위기 호평 다수 (1건)
184331,먹태 주월점,광주,남구,신선도,1,0,0,신선도 호평 다수 (1건)
424776,먼데이홀리데이,광주,동구,분위기,1,0,0,분위기 호평 다수 (1건)
184339,먼치킨,광주,광산구,신선도,1,0,0,신선도 호평 다수 (1건)
184343,멍구네황금마차,광주,남구,서비스_친절도,1,0,0,서비스_친절도 호평 다수 (1건)
424786,멍시티,광주,북구,서비스_친절도,1,0,0,서비스_친절도 호평 다수 (1건)
424786,멍시티,광주,북구,분위기,1,0,0,분위기 호평 다수 (1건)
424875|879583|879911,메가참치,광주,남구,맛,1,0,0,맛 호평 다수 (1건)
424875|879583|879911,메가참치,광주,남구,신선도,1,0,0,신선도 호평 다수 (1건)
184438,메고지고떡창고 광주중흥점,광주,북구,신선도,1,0,0,신선도 호평 다수 (1건)
424880,메기사랑,광주,북구,신선도,1,0,0,신선도 호평 다수 (1건)
424882,메르메르,광주,서구,접근성_웨이팅,0,1,0,접근성_웨이팅 언급 (1건)
424888,메밀꽃필무렵,광주,남구,분위기,1,0,0,분위기 호평 다수 (1건)
424889,메밀당막국수 광주수완점,광주,광산구,맛,1,0,0,맛 호평 다수 (1건)
424889,메밀당막국수 광주수완점,광주,광산구,신선도,1,0,0,신선도 호평 다수 (1건)
2392,메밀정미소치킨 봉선점,광주,남구,맛,1,0,0,맛 호평 다수 (1건)
424896,메이쇼스시,광주,남구,맛,1,0,0,맛 호평 다수 (1건)
424896,메이쇼스시,광주,남구,신선도,1,0,0,신선도 호평 다수 (1건)
424897,메이시앙,광주,남구,신선도,1,0,0,신선도 호평 다수 (1건)
184462,메이웨이 충장,광주,동구,서비스_친절도,1,0,0,서비스_친절도 호평 다수 (1건)
184465,메종드떼,광주,남구,분위기,1,0,0,분위기 호평 다수 (1건)
519101|895371,메콩강 PHO,전남,무안군,맛,1,0,0,맛 호평 다수 (1건)
519101|895371,메콩강 PHO,전남,무안군,신선도,1,0,0,신선도 호평 다수 (1건)
518896,메타회포장,전남,담양군,신선도,1,0,0,신선도 호평 다수 (1건)
184471,메트로 남광주역점,광주,동구,신선도,1,0,0,신선도 호평 다수 (1건)
424908,메트로 남광주역점,광주,동구,신선도,1,0,0,신선도 호평 다수 (1건)
424908,메트로 남광주역점,광주,동구,접근성_웨이팅,1,0,0,접근성_웨이팅 호평 다수 (1건)
184472,메트로 운천역점,광주,서구,신선도,1,0,0,신선도 호평 다수 (1건)
424947|879915,멘무샤 충장NC웨이브점,광주,동구,맛,1,0,0,맛 호평 다수 (1건)
88fa7c295e59,멘무샤,전남,광양시,맛,1,0,0,맛 호평 다수 (1건)
1145fd10cc74,멘야마쯔리 광양점,전남,광양시,맛,1,0,0,맛 호평 다수 (1건)
184513,멘야마쯔리 상무점,광주,서구,맛,1,0,0,맛 호평 다수 (1건)
184514,멘타루,광주,남구,맛,1,0,0,맛 호평 다수 (1건)
184515,멜로먼트,광주,광산구,맛,1,0,0,맛 호평 다수 (1건)
184515,멜로먼트,광주,광산구,분위기,1,0,0,분위기 호평 다수 (1건)
184516,멜로쿠키,광주,광산구,서비스_친절도,1,0,0,서비스_친절도 호평 다수 (1건)
184517,멜리플루어스,광주,서구,맛,1,0,0,맛 호평 다수 (1건)
517308,멜터웨이즈,전남,순천시,맛,1,0,0,맛 호평 다수 (1건)
517308,멜터웨이즈,전남,순천시,접근성_웨이팅,1,0,0,접근성_웨이팅 호평 다수 (1건)
424957,멜팅투나잇,광주,남구,맛,1,0,0,맛 호평 다수 (1건)
424957,멜팅투나잇,광주,남구,서비스_친절도,1,0,0,서비스_친절도 호평 다수 (1건)
b56d91dc95e0,면반장,전남,광양시,분위기,1,0,0,분위기 호평 다수 (1건)
88037|88038,명가 낙지마당,광주,북구,맛,1,0,0,맛 호평 다수 (1건)
88037|88038,명가 낙지마당,광주,북구,신선도,1,0,0,신선도 호평 다수 (1건)
424967,명가나주곰탕,광주,남구,신선도,1,0,0,신선도 호평 다수 (1건)
424968,명가네도시락,광주,광산구,맛,1,0,0,맛 호평 다수 (1건)
424969,명가녹두빈대떡,광주,동구,맛,1,0,0,맛 호평 다수 (1건)
424969,명가녹두빈대떡,광주,동구,신선도,1,0,0,신선도 호평 다수 (1건)
424970,명가돌솥설렁탕명가2호점,광주,서구,맛,1,0,0,맛 호평 다수 (1건)
184530,명가왕족발,광주,북구,맛,1,0,0,맛 호평 다수 (1건)
184530,명가왕족발,광주,북구,신선도,1,0,0,신선도 호평 다수 (1건)
424975,명가원,광주,남구,신선도,1,0,0,신선도 호평 다수 (1건)
424977,명가원쟁반짜장,광주,광산구,맛,1,0,0,맛 호평 다수 (1건)
424977,명가원쟁반짜장,광주,광산구,신선도,1,0,0,신선도 호평 다수 (1건)
424977,명가원쟁반짜장,광주,광산구,분위기,1,0,0,분위기 호평 다수 (1건)
518658|895077,명가은,전남,담양군,분위기,1,0,0,분위기 호평 다수 (1건)
521473,명가족발보쌈,전남,완도군,맛,1,0,0,맛 호평 다수 (1건)
521473,명가족발보쌈,전남,완도군,신선도,1,0,0,신선도 호평 다수 (1건)
521676,명가중화요리,전남,장성군,맛,1,0,0,맛 호평 다수 (1건)
521676,명가중화요리,전남,장성군,신선도,1,0,0,신선도 호평 다수 (1건)
521673,명가참숯불구이,전남,장성군,신선도,1,0,0,신선도 호평 다수 (1건)
521673,명가참숯불구이,전남,장성군,서비스_친절도,1,0,0,서비스_친절도 호평 다수 (1건)
424978,명가팥죽,광주,북구,맛,1,0,0,맛 호평 다수 (1건)
424980,명가홍식당,광주,서구,신선도,1,0,0,신선도 호평 다수 (1건)
424981|879916,명당,광주,동구,신선도,1,0,0,신선도 호평 다수 (1건)
424981|879916,명당,광주,동구,분위기,1,0,0,분위기 호평 다수 (1건)
424982,명대패 쌍촌,광주,서구,맛,1,0,0,맛 호평 다수 (1건)
424982,명대패 쌍촌,광주,서구,접근성_웨이팅,1,0,0,접근성_웨이팅 호평 다수 (1건)
424983,명덕식당,광주,동구,맛,1,0,0,맛 호평 다수 (1건)
424983,명덕식당,광주,동구,신선도,1,0,0,신선도 호평 다수 (1건)
424983,명덕식당,광주,동구,분위기,1,0,0,분위기 호평 다수 (1건)
518595,명동돈까스분식,전남,구례군,맛,1,0,0,맛 호평 다수 (1건)
518595,명동돈까스분식,전남,구례군,서비스_친절도,1,0,0,서비스_친절도 호평 다수 (1건)
518595,명동돈까스분식,전남,구례군,분위기,1,0,0,분위기 호평 다수 (1건)
424989|879917,명동찌개마을,광주,북구,신선도,1,0,0,신선도 호평 다수 (1건)
424990,명동칼국수 롯데마트첨단점,광주,광산구,맛,1,0,0,맛 호평 다수 (1건)
522692|896571,명동회관,전남,해남군,신선도,1,0,0,신선도 호평 다수 (1건)
425014,명루관,광주,동구,분위기,1,0,0,분위기 호평 다수 (1건)
425024,명봉식당,광주,북구,맛,1,0,0,맛 호평 다수 (1건)
184592,명불허전하하주,광주,서구,맛,1,0,0,맛 호평 다수 (1건)
425034,명성식당,광주,동구,맛,1,0,0,맛 호평 다수 (1건)
425034,명성식당,광주,동구,신선도,1,0,0,신선도 호평 다수 (1건)
519435|895629,명승중화요리,전남,신안군,맛,1,0,0,맛 호평 다수 (1건)
519435|895629,명승중화요리,전남,신안군,접근성_웨이팅,1,0,0,접근성_웨이팅 호평 다수 (1건)
dcb59be4d1b2,명신식당,전남,목포시,맛,1,0,0,맛 호평 다수 (1건)
425041,명인국수와숯불냉면 비엔날레점,광주,북구,맛,1,0,0,맛 호평 다수 (1건)
425041,명인국수와숯불냉면 비엔날레점,광주,북구,신선도,1,0,0,신선도 호평 다수 (1건)
425042,명인만두 광주무등산점,광주,동구,접근성_웨이팅,1,0,0,접근성_웨이팅 호평 다수 (1건)
425043,명인만두 광주오치점,광주,북구,맛,1,0,0,맛 호평 다수 (1건)
425043,명인만두 광주오치점,광주,북구,신선도,1,0,0,신선도 호평 다수 (1건)
425048,명인만두 광주유스퀘어점,광주,서구,맛,1,0,0,맛 호평 다수 (1건)
425044,명인만두 광주풍암점,광주,서구,맛,1,0,0,맛 호평 다수 (1건)
425044,명인만두 광주풍암점,광주,서구,신선도,1,0,0,신선도 호평 다수 (1건)
425054,명인면옥 수완점,광주,광산구,맛,1,0,0,맛 호평 다수 (1건)
425051,명인면옥 오치점,광주,북구,맛,1,0,0,맛 호평 다수 (1건)
425051,명인면옥 오치점,광주,북구,신선도,1,0,0,신선도 호평 다수 (1건)
184619,명인면옥 효천점,광주,남구,맛,1,0,0,맛 호평 다수 (1건)
184619,명인면옥 효천점,광주,남구,신선도,1,0,0,신선도 호평 다수 (1건)
425052|515760|879921|961731,명인면옥,광주,남구,신선도,1,0,0,신선도 호평 다수 (1건)
880475|9619,명인집,전남,목포시,신선도,1,0,0,신선도 호평 다수 (1건)
425058,명자닭발 북구점,광주,북구,맛,1,0,0,맛 호평 다수 (1건)
518294,명장,전남,곡성군,맛,1,0,0,맛 호평 다수 (1건)
518152,명장진국설렁탕 녹동점,전남,고흥군,맛,1,0,0,맛 호평 다수 (1건)
9620,명장진땡이,전남,순천시,맛,1,0,0,맛 호평 다수 (1건)
425062,명지돈가,광주,북구,맛,1,0,0,맛 호평 다수 (1건)
425062,명지돈가,광주,북구,서비스_친절도,1,0,0,서비스_친절도 호평 다수 (1건)
425062,명지돈가,광주,북구,분위기,1,0,0,분위기 호평 다수 (1건)
425063,명지원,광주,동구,신선도,1,0,0,신선도 호평 다수 (1건)
520075,명지중화요리,전남,영암군,맛,1,0,0,맛 호평 다수 (1건)
184633,명지회관,광주,남구,맛,1,0,0,맛 호평 다수 (1건)
184633,명지회관,광주,남구,신선도,1,0,0,신선도 호평 다수 (1건)
0b1fdbf77ea9,명진맛집,전남,목포시,맛,1,0,0,맛 호평 다수 (1건)
0b1fdbf77ea9,명진맛집,전남,목포시,가격,1,0,0,가격 호평 다수 (1건)
0b1fdbf77ea9,명진맛집,전남,목포시,서비스_친절도,1,0,0,서비스_친절도 호평 다수 (1건)
0b1fdbf77ea9,명진맛집,전남,목포시,분위기,1,0,0,분위기 호평 다수 (1건)
425068,명진식당,광주,북구,맛,1,0,0,맛 호평 다수 (1건)
518194,명태골 녹동점,전남,고흥군,서비스_친절도,1,0,0,서비스_친절도 호평 다수 (1건)
184638,명태어장 임동점,광주,북구,맛,1,0,0,맛 호평 다수 (1건)
184642,명품가마솥소머리국밥,광주,서구,맛,1,0,0,맛 호평 다수 (1건)
184642,명품가마솥소머리국밥,광주,서구,신선도,1,0,0,신선도 호평 다수 (1건)
425077,명품관,광주,광산구,신선도,1,0,0,신선도 호평 다수 (1건)
425077,명품관,광주,광산구,서비스_친절도,1,0,0,서비스_친절도 호평 다수 (1건)
425079,명품나주곰탕,광주,광산구,맛,1,0,0,맛 호평 다수 (1건)
425079,명품나주곰탕,광주,광산구,서비스_친절도,1,0,0,서비스_친절도 호평 다수 (1건)
184651,명품상무팥죽 하남점,광주,광산구,신선도,1,0,0,신선도 호평 다수 (1건)
426347,명품수제족발전문점 버드리족발,광주,서구,맛,1,0,0,맛 호평 다수 (1건)
426347,명품수제족발전문점 버드리족발,광주,서구,신선도,1,0,0,신선도 호평 다수 (1건)
426347,명품수제족발전문점 버드리족발,광주,서구,가격,1,0,0,가격 호평 다수 (1건)
522403|896402,명품옛날시골통닭호프,전남,함평군,신선도,1,0,0,신선도 호평 다수 (1건)
522403|896402,명품옛날시골통닭호프,전남,함평군,분위기,1,0,0,분위기 호평 다수 (1건)
519929,명품왕양꼬치,전남,영암군,신선도,1,0,0,신선도 호평 다수 (1건)
425089,명품웃거리왕족발,광주,광산구,맛,1,0,0,맛 호평 다수 (1건)
521767|896018,명품짜장,전남,장성군,맛,1,0,0,맛 호평 다수 (1건)
521767|896018,명품짜장,전남,장성군,신선도,1,0,0,신선도 호평 다수 (1건)
184641,명품하남초밥,광주,광산구,신선도,1,0,0,신선도 호평 다수 (1건)
192466,명품한우,광주,서구,분위기,1,0,0,분위기 호평 다수 (1건)
522180|896277,명희네곱창전골,전남,진도군,접근성_웨이팅,1,0,0,접근성_웨이팅 호평 다수 (1건)
184668,모구모구,광주,동구,신선도,1,0,0,신선도 호평 다수 (1건)
184668,모구모구,광주,동구,분위기,1,0,0,분위기 호평 다수 (1건)
184669,모꼬지,광주,서구,맛,1,0,0,맛 호평 다수 (1건)
184669,모꼬지,광주,서구,신선도,1,0,0,신선도 호평 다수 (1건)
425105,모나코,광주,서구,신선도,1,0,0,신선도 호평 다수 (1건)
425105,모나코,광주,서구,분위기,1,0,0,분위기 호평 다수 (1건)
523654,모노그램,전남,목포시,신선도,1,0,0,신선도 호평 다수 (1건)
425111,모노바스,광주,남구,신선도,1,0,0,신선도 호평 다수 (1건)
436175,모니카,광주,광산구,맛,1,0,0,맛 호평 다수 (1건)
1ffa456ab522,모다기,전남,여수시,신선도,1,0,0,신선도 호평 다수 (1건)
425115,모던갤러리,광주,남구,맛,1,0,0,맛 호평 다수 (1건)
425115,모던갤러리,광주,남구,분위기,1,0,0,분위기 호평 다수 (1건)
516247|962125,모던떡하우스 사랑혜,광주,동구,맛,1,0,0,맛 호평 다수 (1건)
516247|962125,모던떡하우스 사랑혜,광주,동구,신선도,1,0,0,신선도 호평 다수 (1건)
518093,모던통닭 고흥점,전남,고흥군,분위기,1,0,0,분위기 호평 다수 (1건)
523751|836369,모데라트,전남,순천시,맛,1,0,0,맛 호평 다수 (1건)
523751|836369,모데라트,전남,순천시,분위기,1,0,0,분위기 호평 다수 (1건)
524145,모도,전남,여수시,맛,1,0,0,맛 호평 다수 (1건)
184686,모도리,광주,서구,맛,1,0,0,맛 호평 다수 (1건)
184689,모도리보쌈족발 양산점,광주,북구,맛,1,0,0,맛 호평 다수 (1건)
184688,모도리보쌈족발,광주,서구,맛,1,0,0,맛 호평 다수 (1건)
184688,모도리보쌈족발,광주,서구,접근성_웨이팅,1,0,0,접근성_웨이팅 호평 다수 (1건)
522076,모도상회,전남,진도군,맛,0,1,0,맛 언급 (1건)
184692,모두랑,광주,북구,신선도,1,0,0,신선도 호평 다수 (1건)
519587,모두랑푸드,전남,신안군,분위기,1,0,0,분위기 호평 다수 (1건)
425125,모두랑하우스,광주,북구,분위기,1,0,0,분위기 호평 다수 (1건)
184695,모두의곱창 광주광산점,광주,광산구,맛,1,0,0,맛 호평 다수 (1건)
184695,모두의곱창 광주광산점,광주,광산구,신선도,1,0,0,신선도 호평 다수 (1건)
184694,모두의곱창 광주서구점,광주,서구,맛,1,0,0,맛 호평 다수 (1건)
184694,모두의곱창 광주서구점,광주,서구,신선도,1,0,0,신선도 호평 다수 (1건)
184694,모두의곱창 광주서구점,광주,서구,서비스_친절도,1,0,0,서비스_친절도 호평 다수 (1건)
521626|895929,모드니나주곰탕,전남,장성군,맛,1,0,0,맛 호평 다수 (1건)
184702,모든일이술술술 광주두암동,광주,북구,맛,1,0,0,맛 호평 다수 (1건)
184702,모든일이술술술 광주두암동,광주,북구,서비스_친절도,1,0,0,서비스_친절도 호평 다수 (1건)
425136,모든키친,광주,북구,신선도,1,0,0,신선도 호평 다수 (1건)
425137,모든튀김,광주,서구,맛,1,0,0,맛 호평 다수 (1건)
425138,모들,광주,광산구,맛,1,0,0,맛 호평 다수 (1건)
425138,모들,광주,광산구,신선도,1,0,0,신선도 호평 다수 (1건)
520009,모란다찌,전남,영암군,맛,1,0,0,맛 호평 다수 (1건)
520009,모란다찌,전남,영암군,신선도,1,0,0,신선도 호평 다수 (1건)
515978|961919,모래시계 뷔페 레스토랑,광주,서구,맛,1,0,0,맛 호평 다수 (1건)
515978|961919,모래시계 뷔페 레스토랑,광주,서구,신선도,1,0,0,신선도 호평 다수 (1건)
425145,모럽트나얻크메르,광주,광산구,신선도,1,0,0,신선도 호평 다수 (1건)
425146,모려담월곡점,광주,광산구,맛,1,0,0,맛 호평 다수 (1건)
0db34bfdb056,모리,전남,광양시,신선도,1,0,0,신선도 호평 다수 (1건)
184714,모리사코,광주,북구,맛,1,0,0,맛 호평 다수 (1건)
184714,모리사코,광주,북구,분위기,1,0,0,분위기 호평 다수 (1건)
425149,모리화,광주,서구,맛,1,0,0,맛 호평 다수 (1건)
425149,모리화,광주,서구,신선도,1,0,0,신선도 호평 다수 (1건)
184717,모링,광주,남구,맛,1,0,0,맛 호평 다수 (1건)
184717,모링,광주,남구,신선도,1,0,0,신선도 호평 다수 (1건)
184717,모링,광주,남구,분위기,1,0,0,분위기 호평 다수 (1건)
523213,모먼트,전남,광양시,맛,1,0,0,맛 호평 다수 (1건)
523213,모먼트,전남,광양시,분위기,1,0,0,분위기 호평 다수 (1건)
184720,모모101,광주,서구,맛,1,0,0,맛 호평 다수 (1건)
425154,모모닭강정 도산점,광주,광산구,맛,1,0,0,맛 호평 다수 (1건)
425154,모모닭강정 도산점,광주,광산구,신선도,1,0,0,신선도 호평 다수 (1건)
425154,모모닭강정 도산점,광주,광산구,분위기,1,0,0,분위기 호평 다수 (1건)
184724,모모스테이크 충장점,광주,동구,맛,1,0,0,맛 호평 다수 (1건)
184724,모모스테이크 충장점,광주,동구,가격,1,0,0,가격 호평 다수 (1건)
184728,모모코코,광주,동구,신선도,1,0,0,신선도 호평 다수 (1건)
184729,모미지,광주,서구,신선도,1,0,0,신선도 호평 다수 (1건)
522846|540343|896670,모밀25시,전남,화순군,신선도,1,0,0,신선도 호평 다수 (1건)
522846|540343|896670,모밀25시,전남,화순군,분위기,1,0,0,분위기 호평 다수 (1건)
184730,모밀맨 광주월산동,광주,남구,신선도,1,0,0,신선도 호평 다수 (1건)
24c35d4a67dc,모범식당,전남,여수시,맛,1,0,0,맛 호평 다수 (1건)
24c35d4a67dc,모범식당,전남,여수시,분위기,1,0,0,분위기 호평 다수 (1건)
184733,모서리식당,광주,서구,신선도,1,0,0,신선도 호평 다수 (1건)
425164,모소,광주,북구,맛,1,0,0,맛 호평 다수 (1건)
425168,모아매력한우명품관,광주,서구,맛,1,0,0,맛 호평 다수 (1건)
184739,모아순대국밥,광주,남구,신선도,1,0,0,신선도 호평 다수 (1건)
425170|879924,모아식육식당,광주,광산구,맛,1,0,0,맛 호평 다수 (1건)
425170|879924,모아식육식당,광주,광산구,서비스_친절도,1,0,0,서비스_친절도 호평 다수 (1건)
425170|879924,모아식육식당,광주,광산구,분위기,1,0,0,분위기 호평 다수 (1건)
425172,모아원조국밥,광주,동구,양,1,0,0,양 호평 다수 (1건)
9623,모아음식점,전남,목포시,서비스_친절도,1,0,0,서비스_친절도 호평 다수 (1건)
522241|896313,모아통닭,전남,진도군,분위기,1,0,0,분위기 호평 다수 (1건)
425180,모와분식식당,광주,광산구,맛,1,0,0,맛 호평 다수 (1건)
425180,모와분식식당,광주,광산구,신선도,1,0,0,신선도 호평 다수 (1건)
517496,모이핀,전남,여수시,맛,1,0,0,맛 호평 다수 (1건)
521820|896053,모자통닭,전남,장성군,맛,1,0,0,맛 호평 다수 (1건)
184754,모정,광주,광산구,신선도,1,0,0,신선도 호평 다수 (1건)
880568|88603,모정쌈밥,전남,순천시,맛,1,0,0,맛 호평 다수 (1건)
880568|88603,모정쌈밥,전남,순천시,신선도,1,0,0,신선도 호평 다수 (1건)
524188,모카,전남,강진군,신선도,1,0,0,신선도 호평 다수 (1건)
524188,모카,전남,강진군,서비스_친절도,1,0,0,서비스_친절도 호평 다수 (1건)
425186,모타모타,광주,북구,맛,1,0,0,맛 호평 다수 (1건)
425186,모타모타,광주,북구,신선도,1,0,0,신선도 호평 다수 (1건)
425188,모토이시 첨단점,광주,북구,맛,1,0,0,맛 호평 다수 (1건)
425188,모토이시 첨단점,광주,북구,접근성_웨이팅,1,0,0,접근성_웨이팅 호평 다수 (1건)
515691|880452,모토이시수완점,광주,광산구,서비스_친절도,1,0,0,서비스_친절도 호평 다수 (1건)
515691|880452,모토이시수완점,광주,광산구,분위기,1,0,0,분위기 호평 다수 (1건)
425191,모퉁이,광주,북구,분위기,1,0,0,분위기 호평 다수 (1건)
184762,모퉁이집,광주,북구,서비스_친절도,1,0,0,서비스_친절도 호평 다수 (1건)
184774,목동모밀 주월점,광주,남구,서비스_친절도,1,0,0,서비스_친절도 호평 다수 (1건)
425202,목동모밀,광주,북구,신선도,1,0,0,신선도 호평 다수 (1건)
425202,목동모밀,광주,북구,서비스_친절도,1,0,0,서비스_친절도 호평 다수 (1건)
425207,목로정,광주,서구,맛,1,0,0,맛 호평 다수 (1건)
425207,목로정,광주,서구,신선도,1,0,0,신선도 호평 다수 (1건)
425207,목로정,광주,서구,분위기,1,0,0,분위기 호평 다수 (1건)
521541,목섬가든,전남,완도군,신선도,1,0,0,신선도 호평 다수 (1건)
521541,목섬가든,전남,완도군,분위기,1,0,0,분위기 호평 다수 (1건)
425214,목우촌사골돼지국밥,광주,서구,신선도,1,0,0,신선도 호평 다수 (1건)
425214,목우촌사골돼지국밥,광주,서구,접근성_웨이팅,1,0,0,접근성_웨이팅 호평 다수 (1건)
519940,목원가든,전남,영암군,신선도,1,0,0,신선도 호평 다수 (1건)
184785,목탄계,광주,남구,맛,1,0,0,맛 호평 다수 (1건)
88675,목포 백경샤브샤브,전남,목포시,신선도,1,0,0,신선도 호평 다수 (1건)
425217,목포갯벌낙지,광주,서구,맛,1,0,0,맛 호평 다수 (1건)
425217,목포갯벌낙지,광주,서구,신선도,1,0,0,신선도 호평 다수 (1건)
364baaa52102,목포라면 홍어라면,전남,목포시,신선도,1,0,0,신선도 호평 다수 (1건)
9627,목포생갈비,전남,목포시,신선도,1,0,0,신선도 호평 다수 (1건)
9627,목포생갈비,전남,목포시,서비스_친절도,1,0,0,서비스_친절도 호평 다수 (1건)
184790,목포수제왕꽈배기 광주본점,광주,광산구,맛,1,0,0,맛 호평 다수 (1건)
184790,목포수제왕꽈배기 광주본점,광주,광산구,신선도,1,0,0,신선도 호평 다수 (1건)
184790,목포수제왕꽈배기 광주본점,광주,광산구,양,1,0,0,양 호평 다수 (1건)
26281a344144,목포시장닭집 본점,전남,목포시,신선도,1,0,0,신선도 호평 다수 (1건)
519086|895359,목포시장닭집,전남,무안군,위생_청결,1,0,0,위생_청결 호평 다수 (1건)
425219|879925,목포식당,광주,북구,신선도,1,0,0,신선도 호평 다수 (1건)
425219|879925,목포식당,광주,북구,분위기,1,0,0,분위기 호평 다수 (1건)
f32a61216c17,목포왕곱창 목포본점,전남,목포시,맛,1,0,0,맛 호평 다수 (1건)
f32a61216c17,목포왕곱창 목포본점,전남,목포시,신선도,1,0,0,신선도 호평 다수 (1건)
425221,목포왕꽈배기,광주,북구,신선도,1,0,0,신선도 호평 다수 (1건)
425222,목포촌닭한상,광주,북구,맛,1,0,0,맛 호평 다수 (1건)
425222,목포촌닭한상,광주,북구,신선도,1,0,0,신선도 호평 다수 (1건)
88670,목포탕탕이,전남,목포시,맛,1,0,0,맛 호평 다수 (1건)
88670,목포탕탕이,전남,목포시,신선도,1,0,0,신선도 호평 다수 (1건)
184793,목포피자공장 광주2호점,광주,서구,맛,1,0,0,맛 호평 다수 (1건)
184793,목포피자공장 광주2호점,광주,서구,신선도,1,0,0,신선도 호평 다수 (1건)
425225,목포피자공장 광주3호점,광주,광산구,맛,1,0,0,맛 호평 다수 (1건)
425225,목포피자공장 광주3호점,광주,광산구,신선도,1,0,0,신선도 호평 다수 (1건)
184794,목포피자공장 운암점,광주,북구,신선도,1,0,0,신선도 호평 다수 (1건)
184798,목화당,광주,북구,분위기,1,0,0,분위기 호평 다수 (1건)
425229,목화밭,광주,동구,맛,1,0,0,맛 호평 다수 (1건)
184800,목화장,광주,서구,맛,1,0,0,맛 호평 다수 (1건)
184800,목화장,광주,서구,접근성_웨이팅,1,0,0,접근성_웨이팅 호평 다수 (1건)
184801,몬도블루,광주,서구,맛,1,0,0,맛 호평 다수 (1건)
184801,몬도블루,광주,서구,분위기,1,0,0,분위기 호평 다수 (1건)
425232,몬드몬드,광주,동구,맛,1,0,0,맛 호평 다수 (1건)
428117,몬떡 문흥오치점,광주,북구,맛,1,0,0,맛 호평 다수 (1건)
428117,몬떡 문흥오치점,광주,북구,신선도,1,0,0,신선도 호평 다수 (1건)
428117,몬떡 문흥오치점,광주,북구,양,1,0,0,양 호평 다수 (1건)
425238,몸에좋은밥상,광주,북구,신선도,1,0,0,신선도 호평 다수 (1건)
523342|837146,못난이꽈배기 나주빛가람점,전남,나주시,맛,1,0,0,맛 호평 다수 (1건)
425240,못난이꽈배기 일곡점,광주,북구,맛,1,0,0,맛 호평 다수 (1건)
425240,못난이꽈배기 일곡점,광주,북구,가격,1,0,0,가격 호평 다수 (1건)
521649,못난이꽈배기 장성점,전남,장성군,가격,1,0,0,가격 호평 다수 (1건)
521649,못난이꽈배기 장성점,전남,장성군,서비스_친절도,1,0,0,서비스_친절도 호평 다수 (1건)
9629,못난이아구찜,전남,목포시,맛,0,1,0,맛 언급 (1건)
9629,못난이아구찜,전남,목포시,신선도,0,1,0,신선도 언급 (1건)
184812,못생긴,광주,광산구,맛,1,0,0,맛 호평 다수 (1건)
184812,못생긴,광주,광산구,신선도,1,0,0,신선도 호평 다수 (1건)
425245,못잊어손만두 광주점,광주,서구,맛,1,0,0,맛 호평 다수 (1건)
425245,못잊어손만두 광주점,광주,서구,접근성_웨이팅,1,0,0,접근성_웨이팅 호평 다수 (1건)
e0e7d8ea8fe3,몽그릭,전남,나주시,신선도,1,0,0,신선도 호평 다수 (1건)
184821,몽땅꼬마김밥 하남점,광주,광산구,맛,1,0,0,맛 호평 다수 (1건)
425252,몽땅꾸이꾸이,광주,서구,맛,1,0,0,맛 호평 다수 (1건)
184824,몽땅족발,광주,광산구,맛,1,0,0,맛 호평 다수 (1건)
519632|895751,몽떼monte,전남,영광군,맛,1,0,0,맛 호평 다수 (1건)
519632|895751,몽떼monte,전남,영광군,신선도,1,0,0,신선도 호평 다수 (1건)
184825,몽마르뜨,광주,남구,분위기,1,0,0,분위기 호평 다수 (1건)
425261,몽실이네 식당,광주,광산구,신선도,1,0,0,신선도 호평 다수 (1건)
425261,몽실이네 식당,광주,광산구,서비스_친절도,1,0,0,서비스_친절도 호평 다수 (1건)
425263,몽이의주방 수완점,광주,광산구,맛,1,0,0,맛 호평 다수 (1건)
425263,몽이의주방 수완점,광주,광산구,신선도,1,0,0,신선도 호평 다수 (1건)
184835,몽크,광주,북구,신선도,1,0,0,신선도 호평 다수 (1건)
184835,몽크,광주,북구,분위기,1,0,0,분위기 호평 다수 (1건)
184836,몽키68,광주,서구,신선도,1,0,0,신선도 호평 다수 (1건)
517406,몽프레,전남,순천시,서비스_친절도,1,0,0,서비스_친절도 호평 다수 (1건)
517406,몽프레,전남,순천시,분위기,1,0,0,분위기 호평 다수 (1건)
501153,무공돈까스 광주남구청점,광주,남구,가격,1,0,0,가격 호평 다수 (1건)
425271,무공돈까스 광주첨단지구점,광주,북구,맛,1,0,0,맛 호평 다수 (1건)
425271,무공돈까스 광주첨단지구점,광주,북구,가격,1,0,0,가격 호평 다수 (1건)
425271,무공돈까스 광주첨단지구점,광주,북구,양,1,0,0,양 호평 다수 (1건)
425271,무공돈까스 광주첨단지구점,광주,북구,위생_청결,1,0,0,위생_청결 호평 다수 (1건)
425271,무공돈까스 광주첨단지구점,광주,북구,분위기,1,0,0,분위기 호평 다수 (1건)
425274,무궁화정,광주,북구,분위기,1,0,0,분위기 호평 다수 (1건)
516358,무난,광주,서구,접근성_웨이팅,0,1,0,접근성_웨이팅 언급 (1건)
425277,무대포장어,광주,북구,가격,1,0,0,가격 호평 다수 (1건)
425277,무대포장어,광주,북구,서비스_친절도,1,0,0,서비스_친절도 호평 다수 (1건)
425278,무돌주막,광주,북구,맛,1,0,0,맛 호평 다수 (1건)
425278,무돌주막,광주,북구,신선도,1,0,0,신선도 호평 다수 (1건)
425279|516012|961944,무두 첨단점,광주,광산구,맛,1,0,0,맛 호평 다수 (1건)
425279|516012|961944,무두 첨단점,광주,광산구,신선도,1,0,0,신선도 호평 다수 (1건)
184851,무드윤,광주,서구,맛,1,0,0,맛 호평 다수 (1건)
184851,무드윤,광주,서구,분위기,1,0,0,분위기 호평 다수 (1건)
425282,무드장,광주,남구,맛,1,0,0,맛 호평 다수 (1건)
425282,무드장,광주,남구,양,1,0,0,양 호평 다수 (1건)
425282,무드장,광주,남구,분위기,1,0,0,분위기 호평 다수 (1건)
425282,무드장,광주,남구,재방문의사,1,0,0,재방문의사 호평 다수 (1건)
425284,무들목장,광주,북구,맛,1,0,0,맛 호평 다수 (1건)
425284,무들목장,광주,북구,신선도,1,0,0,신선도 호평 다수 (1건)
425284,무들목장,광주,북구,분위기,1,0,0,분위기 호평 다수 (1건)
429623,무등갈비,광주,북구,접근성_웨이팅,1,0,0,접근성_웨이팅 호평 다수 (1건)
425287,무등골,광주,동구,신선도,1,0,0,신선도 호평 다수 (1건)
425289,무등골곰탕,광주,동구,맛,1,0,0,맛 호평 다수 (1건)
425290,무등골금호식당,광주,북구,맛,1,0,0,맛 호평 다수 (1건)
425290,무등골금호식당,광주,북구,분위기,1,0,0,분위기 호평 다수 (1건)
519794|895782,무등골식육식당,전남,영광군,맛,1,0,0,맛 호평 다수 (1건)
519794|895782,무등골식육식당,전남,영광군,신선도,1,0,0,신선도 호평 다수 (1건)
519794|895782,무등골식육식당,전남,영광군,분위기,1,0,0,분위기 호평 다수 (1건)
425293,무등골장어구이,광주,북구,신선도,1,0,0,신선도 호평 다수 (1건)
425299,무등국밥,광주,북구,맛,1,0,0,맛 호평 다수 (1건)
425299,무등국밥,광주,북구,신선도,1,0,0,신선도 호평 다수 (1건)
425305,무등반점,광주,서구,신선도,1,0,0,신선도 호평 다수 (1건)
425325,무등산 초밥한정식,광주,동구,서비스_친절도,1,0,0,서비스_친절도 호평 다수 (1건)
88794,무등산가자,광주,북구,접근성_웨이팅,1,0,0,접근성_웨이팅 호평 다수 (1건)
425312,무등산국밥,광주,동구,맛,1,0,0,맛 호평 다수 (1건)
425312,무등산국밥,광주,동구,신선도,1,0,0,신선도 호평 다수 (1건)
425312,무등산국밥,광주,동구,분위기,1,0,0,분위기 호평 다수 (1건)
425313,무등산꼼장어,광주,북구,신선도,1,0,0,신선도 호평 다수 (1건)
425313,무등산꼼장어,광주,북구,서비스_친절도,1,0,0,서비스_친절도 호평 다수 (1건)
425314,무등산닭불고기 풍암본점,광주,서구,맛,1,0,0,맛 호평 다수 (1건)
425314,무등산닭불고기 풍암본점,광주,서구,접근성_웨이팅,1,0,0,접근성_웨이팅 호평 다수 (1건)
425316,무등산명품민물장어,광주,남구,신선도,1,0,0,신선도 호평 다수 (1건)
425317,무등산민속촌,광주,동구,맛,1,0,0,맛 호평 다수 (1건)
425317,무등산민속촌,광주,동구,신선도,1,0,0,신선도 호평 다수 (1건)
425318,무등산버섯,광주,동구,분위기,1,0,0,분위기 호평 다수 (1건)
425322,무등산세꼬시,광주,남구,맛,1,0,0,맛 호평 다수 (1건)
425322,무등산세꼬시,광주,남구,신선도,1,0,0,신선도 호평 다수 (1건)
425323,무등산왕구이막걸리,광주,광산구,맛,1,0,0,맛 호평 다수 (1건)
425328,무등산호랭이,광주,동구,분위기,1,0,0,분위기 호평 다수 (1건)
515753|961725,무등수산 수산물직거래장터,광주,남구,맛,1,0,0,맛 호평 다수 (1건)
515753|961725,무등수산 수산물직거래장터,광주,남구,신선도,1,0,0,신선도 호평 다수 (1건)
425333,무등식당,광주,북구,맛,1,0,0,맛 호평 다수 (1건)
425334,무등식육식당,광주,광산구,분위기,1,0,0,분위기 호평 다수 (1건)
425337,무등왕김밥,광주,광산구,신선도,1,0,0,신선도 호평 다수 (1건)
184911,무등왕돈까스 수완점,광주,광산구,서비스_친절도,1,0,0,서비스_친절도 호평 다수 (1건)
425338,무등왕돈까스,광주,서구,신선도,1,0,0,신선도 호평 다수 (1건)
425338,무등왕돈까스,광주,서구,가격,1,0,0,가격 호평 다수 (1건)
425338,무등왕돈까스,광주,서구,양,1,0,0,양 호평 다수 (1건)
425340,무등외식산업,광주,남구,맛,1,0,0,맛 호평 다수 (1건)
425341,무등정식육식당,광주,서구,맛,1,0,0,맛 호평 다수 (1건)
425341,무등정식육식당,광주,서구,분위기,1,0,0,분위기 호평 다수 (1건)
184914,무등죽 광주학동,광주,동구,분위기,1,0,0,분위기 호평 다수 (1건)
425343,무등추어탕,광주,남구,맛,1,0,0,맛 호평 다수 (1건)
425343,무등추어탕,광주,남구,신선도,1,0,0,신선도 호평 다수 (1건)
425345,무등콩물,광주,북구,신선도,1,0,0,신선도 호평 다수 (1건)
425346,무등콩물국수 지산점,광주,동구,신선도,1,0,0,신선도 호평 다수 (1건)
425347,무등통닭포차,광주,남구,맛,1,0,0,맛 호평 다수 (1건)
425347,무등통닭포차,광주,남구,분위기,1,0,0,분위기 호평 다수 (1건)
425348,무등튀김,광주,남구,맛,1,0,0,맛 호평 다수 (1건)
425348,무등튀김,광주,남구,분위기,1,0,0,분위기 호평 다수 (1건)
425349|879931,무등팥죽,광주,서구,맛,1,0,0,맛 호평 다수 (1건)
425349|879931,무등팥죽,광주,서구,신선도,1,0,0,신선도 호평 다수 (1건)
425353,무등하우스,광주,북구,맛,1,0,0,맛 호평 다수 (1건)
425353,무등하우스,광주,북구,신선도,1,0,0,신선도 호평 다수 (1건)
425356,무등회관,광주,서구,맛,1,0,0,맛 호평 다수 (1건)
425356,무등회관,광주,서구,신선도,1,0,0,신선도 호평 다수 (1건)
515763,무등회수산 본점,광주,남구,신선도,1,0,0,신선도 호평 다수 (1건)
425358,무림주막,광주,광산구,맛,1,0,0,맛 호평 다수 (1건)
425358,무림주막,광주,광산구,분위기,1,0,0,분위기 호평 다수 (1건)
425359,무명상회,광주,서구,맛,1,0,0,맛 호평 다수 (1건)
425359,무명상회,광주,서구,신선도,1,0,0,신선도 호평 다수 (1건)
425359,무명상회,광주,서구,가격,1,0,0,가격 호평 다수 (1건)
425362,무모한초밥 봉선점,광주,남구,신선도,1,0,0,신선도 호평 다수 (1건)
425362,무모한초밥 봉선점,광주,남구,가격,1,0,0,가격 호평 다수 (1건)
425362,무모한초밥 봉선점,광주,남구,서비스_친절도,1,0,0,서비스_친절도 호평 다수 (1건)
00932368ddb7,무모한초밥 빛가람점,전남,나주시,신선도,1,0,0,신선도 호평 다수 (1건)
425363,무모한초밥 용봉점,광주,북구,신선도,1,0,0,신선도 호평 다수 (1건)
425363,무모한초밥 용봉점,광주,북구,가격,1,0,0,가격 호평 다수 (1건)
425363,무모한초밥 용봉점,광주,북구,접근성_웨이팅,1,0,0,접근성_웨이팅 호평 다수 (1건)
425361|879933,무모한초밥 화정점,광주,서구,양,0,0,1,양 불만 존재 (1건)
425364,무봉리토종순대국 광주하남점,광주,광산구,맛,1,0,0,맛 호평 다수 (1건)
425364,무봉리토종순대국 광주하남점,광주,광산구,신선도,1,0,0,신선도 호평 다수 (1건)
425365,무봉리토종순대국 조선대점,광주,동구,신선도,1,0,0,신선도 호평 다수 (1건)
517522,무수희,전남,여수시,접근성_웨이팅,1,0,0,접근성_웨이팅 호평 다수 (1건)
519048|895329,무안가을뻘낙지,전남,무안군,접근성_웨이팅,1,0,0,접근성_웨이팅 호평 다수 (1건)
518989|895285,무안갯벌낙지직판장,전남,무안군,신선도,1,0,0,신선도 호평 다수 (1건)
518989|895285,무안갯벌낙지직판장,전남,무안군,서비스_친절도,1,0,0,서비스_친절도 호평 다수 (1건)
519088|895361,무안돌솥밥설렁탕,전남,무안군,신선도,1,0,0,신선도 호평 다수 (1건)
425370,무안뻘낙지,광주,광산구,맛,1,0,0,맛 호평 다수 (1건)
425370,무안뻘낙지,광주,광산구,신선도,1,0,0,신선도 호평 다수 (1건)
425371,무안뻘낙지전문점,광주,북구,맛,1,0,0,맛 호평 다수 (1건)
425371,무안뻘낙지전문점,광주,북구,신선도,1,0,0,신선도 호평 다수 (1건)
425372,무안수산,광주,광산구,신선도,1,0,0,신선도 호평 다수 (1건)
425372,무안수산,광주,광산구,분위기,1,0,0,분위기 호평 다수 (1건)
e432f2acbb74,무안팥죽집,전남,무안군,맛,1,0,0,맛 호평 다수 (1건)
e432f2acbb74,무안팥죽집,전남,무안군,신선도,1,0,0,신선도 호평 다수 (1건)
e432f2acbb74,무안팥죽집,전남,무안군,서비스_친절도,1,0,0,서비스_친절도 호평 다수 (1건)
e432f2acbb74,무안팥죽집,전남,무안군,분위기,1,0,0,분위기 호평 다수 (1건)
425378,무전여행,광주,북구,맛,1,0,0,맛 호평 다수 (1건)
425378,무전여행,광주,북구,분위기,1,0,0,분위기 호평 다수 (1건)
184956,무지개식당,광주,서구,위생_청결,1,0,0,위생_청결 호평 다수 (1건)
184956,무지개식당,광주,서구,분위기,1,0,0,분위기 호평 다수 (1건)
425382,무진삼겹살,광주,북구,맛,1,0,0,맛 호평 다수 (1건)
425382,무진삼겹살,광주,북구,신선도,1,0,0,신선도 호평 다수 (1건)
425386,무진장국밥,광주,광산구,맛,1,0,0,맛 호평 다수 (1건)
56830,무진장식육꼬리곰탕,전남,목포시,맛,1,0,0,맛 호평 다수 (1건)
56830,무진장식육꼬리곰탕,전남,목포시,신선도,1,0,0,신선도 호평 다수 (1건)
425384,무진장해물탕 광주본점,광주,광산구,신선도,1,0,0,신선도 호평 다수 (1건)
425384,무진장해물탕 광주본점,광주,광산구,가격,1,0,0,가격 호평 다수 (1건)
425384,무진장해물탕 광주본점,광주,광산구,양,1,0,0,양 호평 다수 (1건)
425384,무진장해물탕 광주본점,광주,광산구,분위기,1,0,0,분위기 호평 다수 (1건)
425391,무쳐볶아,광주,광산구,맛,1,0,0,맛 호평 다수 (1건)
425391,무쳐볶아,광주,광산구,분위기,1,0,0,분위기 호평 다수 (1건)
425395,무키무키 동명점,광주,동구,맛,1,0,0,맛 호평 다수 (1건)
425395,무키무키 동명점,광주,동구,분위기,1,0,0,분위기 호평 다수 (1건)
425396,무한도전맛집,광주,북구,신선도,1,0,0,신선도 호평 다수 (1건)
425397,무한리필대패삼겹살,광주,북구,양,1,0,0,양 호평 다수 (1건)
425397,무한리필대패삼겹살,광주,북구,위생_청결,1,0,0,위생_청결 호평 다수 (1건)
425398,무한사랑김치찌개 용봉점,광주,북구,신선도,1,0,0,신선도 호평 다수 (1건)
425399|653243,무한식당,광주,서구,신선도,1,0,0,신선도 호평 다수 (1건)
425402,무한지대,광주,광산구,맛,1,0,0,맛 호평 다수 (1건)
522926,무해,전남,화순군,신선도,1,0,0,신선도 호평 다수 (1건)
518703,무화과나무,전남,담양군,신선도,1,0,0,신선도 호평 다수 (1건)
520082,무화과식당,전남,영암군,맛,1,0,0,맛 호평 다수 (1건)
520082,무화과식당,전남,영암군,신선도,1,0,0,신선도 호평 다수 (1건)
184978,묵소 첨단점 무한리필전문점,광주,광산구,신선도,1,0,0,신선도 호평 다수 (1건)
184978,묵소 첨단점 무한리필전문점,광주,광산구,가격,1,0,0,가격 호평 다수 (1건)
184978,묵소 첨단점 무한리필전문점,광주,광산구,양,1,0,0,양 호평 다수 (1건)
184978,묵소 첨단점 무한리필전문점,광주,광산구,서비스_친절도,1,0,0,서비스_친절도 호평 다수 (1건)
184980,묵은지와 생삼겹살이 만났을때,광주,광산구,서비스_친절도,1,0,0,서비스_친절도 호평 다수 (1건)
425406,묵은집,광주,동구,신선도,1,0,0,신선도 호평 다수 (1건)
518946|895252,문가네양조장,전남,무안군,서비스_친절도,1,0,0,서비스_친절도 호평 다수 (1건)
522533,문가든,전남,해남군,신선도,1,0,0,신선도 호평 다수 (1건)
184988,문글로우,광주,동구,맛,1,0,0,맛 호평 다수 (1건)
184988,문글로우,광주,동구,양,1,0,0,양 호평 다수 (1건)
425415,문동치킨,광주,남구,맛,1,0,0,맛 호평 다수 (1건)
425415,문동치킨,광주,남구,위생_청결,1,0,0,위생_청결 호평 다수 (1건)
425415,문동치킨,광주,남구,서비스_친절도,1,0,0,서비스_친절도 호평 다수 (1건)
184992,문리버,광주,남구,맛,1,0,0,맛 호평 다수 (1건)
184992,문리버,광주,남구,분위기,1,0,0,분위기 호평 다수 (1건)
184993,문산골식육식,광주,북구,맛,1,0,0,맛 호평 다수 (1건)
184993,문산골식육식,광주,북구,신선도,1,0,0,신선도 호평 다수 (1건)
425419,문산곰탕,광주,북구,맛,1,0,0,맛 호평 다수 (1건)
425419,문산곰탕,광주,북구,신선도,1,0,0,신선도 호평 다수 (1건)
425419,문산곰탕,광주,북구,양,1,0,0,양 호평 다수 (1건)
425422,문식당 하루끼니,광주,남구,가격,1,0,0,가격 호평 다수 (1건)
425422,문식당 하루끼니,광주,남구,서비스_친절도,1,0,0,서비스_친절도 호평 다수 (1건)
425425,문예식당,광주,북구,맛,1,0,0,맛 호평 다수 (1건)
517620,문자네통장어,전남,여수시,맛,1,0,0,맛 호평 다수 (1건)
517620,문자네통장어,전남,여수시,신선도,1,0,0,신선도 호평 다수 (1건)
185002,문지현쭈꾸미볶음 광주본점,광주,광산구,신선도,1,0,0,신선도 호평 다수 (1건)
521553|895877,문화식당,전남,완도군,서비스_친절도,1,0,0,서비스_친절도 호평 다수 (1건)
500599,문화식품,광주,동구,맛,1,0,0,맛 호평 다수 (1건)
500599,문화식품,광주,동구,분위기,1,0,0,분위기 호평 다수 (1건)
425431,문화없는도시,광주,동구,분위기,1,0,0,분위기 호평 다수 (1건)
522231,문화회타운,전남,진도군,접근성_웨이팅,1,0,0,접근성_웨이팅 호평 다수 (1건)
425433,문흥골,광주,북구,분위기,1,0,0,분위기 호평 다수 (1건)
425434,문흥골수림전집,광주,북구,맛,1,0,0,맛 호평 다수 (1건)
188610|428992,문흥수초밥,광주,북구,맛,1,0,0,맛 호평 다수 (1건)
188610|428992,문흥수초밥,광주,북구,신선도,1,0,0,신선도 호평 다수 (1건)
522073,물고기들의숲,전남,장흥군,맛,1,0,0,맛 호평 다수 (1건)
522073,물고기들의숲,전남,장흥군,신선도,1,0,0,신선도 호평 다수 (1건)
522073,물고기들의숲,전남,장흥군,분위기,1,0,0,분위기 호평 다수 (1건)
425442,물레방아보리밥,광주,동구,신선도,1,0,0,신선도 호평 다수 (1건)
425443|961545,물레방아소주방,광주,동구,맛,1,0,0,맛 호평 다수 (1건)
425443|961545,물레방아소주방,광주,동구,분위기,1,0,0,분위기 호평 다수 (1건)
522450|896420,물레식당,전남,함평군,맛,1,0,0,맛 호평 다수 (1건)
522450|896420,물레식당,전남,함평군,신선도,1,0,0,신선도 호평 다수 (1건)
522450|896420,물레식당,전남,함평군,분위기,1,0,0,분위기 호평 다수 (1건)
522450|896420,물레식당,전남,함평군,접근성_웨이팅,1,0,0,접근성_웨이팅 호평 다수 (1건)
425444,물만난민물장어,광주,광산구,신선도,1,0,0,신선도 호평 다수 (1건)
425444,물만난민물장어,광주,광산구,위생_청결,1,0,0,위생_청결 호평 다수 (1건)
186715,물만난불고기,광주,북구,맛,1,0,0,맛 호평 다수 (1건)
186715,물만난불고기,광주,북구,분위기,1,0,0,분위기 호평 다수 (1건)
56833,물망초설렁탕전문업소,전남,여수시,맛,1,0,0,맛 호평 다수 (1건)
425446,물오름바지락칼국수,광주,서구,서비스_친절도,1,0,0,서비스_친절도 호평 다수 (1건)
425451,물첨벙아구찜,광주,서구,맛,1,0,0,맛 호평 다수 (1건)
425451,물첨벙아구찜,광주,서구,신선도,1,0,0,신선도 호평 다수 (1건)
185027,물텀벙아구찜,광주,남구,신선도,1,0,0,신선도 호평 다수 (1건)
521984,뭐 머글래,전남,장흥군,맛,1,0,0,맛 호평 다수 (1건)
521984,뭐 머글래,전남,장흥군,위생_청결,1,0,0,위생_청결 호평 다수 (1건)
425458|879591|879937,뭘망설여,광주,북구,신선도,1,0,0,신선도 호평 다수 (1건)
425458|879591|879937,뭘망설여,광주,북구,서비스_친절도,1,0,0,서비스_친절도 호평 다수 (1건)
425458|879591|879937,뭘망설여,광주,북구,분위기,1,0,0,분위기 호평 다수 (1건)
185036,뮤,광주,북구,서비스_친절도,1,0,0,서비스_친절도 호평 다수 (1건)
185036,뮤,광주,북구,분위기,1,0,0,분위기 호평 다수 (1건)
425462,뮤즈BAR,광주,서구,맛,1,0,0,맛 호평 다수 (1건)
425462,뮤즈BAR,광주,서구,분위기,1,0,0,분위기 호평 다수 (1건)
522491|896440,미가1번지,전남,함평군,신선도,1,0,0,신선도 호평 다수 (1건)
522491|896440,미가1번지,전남,함평군,분위기,1,0,0,분위기 호평 다수 (1건)
425472,미가,광주,남구,맛,1,0,0,맛 호평 다수 (1건)
425472,미가,광주,남구,신선도,1,0,0,신선도 호평 다수 (1건)
425470,미가계절횟집,광주,북구,맛,1,0,0,맛 호평 다수 (1건)
425470,미가계절횟집,광주,북구,신선도,1,0,0,신선도 호평 다수 (1건)
425474,미가도,광주,광산구,신선도,1,0,0,신선도 호평 다수 (1건)
425474,미가도,광주,광산구,서비스_친절도,1,0,0,서비스_친절도 호평 다수 (1건)
425475,미가람,광주,북구,맛,1,0,0,맛 호평 다수 (1건)
425475,미가람,광주,북구,신선도,1,0,0,신선도 호평 다수 (1건)
425476,미가솥단지,광주,동구,신선도,1,0,0,신선도 호평 다수 (1건)
425476,미가솥단지,광주,동구,접근성_웨이팅,1,0,0,접근성_웨이팅 호평 다수 (1건)
425477,미가왕족발,광주,북구,신선도,1,0,0,신선도 호평 다수 (1건)
425478,미가족발,광주,북구,맛,1,0,0,맛 호평 다수 (1건)
425480,미강식당,광주,남구,분위기,1,0,0,분위기 호평 다수 (1건)
425480,미강식당,광주,남구,접근성_웨이팅,1,0,0,접근성_웨이팅 호평 다수 (1건)
520979,미경이네,전남,장성군,신선도,1,0,0,신선도 호평 다수 (1건)
425482,미광,광주,서구,맛,1,0,0,맛 호평 다수 (1건)
425482,미광,광주,서구,분위기,1,0,0,분위기 호평 다수 (1건)
185058,미그릭,광주,남구,맛,1,0,0,맛 호평 다수 (1건)
185061,미꼬투리,광주,북구,맛,1,0,0,맛 호평 다수 (1건)
185061,미꼬투리,광주,북구,분위기,1,0,0,분위기 호평 다수 (1건)
425487,미꾸락 본점,광주,북구,서비스_친절도,1,0,0,서비스_친절도 호평 다수 (1건)
425487,미꾸락 본점,광주,북구,분위기,1,0,0,분위기 호평 다수 (1건)
425489,미꾸랑메기,광주,서구,서비스_친절도,1,0,0,서비스_친절도 호평 다수 (1건)
425489,미꾸랑메기,광주,서구,분위기,1,0,0,분위기 호평 다수 (1건)
425490,미꾸미꾸,광주,북구,맛,1,0,0,맛 호평 다수 (1건)
425490,미꾸미꾸,광주,북구,신선도,1,0,0,신선도 호평 다수 (1건)
425491,미나리,광주,광산구,맛,1,0,0,맛 호평 다수 (1건)
425491,미나리,광주,광산구,신선도,1,0,0,신선도 호평 다수 (1건)
425492,미네랄풍천장어명가,광주,광산구,맛,1,0,0,맛 호평 다수 (1건)
425492,미네랄풍천장어명가,광주,광산구,신선도,1,0,0,신선도 호평 다수 (1건)
425496,미노미세,광주,서구,분위기,1,0,0,분위기 호평 다수 (1건)
425497,미노치킨,광주,광산구,맛,1,0,0,맛 호평 다수 (1건)
425497,미노치킨,광주,광산구,신선도,1,0,0,신선도 호평 다수 (1건)
425498,미니밀,광주,동구,신선도,1,0,0,신선도 호평 다수 (1건)
425498,미니밀,광주,동구,위생_청결,1,0,0,위생_청결 호평 다수 (1건)
185113,미니콘서트,광주,북구,분위기,1,0,0,분위기 호평 다수 (1건)
425540,미니통닭&포차 운암점,광주,북구,맛,1,0,0,맛 호평 다수 (1건)
185114,미니통닭&포차,광주,광산구,맛,1,0,0,맛 호평 다수 (1건)
185114,미니통닭&포차,광주,광산구,분위기,1,0,0,분위기 호평 다수 (1건)
519814,미담 추어탕,전남,영광군,맛,1,0,0,맛 호평 다수 (1건)
519814,미담 추어탕,전남,영광군,신선도,1,0,0,신선도 호평 다수 (1건)
519814,미담 추어탕,전남,영광군,서비스_친절도,1,0,0,서비스_친절도 호평 다수 (1건)
185119,미담,광주,광산구,맛,1,0,0,맛 호평 다수 (1건)
185119,미담,광주,광산구,분위기,1,0,0,분위기 호평 다수 (1건)
185123,미담상회,광주,동구,신선도,1,0,0,신선도 호평 다수 (1건)
425549,미담정,광주,북구,신선도,1,0,0,신선도 호평 다수 (1건)
425549,미담정,광주,북구,분위기,1,0,0,분위기 호평 다수 (1건)
519961,미도반점,전남,영암군,신선도,1,0,0,신선도 호평 다수 (1건)
425550,미도인 충장로,광주,동구,맛,1,0,0,맛 호평 다수 (1건)
425551|89090,미도참치,광주,남구,가격,1,0,0,가격 호평 다수 (1건)
425551|89090,미도참치,광주,남구,양,1,0,0,양 호평 다수 (1건)
185128,미드픽 운천점,광주,서구,맛,1,0,0,맛 호평 다수 (1건)
425554|515671|880436,미드픽 첨단점,광주,광산구,맛,1,0,0,맛 호평 다수 (1건)
425554|515671|880436,미드픽 첨단점,광주,광산구,분위기,1,0,0,분위기 호평 다수 (1건)
425560,미락,광주,동구,분위기,1,0,0,분위기 호평 다수 (1건)
520033,미락가든,전남,영암군,맛,1,0,0,맛 호평 다수 (1건)
425568,미래연,광주,서구,맛,1,0,0,맛 호평 다수 (1건)
425568,미래연,광주,서구,신선도,1,0,0,신선도 호평 다수 (1건)
425570,미래향 참숯 양꼬치,광주,광산구,분위기,1,0,0,분위기 호평 다수 (1건)
425571,미로,광주,동구,맛,1,0,0,맛 호평 다수 (1건)
425571,미로,광주,동구,분위기,1,0,0,분위기 호평 다수 (1건)
520245,미로식당,전남,완도군,신선도,1,0,0,신선도 호평 다수 (1건)
836837|89128|880574,미로횟집,전남,여수시,신선도,1,0,0,신선도 호평 다수 (1건)
185155,미림아구찜 광주월산동,광주,남구,신선도,1,0,0,신선도 호평 다수 (1건)
425581,미메이,광주,동구,맛,1,0,0,맛 호평 다수 (1건)
425581,미메이,광주,동구,신선도,1,0,0,신선도 호평 다수 (1건)
518174,미미,전남,고흥군,분위기,1,0,0,분위기 호평 다수 (1건)
425584,미미가 양꼬치 & 마라탕,광주,광산구,서비스_친절도,1,0,0,서비스_친절도 호평 다수 (1건)
425584,미미가 양꼬치 & 마라탕,광주,광산구,분위기,1,0,0,분위기 호평 다수 (1건)
425584,미미가 양꼬치 & 마라탕,광주,광산구,접근성_웨이팅,1,0,0,접근성_웨이팅 호평 다수 (1건)
425584,미미가양꼬치 & 마라탕,광주,광산구,맛,1,0,0,맛 호평 다수 (1건)
425584,미미가양꼬치 & 마라탕,광주,광산구,서비스_친절도,1,0,0,서비스_친절도 호평 다수 (1건)
425584,미미가양꼬치 & 마라탕,광주,광산구,분위기,1,0,0,분위기 호평 다수 (1건)
425584,미미가양꼬치 & 마라탕,광주,광산구,접근성_웨이팅,1,0,0,접근성_웨이팅 호평 다수 (1건)
425584,미미가양꼬치 & 마라탕,광주,광산구,재방문의사,1,0,0,재방문의사 호평 다수 (1건)
523550,미미가토,전남,목포시,맛,1,0,0,맛 호평 다수 (1건)
185161,미미고찹쌀꽈배기 광주신창점,광주,광산구,맛,1,0,0,맛 호평 다수 (1건)
425586,미미닭강정,광주,광산구,신선도,0,1,0,신선도 언급 (1건)
425590,미미당906,광주,북구,서비스_친절도,1,0,0,서비스_친절도 호평 다수 (1건)
425590,미미당906,광주,북구,분위기,1,0,0,분위기 호평 다수 (1건)
425592,미미락 본점,광주,북구,맛,1,0,0,맛 호평 다수 (1건)
425592,미미락 본점,광주,북구,신선도,1,0,0,신선도 호평 다수 (1건)
425592,미미락 본점,광주,북구,분위기,1,0,0,분위기 호평 다수 (1건)
185169,미미락,광주,광산구,서비스_친절도,1,0,0,서비스_친절도 호평 다수 (1건)
425595,미미마라탕,광주,서구,맛,1,0,0,맛 호평 다수 (1건)
425595,미미마라탕,광주,서구,신선도,1,0,0,신선도 호평 다수 (1건)
425596,미미상회,광주,동구,맛,1,0,0,맛 호평 다수 (1건)
425596,미미상회,광주,동구,신선도,1,0,0,신선도 호평 다수 (1건)
425596,미미상회,광주,동구,서비스_친절도,1,0,0,서비스_친절도 호평 다수 (1건)
425596,미미상회,광주,동구,분위기,1,0,0,분위기 호평 다수 (1건)
d0b857d9a494,미미정,전남,광양시,분위기,1,0,0,분위기 호평 다수 (1건)
425600,미미찬팅 운암점,광주,북구,맛,1,0,0,맛 호평 다수 (1건)
185178,미미참치 수완점,광주,광산구,맛,1,0,0,맛 호평 다수 (1건)
185178,미미참치 수완점,광주,광산구,신선도,1,0,0,신선도 호평 다수 (1건)
425605,미본초밥,광주,북구,신선도,1,0,0,신선도 호평 다수 (1건)
425608,미사리,광주,남구,맛,1,0,0,맛 호평 다수 (1건)
425608,미사리,광주,남구,분위기,1,0,0,분위기 호평 다수 (1건)
425610,미성식당,광주,북구,신선도,1,0,0,신선도 호평 다수 (1건)
425611,미성오리시대,광주,북구,맛,1,0,0,맛 호평 다수 (1건)
425612,미성팥죽,광주,북구,맛,1,0,0,맛 호평 다수 (1건)
425612,미성팥죽,광주,북구,신선도,1,0,0,신선도 호평 다수 (1건)
425612,미성팥죽,광주,북구,서비스_친절도,1,0,0,서비스_친절도 호평 다수 (1건)
516085,미세스베이글,광주,광산구,맛,1,0,0,맛 호평 다수 (1건)
516085,미세스베이글,광주,광산구,신선도,1,0,0,신선도 호평 다수 (1건)
523824|836349,미세스장,전남,순천시,맛,1,0,0,맛 호평 다수 (1건)
523824|836349,미세스장,전남,순천시,분위기,1,0,0,분위기 호평 다수 (1건)
425614,미소,광주,광산구,분위기,1,0,0,분위기 호평 다수 (1건)
425617,미소김밥,광주,서구,맛,1,0,0,맛 호평 다수 (1건)
425617,미소김밥,광주,서구,신선도,1,0,0,신선도 호평 다수 (1건)
185195,미소담은소 광주본점,광주,광산구,맛,1,0,0,맛 호평 다수 (1건)
185195,미소담은소 광주본점,광주,광산구,신선도,1,0,0,신선도 호평 다수 (1건)
185195,미소담은소 광주본점,광주,광산구,서비스_친절도,1,0,0,서비스_친절도 호평 다수 (1건)
425623,미소소주방,광주,동구,신선도,1,0,0,신선도 호평 다수 (1건)
185200,미소야 광주푸드코트1호점,광주,서구,맛,1,0,0,맛 호평 다수 (1건)
185200,미소야 광주푸드코트1호점,광주,서구,신선도,1,0,0,신선도 호평 다수 (1건)
425626,미소정,광주,광산구,맛,1,0,0,맛 호평 다수 (1건)
425627,미소주방,광주,남구,맛,1,0,0,맛 호평 다수 (1건)
185206,미소푸드,광주,광산구,신선도,1,0,0,신선도 호평 다수 (1건)
185206,미소푸드,광주,광산구,서비스_친절도,1,0,0,서비스_친절도 호평 다수 (1건)
425633,미소향 망개떡,광주,광산구,서비스_친절도,1,0,0,서비스_친절도 호평 다수 (1건)
425636,미송가,광주,북구,맛,1,0,0,맛 호평 다수 (1건)
425636,미송가,광주,북구,신선도,1,0,0,신선도 호평 다수 (1건)
425636,미송가,광주,북구,가격,1,0,0,가격 호평 다수 (1건)
425637,미송꽃게장,광주,북구,신선도,1,0,0,신선도 호평 다수 (1건)
519150|895409,미숙씨해장국,전남,무안군,신선도,1,0,0,신선도 호평 다수 (1건)
185217,미술관,광주,서구,맛,1,0,0,맛 호평 다수 (1건)
524204,미술관아래,전남,영암군,분위기,1,0,0,분위기 호평 다수 (1건)
425645|961607,미스김 첨단점,광주,광산구,서비스_친절도,1,0,0,서비스_친절도 호평 다수 (1건)
425644,미스김꼬마김밥,광주,북구,맛,1,0,0,맛 호평 다수 (1건)
425644,미스김꼬마김밥,광주,북구,신선도,1,0,0,신선도 호평 다수 (1건)
523478|837255,미스봉카롱,전남,나주시,맛,1,0,0,맛 호평 다수 (1건)
523478|837255,미스봉카롱,전남,나주시,서비스_친절도,1,0,0,서비스_친절도 호평 다수 (1건)
523478|837255,미스봉카롱,전남,나주시,분위기,1,0,0,분위기 호평 다수 (1건)
425654,미스사이공 농성점,광주,서구,맛,1,0,0,맛 호평 다수 (1건)
425654,미스사이공 농성점,광주,서구,신선도,1,0,0,신선도 호평 다수 (1건)
425651,미스사이공 전남대점,광주,북구,가격,1,0,0,가격 호평 다수 (1건)
425651,미스사이공 전남대점,광주,북구,서비스_친절도,1,0,0,서비스_친절도 호평 다수 (1건)
425656,미스사이공 조선대점,광주,동구,분위기,1,0,0,분위기 호평 다수 (1건)
425649,미스사이공 첨단점,광주,광산구,맛,1,0,0,맛 호평 다수 (1건)
185218,미스사이공 충장점,광주,동구,맛,1,0,0,맛 호평 다수 (1건)
185218,미스사이공 충장점,광주,동구,신선도,1,0,0,신선도 호평 다수 (1건)
185229,미스사이공 풍암점,광주,서구,신선도,1,0,0,신선도 호평 다수 (1건)
185229,미스사이공 풍암점,광주,서구,가격,1,0,0,가격 호평 다수 (1건)
185235,미스터Lee,광주,서구,분위기,1,0,0,분위기 호평 다수 (1건)
425660,미스터맥,광주,서구,맛,1,0,0,맛 호평 다수 (1건)
518611,미스터짱닭치킨 구례점,전남,구례군,맛,1,0,0,맛 호평 다수 (1건)
185251,미스터찜닭,광주,북구,맛,1,0,0,맛 호평 다수 (1건)
185251,미스터찜닭,광주,북구,분위기,1,0,0,분위기 호평 다수 (1건)
425666|879596,미스터초밥 DT점,광주,남구,맛,1,0,0,맛 호평 다수 (1건)
425666|879596,미스터초밥 DT점,광주,남구,신선도,1,0,0,신선도 호평 다수 (1건)
425669,미스터초밥 진월점,광주,남구,맛,1,0,0,맛 호평 다수 (1건)
425668,미스터초밥왕전대점,광주,북구,신선도,1,0,0,신선도 호평 다수 (1건)
425668,미스터초밥왕전대점,광주,북구,분위기,1,0,0,분위기 호평 다수 (1건)
425685,미스터홍게,광주,북구,신선도,1,0,0,신선도 호평 다수 (1건)
425685,미스터홍게,광주,북구,양,1,0,0,양 호평 다수 (1건)
425686,미스하노이,광주,북구,분위기,1,0,0,분위기 호평 다수 (1건)
425687,미식가,전남,화순군,신선도,1,0,0,신선도 호평 다수 (1건)
425687,미식가,전남,화순군,분위기,1,0,0,분위기 호평 다수 (1건)
425690,미식당,광주,남구,분위기,1,0,0,분위기 호평 다수 (1건)
425691,미식아스카,광주,서구,신선도,0,1,0,신선도 언급 (1건)
425691,미식아스카,광주,서구,접근성_웨이팅,0,1,0,접근성_웨이팅 언급 (1건)
a3fc581f5a45,미씽유 광양점,전남,광양시,맛,1,0,0,맛 호평 다수 (1건)
522371|896383,미양기사식당,전남,함평군,맛,1,0,0,맛 호평 다수 (1건)
522371|896383,미양기사식당,전남,함평군,서비스_친절도,1,0,0,서비스_친절도 호평 다수 (1건)
190684,미엘,광주,북구,분위기,1,0,0,분위기 호평 다수 (1건)
425698,미연가든,광주,북구,분위기,1,0,0,분위기 호평 다수 (1건)
185275,미연복집 호남대점,광주,광산구,맛,1,0,0,맛 호평 다수 (1건)
185275,미연복집 호남대점,광주,광산구,서비스_친절도,1,0,0,서비스_친절도 호평 다수 (1건)
425700,미연식당,광주,광산구,맛,1,0,0,맛 호평 다수 (1건)
425701,미옌,광주,북구,맛,1,0,0,맛 호평 다수 (1건)
425701,미옌,광주,북구,신선도,1,0,0,신선도 호평 다수 (1건)
425701,미옌,광주,북구,가격,1,0,0,가격 호평 다수 (1건)
425701,미옌,광주,북구,분위기,1,0,0,분위기 호평 다수 (1건)
520240,미원횟집,전남,완도군,맛,1,0,0,맛 호평 다수 (1건)
520240,미원횟집,전남,완도군,신선도,1,0,0,신선도 호평 다수 (1건)
520240,미원횟집,전남,완도군,가격,1,0,0,가격 호평 다수 (1건)
520240,미원횟집,전남,완도군,양,1,0,0,양 호평 다수 (1건)
520029,미인닭발,전남,영암군,맛,1,0,0,맛 호평 다수 (1건)
520029,미인닭발,전남,영암군,신선도,1,0,0,신선도 호평 다수 (1건)
520029,미인닭발,전남,영암군,분위기,1,0,0,분위기 호평 다수 (1건)
425704,미작 본관,광주,서구,맛,1,0,0,맛 호평 다수 (1건)
425704,미작 본관,광주,서구,신선도,1,0,0,신선도 호평 다수 (1건)
425704,미작 본관,광주,서구,서비스_친절도,1,0,0,서비스_친절도 호평 다수 (1건)
425704,미작 본관,광주,서구,분위기,1,0,0,분위기 호평 다수 (1건)
532712,미주꽈배기&스파게티,전남,담양군,맛,1,0,0,맛 호평 다수 (1건)
532712,미주꽈배기&스파게티,전남,담양군,위생_청결,1,0,0,위생_청결 호평 다수 (1건)
425708,미진옥,광주,동구,신선도,1,0,0,신선도 호평 다수 (1건)
425708,미진옥,광주,동구,서비스_친절도,1,0,0,서비스_친절도 호평 다수 (1건)
425709,미진주,광주,광산구,맛,1,0,0,맛 호평 다수 (1건)
425709,미진주,광주,광산구,신선도,1,0,0,신선도 호평 다수 (1건)
522035|635624|896193,미청식당,전남,장흥군,맛,1,0,0,맛 호평 다수 (1건)
185288,미쳐버린파닭 전남대점,광주,북구,맛,1,0,0,맛 호평 다수 (1건)
185288,미쳐버린파닭 전남대점,광주,북구,서비스_친절도,1,0,0,서비스_친절도 호평 다수 (1건)
185288,미쳐버린파닭 전남대점,광주,북구,분위기,1,0,0,분위기 호평 다수 (1건)
425713,미치게 쌍촌점,광주,서구,가격,1,0,0,가격 호평 다수 (1건)
425713,미치게 쌍촌점,광주,서구,서비스_친절도,1,0,0,서비스_친절도 호평 다수 (1건)
e859d81c7163,미치게,전남,여수시,신선도,1,0,0,신선도 호평 다수 (1건)
e859d81c7163,미치게,전남,여수시,가격,1,0,0,가격 호평 다수 (1건)
e859d81c7163,미치게,전남,여수시,서비스_친절도,1,0,0,서비스_친절도 호평 다수 (1건)
425717,미친고기 진월점,광주,남구,맛,1,0,0,맛 호평 다수 (1건)
425719,미친고기 학동점,광주,동구,맛,1,0,0,맛 호평 다수 (1건)
425719,미친고기 학동점,광주,동구,신선도,1,0,0,신선도 호평 다수 (1건)
425719,미친고기 학동점,광주,동구,서비스_친절도,1,0,0,서비스_친절도 호평 다수 (1건)
185301,미친핵폭탄 로제떡볶이 수제튀김,광주,북구,맛,1,0,0,맛 호평 다수 (1건)
539469,미카129,전남,곡성군,맛,1,0,0,맛 호평 다수 (1건)
425726,미카도스시 광주수완점,광주,광산구,맛,1,0,0,맛 호평 다수 (1건)
425726,미카도스시 광주수완점,광주,광산구,신선도,1,0,0,신선도 호평 다수 (1건)
425726,미카도스시 광주수완점,광주,광산구,가격,1,0,0,가격 호평 다수 (1건)
425727,미카도스시 광주첨단점,광주,광산구,맛,1,0,0,맛 호평 다수 (1건)
425727,미카도스시 광주첨단점,광주,광산구,신선도,1,0,0,신선도 호평 다수 (1건)
425727,미카도스시 광주첨단점,광주,광산구,접근성_웨이팅,1,0,0,접근성_웨이팅 호평 다수 (1건)
425728,미타르바이트,광주,동구,맛,1,0,0,맛 호평 다수 (1건)
425728,미타르바이트,광주,동구,분위기,1,0,0,분위기 호평 다수 (1건)
185306,미태리 봉선점,광주,남구,맛,1,0,0,맛 호평 다수 (1건)
185306,미태리 봉선점,광주,남구,서비스_친절도,1,0,0,서비스_친절도 호평 다수 (1건)
185306,미태리 봉선점,광주,남구,분위기,1,0,0,분위기 호평 다수 (1건)
425731,미태리 전남대점,광주,북구,맛,1,0,0,맛 호평 다수 (1건)
425731,미태리 전남대점,광주,북구,분위기,1,0,0,분위기 호평 다수 (1건)
185310|185311,미트파티 고기뷔페,광주,광산구,맛,1,0,0,맛 호평 다수 (1건)
425734,미트파티 뷔페 월곡중앙점,광주,광산구,맛,1,0,0,맛 호평 다수 (1건)
425734,미트파티 뷔페 월곡중앙점,광주,광산구,분위기,1,0,0,분위기 호평 다수 (1건)
1f76e1cf4bd7,미트파티 뷔페,광주,광산구,신선도,1,0,0,신선도 호평 다수 (1건)
0fe3e628bad0,미풍해장국 광양중마점,전남,광양시,맛,1,0,0,맛 호평 다수 (1건)
0fe3e628bad0,미풍해장국 광양중마점,전남,광양시,신선도,1,0,0,신선도 호평 다수 (1건)
515948|961892,미풍해장국 광주상무점,광주,서구,위생_청결,1,0,0,위생_청결 호평 다수 (1건)
520198,미풍해장국 완도점,전남,완도군,신선도,1,0,0,신선도 호평 다수 (1건)
185313,미풍해장국 일곡동,광주,북구,맛,1,0,0,맛 호평 다수 (1건)
425737,미풍해장국 일곡점,광주,북구,맛,1,0,0,맛 호평 다수 (1건)
425737,미풍해장국 일곡점,광주,북구,서비스_친절도,1,0,0,서비스_친절도 호평 다수 (1건)
425738,미풍해장국,광주,남구,맛,1,0,0,맛 호평 다수 (1건)
425738,미풍해장국,광주,남구,신선도,1,0,0,신선도 호평 다수 (1건)
185317,미항,광주,남구,서비스_친절도,1,0,0,서비스_친절도 호평 다수 (1건)
56837,미항횟집,전남,목포시,접근성_웨이팅,1,0,0,접근성_웨이팅 호평 다수 (1건)
425742,미향뷔페고시식당,광주,북구,가격,1,0,0,가격 호평 다수 (1건)
425743|425745,미향식당,광주,서구,맛,1,0,0,맛 호평 다수 (1건)
425743|425745,미향식당,광주,서구,신선도,1,0,0,신선도 호평 다수 (1건)
532714,믹스바,광주,동구,신선도,1,0,0,신선도 호평 다수 (1건)
185333,민들레푸드와 캠토,광주,동구,신선도,1,0,0,신선도 호평 다수 (1건)
522487|896437,민물장어즉석구이,전남,함평군,맛,1,0,0,맛 호평 다수 (1건)
522487|896437,민물장어즉석구이,전남,함평군,신선도,1,0,0,신선도 호평 다수 (1건)
519327|895549,민선꼬막식당,전남,보성군,신선도,1,0,0,신선도 호평 다수 (1건)
425759,민속마당 오치점,광주,북구,서비스_친절도,1,0,0,서비스_친절도 호평 다수 (1건)
425760,민속볼테기,광주,남구,신선도,1,0,0,신선도 호평 다수 (1건)
425762,민속손칼국수,광주,동구,신선도,1,0,0,신선도 호평 다수 (1건)
425765,민속주막,광주,서구,맛,1,0,0,맛 호평 다수 (1건)
425765,민속주막,광주,서구,분위기,1,0,0,분위기 호평 다수 (1건)
519638,민속촌 영광점,전남,영광군,맛,1,0,0,맛 호평 다수 (1건)
519638,민속촌 영광점,전남,영광군,분위기,1,0,0,분위기 호평 다수 (1건)
515876,민속촌 용봉점,광주,북구,접근성_웨이팅,1,0,0,접근성_웨이팅 호평 다수 (1건)
194084,민속촌,광주,남구,서비스_친절도,1,0,0,서비스_친절도 호평 다수 (1건)
185347,민주네,광주,서구,맛,1,0,0,맛 호평 다수 (1건)
185347,민주네,광주,서구,신선도,1,0,0,신선도 호평 다수 (1건)
185347,민주네,광주,서구,접근성_웨이팅,1,0,0,접근성_웨이팅 호평 다수 (1건)
425778,믿음고기나라,광주,서구,가격,1,0,0,가격 호평 다수 (1건)
d15ca1f3a292,믿음식당,전남,무안군,맛,1,0,0,맛 호평 다수 (1건)
d15ca1f3a292,믿음식당,전남,무안군,서비스_친절도,1,0,0,서비스_친절도 호평 다수 (1건)
425783,밀가손칼국수,광주,광산구,맛,1,0,0,맛 호평 다수 (1건)
425785,밀담,광주,북구,맛,1,0,0,맛 호평 다수 (1건)
425785,밀담,광주,북구,접근성_웨이팅,1,0,0,접근성_웨이팅 호평 다수 (1건)
185363,밀러타임 광주화정동,광주,서구,맛,1,0,0,맛 호평 다수 (1건)
185363,밀러타임 광주화정동,광주,서구,분위기,1,0,0,분위기 호평 다수 (1건)
425787,밀러타임 수완점,광주,광산구,맛,1,0,0,맛 호평 다수 (1건)
836399,밀리언,전남,순천시,맛,1,0,0,맛 호평 다수 (1건)
836399,밀리언,전남,순천시,분위기,1,0,0,분위기 호평 다수 (1건)
425788,밀림식육식당,광주,북구,신선도,1,0,0,신선도 호평 다수 (1건)
185368,밀밀 세하점,광주,서구,분위기,1,0,0,분위기 호평 다수 (1건)
425790,밀밀 용봉점,광주,북구,맛,1,0,0,맛 호평 다수 (1건)
425790,밀밀 용봉점,광주,북구,서비스_친절도,1,0,0,서비스_친절도 호평 다수 (1건)
425792,밀방아해물칼국수,광주,광산구,맛,1,0,0,맛 호평 다수 (1건)
425792,밀방아해물칼국수,광주,광산구,신선도,1,0,0,신선도 호평 다수 (1건)
425793,밀밭과김밥,광주,동구,신선도,1,0,0,신선도 호평 다수 (1건)
425794,밀밭에서,광주,서구,맛,1,0,0,맛 호평 다수 (1건)
425794,밀밭에서,광주,서구,신선도,1,0,0,신선도 호평 다수 (1건)
521933|896133,밀밭향기,전남,장흥군,분위기,1,0,0,분위기 호평 다수 (1건)
425795,밀이랑팥이랑,광주,광산구,맛,1,0,0,맛 호평 다수 (1건)
425796,밀쿠,광주,광산구,맛,1,0,0,맛 호평 다수 (1건)
425796,밀쿠,광주,광산구,신선도,1,0,0,신선도 호평 다수 (1건)
425796,밀쿠,광주,광산구,서비스_친절도,1,0,0,서비스_친절도 호평 다수 (1건)
425797,밀크,광주,서구,맛,1,0,0,맛 호평 다수 (1건)
425797,밀크,광주,서구,분위기,1,0,0,분위기 호평 다수 (1건)
5f69286c0963,밀키샵 목포남악점,전남,목포시,신선도,1,0,0,신선도 호평 다수 (1건)
523970|836919,밀키샵 여수점,전남,여수시,맛,1,0,0,맛 호평 다수 (1건)
523970|836919,밀키샵 여수점,전남,여수시,분위기,1,0,0,분위기 호평 다수 (1건)
185379,밀키치킨 하남본점,광주,광산구,맛,1,0,0,맛 호평 다수 (1건)
185379,밀키치킨 하남본점,광주,광산구,신선도,1,0,0,신선도 호평 다수 (1건)
517628,밀터,전남,여수시,맛,1,0,0,맛 호평 다수 (1건)
517628,밀터,전남,여수시,신선도,1,0,0,신선도 호평 다수 (1건)
517628,밀터,전남,여수시,서비스_친절도,1,0,0,서비스_친절도 호평 다수 (1건)
517628,밀터,전남,여수시,분위기,1,0,0,분위기 호평 다수 (1건)
420363|425804,밀회관 광주금호점,광주,서구,맛,1,0,0,맛 호평 다수 (1건)
420363|425804,밀회관 광주금호점,광주,서구,분위기,1,0,0,분위기 호평 다수 (1건)
425805|432416,밀회관 광주운암점,광주,북구,신선도,1,0,0,신선도 호평 다수 (1건)
425805|432416,밀회관 광주운암점,광주,북구,접근성_웨이팅,1,0,0,접근성_웨이팅 호평 다수 (1건)
518306,밍글,전남,곡성군,맛,1,0,0,맛 호평 다수 (1건)
518306,밍글,전남,곡성군,접근성_웨이팅,1,0,0,접근성_웨이팅 호평 다수 (1건)
425808|879599|961608,바구니치킨,광주,광산구,맛,1,0,0,맛 호평 다수 (1건)
425809,바글바글,광주,광산구,맛,1,0,0,맛 호평 다수 (1건)
425809,바글바글,광주,광산구,신선도,1,0,0,신선도 호평 다수 (1건)
425809,바글바글,광주,광산구,분위기,1,0,0,분위기 호평 다수 (1건)
185389,바나나수산 학동점,광주,동구,신선도,1,0,0,신선도 호평 다수 (1건)
9f201aeb5900,바나다,전남,여수시,신선도,1,0,0,신선도 호평 다수 (1건)
9f201aeb5900,바나다,전남,여수시,분위기,1,0,0,분위기 호평 다수 (1건)
880577|89554,바닐라빈,전남,순천시,맛,1,0,0,맛 호평 다수 (1건)
517499,바다김밥,전남,여수시,맛,1,0,0,맛 호평 다수 (1건)
517499,바다김밥,전남,여수시,신선도,1,0,0,신선도 호평 다수 (1건)
520171,바다농장,전남,완도군,신선도,1,0,0,신선도 호평 다수 (1건)
520171,바다농장,전남,완도군,가격,1,0,0,가격 호평 다수 (1건)
520171,바다농장,전남,완도군,서비스_친절도,1,0,0,서비스_친절도 호평 다수 (1건)
519129|895394,바다로 회수산,전남,무안군,맛,1,0,0,맛 호평 다수 (1건)
519129|895394,바다로 회수산,전남,무안군,신선도,1,0,0,신선도 호평 다수 (1건)
519129|895394,바다로 회수산,전남,무안군,양,1,0,0,양 호평 다수 (1건)
519129|895394,바다로 회수산,전남,무안군,위생_청결,1,0,0,위생_청결 호평 다수 (1건)
425819,바다로한상,광주,북구,맛,1,0,0,맛 호평 다수 (1건)
425819,바다로한상,광주,북구,신선도,1,0,0,신선도 호평 다수 (1건)
425820,바다를담다,광주,남구,맛,1,0,0,맛 호평 다수 (1건)
425820,바다를담다,광주,남구,신선도,1,0,0,신선도 호평 다수 (1건)
519361|895573,바다를품은보성회센타,전남,보성군,신선도,1,0,0,신선도 호평 다수 (1건)
518364,바다세계 양푼이 동태탕,전남,곡성군,신선도,1,0,0,신선도 호평 다수 (1건)
425822,바다세상,광주,광산구,신선도,1,0,0,신선도 호평 다수 (1건)
425822,바다세상,광주,광산구,양,1,0,0,양 호평 다수 (1건)
518135,바다속으로,전남,고흥군,맛,1,0,0,맛 호평 다수 (1건)
518135,바다속으로,전남,고흥군,신선도,1,0,0,신선도 호평 다수 (1건)
56840,바다속향기,전남,순천시,신선도,1,0,0,신선도 호평 다수 (1건)
56840,바다속향기,전남,순천시,분위기,1,0,0,분위기 호평 다수 (1건)
425825,바다수퍼해물천하조개구이 광주첨단점,광주,광산구,맛,1,0,0,맛 호평 다수 (1건)
425825,바다수퍼해물천하조개구이 광주첨단점,광주,광산구,접근성_웨이팅,1,0,0,접근성_웨이팅 호평 다수 (1건)
519119|895386,바다수퍼해물천하조개구이 남악신도시점,전남,무안군,양,1,0,0,양 호평 다수 (1건)
425826,바다수퍼해물천하조개구이 수완점,광주,광산구,맛,1,0,0,맛 호평 다수 (1건)
425826,바다수퍼해물천하조개구이 수완점,광주,광산구,신선도,1,0,0,신선도 호평 다수 (1건)
425826,바다수퍼해물천하조개구이 수완점,광주,광산구,양,1,0,0,양 호평 다수 (1건)
425827,바다수퍼해물천하조개구이 운남점,광주,광산구,신선도,1,0,0,신선도 호평 다수 (1건)
425827,바다수퍼해물천하조개구이 운남점,광주,광산구,양,1,0,0,양 호평 다수 (1건)
880578|89585,바다식당,전남,고흥군,신선도,1,0,0,신선도 호평 다수 (1건)
524110|836988,바다식탁 루프탑,전남,여수시,신선도,1,0,0,신선도 호평 다수 (1건)
524110|836988,바다식탁 루프탑,전남,여수시,분위기,1,0,0,분위기 호평 다수 (1건)
56841,바다식탁,전남,여수시,맛,1,0,0,맛 호평 다수 (1건)
56841,바다식탁,전남,여수시,신선도,1,0,0,신선도 호평 다수 (1건)
56841,바다식탁,전남,여수시,분위기,1,0,0,분위기 호평 다수 (1건)
be1d00ecd3f1,바다싱싱해물탕,전남,광양시,맛,1,0,0,맛 호평 다수 (1건)
be1d00ecd3f1,바다싱싱해물탕,전남,광양시,신선도,1,0,0,신선도 호평 다수 (1건)
517988,바다양푼이동태탕 고흥과역점,전남,고흥군,신선도,1,0,0,신선도 호평 다수 (1건)
517988,바다양푼이동태탕 고흥과역점,전남,고흥군,서비스_친절도,1,0,0,서비스_친절도 호평 다수 (1건)
d3487e974247,바다양푼이동태탕 광양중마점,전남,광양시,맛,1,0,0,맛 호평 다수 (1건)
d3487e974247,바다양푼이동태탕 광양중마점,전남,광양시,신선도,1,0,0,신선도 호평 다수 (1건)
d3487e974247,바다양푼이동태탕 광양중마점,전남,광양시,양,1,0,0,양 호평 다수 (1건)
425829,바다양푼이동태탕 광주계림점,광주,동구,신선도,1,0,0,신선도 호평 다수 (1건)
425829,바다양푼이동태탕 광주계림점,광주,동구,접근성_웨이팅,1,0,0,접근성_웨이팅 호평 다수 (1건)
ddcb80c37ca4,바다양푼이동태탕 광주광천점,광주,서구,맛,1,0,0,맛 호평 다수 (1건)
ddcb80c37ca4,바다양푼이동태탕 광주광천점,광주,서구,신선도,1,0,0,신선도 호평 다수 (1건)
190295,바다양푼이동태탕 광주서석점,광주,동구,맛,1,0,0,맛 호평 다수 (1건)
190295,바다양푼이동태탕 광주서석점,광주,동구,신선도,1,0,0,신선도 호평 다수 (1건)
425831,바다양푼이동태탕 광주선운점,광주,광산구,신선도,1,0,0,신선도 호평 다수 (1건)
425847,바다양푼이동태탕 광주송정점,광주,광산구,신선도,1,0,0,신선도 호평 다수 (1건)
425837,바다양푼이동태탕 광주수완점,광주,광산구,맛,1,0,0,맛 호평 다수 (1건)
425837,바다양푼이동태탕 광주수완점,광주,광산구,신선도,1,0,0,신선도 호평 다수 (1건)
425833,바다양푼이동태탕 광주신안점,광주,북구,신선도,1,0,0,신선도 호평 다수 (1건)
425845,바다양푼이동태탕 광주신용점,광주,북구,신선도,1,0,0,신선도 호평 다수 (1건)
425845,바다양푼이동태탕 광주신용점,광주,북구,서비스_친절도,1,0,0,서비스_친절도 호평 다수 (1건)
185411,바다양푼이동태탕 광주양산점,광주,북구,신선도,1,0,0,신선도 호평 다수 (1건)
425838,바다양푼이동태탕 광주지산점,광주,동구,맛,1,0,0,맛 호평 다수 (1건)
425838,바다양푼이동태탕 광주지산점,광주,동구,신선도,1,0,0,신선도 호평 다수 (1건)
425846,바다양푼이동태탕 광주진곡점,광주,광산구,맛,1,0,0,맛 호평 다수 (1건)
425846,바다양푼이동태탕 광주진곡점,광주,광산구,신선도,1,0,0,신선도 호평 다수 (1건)
425841,바다양푼이동태탕 광주첨단점,광주,광산구,신선도,1,0,0,신선도 호평 다수 (1건)
425840,바다양푼이동태탕 광주풍암점,광주,서구,맛,1,0,0,맛 호평 다수 (1건)
425840,바다양푼이동태탕 광주풍암점,광주,서구,신선도,1,0,0,신선도 호평 다수 (1건)
518995|895291,바다양푼이동태탕 무안남악점,전남,무안군,신선도,1,0,0,신선도 호평 다수 (1건)
518995|895291,바다양푼이동태탕 무안남악점,전남,무안군,분위기,1,0,0,분위기 호평 다수 (1건)
185420,바다양푼이동태탕 상무시청점,광주,서구,신선도,1,0,0,신선도 호평 다수 (1건)
521542|895871,바다양푼이동태탕 완도보길도점,전남,완도군,맛,1,0,0,맛 호평 다수 (1건)
521542|895871,바다양푼이동태탕 완도보길도점,전남,완도군,신선도,1,0,0,신선도 호평 다수 (1건)
425836,바다양푼이동태탕 월곡점,광주,광산구,맛,1,0,0,맛 호평 다수 (1건)
425836,바다양푼이동태탕 월곡점,광주,광산구,신선도,1,0,0,신선도 호평 다수 (1건)
518635,바다양푼이동태탕 전남구례점,전남,구례군,맛,1,0,0,맛 호평 다수 (1건)
518635,바다양푼이동태탕 전남구례점,전남,구례군,신선도,1,0,0,신선도 호평 다수 (1건)
43b874a0ed71,바다양푼이동태탕 전남화순점,전남,화순군,맛,1,0,0,맛 호평 다수 (1건)
43b874a0ed71,바다양푼이동태탕 전남화순점,전남,화순군,신선도,1,0,0,신선도 호평 다수 (1건)
43b874a0ed71,바다양푼이동태탕 전남화순점,전남,화순군,분위기,1,0,0,분위기 호평 다수 (1건)
425848,바다와육지,광주,남구,신선도,1,0,0,신선도 호평 다수 (1건)
425849,바다의꿈수완본점,광주,광산구,신선도,1,0,0,신선도 호평 다수 (1건)
425851,바다의향기,광주,서구,신선도,1,0,0,신선도 호평 다수 (1건)
185393,바다일번지횟집,광주,광산구,신선도,1,0,0,신선도 호평 다수 (1건)
185393,바다일번지횟집,광주,광산구,분위기,1,0,0,분위기 호평 다수 (1건)
880579|89618,바다장어나라,전남,목포시,맛,1,0,0,맛 호평 다수 (1건)
880579|89618,바다장어나라,전남,목포시,신선도,1,0,0,신선도 호평 다수 (1건)
bc72f11c02b6,바다장어일번지,전남,광양시,신선도,1,0,0,신선도 호평 다수 (1건)
bc72f11c02b6,바다장어일번지,전남,광양시,서비스_친절도,1,0,0,서비스_친절도 호평 다수 (1건)
425854,바다참치,광주,북구,신선도,1,0,0,신선도 호평 다수 (1건)
880580|89619,바다창고,전남,여수시,맛,1,0,0,맛 호평 다수 (1건)
880580|89619,바다창고,전남,여수시,신선도,1,0,0,신선도 호평 다수 (1건)
880580|89619,바다창고,전남,여수시,분위기,1,0,0,분위기 호평 다수 (1건)
520021,바다촌,전남,영암군,신선도,1,0,0,신선도 호평 다수 (1건)
425855,바다치킨,광주,북구,맛,1,0,0,맛 호평 다수 (1건)
523555,바다풍경,전남,목포시,맛,1,0,0,맛 호평 다수 (1건)
56842|880488,바다하우스 장흥점,전남,장흥군,신선도,1,0,0,신선도 호평 다수 (1건)
56842|880488,바다하우스 장흥점,전남,장흥군,분위기,1,0,0,분위기 호평 다수 (1건)
521830,바다하우스,전남,장흥군,분위기,1,0,0,분위기 호평 다수 (1건)
425857,바다향,광주,서구,신선도,1,0,0,신선도 호평 다수 (1건)
519619,바다횟집식당,전남,신안군,신선도,1,0,0,신선도 호평 다수 (1건)
518167,바닷가장어숯불구이,전남,고흥군,맛,1,0,0,맛 호평 다수 (1건)
518167,바닷가장어숯불구이,전남,고흥군,신선도,1,0,0,신선도 호평 다수 (1건)
185401,바닷속궁전,광주,서구,신선도,1,0,0,신선도 호평 다수 (1건)
185401,바닷속궁전,광주,서구,분위기,1,0,0,분위기 호평 다수 (1건)
185434,바든바든,광주,광산구,맛,1,0,0,맛 호평 다수 (1건)
185434,바든바든,광주,광산구,신선도,1,0,0,신선도 호평 다수 (1건)
520146,바라보다,전남,완도군,맛,1,0,0,맛 호평 다수 (1건)
520146,바라보다,전남,완도군,신선도,1,0,0,신선도 호평 다수 (1건)
520146,바라보다,전남,완도군,분위기,1,0,0,분위기 호평 다수 (1건)
425863,바람난오돌뼈 비아점,광주,광산구,맛,1,0,0,맛 호평 다수 (1건)
425863,바람난오돌뼈 비아점,광주,광산구,신선도,1,0,0,신선도 호평 다수 (1건)
425864|879600|879947,바람난오돌뼈,광주,서구,신선도,1,0,0,신선도 호평 다수 (1건)
425865,바람난왕족발,광주,동구,서비스_친절도,1,0,0,서비스_친절도 호평 다수 (1건)
425866,바람난임금님쌍화탕,광주,동구,맛,1,0,0,맛 호평 다수 (1건)
425870,바로덮밥 바로파스타,광주,북구,맛,1,0,0,맛 호평 다수 (1건)
425871,바로덮밥바로파스타 광주수완점,광주,광산구,맛,1,0,0,맛 호평 다수 (1건)
425871,바로덮밥바로파스타 광주수완점,광주,광산구,신선도,1,0,0,신선도 호평 다수 (1건)
425871,바로덮밥바로파스타 광주수완점,광주,광산구,서비스_친절도,1,0,0,서비스_친절도 호평 다수 (1건)
425872,바로면집,광주,북구,맛,1,0,0,맛 호평 다수 (1건)
425872,바로면집,광주,북구,신선도,1,0,0,신선도 호평 다수 (1건)
425872,바로면집,광주,북구,분위기,1,0,0,분위기 호평 다수 (1건)
425909,바른 샐러드,광주,서구,신선도,1,0,0,신선도 호평 다수 (1건)
425888,바른고기 엘베요타 100% 운암점,광주,북구,서비스_친절도,1,0,0,서비스_친절도 호평 다수 (1건)
425888,바른고기 엘베요타 100% 운암점,광주,북구,분위기,1,0,0,분위기 호평 다수 (1건)
425881,바른고기 엘베요타 100% 풍암점,광주,서구,맛,1,0,0,맛 호평 다수 (1건)
425881,바른고기 엘베요타 100% 풍암점,광주,서구,신선도,1,0,0,신선도 호평 다수 (1건)
425881,바른고기 엘베요타 100% 풍암점,광주,서구,서비스_친절도,1,0,0,서비스_친절도 호평 다수 (1건)
425881,바른고기 엘베요타 100% 풍암점,광주,서구,분위기,1,0,0,분위기 호평 다수 (1건)
430970,바른고기 엘베요타100% 금호점,광주,서구,서비스_친절도,1,0,0,서비스_친절도 호평 다수 (1건)
430970,바른고기 엘베요타100% 금호점,광주,서구,접근성_웨이팅,1,0,0,접근성_웨이팅 호평 다수 (1건)
185463,바른고기 엘베요타100% 하남2지구점,광주,광산구,신선도,1,0,0,신선도 호평 다수 (1건)
185463,바른고기 엘베요타100% 하남2지구점,광주,광산구,서비스_친절도,1,0,0,서비스_친절도 호평 다수 (1건)
425880,바른고기엘베요타100% 수완점,광주,광산구,맛,1,0,0,맛 호평 다수 (1건)
185466,바른고기엘베요타100% 첨단점,광주,광산구,서비스_친절도,1,0,0,서비스_친절도 호평 다수 (1건)
185466,바른고기엘베요타100% 첨단점,광주,광산구,분위기,1,0,0,분위기 호평 다수 (1건)
425893,바른김치찜 광산점,광주,광산구,맛,1,0,0,맛 호평 다수 (1건)
425893,바른김치찜 광산점,광주,광산구,신선도,1,0,0,신선도 호평 다수 (1건)
425897,바른떡갈비,광주,북구,신선도,1,0,0,신선도 호평 다수 (1건)
193670|433956,바른마음정가왕만두,광주,남구,맛,1,0,0,맛 호평 다수 (1건)
193670|433956,바른마음정가왕만두,광주,남구,가격,1,0,0,가격 호평 다수 (1건)
185474,바른먹거리 THE바른한우,광주,광산구,신선도,1,0,0,신선도 호평 다수 (1건)
185474,바른먹거리 THE바른한우,광주,광산구,서비스_친절도,1,0,0,서비스_친절도 호평 다수 (1건)
425900,바른밥상,광주,광산구,맛,1,0,0,맛 호평 다수 (1건)
425900,바른밥상,광주,광산구,신선도,1,0,0,신선도 호평 다수 (1건)
425900,바른밥상,광주,광산구,위생_청결,1,0,0,위생_청결 호평 다수 (1건)
425901,바른밥집,광주,북구,신선도,1,0,0,신선도 호평 다수 (1건)
425903,바른보쌈 1990,광주,서구,맛,1,0,0,맛 호평 다수 (1건)
425903,바른보쌈 1990,광주,서구,신선도,1,0,0,신선도 호평 다수 (1건)
425902,바른보쌈1990 송정점,광주,광산구,신선도,1,0,0,신선도 호평 다수 (1건)
425908,바른보쌈1990 수완점,광주,광산구,맛,1,0,0,맛 호평 다수 (1건)
425908,바른보쌈1990 수완점,광주,광산구,양,1,0,0,양 호평 다수 (1건)
425908,바른보쌈1990 수완점,광주,광산구,서비스_친절도,1,0,0,서비스_친절도 호평 다수 (1건)
185483,바른보쌈1990 주월점,광주,남구,맛,1,0,0,맛 호평 다수 (1건)
185483,바른보쌈1990 주월점,광주,남구,서비스_친절도,1,0,0,서비스_친절도 호평 다수 (1건)
425906,바른보쌈1990 하남점,광주,광산구,신선도,1,0,0,신선도 호평 다수 (1건)
425904,바른보쌈1990,광주,북구,맛,1,0,0,맛 호평 다수 (1건)
425904,바른보쌈1990,광주,북구,신선도,1,0,0,신선도 호평 다수 (1건)
425904,바른보쌈1990,광주,북구,분위기,1,0,0,분위기 호평 다수 (1건)
836546,바른짬뽕 2호점,전남,광양시,신선도,1,0,0,신선도 호평 다수 (1건)
836546,바른짬뽕 2호점,전남,광양시,분위기,1,0,0,분위기 호평 다수 (1건)
185499,바른초밥 광주역DT점,광주,북구,신선도,1,0,0,신선도 호평 다수 (1건)
185499,바른초밥 광주역DT점,광주,북구,서비스_친절도,1,0,0,서비스_친절도 호평 다수 (1건)
425918,바른초밥 본점,광주,서구,신선도,1,0,0,신선도 호평 다수 (1건)
185495,바른초밥 상무점,광주,서구,맛,1,0,0,맛 호평 다수 (1건)
185495,바른초밥 상무점,광주,서구,신선도,1,0,0,신선도 호평 다수 (1건)
185495,바른초밥 상무점,광주,서구,분위기,1,0,0,분위기 호평 다수 (1건)
425921,바른초밥 신창DT점,광주,광산구,신선도,1,0,0,신선도 호평 다수 (1건)
185493,바른초밥 풍향점,광주,북구,신선도,1,0,0,신선도 호평 다수 (1건)
425918,바른초밥본점,광주,서구,신선도,1,0,0,신선도 호평 다수 (1건)
425919,바른초밥상무점 광주치평동,광주,서구,신선도,1,0,0,신선도 호평 다수 (1건)
185500,바른초밥학동점 광주학동,광주,동구,신선도,1,0,0,신선도 호평 다수 (1건)
425953,바른한줄,광주,서구,맛,1,0,0,맛 호평 다수 (1건)
185531,바름카츠 광주백운동,광주,남구,신선도,1,0,0,신선도 호평 다수 (1건)
185532,바름카츠,광주,광산구,맛,1,0,0,맛 호평 다수 (1건)
185532,바름카츠,광주,광산구,신선도,1,0,0,신선도 호평 다수 (1건)
517699,바바나 비치,전남,여수시,맛,1,0,0,맛 호평 다수 (1건)
517699,바바나 비치,전남,여수시,분위기,1,0,0,분위기 호평 다수 (1건)
523054|836622|896819,바바루아 LF스퀘어 광양점,전남,광양시,맛,1,0,0,맛 호평 다수 (1건)
523054|836622|896819,바바루아 LF스퀘어 광양점,전남,광양시,신선도,1,0,0,신선도 호평 다수 (1건)
185540,바베토피자금호점,광주,서구,분위기,1,0,0,분위기 호평 다수 (1건)
425964,바비,광주,서구,분위기,1,0,0,분위기 호평 다수 (1건)
185544,바비후 우산점,광주,광산구,신선도,1,0,0,신선도 호평 다수 (1건)
425969,바삭튀김,광주,서구,신선도,1,0,0,신선도 호평 다수 (1건)
518286,바세츠아이스크림 전남곡성점,전남,곡성군,맛,1,0,0,맛 호평 다수 (1건)
518286,바세츠아이스크림 전남곡성점,전남,곡성군,신선도,1,0,0,신선도 호평 다수 (1건)
430108|515750|961722,바스키,광주,남구,맛,1,0,0,맛 호평 다수 (1건)
430108|515750|961722,바스키,광주,남구,서비스_친절도,1,0,0,서비스_친절도 호평 다수 (1건)
425973,바오만두,광주,광산구,맛,1,0,0,맛 호평 다수 (1건)
425976,바오스시,광주,광산구,맛,1,0,0,맛 호평 다수 (1건)
425976,바오스시,광주,광산구,신선도,1,0,0,신선도 호평 다수 (1건)
425978,바우네나주곰탕 두암점,광주,북구,신선도,1,0,0,신선도 호평 다수 (1건)
185558,바우네나주곰탕 전남대점,광주,북구,맛,1,0,0,맛 호평 다수 (1건)
425980,바우손만두와전,광주,북구,맛,1,0,0,맛 호평 다수 (1건)
425980,바우손만두와전,광주,북구,신선도,1,0,0,신선도 호평 다수 (1건)
185564,바울아저씨 첨단점,광주,북구,분위기,1,0,0,분위기 호평 다수 (1건)
425987,바이더글라스,광주,동구,맛,1,0,0,맛 호평 다수 (1건)
425987,바이더글라스,광주,동구,신선도,1,0,0,신선도 호평 다수 (1건)
425989,바이킹하우스,광주,북구,분위기,1,0,0,분위기 호평 다수 (1건)
185570,바이히얼,광주,서구,맛,1,0,0,맛 호평 다수 (1건)
185570,바이히얼,광주,서구,분위기,1,0,0,분위기 호평 다수 (1건)
425992,바칼,광주,광산구,신선도,1,0,0,신선도 호평 다수 (1건)
185575,바푸리포 광주 하남점,광주,광산구,가격,1,0,0,가격 호평 다수 (1건)
425999,박가네국밥,광주,북구,맛,1,0,0,맛 호평 다수 (1건)
185577,박가네분식 첨단점,광주,광산구,맛,1,0,0,맛 호평 다수 (1건)
426004,박가네아구찜,광주,남구,맛,1,0,0,맛 호평 다수 (1건)
426004,박가네아구찜,광주,남구,신선도,1,0,0,신선도 호평 다수 (1건)
522247|896316,박가네왕갈비,전남,진도군,맛,1,0,0,맛 호평 다수 (1건)
522247|896316,박가네왕갈비,전남,진도군,분위기,1,0,0,분위기 호평 다수 (1건)
517442,박구윤회관,전남,순천시,맛,1,0,0,맛 호평 다수 (1건)
517442,박구윤회관,전남,순천시,양,1,0,0,양 호평 다수 (1건)
517442,박구윤회관,전남,순천시,서비스_친절도,1,0,0,서비스_친절도 호평 다수 (1건)
517442,박구윤회관,전남,순천시,분위기,1,0,0,분위기 호평 다수 (1건)
185589,박대감,광주,북구,맛,1,0,0,맛 호평 다수 (1건)
185589,박대감,광주,북구,신선도,1,0,0,신선도 호평 다수 (1건)
185589,박대감,광주,북구,분위기,1,0,0,분위기 호평 다수 (1건)
518793,박대박메밀,전남,담양군,신선도,1,0,0,신선도 호평 다수 (1건)
518793,박대박메밀,전남,담양군,서비스_친절도,1,0,0,서비스_친절도 호평 다수 (1건)
438015,박물관포도원,광주,북구,맛,1,0,0,맛 호평 다수 (1건)
426012,박서방국밥,광주,동구,맛,1,0,0,맛 호평 다수 (1건)
426012,박서방국밥,광주,동구,신선도,1,0,0,신선도 호평 다수 (1건)
185592|426013,박석골 화정,광주,서구,맛,1,0,0,맛 호평 다수 (1건)
185592|426013,박석골 화정,광주,서구,신선도,1,0,0,신선도 호평 다수 (1건)
185595,박소영왕만두,광주,북구,맛,1,0,0,맛 호평 다수 (1건)
185595,박소영왕만두,광주,북구,분위기,1,0,0,분위기 호평 다수 (1건)
426017,박숙란벌교진짱뚱어탕 본점,광주,북구,신선도,1,0,0,신선도 호평 다수 (1건)
426030,박혜자낙지마당 월곡점,광주,광산구,맛,1,0,0,맛 호평 다수 (1건)
426030,박혜자낙지마당 월곡점,광주,광산구,신선도,1,0,0,신선도 호평 다수 (1건)
522330,반갑다돼지야,전남,함평군,맛,1,0,0,맛 호평 다수 (1건)
522330,반갑다돼지야,전남,함평군,분위기,1,0,0,분위기 호평 다수 (1건)
522537,반갑다친구야,전남,해남군,맛,1,0,0,맛 호평 다수 (1건)
522537,반갑다친구야,전남,해남군,가격,1,0,0,가격 호평 다수 (1건)
426041,반도대하루,광주,동구,맛,1,0,0,맛 호평 다수 (1건)
426041,반도대하루,광주,동구,서비스_친절도,1,0,0,서비스_친절도 호평 다수 (1건)
426041,반도대하루,광주,동구,분위기,1,0,0,분위기 호평 다수 (1건)
426042|879604,반도족발선지국,광주,동구,신선도,1,0,0,신선도 호평 다수 (1건)
426045,반디식당,광주,동구,맛,1,0,0,맛 호평 다수 (1건)
426050,반야산장,광주,북구,맛,1,0,0,맛 호평 다수 (1건)
426050,반야산장,광주,북구,신선도,1,0,0,신선도 호평 다수 (1건)
426050,반야산장,광주,북구,서비스_친절도,1,0,0,서비스_친절도 호평 다수 (1건)
426059,반월추어탕 첨단점,광주,광산구,맛,1,0,0,맛 호평 다수 (1건)
426059,반월추어탕 첨단점,광주,광산구,신선도,1,0,0,신선도 호평 다수 (1건)
421318|426057,반월추어탕,광주,광산구,맛,1,0,0,맛 호평 다수 (1건)
421318|426057,반월추어탕,광주,광산구,신선도,1,0,0,신선도 호평 다수 (1건)
185642,반찬장인,광주,광산구,신선도,1,0,0,신선도 호평 다수 (1건)
426065,반푼이네전집,광주,남구,맛,1,0,0,맛 호평 다수 (1건)
426068,반할왕만두해,광주,광산구,맛,1,0,0,맛 호평 다수 (1건)
426068,반할왕만두해,광주,광산구,신선도,1,0,0,신선도 호평 다수 (1건)
185651,발대발,광주,북구,분위기,1,0,0,분위기 호평 다수 (1건)
426071,발대발신화불닭,광주,광산구,맛,1,0,0,맛 호평 다수 (1건)
426075,발리,광주,서구,맛,1,0,0,맛 호평 다수 (1건)
185657,발효명가,광주,광산구,맛,1,0,0,맛 호평 다수 (1건)
426079,밝은들칼국수,광주,광산구,서비스_친절도,1,0,0,서비스_친절도 호평 다수 (1건)
2d259b0c1391,밝은식당 광주월산동,광주,서구,신선도,1,0,0,신선도 호평 다수 (1건)
185660,밝음,광주,광산구,맛,0,1,0,맛 언급 (1건)
185660,밝음,광주,광산구,신선도,0,1,0,신선도 언급 (1건)
185660,밝음,광주,광산구,분위기,0,1,0,분위기 언급 (1건)
501155,밤마실,광주,광산구,맛,1,0,0,맛 호평 다수 (1건)
501155,밤마실,광주,광산구,분위기,1,0,0,분위기 호평 다수 (1건)
338503fa381c,밤바다,전남,광양시,맛,1,0,0,맛 호평 다수 (1건)
426083,밤비,광주,북구,맛,1,0,0,맛 호평 다수 (1건)
426083,밤비,광주,북구,분위기,1,0,0,분위기 호평 다수 (1건)
426087,밤실골국밥,광주,동구,맛,1,0,0,맛 호평 다수 (1건)
426087,밤실골국밥,광주,동구,신선도,1,0,0,신선도 호평 다수 (1건)
426090,밤실식당,광주,동구,분위기,1,0,0,분위기 호평 다수 (1건)
426091,밤실짬뽕,광주,동구,맛,1,0,0,맛 호평 다수 (1건)
426091,밤실짬뽕,광주,동구,신선도,1,0,0,신선도 호평 다수 (1건)
426093,밤실한우촌,광주,북구,맛,1,0,0,맛 호평 다수 (1건)
426093,밤실한우촌,광주,북구,신선도,1,0,0,신선도 호평 다수 (1건)
518898|895218,밤편지,전남,무안군,맛,1,0,0,맛 호평 다수 (1건)
518898|895218,밤편지,전남,무안군,분위기,1,0,0,분위기 호평 다수 (1건)
d2ade97b436d,밤해,전남,나주시,맛,1,0,0,맛 호평 다수 (1건)
d2ade97b436d,밤해,전남,나주시,신선도,1,0,0,신선도 호평 다수 (1건)
d2ade97b436d,밤해,전남,나주시,접근성_웨이팅,1,0,0,접근성_웨이팅 호평 다수 (1건)
426096,밥&술,광주,북구,신선도,1,0,0,신선도 호평 다수 (1건)
426097,밥FULL 호남대점,광주,광산구,맛,1,0,0,맛 호평 다수 (1건)
426097,밥FULL 호남대점,광주,광산구,신선도,1,0,0,신선도 호평 다수 (1건)
426097,밥FULL 호남대점,광주,광산구,분위기,1,0,0,분위기 호평 다수 (1건)
9b5e1f666004,밥꽃이야기 들마루,전남,순천시,맛,1,0,0,맛 호평 다수 (1건)
9b5e1f666004,밥꽃이야기 들마루,전남,순천시,신선도,1,0,0,신선도 호평 다수 (1건)
185680,밥도둑,광주,북구,신선도,1,0,0,신선도 호평 다수 (1건)
426102,밥먹는하마,광주,광산구,맛,1,0,0,맛 호평 다수 (1건)
426102,밥먹는하마,광주,광산구,분위기,1,0,0,분위기 호평 다수 (1건)
426103,밥묵자 술도한잔,광주,동구,맛,1,0,0,맛 호평 다수 (1건)
426103,밥묵자 술도한잔,광주,동구,신선도,1,0,0,신선도 호평 다수 (1건)
426105,밥상따로술상따로,광주,서구,맛,1,0,0,맛 호평 다수 (1건)
426105,밥상따로술상따로,광주,서구,분위기,1,0,0,분위기 호평 다수 (1건)
426107,밥상술상,광주,서구,서비스_친절도,1,0,0,서비스_친절도 호평 다수 (1건)
880581|90053,밥생각,전남,광양시,신선도,1,0,0,신선도 호평 다수 (1건)
185688,밥심,광주,서구,맛,1,0,0,맛 호평 다수 (1건)
185688,밥심,광주,서구,신선도,1,0,0,신선도 호평 다수 (1건)
185688,밥심,광주,서구,분위기,1,0,0,분위기 호평 다수 (1건)
426110,밥심엔반찬,광주,북구,신선도,1,0,0,신선도 호평 다수 (1건)
426112,밥은먹고다니냐,광주,북구,맛,1,0,0,맛 호평 다수 (1건)
426114,밥이랑 술이랑,광주,광산구,맛,1,0,0,맛 호평 다수 (1건)
185696,밥장인 돼지찌개 상무점,광주,서구,맛,1,0,0,맛 호평 다수 (1건)
426117,밥장인 돼지찌개 상무지구점,광주,서구,맛,1,0,0,맛 호평 다수 (1건)
185695,밥장인 돼지찌개 운암점,광주,북구,맛,1,0,0,맛 호평 다수 (1건)
185699,밥정,광주,광산구,맛,1,0,0,맛 호평 다수 (1건)
185699,밥정,광주,광산구,신선도,1,0,0,신선도 호평 다수 (1건)
185699,밥정,광주,광산구,서비스_친절도,1,0,0,서비스_친절도 호평 다수 (1건)
426121,밥제작소,광주,남구,맛,1,0,0,맛 호평 다수 (1건)
426121,밥제작소,광주,남구,신선도,1,0,0,신선도 호평 다수 (1건)
426122,밥주소,광주,광산구,맛,1,0,0,맛 호평 다수 (1건)
426122,밥주소,광주,광산구,신선도,1,0,0,신선도 호평 다수 (1건)
426122,밥주소,광주,광산구,서비스_친절도,1,0,0,서비스_친절도 호평 다수 (1건)
426126,밥집 술집,광주,서구,신선도,1,0,0,신선도 호평 다수 (1건)
426126,밥집 술집,광주,서구,접근성_웨이팅,1,0,0,접근성_웨이팅 호평 다수 (1건)
519368,밥집,전남,보성군,신선도,1,0,0,신선도 호평 다수 (1건)
426123,밥집가자,광주,광산구,신선도,1,0,0,신선도 호평 다수 (1건)
426125,밥집사삼일구,광주,광산구,맛,1,0,0,맛 호평 다수 (1건)
426125,밥집사삼일구,광주,광산구,신선도,1,0,0,신선도 호평 다수 (1건)
426129,밥통령 쌍촌점,광주,서구,신선도,1,0,0,신선도 호평 다수 (1건)
426129,밥통령 쌍촌점,광주,서구,서비스_친절도,1,0,0,서비스_친절도 호평 다수 (1건)
517352,밥팜 순천만정원점,전남,순천시,분위기,1,0,0,분위기 호평 다수 (1건)
517352,밥팜 순천만정원점,전남,순천시,접근성_웨이팅,1,0,0,접근성_웨이팅 호평 다수 (1건)
426132,밥하우스,광주,서구,신선도,1,0,0,신선도 호평 다수 (1건)
426132,밥하우스,광주,서구,서비스_친절도,1,0,0,서비스_친절도 호평 다수 (1건)
185713,밥한술,광주,광산구,맛,1,0,0,맛 호평 다수 (1건)
426134,밧짱,광주,북구,신선도,1,0,0,신선도 호평 다수 (1건)
189027|429394,방림동 스테이크펍,광주,남구,신선도,1,0,0,신선도 호평 다수 (1건)
189027|429394,방림동 스테이크펍,광주,남구,가격,1,0,0,가격 호평 다수 (1건)
426137,방림촌식육식당,광주,남구,신선도,1,0,0,신선도 호평 다수 (1건)
426137,방림촌식육식당,광주,남구,서비스_친절도,1,0,0,서비스_친절도 호평 다수 (1건)
426143,방실네,광주,남구,맛,1,0,0,맛 호평 다수 (1건)
426143,방실네,광주,남구,신선도,1,0,0,신선도 호평 다수 (1건)
426144,방앗간집,광주,광산구,맛,1,0,0,맛 호평 다수 (1건)
426144,방앗간집,광주,광산구,신선도,1,0,0,신선도 호평 다수 (1건)
426144,방앗간집,광주,광산구,분위기,1,0,0,분위기 호평 다수 (1건)
426146,방울식당,광주,북구,맛,1,0,0,맛 호평 다수 (1건)
426146,방울식당,광주,북구,신선도,1,0,0,신선도 호평 다수 (1건)
426146,방울식당,광주,북구,분위기,1,0,0,분위기 호평 다수 (1건)
521776,방울키친,전남,장성군,맛,1,0,0,맛 호평 다수 (1건)
521776,방울키친,전남,장성군,신선도,1,0,0,신선도 호평 다수 (1건)
521776,방울키친,전남,장성군,접근성_웨이팅,1,0,0,접근성_웨이팅 호평 다수 (1건)
515904|961851,방콕43,광주,북구,분위기,1,0,0,분위기 호평 다수 (1건)
185730,방태막국수 광주하남점,광주,광산구,신선도,1,0,0,신선도 호평 다수 (1건)
522274,배가네김치찜,전남,진도군,맛,1,0,0,맛 호평 다수 (1건)
522274,배가네김치찜,전남,진도군,신선도,1,0,0,신선도 호평 다수 (1건)
185732,배가네동태탕찜전문점 상무점,광주,서구,신선도,1,0,0,신선도 호평 다수 (1건)
426151,배가네동태탕찜전문점,광주,북구,신선도,1,0,0,신선도 호평 다수 (1건)
426154,배가찐왕만두 선운지구 9호점,광주,광산구,맛,1,0,0,맛 호평 다수 (1건)
426154,배가찐왕만두 선운지구 9호점,광주,광산구,신선도,1,0,0,신선도 호평 다수 (1건)
426156,배가찐왕만두 운남5호점,광주,광산구,맛,1,0,0,맛 호평 다수 (1건)
426156,배가찐왕만두 운남5호점,광주,광산구,신선도,1,0,0,신선도 호평 다수 (1건)
426155,배가찐왕만두,광주,북구,서비스_친절도,1,0,0,서비스_친절도 호평 다수 (1건)
426162,배꼽시계,광주,동구,맛,1,0,0,맛 호평 다수 (1건)
426162,배꼽시계,광주,동구,신선도,1,0,0,신선도 호평 다수 (1건)
426163,배꼽창,광주,광산구,맛,1,0,0,맛 호평 다수 (1건)
426163,배꼽창,광주,광산구,신선도,1,0,0,신선도 호평 다수 (1건)
426163,배꼽창,광주,광산구,서비스_친절도,1,0,0,서비스_친절도 호평 다수 (1건)
519524|895684,배낭기미,전남,신안군,맛,1,0,0,맛 호평 다수 (1건)
519524|895684,배낭기미,전남,신안군,신선도,1,0,0,신선도 호평 다수 (1건)
185744,배달돼지 전남대점,광주,북구,맛,1,0,0,맛 호평 다수 (1건)
185744,배달돼지 전남대점,광주,북구,신선도,1,0,0,신선도 호평 다수 (1건)
185744,배달돼지 전남대점,광주,북구,분위기,1,0,0,분위기 호평 다수 (1건)
426165,배달로돼지 용봉점,광주,북구,맛,1,0,0,맛 호평 다수 (1건)
426170,배달삼겹 양만이 광주점,광주,서구,신선도,1,0,0,신선도 호평 다수 (1건)
426169,배달삼겹돼지되지 상무점,광주,서구,맛,1,0,0,맛 호평 다수 (1건)
521770,배달삼겹돼지되지 장성점,전남,장성군,맛,1,0,0,맛 호평 다수 (1건)
426168,배달삼겹돼지되지 조선대점,광주,동구,맛,1,0,0,맛 호평 다수 (1건)
426168,배달삼겹돼지되지 조선대점,광주,동구,신선도,1,0,0,신선도 호평 다수 (1건)
430465,배달삼겹돼지되지 주월점,광주,남구,신선도,1,0,0,신선도 호평 다수 (1건)
426169,배달삼겹돼지되지상무점,광주,서구,신선도,1,0,0,신선도 호평 다수 (1건)
426169,배달삼겹돼지되지상무점,광주,서구,서비스_친절도,1,0,0,서비스_친절도 호평 다수 (1건)
426173,배달아재,광주,북구,맛,1,0,0,맛 호평 다수 (1건)
426184,배떡 금호점,광주,서구,맛,1,0,0,맛 호평 다수 (1건)
426181,배떡 신창점,광주,광산구,맛,1,0,0,맛 호평 다수 (1건)
426188,배떡 운암점,광주,북구,맛,1,0,0,맛 호평 다수 (1건)
426188,배떡 운암점,광주,북구,신선도,1,0,0,신선도 호평 다수 (1건)
426188,배떡 운암점,광주,북구,분위기,1,0,0,분위기 호평 다수 (1건)
185763,배떡 조대점,광주,동구,분위기,1,0,0,분위기 호평 다수 (1건)
426193,배떡 화정점,광주,서구,신선도,1,0,0,신선도 호평 다수 (1건)
f5096b18c83c,배멧원,전남,나주시,신선도,1,0,0,신선도 호평 다수 (1건)
f5096b18c83c,배멧원,전남,나주시,위생_청결,1,0,0,위생_청결 호평 다수 (1건)
56016f5fb7bf,배멧초밥참치,전남,나주시,신선도,1,0,0,신선도 호평 다수 (1건)
426197,배부리왕만두 동천점,광주,서구,맛,1,0,0,맛 호평 다수 (1건)
426197,배부리왕만두 동천점,광주,서구,신선도,1,0,0,신선도 호평 다수 (1건)
426199,배부장찌개 광주계림점,광주,동구,신선도,1,0,0,신선도 호평 다수 (1건)
426201,배블리컨테이너,광주,서구,분위기,1,0,0,분위기 호평 다수 (1건)
185783,배삼요 배달삼겹살도 요리다 서구점,광주,서구,맛,1,0,0,맛 호평 다수 (1건)
185783,배삼요 배달삼겹살도 요리다 서구점,광주,서구,분위기,1,0,0,분위기 호평 다수 (1건)
185818,배식왕,광주,서구,맛,1,0,0,맛 호평 다수 (1건)
426242,배터지는생동까스 삼각점,광주,북구,신선도,1,0,0,신선도 호평 다수 (1건)
426242,배터지는생동까스 삼각점,광주,북구,분위기,1,0,0,분위기 호평 다수 (1건)
185822,배터지는생동까스 운남점,광주,광산구,맛,1,0,0,맛 호평 다수 (1건)
185822,배터지는생동까스 운남점,광주,광산구,신선도,1,0,0,신선도 호평 다수 (1건)
426240,배터지는생동까스 첨단점,광주,광산구,맛,1,0,0,맛 호평 다수 (1건)
426240,배터지는생동까스 첨단점,광주,광산구,신선도,1,0,0,신선도 호평 다수 (1건)
426245|879608|879953,백가네,광주,서구,신선도,1,0,0,신선도 호평 다수 (1건)
426245|879608|879953,백가네,광주,서구,분위기,1,0,0,분위기 호평 다수 (1건)
185827,백금당,광주,광산구,맛,1,0,0,맛 호평 다수 (1건)
185827,백금당,광주,광산구,서비스_친절도,1,0,0,서비스_친절도 호평 다수 (1건)
185827,백금당,광주,광산구,분위기,1,0,0,분위기 호평 다수 (1건)
519395|895595,백길천사횟집,전남,신안군,신선도,1,0,0,신선도 호평 다수 (1건)
522878|896698,백년가든,전남,화순군,분위기,1,0,0,분위기 호평 다수 (1건)
426247,백년대게,광주,남구,가격,1,0,0,가격 호평 다수 (1건)
185830,백년미가 유촌점,광주,서구,가격,1,0,0,가격 호평 다수 (1건)
185830,백년미가 유촌점,광주,서구,분위기,1,0,0,분위기 호평 다수 (1건)
185830,백년미가 유촌점,광주,서구,접근성_웨이팅,1,0,0,접근성_웨이팅 호평 다수 (1건)
185831,백년수갈비 돌고개점,광주,남구,맛,1,0,0,맛 호평 다수 (1건)
185831,백년수갈비 돌고개점,광주,남구,신선도,1,0,0,신선도 호평 다수 (1건)
185831,백년수갈비 돌고개점,광주,남구,양,1,0,0,양 호평 다수 (1건)
185831,백년수갈비 돌고개점,광주,남구,서비스_친절도,1,0,0,서비스_친절도 호평 다수 (1건)
426266,백년옥,광주,북구,분위기,1,0,0,분위기 호평 다수 (1건)
185832,백년왕갈비탕 양산동본점,광주,북구,맛,1,0,0,맛 호평 다수 (1건)
185832,백년왕갈비탕 양산동본점,광주,북구,서비스_친절도,1,0,0,서비스_친절도 호평 다수 (1건)
426252,백년짬뽕,광주,광산구,신선도,1,0,0,신선도 호평 다수 (1건)
426253,백년찜닭,광주,북구,신선도,1,0,0,신선도 호평 다수 (1건)
185838,백두대간,광주,동구,맛,1,0,0,맛 호평 다수 (1건)
185838,백두대간,광주,동구,신선도,1,0,0,신선도 호평 다수 (1건)
185838,백두대간,광주,동구,분위기,1,0,0,분위기 호평 다수 (1건)
426259,백두산 수완점,광주,광산구,신선도,1,0,0,신선도 호평 다수 (1건)
426262,백두산,광주,서구,신선도,1,0,0,신선도 호평 다수 (1건)
426264,백두산수산물회백화점,광주,광산구,신선도,1,0,0,신선도 호평 다수 (1건)
426265,백두세상 광주소촌동,광주,광산구,맛,1,0,0,맛 호평 다수 (1건)
185846,백두세상 송정점,광주,광산구,분위기,1,0,0,분위기 호평 다수 (1건)
521662,백련동편백농원,전남,장성군,서비스_친절도,1,0,0,서비스_친절도 호평 다수 (1건)
518265,백련제민물장어,전남,곡성군,접근성_웨이팅,1,0,0,접근성_웨이팅 호평 다수 (1건)
185850,백리향,광주,남구,분위기,1,0,0,분위기 호평 다수 (1건)
522482|896434,백마회관,전남,함평군,맛,1,0,0,맛 호평 다수 (1건)
522482|896434,백마회관,전남,함평군,신선도,1,0,0,신선도 호평 다수 (1건)
426271,백만불,광주,서구,신선도,1,0,0,신선도 호평 다수 (1건)
426271,백만불,광주,서구,분위기,1,0,0,분위기 호평 다수 (1건)
521669|895959,백반명가,전남,장성군,맛,1,0,0,맛 호평 다수 (1건)
521669|895959,백반명가,전남,장성군,신선도,1,0,0,신선도 호평 다수 (1건)
426280,백성대패&쭈꾸미 광주서구점,광주,서구,맛,1,0,0,맛 호평 다수 (1건)
426280,백성대패&쭈꾸미 광주서구점,광주,서구,서비스_친절도,1,0,0,서비스_친절도 호평 다수 (1건)
7f4ab4e353a2,백성식당,전남,목포시,서비스_친절도,1,0,0,서비스_친절도 호평 다수 (1건)
426281,백세추어탕,광주,북구,신선도,1,0,0,신선도 호평 다수 (1건)
518928|895238,백소정 전남도청점,전남,무안군,신선도,1,0,0,신선도 호평 다수 (1건)
426283,백수간재미,광주,남구,신선도,1,0,0,신선도 호평 다수 (1건)
426283,백수간재미,광주,남구,서비스_친절도,1,0,0,서비스_친절도 호평 다수 (1건)
56845|880491,백수초밥,전남,여수시,신선도,1,0,0,신선도 호평 다수 (1건)
426284,백식당 일곡본점,광주,북구,위생_청결,1,0,0,위생_청결 호평 다수 (1건)
519393,백야식당,전남,보성군,양,1,0,0,양 호평 다수 (1건)
426287,백야중화포차,광주,광산구,분위기,1,0,0,분위기 호평 다수 (1건)
520984,백양숯불고기,전남,장성군,맛,1,0,0,맛 호평 다수 (1건)
521678,백양칼국수,전남,장성군,맛,1,0,0,맛 호평 다수 (1건)
185871,백우촌닭,광주,광산구,신선도,1,0,0,신선도 호평 다수 (1건)
185871,백우촌닭,광주,광산구,서비스_친절도,1,0,0,서비스_친절도 호평 다수 (1건)
426293,백운74,광주,남구,신선도,1,0,0,신선도 호평 다수 (1건)
515721|961695,백운광장 스트리트 푸드존 꼬리치는 새우,광주,남구,맛,1,0,0,맛 호평 다수 (1건)
15f88aaa2efa,백운국수방,전남,광양시,신선도,1,0,0,신선도 호평 다수 (1건)
518398,백운산장,전남,곡성군,맛,1,0,0,맛 호평 다수 (1건)
426299,백운수산,광주,남구,신선도,1,0,0,신선도 호평 다수 (1건)
521972,백운수산굴구이,전남,장흥군,맛,1,0,0,맛 호평 다수 (1건)
521972,백운수산굴구이,전남,장흥군,신선도,1,0,0,신선도 호평 다수 (1건)
521972,백운수산굴구이,전남,장흥군,양,1,0,0,양 호평 다수 (1건)
521972,백운수산굴구이,전남,장흥군,접근성_웨이팅,1,0,0,접근성_웨이팅 호평 다수 (1건)
727d4073f2fa,백운식당,전남,광양시,맛,1,0,0,맛 호평 다수 (1건)
185872,백운초밥,광주,광산구,신선도,1,0,0,신선도 호평 다수 (1건)
836532|880621|880851,백운플라자 레스토랑,전남,광양시,신선도,1,0,0,신선도 호평 다수 (1건)
426301,백전만점,광주,광산구,신선도,1,0,0,신선도 호평 다수 (1건)
426301,백전만점,광주,광산구,서비스_친절도,1,0,0,서비스_친절도 호평 다수 (1건)
426302,백전주막,광주,광산구,맛,1,0,0,맛 호평 다수 (1건)
426302,백전주막,광주,광산구,신선도,1,0,0,신선도 호평 다수 (1건)
426303,백점김밥,광주,서구,신선도,1,0,0,신선도 호평 다수 (1건)
426303,백점김밥,광주,서구,가격,1,0,0,가격 호평 다수 (1건)
426303,백점김밥,광주,서구,서비스_친절도,1,0,0,서비스_친절도 호평 다수 (1건)
426305,백점치킨,광주,북구,맛,1,0,0,맛 호평 다수 (1건)
426305,백점치킨,광주,북구,신선도,1,0,0,신선도 호평 다수 (1건)
426309,백족발 본점,광주,광산구,맛,1,0,0,맛 호평 다수 (1건)
426314,백탄돈구이,광주,광산구,신선도,1,0,0,신선도 호평 다수 (1건)
185899,백프로국산감자탕,광주,서구,신선도,1,0,0,신선도 호평 다수 (1건)
426318,백합칼국수,광주,서구,맛,1,0,0,맛 호평 다수 (1건)
518387,백화식당,전남,곡성군,맛,1,0,0,맛 호평 다수 (1건)
426321,백희,광주,동구,분위기,1,0,0,분위기 호평 다수 (1건)
426322,밸런스,광주,서구,분위기,1,0,0,분위기 호평 다수 (1건)
520184,뱃고동,전남,완도군,서비스_친절도,1,0,0,서비스_친절도 호평 다수 (1건)
426323,뱃살도둑 상무점,광주,서구,신선도,1,0,0,신선도 호평 다수 (1건)
185909,버거스캔들 송정선운점,광주,광산구,맛,1,0,0,맛 호평 다수 (1건)
185909,버거스캔들 송정선운점,광주,광산구,신선도,1,0,0,신선도 호평 다수 (1건)
185909,버거스캔들 송정선운점,광주,광산구,서비스_친절도,1,0,0,서비스_친절도 호평 다수 (1건)
185909,버거스캔들 송정선운점,광주,광산구,분위기,1,0,0,분위기 호평 다수 (1건)
185910,버거앤프라이즈 광주용봉점,광주,북구,맛,1,0,0,맛 호평 다수 (1건)
185910,버거앤프라이즈 광주용봉점,광주,북구,신선도,1,0,0,신선도 호평 다수 (1건)
522597|896505,버거앤프라이즈 해남점,전남,해남군,신선도,1,0,0,신선도 호평 다수 (1건)
365886|426346|90566|879470,버거프라자 운림점,광주,동구,맛,1,0,0,맛 호평 다수 (1건)
365886|426346|90566|879470,버거프라자 운림점,광주,동구,분위기,1,0,0,분위기 호평 다수 (1건)
426351,버들동,광주,광산구,맛,0,1,0,맛 언급 (1건)
426351,버들동,광주,광산구,신선도,0,1,0,신선도 언급 (1건)
522834,버들식당 2호점,전남,화순군,신선도,1,0,0,신선도 호평 다수 (1건)
185938,버몬지,광주,광산구,맛,1,0,0,맛 호평 다수 (1건)
185941,버블버블 도산점,광주,광산구,서비스_친절도,1,0,0,서비스_친절도 호평 다수 (1건)
185941,버블버블 도산점,광주,광산구,분위기,1,0,0,분위기 호평 다수 (1건)
522225|896303,버섯마을,전남,진도군,맛,1,0,0,맛 호평 다수 (1건)
522225|896303,버섯마을,전남,진도군,신선도,1,0,0,신선도 호평 다수 (1건)
185946,버터올마이티,광주,광산구,서비스_친절도,1,0,0,서비스_친절도 호평 다수 (1건)
185946,버터올마이티,광주,광산구,분위기,1,0,0,분위기 호평 다수 (1건)
518651|895071,버트,전남,담양군,서비스_친절도,1,0,0,서비스_친절도 호평 다수 (1건)
521481|895834,번개반점,전남,완도군,맛,1,0,0,맛 호평 다수 (1건)
521481|895834,번개반점,전남,완도군,신선도,1,0,0,신선도 호평 다수 (1건)
426374,번영식당,광주,남구,맛,1,0,0,맛 호평 다수 (1건)
426376,번지있는주막,광주,남구,맛,1,0,0,맛 호평 다수 (1건)
426376,번지있는주막,광주,남구,분위기,1,0,0,분위기 호평 다수 (1건)
426378,벋,광주,서구,신선도,1,0,0,신선도 호평 다수 (1건)
426378,벋,광주,서구,분위기,1,0,0,분위기 호평 다수 (1건)
519348|895563,벌교꼬막맛집,전남,보성군,맛,1,0,0,맛 호평 다수 (1건)
519348|895563,벌교꼬막맛집,전남,보성군,신선도,1,0,0,신선도 호평 다수 (1건)
519348|895563,벌교꼬막맛집,전남,보성군,접근성_웨이팅,1,0,0,접근성_웨이팅 호평 다수 (1건)
521936,벌교꼬막정식,전남,장흥군,맛,1,0,0,맛 호평 다수 (1건)
426379,벌교소주방,광주,동구,맛,1,0,0,맛 호평 다수 (1건)
185964,벌집삼겹살 하남점,광주,광산구,맛,1,0,0,맛 호평 다수 (1건)
185964,벌집삼겹살 하남점,광주,광산구,신선도,1,0,0,신선도 호평 다수 (1건)
185964,벌집삼겹살 하남점,광주,광산구,분위기,1,0,0,분위기 호평 다수 (1건)
426491,벌툰전남대점,광주,북구,맛,1,0,0,맛 호평 다수 (1건)
426492,범두정,광주,북구,맛,1,0,0,맛 호평 다수 (1건)
426492,범두정,광주,북구,서비스_친절도,1,0,0,서비스_친절도 호평 다수 (1건)
517882,벚꽃가든,전남,강진군,맛,1,0,0,맛 호평 다수 (1건)
426498,베누스,광주,서구,신선도,1,0,0,신선도 호평 다수 (1건)
426498,베누스,광주,서구,분위기,1,0,0,분위기 호평 다수 (1건)
519946,베니스,전남,영암군,서비스_친절도,0,1,0,서비스_친절도 언급 (1건)
186084,베데스다,광주,남구,분위기,1,0,0,분위기 호평 다수 (1건)
186085,베라장,광주,동구,맛,1,0,0,맛 호평 다수 (1건)
186085,베라장,광주,동구,분위기,1,0,0,분위기 호평 다수 (1건)
186085,베라장,광주,동구,접근성_웨이팅,1,0,0,접근성_웨이팅 호평 다수 (1건)
426505,베러댄와플 광주운남점,광주,광산구,맛,1,0,0,맛 호평 다수 (1건)
426505,베러댄와플 광주운남점,광주,광산구,서비스_친절도,1,0,0,서비스_친절도 호평 다수 (1건)
522921,베러댄와플 전남화순점,전남,화순군,맛,1,0,0,맛 호평 다수 (1건)
522921,베러댄와플 전남화순점,전남,화순군,신선도,1,0,0,신선도 호평 다수 (1건)
ff883af1087f,베베로꽈배기 담양점,전남,담양군,맛,1,0,0,맛 호평 다수 (1건)
523057|836599|896822,베비에르 LF스퀘어광양점,전남,광양시,서비스_친절도,1,0,0,서비스_친절도 호평 다수 (1건)
523057|836599|896822,베비에르 LF스퀘어광양점,전남,광양시,접근성_웨이팅,1,0,0,접근성_웨이팅 호평 다수 (1건)
515862|961819,베비에르 문화전당점,광주,동구,맛,1,0,0,맛 호평 다수 (1건)
426531,베스트,광주,남구,맛,1,0,0,맛 호평 다수 (1건)
5a3db6076839,베스트샐러,전남,나주시,맛,1,0,0,맛 호평 다수 (1건)
5a3db6076839,베스트샐러,전남,나주시,신선도,1,0,0,신선도 호평 다수 (1건)
5a3db6076839,베스트샐러,전남,나주시,접근성_웨이팅,1,0,0,접근성_웨이팅 호평 다수 (1건)
426534,베스트식당,광주,남구,맛,1,0,0,맛 호평 다수 (1건)
186130,베이비블루,광주,동구,분위기,1,0,0,분위기 호평 다수 (1건)
426550,베이식스피자 주월점,광주,남구,맛,1,0,0,맛 호평 다수 (1건)
426550,베이식스피자 주월점,광주,남구,신선도,1,0,0,신선도 호평 다수 (1건)
522948,베이크원,전남,화순군,분위기,1,0,0,분위기 호평 다수 (1건)
426553,베지가든,광주,동구,분위기,1,0,0,분위기 호평 다수 (1건)
186138,베지풀 스테이크 샐러드,광주,광산구,맛,1,0,0,맛 호평 다수 (1건)
186139,베지프룻,광주,동구,신선도,1,0,0,신선도 호평 다수 (1건)
186140,베지프리,광주,서구,맛,1,0,0,맛 호평 다수 (1건)
186140,베지프리,광주,서구,신선도,1,0,0,신선도 호평 다수 (1건)
426571,베트남 하노이 쌀국수,광주,북구,맛,1,0,0,맛 호평 다수 (1건)
497d3be4d35f,베트남골목식당 광양시청점,전남,광양시,맛,1,0,0,맛 호평 다수 (1건)
497d3be4d35f,베트남골목식당 광양시청점,전남,광양시,분위기,1,0,0,분위기 호평 다수 (1건)
497d3be4d35f,베트남골목식당 광양시청점,전남,광양시,접근성_웨이팅,1,0,0,접근성_웨이팅 호평 다수 (1건)
518843|895182,베트남식당&마트,전남,담양군,맛,1,0,0,맛 호평 다수 (1건)
518843|895182,베트남식당&마트,전남,담양군,신선도,1,0,0,신선도 호평 다수 (1건)
424099,베트남쌀국수 리얼하노이 광주동구2호점,광주,동구,접근성_웨이팅,1,0,0,접근성_웨이팅 호평 다수 (1건)
186146,베트남쌀국수,광주,광산구,맛,1,0,0,맛 호평 다수 (1건)
186146,베트남쌀국수,광주,광산구,신선도,1,0,0,신선도 호평 다수 (1건)
426564,베트남이야기,광주,광산구,맛,1,0,0,맛 호평 다수 (1건)
426564,베트남이야기,광주,광산구,분위기,1,0,0,분위기 호평 다수 (1건)
426574,벤또스시,광주,북구,신선도,0,1,0,신선도 언급 (1건)
426574,벤또스시,광주,북구,양,0,1,0,양 언급 (1건)
426574,벤또스시,광주,북구,서비스_친절도,0,1,0,서비스_친절도 언급 (1건)
523457|837249,벤자민스,전남,나주시,분위기,1,0,0,분위기 호평 다수 (1건)
523457|837249,벤자민스,전남,나주시,재방문의사,1,0,0,재방문의사 호평 다수 (1건)
426578,벤틀리,광주,북구,맛,1,0,0,맛 호평 다수 (1건)
426578,벤틀리,광주,북구,신선도,1,0,0,신선도 호평 다수 (1건)
418850,벤티첼로,광주,남구,신선도,1,0,0,신선도 호평 다수 (1건)
523210,벨라,전남,광양시,분위기,1,0,0,분위기 호평 다수 (1건)
516272|962147,벨루가아뜰리에,광주,북구,맛,1,0,0,맛 호평 다수 (1건)
516272|962147,벨루가아뜰리에,광주,북구,신선도,1,0,0,신선도 호평 다수 (1건)
516272|962147,벨루가아뜰리에,광주,북구,분위기,1,0,0,분위기 호평 다수 (1건)
186165,벳투콴,광주,광산구,맛,1,0,0,맛 호평 다수 (1건)
186165,벳투콴,광주,광산구,신선도,1,0,0,신선도 호평 다수 (1건)
426584,벼타작,광주,북구,맛,1,0,0,맛 호평 다수 (1건)
519359|895571,벽돌,전남,보성군,분위기,1,0,0,분위기 호평 다수 (1건)
518408,벽송,전남,곡성군,맛,1,0,0,맛 호평 다수 (1건)
518408,벽송,전남,곡성군,신선도,1,0,0,신선도 호평 다수 (1건)
518681|895094,벽오동 본점,전남,담양군,맛,1,0,0,맛 호평 다수 (1건)
518681|895094,벽오동 본점,전남,담양군,신선도,1,0,0,신선도 호평 다수 (1건)
518681|895094,벽오동 본점,전남,담양군,서비스_친절도,1,0,0,서비스_친절도 호평 다수 (1건)
518681|895094,벽오동 본점,전남,담양군,분위기,1,0,0,분위기 호평 다수 (1건)
836928|880662,벽화당,전남,여수시,맛,1,0,0,맛 호평 다수 (1건)
426589,변사또꼬치구이,광주,서구,맛,1,0,0,맛 호평 다수 (1건)
426589,변사또꼬치구이,광주,서구,분위기,1,0,0,분위기 호평 다수 (1건)
426590,변재경참치,광주,남구,서비스_친절도,1,0,0,서비스_친절도 호평 다수 (1건)
90838,별난만두 백운서동점,광주,남구,맛,1,0,0,맛 호평 다수 (1건)
90838,별난만두 백운서동점,광주,남구,분위기,1,0,0,분위기 호평 다수 (1건)
522045|896199,별난만두 장흥점,전남,장흥군,맛,1,0,0,맛 호평 다수 (1건)
426595,별난식당,광주,광산구,맛,1,0,0,맛 호평 다수 (1건)
426595,별난식당,광주,광산구,신선도,1,0,0,신선도 호평 다수 (1건)
426595,별난식당,광주,광산구,분위기,1,0,0,분위기 호평 다수 (1건)
880586|96542,별미 콩나물국밥집,전남,순천시,맛,1,0,0,맛 호평 다수 (1건)
880586|96542,별미 콩나물국밥집,전남,순천시,신선도,1,0,0,신선도 호평 다수 (1건)
426602,별미국밥,광주,서구,신선도,1,0,0,신선도 호평 다수 (1건)
426610|879623,별미떡,광주,남구,맛,1,0,0,맛 호평 다수 (1건)
426606|879968,별미손만두 본점,광주,남구,맛,1,0,0,맛 호평 다수 (1건)
426606|879968,별미손만두 본점,광주,남구,신선도,1,0,0,신선도 호평 다수 (1건)
426605,별미손만두,광주,북구,맛,1,0,0,맛 호평 다수 (1건)
426605,별미손만두,광주,북구,신선도,1,0,0,신선도 호평 다수 (1건)
426604,별미순대국밥,광주,북구,맛,1,0,0,맛 호평 다수 (1건)
426604,별미순대국밥,광주,북구,위생_청결,1,0,0,위생_청결 호평 다수 (1건)
426604,별미순대국밥,광주,북구,분위기,1,0,0,분위기 호평 다수 (1건)
518122,별미정고흥점,전남,고흥군,위생_청결,1,0,0,위생_청결 호평 다수 (1건)
518122,별미정고흥점,전남,고흥군,분위기,1,0,0,분위기 호평 다수 (1건)
426608,별미집,광주,북구,분위기,1,0,0,분위기 호평 다수 (1건)
426611,별미추어탕,광주,광산구,신선도,1,0,0,신선도 호평 다수 (1건)
426611,별미추어탕,광주,광산구,서비스_친절도,1,0,0,서비스_친절도 호평 다수 (1건)
426613,별미콩나물국밥집,광주,북구,맛,1,0,0,맛 호평 다수 (1건)
426613,별미콩나물국밥집,광주,북구,신선도,1,0,0,신선도 호평 다수 (1건)
426614,별미해장국,광주,북구,맛,1,0,0,맛 호평 다수 (1건)
426614,별미해장국,광주,북구,서비스_친절도,1,0,0,서비스_친절도 호평 다수 (1건)
186216,별빛스푼 샐러드 전대점,광주,북구,맛,1,0,0,맛 호평 다수 (1건)
186216,별빛스푼 샐러드 전대점,광주,북구,신선도,1,0,0,신선도 호평 다수 (1건)
dc9e87acf960,별스넥,전남,목포시,신선도,1,0,0,신선도 호평 다수 (1건)
dc9e87acf960,별스넥,전남,목포시,서비스_친절도,1,0,0,서비스_친절도 호평 다수 (1건)
dc9e87acf960,별스넥,전남,목포시,분위기,1,0,0,분위기 호평 다수 (1건)
16d83a6a3538,별이네하우스,전남,나주시,분위기,1,0,0,분위기 호평 다수 (1건)
518391,별이반점,전남,곡성군,맛,1,0,0,맛 호평 다수 (1건)
518391,별이반점,전남,곡성군,신선도,1,0,0,신선도 호평 다수 (1건)
426643,별채,광주,동구,맛,1,0,0,맛 호평 다수 (1건)
426645,별천지,광주,서구,맛,1,0,0,맛 호평 다수 (1건)
518701|895111,별하당,전남,담양군,맛,1,0,0,맛 호평 다수 (1건)
517735,병영서가네,전남,강진군,맛,1,0,0,맛 호평 다수 (1건)
426649,병천순대국밥 용봉점,광주,북구,신선도,1,0,0,신선도 호평 다수 (1건)
532729,병풍산자락느티나무아래서,전남,담양군,분위기,1,0,0,분위기 호평 다수 (1건)
519516|895678,보광식당,전남,신안군,맛,1,0,0,맛 호평 다수 (1건)
519516|895678,보광식당,전남,신안군,신선도,1,0,0,신선도 호평 다수 (1건)
426651,보광옥,광주,동구,맛,1,0,0,맛 호평 다수 (1건)
426651,보광옥,광주,동구,신선도,1,0,0,신선도 호평 다수 (1건)
426653,보글보글,광주,북구,맛,1,0,0,맛 호평 다수 (1건)
426653,보글보글,광주,북구,신선도,1,0,0,신선도 호평 다수 (1건)
0f7a6eff4526,보길도의아침모텔횟집,전남,완도군,맛,1,0,0,맛 호평 다수 (1건)
0f7a6eff4526,보길도의아침모텔횟집,전남,완도군,신선도,1,0,0,신선도 호평 다수 (1건)
521520,보길연가,전남,완도군,맛,1,0,0,맛 호평 다수 (1건)
521520,보길연가,전남,완도군,분위기,1,0,0,분위기 호평 다수 (1건)
426659,보노보노웍 신창수완점,광주,광산구,맛,1,0,0,맛 호평 다수 (1건)
426659,보노보노웍 신창수완점,광주,광산구,분위기,1,0,0,분위기 호평 다수 (1건)
426660,보노보노웍 필라프&파스타,광주,북구,맛,1,0,0,맛 호평 다수 (1건)
426660,보노보노웍 필라프&파스타,광주,북구,신선도,1,0,0,신선도 호평 다수 (1건)
426660,보노보노웍 필라프&파스타,광주,북구,분위기,1,0,0,분위기 호평 다수 (1건)
426661,보니보니,광주,북구,맛,1,0,0,맛 호평 다수 (1건)
880583|91059,보드레족 해남점,전남,해남군,신선도,1,0,0,신선도 호평 다수 (1건)
880583|91059,보드레족 해남점,전남,해남군,분위기,1,0,0,분위기 호평 다수 (1건)
434292,보드레족발전문점,광주,남구,맛,1,0,0,맛 호평 다수 (1건)
434292,보드레족발전문점,광주,남구,신선도,1,0,0,신선도 호평 다수 (1건)
426668,보람식당,광주,동구,맛,1,0,0,맛 호평 다수 (1건)
426668,보람식당,광주,동구,신선도,1,0,0,신선도 호평 다수 (1건)
186252,보램보램,광주,남구,분위기,1,0,0,분위기 호평 다수 (1건)
426671,보름달,광주,서구,신선도,1,0,0,신선도 호평 다수 (1건)
426672,보리밥정식뜰,광주,광산구,신선도,1,0,0,신선도 호평 다수 (1건)
603dabba9344,보리보리쌀,전남,보성군,맛,1,0,0,맛 호평 다수 (1건)
6d2b1a96d6ef,보리수마차,전남,여수시,분위기,1,0,0,분위기 호평 다수 (1건)
426676,보리와이삭,광주,동구,신선도,1,0,0,신선도 호평 다수 (1건)
426676,보리와이삭,광주,동구,분위기,1,0,0,분위기 호평 다수 (1건)
186261,보리피리,광주,북구,맛,1,0,0,맛 호평 다수 (1건)
426679,보리향,광주,북구,분위기,1,0,0,분위기 호평 다수 (1건)
522025|896186,보림산장,전남,장흥군,맛,1,0,0,맛 호평 다수 (1건)
519823|895800,보명식육식당,전남,영광군,신선도,1,0,0,신선도 호평 다수 (1건)
519823|895800,보명식육식당,전남,영광군,가격,1,0,0,가격 호평 다수 (1건)
186265,보물섬 수완점,광주,광산구,서비스_친절도,1,0,0,서비스_친절도 호평 다수 (1건)
426684,보물섬회수산,광주,북구,신선도,1,0,0,신선도 호평 다수 (1건)
426687,보배김밥,광주,남구,신선도,1,0,0,신선도 호평 다수 (1건)
426691,보배반점 양산점,광주,북구,맛,1,0,0,맛 호평 다수 (1건)
426698,보보스,광주,북구,맛,1,0,0,맛 호평 다수 (1건)
426698,보보스,광주,북구,신선도,1,0,0,신선도 호평 다수 (1건)
426698,보보스,광주,북구,분위기,1,0,0,분위기 호평 다수 (1건)
426702|91127,보석식당,광주,동구,맛,1,0,0,맛 호평 다수 (1건)
9640,보성 한우직판장,전남,보성군,가격,1,0,0,가격 호평 다수 (1건)
9640,보성 한우직판장,전남,보성군,서비스_친절도,1,0,0,서비스_친절도 호평 다수 (1건)
426705|879971,보성녹계,광주,서구,신선도,1,0,0,신선도 호평 다수 (1건)
426706,보성녹돈 쌍촌점,광주,서구,신선도,1,0,0,신선도 호평 다수 (1건)
426706,보성녹돈 쌍촌점,광주,서구,서비스_친절도,1,0,0,서비스_친절도 호평 다수 (1건)
426710,보성녹차돼지식육식당,광주,북구,분위기,1,0,0,분위기 호평 다수 (1건)
186292|426708,보성녹차돼지한우,광주,동구,맛,1,0,0,맛 호평 다수 (1건)
186292|426708,보성녹차돼지한우,광주,동구,신선도,1,0,0,신선도 호평 다수 (1건)
186292|426708,보성녹차돼지한우,광주,동구,서비스_친절도,1,0,0,서비스_친절도 호평 다수 (1건)
519158|895415,보성녹차떡갈비원조,전남,보성군,가격,1,0,0,가격 호평 다수 (1건)
426709,보성녹차숙성생막걸리,광주,서구,신선도,1,0,0,신선도 호평 다수 (1건)
519209|895454,보성명가,전남,보성군,맛,1,0,0,맛 호평 다수 (1건)
519209|895454,보성명가,전남,보성군,신선도,1,0,0,신선도 호평 다수 (1건)
519209|895454,보성명가,전남,보성군,위생_청결,1,0,0,위생_청결 호평 다수 (1건)
519209|895454,보성명가,전남,보성군,분위기,1,0,0,분위기 호평 다수 (1건)
186295,보성식당,광주,동구,맛,1,0,0,맛 호평 다수 (1건)
426712|432843|879972,보성식육식당,광주,북구,신선도,1,0,0,신선도 호평 다수 (1건)
426712|432843|879972,보성식육식당,광주,북구,서비스_친절도,1,0,0,서비스_친절도 호평 다수 (1건)
426712|432843|879972,보성식육식당,광주,북구,분위기,1,0,0,분위기 호평 다수 (1건)
426713|879625|879973,보성아구찜,광주,광산구,신선도,1,0,0,신선도 호평 다수 (1건)
186298|426714,보성웰빙식당,광주,동구,맛,1,0,0,맛 호평 다수 (1건)
186298|426714,보성웰빙식당,광주,동구,신선도,1,0,0,신선도 호평 다수 (1건)
186299|426715,보성전집,광주,동구,신선도,1,0,0,신선도 호평 다수 (1건)
519354,보성회센터,전남,보성군,신선도,1,0,0,신선도 호평 다수 (1건)
519354,보성회센터,전남,보성군,접근성_웨이팅,1,0,0,접근성_웨이팅 호평 다수 (1건)
522525,보스,전남,함평군,맛,1,0,0,맛 호평 다수 (1건)
eda9b056ab8f,보스톤,전남,여수시,신선도,1,0,0,신선도 호평 다수 (1건)
186312|426728,보울 샐러드,광주,광산구,맛,1,0,0,맛 호평 다수 (1건)
186312|426728,보울 샐러드,광주,광산구,신선도,1,0,0,신선도 호평 다수 (1건)
518961|895265,보울레시피 남악점,전남,무안군,신선도,1,0,0,신선도 호평 다수 (1건)
186317|426733,보울레시피 선운점,광주,광산구,신선도,1,0,0,신선도 호평 다수 (1건)
186319|426735,보울레시피 용봉점,광주,북구,신선도,1,0,0,신선도 호평 다수 (1건)
186315,보울레시피 첨단점,광주,북구,신선도,1,0,0,신선도 호평 다수 (1건)
186320|426736,보울레시피 충장점,광주,동구,신선도,1,0,0,신선도 호평 다수 (1건)
186321,보울시스 광주운암동,광주,북구,맛,1,0,0,맛 호평 다수 (1건)
186321,보울시스 광주운암동,광주,북구,신선도,1,0,0,신선도 호평 다수 (1건)
522517,보은식육식당,전남,함평군,서비스_친절도,1,0,0,서비스_친절도 호평 다수 (1건)
522517,보은식육식당,전남,함평군,분위기,1,0,0,분위기 호평 다수 (1건)
186322,보자기족발 오치점,광주,북구,맛,1,0,0,맛 호평 다수 (1건)
186323,보자기족발,광주,동구,맛,1,0,0,맛 호평 다수 (1건)
186323,보자기족발,광주,동구,양,1,0,0,양 호평 다수 (1건)
186324|426739,보자기즉석왕족발,광주,광산구,신선도,1,0,0,신선도 호평 다수 (1건)
521689,보통날,전남,장성군,맛,1,0,0,맛 호평 다수 (1건)
deafef250b5d,보해식당,광주,동구,신선도,1,0,0,신선도 호평 다수 (1건)
186329|426744,보훈김밥라면,광주,광산구,신선도,1,0,0,신선도 호평 다수 (1건)
186333|426748,복길네아구찜,광주,북구,신선도,1,0,0,신선도 호평 다수 (1건)
519218|895463,복내식당,전남,보성군,신선도,1,0,0,신선도 호평 다수 (1건)
519218|895463,복내식당,전남,보성군,서비스_친절도,1,0,0,서비스_친절도 호평 다수 (1건)
186337|426752,복덕소주방,광주,북구,맛,1,0,0,맛 호평 다수 (1건)
186337|426752,복덕소주방,광주,북구,신선도,1,0,0,신선도 호평 다수 (1건)
189202|429565,복돼지,광주,광산구,신선도,1,0,0,신선도 호평 다수 (1건)
186343|426758,복불복,광주,서구,신선도,1,0,0,신선도 호평 다수 (1건)
186343|426758,복불복,광주,서구,분위기,1,0,0,분위기 호평 다수 (1건)
186344|426759,복뿔돈,광주,북구,맛,1,0,0,맛 호평 다수 (1건)
186344|426759,복뿔돈,광주,북구,신선도,1,0,0,신선도 호평 다수 (1건)
9642,복사골,전남,순천시,맛,1,0,0,맛 호평 다수 (1건)
9642,복사골,전남,순천시,신선도,1,0,0,신선도 호평 다수 (1건)
186345,복성,광주,서구,맛,1,0,0,맛 호평 다수 (1건)
186345,복성,광주,서구,신선도,1,0,0,신선도 호평 다수 (1건)
186347|426762,복순이네,광주,동구,맛,1,0,0,맛 호평 다수 (1건)
186347|426762,복순이네,광주,동구,신선도,1,0,0,신선도 호평 다수 (1건)
426764,복순이네회수산,광주,광산구,신선도,1,0,0,신선도 호평 다수 (1건)
186351|426766,복아구명가,광주,서구,신선도,1,0,0,신선도 호평 다수 (1건)
186352,복어명가 광주지산동,광주,동구,신선도,1,0,0,신선도 호평 다수 (1건)
522509,복이랑돈이랑,전남,함평군,신선도,1,0,0,신선도 호평 다수 (1건)
522488,복조리갈비,전남,함평군,맛,0,1,0,맛 언급 (1건)
522937|896742,복주고을,전남,화순군,맛,1,0,0,맛 호평 다수 (1건)
524046,복주키친,전남,여수시,신선도,1,0,0,신선도 호평 다수 (1건)
9643,복춘식당,전남,여수시,맛,1,0,0,맛 호평 다수 (1건)
9643,복춘식당,전남,여수시,신선도,1,0,0,신선도 호평 다수 (1건)
9643,복춘식당,전남,여수시,접근성_웨이팅,1,0,0,접근성_웨이팅 호평 다수 (1건)
519735|895773,복화정,전남,영광군,맛,1,0,0,맛 호평 다수 (1건)
519735|895773,복화정,전남,영광군,신선도,1,0,0,신선도 호평 다수 (1건)
186359|426773,복희추어탕,광주,서구,맛,1,0,0,맛 호평 다수 (1건)
186359|426773,복희추어탕,광주,서구,신선도,1,0,0,신선도 호평 다수 (1건)
186364,본가네국밥,광주,북구,신선도,1,0,0,신선도 호평 다수 (1건)
186365|426779,본가네추어탕,광주,북구,맛,1,0,0,맛 호평 다수 (1건)
186365|426779,본가네추어탕,광주,북구,신선도,1,0,0,신선도 호평 다수 (1건)
186366|426780,본가뒷고기,광주,동구,맛,1,0,0,맛 호평 다수 (1건)
186366|426780,본가뒷고기,광주,동구,신선도,1,0,0,신선도 호평 다수 (1건)
186368|426782,본가상무부세마늘보쌈,광주,북구,신선도,1,0,0,신선도 호평 다수 (1건)
186368|426782,본가상무부세마늘보쌈,광주,북구,분위기,1,0,0,분위기 호평 다수 (1건)
186369|426783,본가생태탕,광주,동구,맛,1,0,0,맛 호평 다수 (1건)
186361,본가오모가리탕,광주,광산구,신선도,1,0,0,신선도 호평 다수 (1건)
186361,본가오모가리탕,광주,광산구,위생_청결,1,0,0,위생_청결 호평 다수 (1건)
186362|426776,본가집국밥 광주본점,광주,광산구,서비스_친절도,1,0,0,서비스_친절도 호평 다수 (1건)
390697fa2b9c,본능족으로,전남,여수시,신선도,1,0,0,신선도 호평 다수 (1건)
186373,본담,광주,광산구,맛,1,0,0,맛 호평 다수 (1건)
186373,본담,광주,광산구,분위기,1,0,0,분위기 호평 다수 (1건)
522532|896457,본동기사식당,전남,해남군,서비스_친절도,1,0,0,서비스_친절도 호평 다수 (1건)
91103bc1fa38,본라포네 광주운암동,광주,북구,맛,1,0,0,맛 호평 다수 (1건)
91103bc1fa38,본라포네 광주운암동,광주,북구,가격,1,0,0,가격 호평 다수 (1건)
91103bc1fa38,본라포네 광주운암동,광주,북구,서비스_친절도,1,0,0,서비스_친절도 호평 다수 (1건)
517663,본부,전남,여수시,맛,1,0,0,맛 호평 다수 (1건)
516432,본샹스,광주,서구,서비스_친절도,1,0,0,서비스_친절도 호평 다수 (1건)
186393,본세이로무시 용봉직영점,광주,북구,맛,1,0,0,맛 호평 다수 (1건)
186393,본세이로무시 용봉직영점,광주,북구,신선도,1,0,0,신선도 호평 다수 (1건)
186394|426807,본스치킨 운남점,광주,광산구,맛,1,0,0,맛 호평 다수 (1건)
186394|426807,본스치킨 운남점,광주,광산구,신선도,1,0,0,신선도 호평 다수 (1건)
186397|426810,본앤우480,광주,서구,서비스_친절도,0,1,0,서비스_친절도 언급 (1건)
517953,본전갈비,전남,강진군,맛,1,0,0,맛 호평 다수 (1건)
517953,본전갈비,전남,강진군,신선도,1,0,0,신선도 호평 다수 (1건)
517953,본전갈비,전남,강진군,분위기,1,0,0,분위기 호평 다수 (1건)
186401|426814,본전생각,광주,북구,분위기,1,0,0,분위기 호평 다수 (1건)
521863|896079,본전식당,전남,장흥군,맛,1,0,0,맛 호평 다수 (1건)
521863|896079,본전식당,전남,장흥군,분위기,1,0,0,분위기 호평 다수 (1건)
4bbe86e3afef,본전회수산,전남,목포시,신선도,1,0,0,신선도 호평 다수 (1건)
523817|836347,본조르노,전남,순천시,맛,1,0,0,맛 호평 다수 (1건)
523817|836347,본조르노,전남,순천시,접근성_웨이팅,1,0,0,접근성_웨이팅 호평 다수 (1건)
186450,본참치 광주상무점,광주,서구,신선도,1,0,0,신선도 호평 다수 (1건)
c5d81d4a2beb,본참치,전남,나주시,신선도,1,0,0,신선도 호평 다수 (1건)
c5d81d4a2beb,본참치,전남,나주시,분위기,1,0,0,분위기 호평 다수 (1건)
521465,본초불닭발 완도점,전남,완도군,서비스_친절도,1,0,0,서비스_친절도 호평 다수 (1건)
186451,본초불닭발 용봉매곡점,광주,북구,맛,1,0,0,맛 호평 다수 (1건)
186451,본초불닭발 용봉매곡점,광주,북구,신선도,1,0,0,신선도 호평 다수 (1건)
186453|426866,본촌국밥,광주,북구,신선도,1,0,0,신선도 호평 다수 (1건)
186453|426866,본촌국밥,광주,북구,서비스_친절도,1,0,0,서비스_친절도 호평 다수 (1건)
426868,본촌칼국수,광주,북구,맛,1,0,0,맛 호평 다수 (1건)
426868,본촌칼국수,광주,북구,신선도,1,0,0,신선도 호평 다수 (1건)
186456|426869|516164|962064,본쿠라,광주,북구,맛,1,0,0,맛 호평 다수 (1건)
186456|426869|516164|962064,본쿠라,광주,북구,분위기,1,0,0,분위기 호평 다수 (1건)
186457|426870,본투비버거,광주,동구,신선도,1,0,0,신선도 호평 다수 (1건)
186457|426870,본투비버거,광주,동구,서비스_친절도,1,0,0,서비스_친절도 호평 다수 (1건)
186457|426870,본투비버거,광주,동구,분위기,1,0,0,분위기 호평 다수 (1건)
186465|426878,볼테기막창,광주,남구,신선도,1,0,0,신선도 호평 다수 (1건)
186465|426878,볼테기막창,광주,남구,분위기,1,0,0,분위기 호평 다수 (1건)
517703,봄177,전남,여수시,맛,1,0,0,맛 호평 다수 (1건)
517703,봄177,전남,여수시,신선도,1,0,0,신선도 호평 다수 (1건)
186470,봄날 광주용봉동,광주,북구,맛,1,0,0,맛 호평 다수 (1건)
186470,봄날 광주용봉동,광주,북구,분위기,1,0,0,분위기 호평 다수 (1건)
186471|426882,봄날애쭈꾸미,광주,광산구,맛,1,0,0,맛 호평 다수 (1건)
186471|426882,봄날애쭈꾸미,광주,광산구,신선도,1,0,0,신선도 호평 다수 (1건)
186472|426883,봄날은간다,광주,동구,맛,1,0,0,맛 호평 다수 (1건)
836548,봄차이나,전남,광양시,신선도,1,0,0,신선도 호평 다수 (1건)
523343,봇물,전남,나주시,맛,1,0,0,맛 호평 다수 (1건)
186480,봉구네족발,광주,북구,맛,1,0,0,맛 호평 다수 (1건)
521488,봉구반점,전남,완도군,맛,1,0,0,맛 호평 다수 (1건)
521488,봉구반점,전남,완도군,신선도,1,0,0,신선도 호평 다수 (1건)
521488,봉구반점,전남,완도군,위생_청결,1,0,0,위생_청결 호평 다수 (1건)
419801|426899,봉구상회 운남점,광주,광산구,서비스_친절도,1,0,0,서비스_친절도 호평 다수 (1건)
186487,봉구상회 풍암우미3호점,광주,서구,분위기,1,0,0,분위기 호평 다수 (1건)
186505|426916,봉덕소주방,광주,동구,맛,1,0,0,맛 호평 다수 (1건)
186505|426916,봉덕소주방,광주,동구,서비스_친절도,1,0,0,서비스_친절도 호평 다수 (1건)
186505|426916,봉덕소주방,광주,동구,분위기,1,0,0,분위기 호평 다수 (1건)
518562,봉동이가네,전남,구례군,맛,1,0,0,맛 호평 다수 (1건)
518562,봉동이가네,전남,구례군,신선도,1,0,0,신선도 호평 다수 (1건)
522008|896176,봉림정,전남,장흥군,서비스_친절도,1,0,0,서비스_친절도 호평 다수 (1건)
186510|426921,봉봉김밥,광주,북구,맛,1,0,0,맛 호평 다수 (1건)
186517|426928,봉선동그집,광주,남구,맛,1,0,0,맛 호평 다수 (1건)
186517|426928,봉선동그집,광주,남구,신선도,1,0,0,신선도 호평 다수 (1건)
189022,봉선동스테이,광주,남구,분위기,1,0,0,분위기 호평 다수 (1건)
186519|426930,봉선민물매운탕,광주,남구,맛,1,0,0,맛 호평 다수 (1건)
186519|426930,봉선민물매운탕,광주,남구,신선도,1,0,0,신선도 호평 다수 (1건)
186521|426932,봉선서해수산활어직판장 봉선본점,광주,남구,신선도,1,0,0,신선도 호평 다수 (1건)
426933,봉선시장 족발,광주,남구,맛,1,0,0,맛 호평 다수 (1건)
186522,봉선시장족발,광주,남구,맛,1,0,0,맛 호평 다수 (1건)
186522,봉선시장족발,광주,남구,신선도,1,0,0,신선도 호평 다수 (1건)
186523|426934,봉선역,광주,남구,맛,1,0,0,맛 호평 다수 (1건)
186523|426934,봉선역,광주,남구,서비스_친절도,1,0,0,서비스_친절도 호평 다수 (1건)
186523|426934,봉선역,광주,남구,분위기,1,0,0,분위기 호평 다수 (1건)
186525|426936,봉선참치,광주,남구,맛,1,0,0,맛 호평 다수 (1건)
186525|426936,봉선참치,광주,남구,신선도,1,0,0,신선도 호평 다수 (1건)
186525|426936,봉선참치,광주,남구,가격,1,0,0,가격 호평 다수 (1건)
186527|426938,봉선팥죽,광주,남구,신선도,1,0,0,신선도 호평 다수 (1건)
186530|426941,봉선화 본점,광주,광산구,맛,1,0,0,맛 호평 다수 (1건)
186530|426941,봉선화 본점,광주,광산구,신선도,1,0,0,신선도 호평 다수 (1건)
515728|961701,봉선화빛,광주,남구,신선도,1,0,0,신선도 호평 다수 (1건)
515728|961701,봉선화빛,광주,남구,서비스_친절도,1,0,0,서비스_친절도 호평 다수 (1건)
186531|426942,봉선회관,광주,남구,신선도,1,0,0,신선도 호평 다수 (1건)
518424,봉성식당,전남,구례군,맛,1,0,0,맛 호평 다수 (1건)
518425,봉성피자,전남,구례군,신선도,1,0,0,신선도 호평 다수 (1건)
518425,봉성피자,전남,구례군,분위기,1,0,0,분위기 호평 다수 (1건)
186532,봉수아피자 광주북구점,광주,북구,맛,1,0,0,맛 호평 다수 (1건)
186532,봉수아피자 광주북구점,광주,북구,위생_청결,1,0,0,위생_청결 호평 다수 (1건)
186532,봉수아피자 광주북구점,광주,북구,서비스_친절도,1,0,0,서비스_친절도 호평 다수 (1건)
186536|186537|426947,봉순국밥곱창구이,광주,광산구,맛,1,0,0,맛 호평 다수 (1건)
186536|186537|426947,봉순국밥곱창구이,광주,광산구,신선도,1,0,0,신선도 호평 다수 (1건)
186541|879631,봉이동동,광주,남구,맛,1,0,0,맛 호평 다수 (1건)
186541|879631,봉이동동,광주,남구,신선도,1,0,0,신선도 호평 다수 (1건)
186542|426953|879980,봉이선달,광주,남구,신선도,1,0,0,신선도 호평 다수 (1건)
519499|895668,봉자네1번지,전남,신안군,맛,1,0,0,맛 호평 다수 (1건)
097f8117abe9,봉자떡볶이첨단양산점 광주신용동,광주,북구,서비스_친절도,1,0,0,서비스_친절도 호평 다수 (1건)
539426,봉주르,전남,고흥군,맛,1,0,0,맛 호평 다수 (1건)
539426,봉주르,전남,고흥군,신선도,1,0,0,신선도 호평 다수 (1건)
186548|426959,봉창이칼국수,광주,북구,맛,1,0,0,맛 호평 다수 (1건)
186548|426959,봉창이칼국수,광주,북구,신선도,1,0,0,신선도 호평 다수 (1건)
91612,봉천동 진순자김밥,광주,북구,맛,1,0,0,맛 호평 다수 (1건)
91612,봉천동 진순자김밥,광주,북구,신선도,1,0,0,신선도 호평 다수 (1건)
186550|426961,봉천동진순자김밥 용봉점,광주,북구,맛,1,0,0,맛 호평 다수 (1건)
186550|426961,봉천동진순자김밥 용봉점,광주,북구,신선도,1,0,0,신선도 호평 다수 (1건)
f6196378ae8e,봉초밥참치회전문,광주,서구,신선도,1,0,0,신선도 호평 다수 (1건)
186552|426963|435601,봉초밥참치회전문점,광주,서구,신선도,1,0,0,신선도 호평 다수 (1건)
186552|426963|435601,봉초밥참치회전문점,광주,서구,분위기,1,0,0,분위기 호평 다수 (1건)
186557|426968,봉팔이네 산수점,광주,동구,맛,1,0,0,맛 호평 다수 (1건)
186557|426968,봉팔이네 산수점,광주,동구,신선도,1,0,0,신선도 호평 다수 (1건)
186556|426967,봉팔이네,광주,남구,신선도,1,0,0,신선도 호평 다수 (1건)
186558|426969,봉평메밀국수,광주,북구,맛,1,0,0,맛 호평 다수 (1건)
186558|426969,봉평메밀국수,광주,북구,신선도,1,0,0,신선도 호평 다수 (1건)
186563|426974,부경흑돼지구이,광주,서구,신선도,1,0,0,신선도 호평 다수 (1건)
186564|426975,부곡정,광주,동구,서비스_친절도,1,0,0,서비스_친절도 호평 다수 (1건)
186565,부광식당,광주,서구,신선도,1,0,0,신선도 호평 다수 (1건)
186567,부길추어탕 상무점,광주,서구,신선도,1,0,0,신선도 호평 다수 (1건)
186570|426981,부나비,광주,북구,신선도,1,0,0,신선도 호평 다수 (1건)
d671ab28b73f,부담없이한잔,전남,영광군,맛,1,0,0,맛 호평 다수 (1건)
d671ab28b73f,부담없이한잔,전남,영광군,신선도,1,0,0,신선도 호평 다수 (1건)
186571|426982,부대통령뚝배기 전남대점,광주,북구,맛,1,0,0,맛 호평 다수 (1건)
186576|426987,부뚜막국밥,광주,남구,분위기,1,0,0,분위기 호평 다수 (1건)
186575,부뚜막뒷고기,광주,서구,접근성_웨이팅,1,0,0,접근성_웨이팅 호평 다수 (1건)
186580|426991,부뚜막옛날통닭 하남1호점,광주,광산구,맛,1,0,0,맛 호평 다수 (1건)
186580|426991,부뚜막옛날통닭 하남1호점,광주,광산구,신선도,1,0,0,신선도 호평 다수 (1건)
186582|426993,부띠크그레이어,광주,남구,맛,1,0,0,맛 호평 다수 (1건)
186582|426993,부띠크그레이어,광주,남구,분위기,1,0,0,분위기 호평 다수 (1건)
186587|426998,부라보쪽갈비 소태점,광주,동구,맛,1,0,0,맛 호평 다수 (1건)
186587|426998,부라보쪽갈비 소태점,광주,동구,분위기,1,0,0,분위기 호평 다수 (1건)
186588,부라타랩 광주상무점,광주,서구,맛,1,0,0,맛 호평 다수 (1건)
523219|836763,부르스터스 아이스크림,전남,광양시,맛,1,0,0,맛 호평 다수 (1건)
523219|836763,부르스터스 아이스크림,전남,광양시,신선도,1,0,0,신선도 호평 다수 (1건)
186607,부리나바베큐치킨 화정월산점,광주,남구,맛,1,0,0,맛 호평 다수 (1건)
186607,부리나바베큐치킨 화정월산점,광주,남구,신선도,1,0,0,신선도 호평 다수 (1건)
186596|427006,부리나치킨 도산점,광주,광산구,맛,1,0,0,맛 호평 다수 (1건)
186601,부리나치킨 문흥점,광주,북구,맛,1,0,0,맛 호평 다수 (1건)
186601,부리나치킨 문흥점,광주,북구,서비스_친절도,1,0,0,서비스_친절도 호평 다수 (1건)
186597|427007,부리나치킨 선운점,광주,광산구,맛,1,0,0,맛 호평 다수 (1건)
186597|427007,부리나치킨 선운점,광주,광산구,신선도,1,0,0,신선도 호평 다수 (1건)
186606|427016,부리나치킨 용산점,광주,동구,맛,1,0,0,맛 호평 다수 (1건)
186600|427010,부리나치킨 전대점,광주,북구,맛,1,0,0,맛 호평 다수 (1건)
186600|427010,부리나치킨 전대점,광주,북구,서비스_친절도,1,0,0,서비스_친절도 호평 다수 (1건)
186602,부리나치킨 진월점,광주,남구,맛,1,0,0,맛 호평 다수 (1건)
186602,부리나치킨 진월점,광주,남구,신선도,1,0,0,신선도 호평 다수 (1건)
186602,부리나치킨 진월점,광주,남구,서비스_친절도,1,0,0,서비스_친절도 호평 다수 (1건)
186589|427000|879981,부리나치킨 첨단점,광주,광산구,맛,1,0,0,맛 호평 다수 (1건)
186603,"부리나치킨 효천1,2지구점",광주,남구,맛,1,0,0,맛 호평 다수 (1건)
186590|427001,부리나치킨동명점,광주,동구,맛,1,0,0,맛 호평 다수 (1건)
186608|427018,부림먹거리,광주,남구,맛,1,0,0,맛 호평 다수 (1건)
186608|427018,부림먹거리,광주,남구,신선도,1,0,0,신선도 호평 다수 (1건)
532735,부부아이스크림,전남,담양군,맛,1,0,0,맛 호평 다수 (1건)
186610,부부원조국밥,광주,동구,신선도,1,0,0,신선도 호평 다수 (1건)
186613,부부파스타,광주,남구,맛,1,0,0,맛 호평 다수 (1건)
186613,부부파스타,광주,남구,신선도,1,0,0,신선도 호평 다수 (1건)
186613,부부파스타,광주,남구,서비스_친절도,1,0,0,서비스_친절도 호평 다수 (1건)
521965,부부한우,전남,장흥군,맛,1,0,0,맛 호평 다수 (1건)
521965,부부한우,전남,장흥군,분위기,1,0,0,분위기 호평 다수 (1건)
186615|427025,부빈식당,광주,북구,신선도,1,0,0,신선도 호평 다수 (1건)
429220,부산충무수산,광주,북구,맛,1,0,0,맛 호평 다수 (1건)
429220,부산충무수산,광주,북구,신선도,1,0,0,신선도 호평 다수 (1건)
186626|427036,부엉이돈가스 롯데아울렛광주월드컵점,광주,서구,맛,1,0,0,맛 호평 다수 (1건)
186626|427036,부엉이돈가스 롯데아울렛광주월드컵점,광주,서구,신선도,1,0,0,신선도 호평 다수 (1건)
532736,부엉이식당,광주,남구,맛,1,0,0,맛 호평 다수 (1건)
532736,부엉이식당,광주,남구,신선도,1,0,0,신선도 호평 다수 (1건)
186633,부엌간 진월점,광주,남구,맛,1,0,0,맛 호평 다수 (1건)
186633,부엌간 진월점,광주,남구,분위기,1,0,0,분위기 호평 다수 (1건)
186634|427044,부영식당,광주,북구,분위기,1,0,0,분위기 호평 다수 (1건)
39289cec96ed,부영식육식당맛대맛,전남,나주시,가격,1,0,0,가격 호평 다수 (1건)
92c5d981954d,부영정통중화요리,전남,광양시,신선도,1,0,0,신선도 호평 다수 (1건)
92c5d981954d,부영정통중화요리,전남,광양시,서비스_친절도,1,0,0,서비스_친절도 호평 다수 (1건)
186636,부영통닭 조대점,광주,동구,맛,1,0,0,맛 호평 다수 (1건)
522059|896208,부용식당,전남,장흥군,분위기,1,0,0,분위기 호평 다수 (1건)
186643,부원한방삼계탕,광주,북구,맛,1,0,0,맛 호평 다수 (1건)
186643,부원한방삼계탕,광주,북구,신선도,1,0,0,신선도 호평 다수 (1건)
186643,부원한방삼계탕,광주,북구,위생_청결,1,0,0,위생_청결 호평 다수 (1건)
186643,부원한방삼계탕,광주,북구,분위기,1,0,0,분위기 호평 다수 (1건)
186646|427056|961619,부자가든,광주,남구,신선도,1,0,0,신선도 호평 다수 (1건)
186647|427057,부자식당,광주,동구,맛,1,0,0,맛 호평 다수 (1건)
f9554adea9b0,부자치킨 우산점,광주,광산구,맛,1,0,0,맛 호평 다수 (1건)
f9554adea9b0,부자치킨 우산점,광주,광산구,신선도,1,0,0,신선도 호평 다수 (1건)
522807|896639,부잣집등갈비,전남,화순군,맛,1,0,0,맛 호평 다수 (1건)
522807|896639,부잣집등갈비,전남,화순군,신선도,1,0,0,신선도 호평 다수 (1건)
186651,부지깽이참숯구이,광주,북구,신선도,1,0,0,신선도 호평 다수 (1건)
186652,부촌숯불갈비,광주,남구,맛,1,0,0,맛 호평 다수 (1건)
186652,부촌숯불갈비,광주,남구,신선도,1,0,0,신선도 호평 다수 (1건)
186654,부타,광주,북구,서비스_친절도,1,0,0,서비스_친절도 호평 다수 (1건)
427068,부흥반점,광주,동구,신선도,1,0,0,신선도 호평 다수 (1건)
427068,부흥반점,광주,동구,가격,1,0,0,가격 호평 다수 (1건)
427069,부흥중화요리,광주,동구,맛,1,0,0,맛 호평 다수 (1건)
427069,부흥중화요리,광주,동구,접근성_웨이팅,1,0,0,접근성_웨이팅 호평 다수 (1건)
186662|427072,북경,광주,광산구,맛,1,0,0,맛 호평 다수 (1건)
186662|427072,북경,광주,광산구,신선도,1,0,0,신선도 호평 다수 (1건)
186667|427077,북경반점,광주,북구,분위기,1,0,0,분위기 호평 다수 (1건)
518240,북경원,전남,곡성군,맛,1,0,0,맛 호평 다수 (1건)
522568|896483,북일기사식당,전남,해남군,맛,1,0,0,맛 호평 다수 (1건)
522568|896483,북일기사식당,전남,해남군,양,1,0,0,양 호평 다수 (1건)
186678,북촌3대갈비,광주,북구,맛,1,0,0,맛 호평 다수 (1건)
186678,북촌3대갈비,광주,북구,분위기,1,0,0,분위기 호평 다수 (1건)
423500,북촌닭강정,광주,북구,맛,1,0,0,맛 호평 다수 (1건)
186679|427089,북촌손만두 광주수완점,광주,광산구,신선도,1,0,0,신선도 호평 다수 (1건)
186680|427090,북촌손만두 광주첨단점,광주,광산구,맛,1,0,0,맛 호평 다수 (1건)
186680|427090,북촌손만두 광주첨단점,광주,광산구,신선도,1,0,0,신선도 호평 다수 (1건)
48202f6f9d5d,북한강,전남,나주시,접근성_웨이팅,1,0,0,접근성_웨이팅 호평 다수 (1건)
519862,분등장어,전남,영광군,신선도,1,0,0,신선도 호평 다수 (1건)
519862,분등장어,전남,영광군,접근성_웨이팅,1,0,0,접근성_웨이팅 호평 다수 (1건)
186687|427097,분식인생 광주점,광주,북구,맛,1,0,0,맛 호평 다수 (1건)
186687|427097,분식인생 광주점,광주,북구,서비스_친절도,1,0,0,서비스_친절도 호평 다수 (1건)
186688|369007|96009,분식집,광주,동구,맛,1,0,0,맛 호평 다수 (1건)
186689|427099,분짜라붐 롯데아울렛 광주수완점,광주,광산구,맛,1,0,0,맛 호평 다수 (1건)
186689|427099,분짜라붐 롯데아울렛 광주수완점,광주,광산구,신선도,1,0,0,신선도 호평 다수 (1건)
186690|421089|879632,분포나인,광주,남구,맛,1,0,0,맛 호평 다수 (1건)
186690|421089|879632,분포나인,광주,남구,신선도,1,0,0,신선도 호평 다수 (1건)
186692,불고기랑 찌개랑,광주,북구,맛,1,0,0,맛 호평 다수 (1건)
186692,불고기랑 찌개랑,광주,북구,신선도,1,0,0,신선도 호평 다수 (1건)
518597,불곰산장,전남,구례군,위생_청결,1,0,0,위생_청결 호평 다수 (1건)
186693|427103,불구경간곱창,광주,북구,맛,1,0,0,맛 호평 다수 (1건)
186694,불굴의떡볶이 광주전남대점,광주,북구,신선도,1,0,0,신선도 호평 다수 (1건)
186695|427105|879988,불꼬챙이,광주,광산구,맛,1,0,0,맛 호평 다수 (1건)
186695|427105|879988,불꼬챙이,광주,광산구,신선도,1,0,0,신선도 호평 다수 (1건)
186696,불꽃닭,광주,서구,맛,1,0,0,맛 호평 다수 (1건)
186696,불꽃닭,광주,서구,신선도,1,0,0,신선도 호평 다수 (1건)
186697|427107,불꽃초밥,광주,북구,신선도,1,0,0,신선도 호평 다수 (1건)
186698,불끈불낙,광주,광산구,신선도,1,0,0,신선도 호평 다수 (1건)
522305,불난집,전남,진도군,맛,1,0,0,맛 호평 다수 (1건)
522305,불난집,전남,진도군,신선도,1,0,0,신선도 호평 다수 (1건)
522305,불난집,전남,진도군,분위기,1,0,0,분위기 호평 다수 (1건)
186700|427110,불노리,광주,남구,분위기,1,0,0,분위기 호평 다수 (1건)
185602,불더덕 본점,광주,광산구,신선도,1,0,0,신선도 호평 다수 (1건)
186711|436477,불땡국수 무등점,광주,남구,맛,1,0,0,맛 호평 다수 (1건)
186711|436477,불땡국수 무등점,광주,남구,신선도,1,0,0,신선도 호평 다수 (1건)
186712|427122,불로동텟판,광주,동구,맛,1,0,0,맛 호평 다수 (1건)
186712|427122,불로동텟판,광주,동구,신선도,1,0,0,신선도 호평 다수 (1건)
518208,불로만치킨바베큐 고흥점,전남,고흥군,맛,1,0,0,맛 호평 다수 (1건)
186714|427124,불로만치킨바베큐 노대점,광주,남구,맛,1,0,0,맛 호평 다수 (1건)
186714|427124,불로만치킨바베큐 노대점,광주,남구,신선도,1,0,0,신선도 호평 다수 (1건)
186713|427123,불로만치킨바베큐 문흥점,광주,북구,맛,1,0,0,맛 호평 다수 (1건)
188896|429266|617403,불문주야,광주,동구,맛,1,0,0,맛 호평 다수 (1건)
188896|429266|617403,불문주야,광주,동구,서비스_친절도,1,0,0,서비스_친절도 호평 다수 (1건)
517427,불야성,전남,순천시,맛,1,0,0,맛 호평 다수 (1건)
517427,불야성,전남,순천시,분위기,1,0,0,분위기 호평 다수 (1건)
186718,불장난파스타 첨단점,광주,북구,서비스_친절도,0,1,0,서비스_친절도 언급 (1건)
d943ece9178b,불쟁이신쭈꾸 중동점,전남,광양시,분위기,1,0,0,분위기 호평 다수 (1건)
186729,불타는마차,광주,남구,분위기,1,0,0,분위기 호평 다수 (1건)
186730|427140,불타는맛집,광주,북구,신선도,1,0,0,신선도 호평 다수 (1건)
186732|427142,불타는밤,광주,북구,신선도,1,0,0,신선도 호평 다수 (1건)
186733|427143,불타는복돼지,광주,북구,위생_청결,1,0,0,위생_청결 호평 다수 (1건)
186736|427146,불타는짜장,광주,동구,서비스_친절도,1,0,0,서비스_친절도 호평 다수 (1건)
523203|836768,불타는토스트 광양읍점,전남,광양시,맛,1,0,0,맛 호평 다수 (1건)
427148,불타는한잔,광주,남구,맛,1,0,0,맛 호평 다수 (1건)
427148,불타는한잔,광주,남구,가격,1,0,0,가격 호평 다수 (1건)
427148,불타는한잔,광주,남구,분위기,1,0,0,분위기 호평 다수 (1건)
186739|427149,불티나팥죽,광주,북구,맛,1,0,0,맛 호평 다수 (1건)
186740|427150,불판칼판,광주,광산구,신선도,1,0,0,신선도 호평 다수 (1건)
420850,불향입은 꼬꼬닭,광주,광산구,신선도,1,0,0,신선도 호평 다수 (1건)
420850,불향입은 꼬꼬닭,광주,광산구,접근성_웨이팅,1,0,0,접근성_웨이팅 호평 다수 (1건)
186747|427157,붕어랑메기랑 2호점,광주,북구,맛,1,0,0,맛 호평 다수 (1건)
524044,뷰,전남,여수시,분위기,1,0,0,분위기 호평 다수 (1건)
186754,브라더뒷고기 본점,광주,북구,맛,1,0,0,맛 호평 다수 (1건)
186754,브라더뒷고기 본점,광주,북구,신선도,1,0,0,신선도 호평 다수 (1건)
186755,브라더오뎅 광주문흥지구점,광주,북구,맛,1,0,0,맛 호평 다수 (1건)
186755,브라더오뎅 광주문흥지구점,광주,북구,신선도,1,0,0,신선도 호평 다수 (1건)
186756|427166,브라더직화배달삼겹 광주광산점,광주,광산구,맛,1,0,0,맛 호평 다수 (1건)
186756|427166,브라더직화배달삼겹 광주광산점,광주,광산구,신선도,1,0,0,신선도 호평 다수 (1건)
186756|427166,브라더직화배달삼겹 광주광산점,광주,광산구,서비스_친절도,1,0,0,서비스_친절도 호평 다수 (1건)
186758|427168,브라보7080,광주,광산구,맛,1,0,0,맛 호평 다수 (1건)
186758|427168,브라보7080,광주,광산구,신선도,1,0,0,신선도 호평 다수 (1건)
186758|427168,브라보7080,광주,광산구,분위기,1,0,0,분위기 호평 다수 (1건)
186759|427169,브라보치킨피자 조선대점,광주,동구,신선도,1,0,0,신선도 호평 다수 (1건)
186759|427169,브라보치킨피자 조선대점,광주,동구,가격,1,0,0,가격 호평 다수 (1건)
186765,브레이브퀸,광주,광산구,서비스_친절도,1,0,0,서비스_친절도 호평 다수 (1건)
186765,브레이브퀸,광주,광산구,분위기,1,0,0,분위기 호평 다수 (1건)
186766,브레이크타임,광주,광산구,맛,1,0,0,맛 호평 다수 (1건)
186766,브레이크타임,광주,광산구,분위기,1,0,0,분위기 호평 다수 (1건)
427180,브로피자 4호점,광주,동구,맛,1,0,0,맛 호평 다수 (1건)
186770,브로피자4호점,광주,동구,신선도,1,0,0,신선도 호평 다수 (1건)
516420,블랑제리29,광주,서구,맛,1,0,0,맛 호평 다수 (1건)
516420,블랑제리29,광주,서구,분위기,1,0,0,분위기 호평 다수 (1건)
186796|427206,블랑주리,광주,광산구,맛,1,0,0,맛 호평 다수 (1건)
186804|427214,블랙모밀 광주본점,광주,북구,분위기,0,1,0,분위기 언급 (1건)
186806,블랙빈 3호점,광주,동구,맛,1,0,0,맛 호평 다수 (1건)
186806,블랙빈 3호점,광주,동구,신선도,1,0,0,신선도 호평 다수 (1건)
186811|427221|879633,블랙테일버거,광주,남구,서비스_친절도,1,0,0,서비스_친절도 호평 다수 (1건)
186815|427225,블랙홀김밥,광주,북구,신선도,1,0,0,신선도 호평 다수 (1건)
186815|427225,블랙홀김밥,광주,북구,분위기,1,0,0,분위기 호평 다수 (1건)
186818,블레드 광주신창점,광주,광산구,맛,1,0,0,맛 호평 다수 (1건)
186818,블레드 광주신창점,광주,광산구,신선도,1,0,0,신선도 호평 다수 (1건)
515989|961928,블레스롤 광주상무점,광주,서구,분위기,1,0,0,분위기 호평 다수 (1건)
186820,블렌딩샵,광주,북구,맛,1,0,0,맛 호평 다수 (1건)
186831|427241,블루문,광주,광산구,서비스_친절도,1,0,0,서비스_친절도 호평 다수 (1건)
186831|427241,블루문,광주,광산구,분위기,1,0,0,분위기 호평 다수 (1건)
186837|427247,블루버드,광주,북구,신선도,1,0,0,신선도 호평 다수 (1건)
186837|427247,블루버드,광주,북구,분위기,1,0,0,분위기 호평 다수 (1건)
186845,블루웨일,광주,동구,맛,1,0,0,맛 호평 다수 (1건)
186845,블루웨일,광주,동구,분위기,1,0,0,분위기 호평 다수 (1건)
519352,블루짱뚱어,전남,보성군,신선도,1,0,0,신선도 호평 다수 (1건)
519352,블루짱뚱어,전남,보성군,접근성_웨이팅,1,0,0,접근성_웨이팅 호평 다수 (1건)
186849,블루포트 광주과학기술원,광주,북구,분위기,1,0,0,분위기 호평 다수 (1건)
186854,블루포트 전남대학교병원점,광주,동구,맛,1,0,0,맛 호평 다수 (1건)
186854,블루포트 전남대학교병원점,광주,동구,분위기,1,0,0,분위기 호평 다수 (1건)
186850,블루포트,광주,남구,맛,1,0,0,맛 호평 다수 (1건)
186850,블루포트,광주,남구,분위기,1,0,0,분위기 호평 다수 (1건)
186862,블리스아웃,광주,북구,분위기,1,0,0,분위기 호평 다수 (1건)
186864|427273|879991,븟,광주,광산구,맛,1,0,0,맛 호평 다수 (1건)
186864|427273|879991,븟,광주,광산구,신선도,1,0,0,신선도 호평 다수 (1건)
518839|895180,비가일,전남,담양군,맛,1,0,0,맛 호평 다수 (1건)
518839|895180,비가일,전남,담양군,분위기,1,0,0,분위기 호평 다수 (1건)
519502|895670,비금 백년가든,전남,신안군,맛,1,0,0,맛 호평 다수 (1건)
186865|427274,비금도,광주,서구,맛,1,0,0,맛 호평 다수 (1건)
186865|427274,비금도,광주,서구,신선도,1,0,0,신선도 호평 다수 (1건)
186873,비니분식,광주,서구,신선도,1,0,0,신선도 호평 다수 (1건)
186873,비니분식,광주,서구,서비스_친절도,1,0,0,서비스_친절도 호평 다수 (1건)
186877,비룡,광주,광산구,맛,1,0,0,맛 호평 다수 (1건)
186877,비룡,광주,광산구,신선도,1,0,0,신선도 호평 다수 (1건)
522755,비룡반점,전남,해남군,맛,1,0,0,맛 호평 다수 (1건)
522755,비룡반점,전남,해남군,서비스_친절도,1,0,0,서비스_친절도 호평 다수 (1건)
522755,비룡반점,전남,해남군,분위기,1,0,0,분위기 호평 다수 (1건)
519073|895349,비룡해물철판짬뽕짜장,전남,무안군,맛,1,0,0,맛 호평 다수 (1건)
519073|895349,비룡해물철판짬뽕짜장,전남,무안군,서비스_친절도,1,0,0,서비스_친절도 호평 다수 (1건)
523156|836628,비밀정원,전남,광양시,맛,1,0,0,맛 호평 다수 (1건)
523156|836628,비밀정원,전남,광양시,신선도,1,0,0,신선도 호평 다수 (1건)
186881,비바로마,광주,서구,맛,1,0,0,맛 호평 다수 (1건)
186881,비바로마,광주,서구,신선도,1,0,0,신선도 호평 다수 (1건)
517317,비버베이크하우스,전남,순천시,맛,1,0,0,맛 호평 다수 (1건)
517317,비버베이크하우스,전남,순천시,신선도,1,0,0,신선도 호평 다수 (1건)
18833f4c7b47,비비브라운빈,광주,광산구,분위기,1,0,0,분위기 호평 다수 (1건)
49ffe7780675,비사이드유,전남,광양시,맛,1,0,0,맛 호평 다수 (1건)
49ffe7780675,비사이드유,전남,광양시,신선도,1,0,0,신선도 호평 다수 (1건)
49ffe7780675,비사이드유,전남,광양시,분위기,1,0,0,분위기 호평 다수 (1건)
186946|427354,비스트로피자 광주1호점,광주,북구,위생_청결,1,0,0,위생_청결 호평 다수 (1건)
186946|427354,비스트로피자 광주1호점,광주,북구,서비스_친절도,1,0,0,서비스_친절도 호평 다수 (1건)
186948|427356,비스트로피자 광주서구점,광주,서구,위생_청결,1,0,0,위생_청결 호평 다수 (1건)
186948|427356,비스트로피자 광주서구점,광주,서구,서비스_친절도,1,0,0,서비스_친절도 호평 다수 (1건)
186949|427357,비스트로피자 광주첨단점,광주,광산구,위생_청결,1,0,0,위생_청결 호평 다수 (1건)
186949|427357,비스트로피자 광주첨단점,광주,광산구,서비스_친절도,1,0,0,서비스_친절도 호평 다수 (1건)
186950|427358,비스포크삼겹,광주,서구,신선도,1,0,0,신선도 호평 다수 (1건)
186950|427358,비스포크삼겹,광주,서구,서비스_친절도,1,0,0,서비스_친절도 호평 다수 (1건)
186952|427360,비아골먹거리장터,광주,광산구,신선도,1,0,0,신선도 호평 다수 (1건)
186952|427360,비아골먹거리장터,광주,광산구,서비스_친절도,1,0,0,서비스_친절도 호평 다수 (1건)
186955|427363,비아맛나감자탕,광주,광산구,맛,1,0,0,맛 호평 다수 (1건)
186955|427363,비아맛나감자탕,광주,광산구,분위기,1,0,0,분위기 호평 다수 (1건)
427368,비아시장통닭,광주,광산구,접근성_웨이팅,1,0,0,접근성_웨이팅 호평 다수 (1건)
186961|427369,비아진국밥,광주,광산구,신선도,1,0,0,신선도 호평 다수 (1건)
186962|427370,비아추어정,광주,광산구,맛,1,0,0,맛 호평 다수 (1건)
186962|427370,비아추어정,광주,광산구,신선도,1,0,0,신선도 호평 다수 (1건)
187027|427435,비원회관,광주,남구,신선도,1,0,0,신선도 호평 다수 (1건)
92579,비젼푸드,광주,광산구,맛,1,0,0,맛 호평 다수 (1건)
92579,비젼푸드,광주,광산구,신선도,1,0,0,신선도 호평 다수 (1건)
187030|427438,비쥬앤쥬스,광주,광산구,신선도,1,0,0,신선도 호평 다수 (1건)
f8300aea4140,비치갤러리,전남,목포시,분위기,1,0,0,분위기 호평 다수 (1건)
519279|895511,비치횟집,전남,보성군,맛,1,0,0,맛 호평 다수 (1건)
519279|895511,비치횟집,전남,보성군,신선도,1,0,0,신선도 호평 다수 (1건)
92594,비클래시,전남,나주시,맛,1,0,0,맛 호평 다수 (1건)
427452,비티씨르만,광주,동구,맛,1,0,0,맛 호평 다수 (1건)
427452,비티씨르만,광주,동구,신선도,1,0,0,신선도 호평 다수 (1건)
427452,비티씨르만,광주,동구,분위기,1,0,0,분위기 호평 다수 (1건)
518633,비파가든,전남,구례군,분위기,1,0,0,분위기 호평 다수 (1건)
187731|428126,비학산생선구이,광주,서구,신선도,1,0,0,신선도 호평 다수 (1건)
427456,빅돈부리 호대점,광주,광산구,신선도,1,0,0,신선도 호평 다수 (1건)
427456,빅돈부리 호대점,광주,광산구,분위기,1,0,0,분위기 호평 다수 (1건)
187056|427463,빅스타피자 광주남구점,광주,남구,맛,1,0,0,맛 호평 다수 (1건)
187056|427463,빅스타피자 광주남구점,광주,남구,신선도,1,0,0,신선도 호평 다수 (1건)
187057|427464,빅스타피자 광주동구점,광주,동구,서비스_친절도,1,0,0,서비스_친절도 호평 다수 (1건)
9102bda23f55,빅스타피자 광주쌍촌점,광주,서구,접근성_웨이팅,1,0,0,접근성_웨이팅 호평 다수 (1건)
187059|189167,빅스타피자 광주운암점,광주,북구,신선도,1,0,0,신선도 호평 다수 (1건)
187055|427462,빅스타피자 수완신가점,광주,광산구,맛,1,0,0,맛 호평 다수 (1건)
187055|427462,빅스타피자 수완신가점,광주,광산구,신선도,1,0,0,신선도 호평 다수 (1건)
187058|427465,빅스타피자 쌍촌점,광주,서구,신선도,1,0,0,신선도 호평 다수 (1건)
520059,빅스타피자 영암삼호점,전남,영암군,신선도,1,0,0,신선도 호평 다수 (1건)
520059,빅스타피자 영암삼호점,전남,영암군,위생_청결,1,0,0,위생_청결 호평 다수 (1건)
187054,빅스타피자 전대 상대점,광주,북구,맛,1,0,0,맛 호평 다수 (1건)
187054,빅스타피자 전대 상대점,광주,북구,신선도,1,0,0,신선도 호평 다수 (1건)
187061,빅스푼,광주,광산구,신선도,1,0,0,신선도 호평 다수 (1건)
187065|427472,빅콘서트,광주,서구,분위기,1,0,0,분위기 호평 다수 (1건)
187069|427476,빈드럭스,광주,동구,분위기,1,0,0,분위기 호평 다수 (1건)
187077|427484,빈스키친,광주,북구,신선도,1,0,0,신선도 호평 다수 (1건)
187079,빈야드,광주,남구,맛,1,0,0,맛 호평 다수 (1건)
187079,빈야드,광주,남구,분위기,1,0,0,분위기 호평 다수 (1건)
427489,빈티지399,광주,광산구,분위기,1,0,0,분위기 호평 다수 (1건)
427490,빈티지양동,광주,서구,맛,1,0,0,맛 호평 다수 (1건)
427490,빈티지양동,광주,서구,분위기,1,0,0,분위기 호평 다수 (1건)
187090,빌리지1호점,광주,서구,맛,1,0,0,맛 호평 다수 (1건)
187090,빌리지1호점,광주,서구,신선도,1,0,0,신선도 호평 다수 (1건)
520210,빙그레국밥,전남,완도군,신선도,1,0,0,신선도 호평 다수 (1건)
521529|895863,빙그레군튀김하우스,전남,완도군,신선도,1,0,0,신선도 호평 다수 (1건)
187093,빙글빙글식당,광주,남구,맛,1,0,0,맛 호평 다수 (1건)
187093,빙글빙글식당,광주,남구,분위기,1,0,0,분위기 호평 다수 (1건)
187095|427502,빙점,광주,동구,분위기,1,0,0,분위기 호평 다수 (1건)
519067,빛가람국밥 남악도청점,전남,무안군,맛,1,0,0,맛 호평 다수 (1건)
187099,빛가람국밥 첨단점,광주,광산구,맛,1,0,0,맛 호평 다수 (1건)
187100|427507,빛가람국밥,광주,남구,맛,1,0,0,맛 호평 다수 (1건)
187100|427507,빛가람국밥,광주,남구,신선도,1,0,0,신선도 호평 다수 (1건)
187098|427505,빛가람국밥신창점,광주,광산구,분위기,1,0,0,분위기 호평 다수 (1건)
187101,빛고울식당,광주,동구,서비스_친절도,1,0,0,서비스_친절도 호평 다수 (1건)
187101,빛고울식당,광주,동구,분위기,1,0,0,분위기 호평 다수 (1건)
187103|427510,빛고을국밥&전골,광주,북구,맛,1,0,0,맛 호평 다수 (1건)
187108|427515,빛고을닭강정 산수점,광주,동구,맛,1,0,0,맛 호평 다수 (1건)
187108|427515,빛고을닭강정 산수점,광주,동구,신선도,1,0,0,신선도 호평 다수 (1건)
187108|427515,빛고을닭강정 산수점,광주,동구,서비스_친절도,1,0,0,서비스_친절도 호평 다수 (1건)
187108|427515,빛고을닭강정 산수점,광주,동구,분위기,1,0,0,분위기 호평 다수 (1건)
187109,빛고을닭강정 송정점,광주,광산구,맛,1,0,0,맛 호평 다수 (1건)
187109,빛고을닭강정 송정점,광주,광산구,신선도,1,0,0,신선도 호평 다수 (1건)
532741,빛고을닭강정,전남,담양군,맛,1,0,0,맛 호평 다수 (1건)
187111|427518,빛고을떡갈비,광주,광산구,신선도,1,0,0,신선도 호평 다수 (1건)
187112|187117|427524|961620,빛고을맛집,광주,동구,맛,1,0,0,맛 호평 다수 (1건)
187112|187117|427524|961620,빛고을맛집,광주,동구,신선도,1,0,0,신선도 호평 다수 (1건)
187112|187117|427524|961620,빛고을맛집,광주,동구,분위기,1,0,0,분위기 호평 다수 (1건)
187113|427520|432815,빛고을명가,광주,북구,신선도,1,0,0,신선도 호평 다수 (1건)
187114,빛고을반점,광주,광산구,맛,1,0,0,맛 호평 다수 (1건)
187114,빛고을반점,광주,광산구,신선도,1,0,0,신선도 호평 다수 (1건)
187115|427522,빛고을산장,광주,북구,맛,1,0,0,맛 호평 다수 (1건)
187118|187125|427532,빛고을식당,광주,광산구,맛,1,0,0,맛 호평 다수 (1건)
187118|187125|427532,빛고을식당,광주,광산구,신선도,1,0,0,신선도 호평 다수 (1건)
187118|187125|427532,빛고을식당,광주,광산구,분위기,1,0,0,분위기 호평 다수 (1건)
187119|427526,빛고을아구찜,광주,서구,맛,1,0,0,맛 호평 다수 (1건)
187119|427526,빛고을아구찜,광주,서구,신선도,1,0,0,신선도 호평 다수 (1건)
187119|427526,빛고을아구찜,광주,서구,분위기,1,0,0,분위기 호평 다수 (1건)
187122|427529,빛고을울금찹쌀꽈배기,광주,광산구,신선도,1,0,0,신선도 호평 다수 (1건)
187123|427530|879998,빛고을전집,광주,북구,분위기,1,0,0,분위기 호평 다수 (1건)
522453,빛고을조식당,전남,함평군,맛,1,0,0,맛 호평 다수 (1건)
19e352eb43e9,빛고을차림상,광주,광산구,맛,1,0,0,맛 호평 다수 (1건)
19e352eb43e9,빛고을차림상,광주,광산구,분위기,1,0,0,분위기 호평 다수 (1건)
187127|427534,빛고을푸드,광주,광산구,신선도,1,0,0,신선도 호평 다수 (1건)
187127|427534,빛고을푸드,광주,광산구,서비스_친절도,1,0,0,서비스_친절도 호평 다수 (1건)
187131|427538,빛그린백반,광주,광산구,신선도,1,0,0,신선도 호평 다수 (1건)
187132,빛나네삼겹살,광주,남구,맛,1,0,0,맛 호평 다수 (1건)
187134|427541,빛당,광주,서구,맛,1,0,0,맛 호평 다수 (1건)
187134|427541,빛당,광주,서구,분위기,1,0,0,분위기 호평 다수 (1건)
24237c542e56,빠르네야식,전남,순천시,맛,1,0,0,맛 호평 다수 (1건)
24237c542e56,빠르네야식,전남,순천시,신선도,1,0,0,신선도 호평 다수 (1건)
187141|427548,빠삐용,광주,동구,맛,1,0,0,맛 호평 다수 (1건)
187141|427548,빠삐용,광주,동구,신선도,1,0,0,신선도 호평 다수 (1건)
187142|427549,빠삭,광주,광산구,맛,1,0,0,맛 호평 다수 (1건)
187143,빠스타,광주,북구,맛,1,0,0,맛 호평 다수 (1건)
187143,빠스타,광주,북구,신선도,1,0,0,신선도 호평 다수 (1건)
187144,빡가족발 광주우산동,광주,북구,맛,1,0,0,맛 호평 다수 (1건)
187145,빡돈구이,광주,북구,신선도,1,0,0,신선도 호평 다수 (1건)
187145,빡돈구이,광주,북구,서비스_친절도,1,0,0,서비스_친절도 호평 다수 (1건)
570efc0b017e,빨간대문,전남,광양시,서비스_친절도,1,0,0,서비스_친절도 호평 다수 (1건)
187149|427555,빨간정성 상무점,광주,서구,맛,1,0,0,맛 호평 다수 (1건)
187149|427555,빨간정성 상무점,광주,서구,신선도,1,0,0,신선도 호평 다수 (1건)
187150|427556,빨간주머니튀김,광주,서구,분위기,1,0,0,분위기 호평 다수 (1건)
187151,빨간쭈꾸미 두암점,광주,북구,맛,1,0,0,맛 호평 다수 (1건)
187151,빨간쭈꾸미 두암점,광주,북구,신선도,1,0,0,신선도 호평 다수 (1건)
187151,빨간쭈꾸미 두암점,광주,북구,서비스_친절도,1,0,0,서비스_친절도 호평 다수 (1건)
187157|427563,빨간토마토피자 북구점,광주,북구,맛,1,0,0,맛 호평 다수 (1건)
187157|427563,빨간토마토피자 북구점,광주,북구,신선도,1,0,0,신선도 호평 다수 (1건)
187157|427563,빨간토마토피자 북구점,광주,북구,분위기,1,0,0,분위기 호평 다수 (1건)
187158|427564,빨간토마토피자,광주,광산구,신선도,1,0,0,신선도 호평 다수 (1건)
187163|427569,빨봉분식 충장로점,광주,동구,서비스_친절도,1,0,0,서비스_친절도 호평 다수 (1건)
187173,빽구이 광주용산점,광주,동구,맛,1,0,0,맛 호평 다수 (1건)
187173,빽구이 광주용산점,광주,동구,서비스_친절도,1,0,0,서비스_친절도 호평 다수 (1건)
521506|895847,뻐꾸기식당,전남,완도군,맛,1,0,0,맛 호평 다수 (1건)
439785,뻘낙,광주,서구,맛,1,0,0,맛 호평 다수 (1건)
439785,뻘낙,광주,서구,신선도,1,0,0,신선도 호평 다수 (1건)
de2e3d5f5543,뻘낙지,전남,목포시,맛,1,0,0,맛 호평 다수 (1건)
de2e3d5f5543,뻘낙지,전남,목포시,신선도,1,0,0,신선도 호평 다수 (1건)
519508,뻘닭집,전남,신안군,맛,1,0,0,맛 호평 다수 (1건)
519508,뻘닭집,전남,신안군,신선도,1,0,0,신선도 호평 다수 (1건)
187192,뼈고집,광주,동구,맛,1,0,0,맛 호평 다수 (1건)
187192,뼈고집,광주,동구,신선도,1,0,0,신선도 호평 다수 (1건)
427601,뼈다귀천국,광주,서구,신선도,1,0,0,신선도 호평 다수 (1건)
187196|427602,뼈다귀천국광주역점,광주,북구,맛,1,0,0,맛 호평 다수 (1건)
187196|427602,뼈다귀천국광주역점,광주,북구,신선도,1,0,0,신선도 호평 다수 (1건)
187196|427602,뼈다귀천국광주역점,광주,북구,양,1,0,0,양 호평 다수 (1건)
187196|427602,뼈다귀천국광주역점,광주,북구,서비스_친절도,1,0,0,서비스_친절도 호평 다수 (1건)
187196|427602,뼈다귀천국광주역점,광주,북구,분위기,1,0,0,분위기 호평 다수 (1건)
187194|427600|880000,뼈다귀천국소천점,광주,광산구,맛,1,0,0,맛 호평 다수 (1건)
187197|427603,뼈다귀촌,광주,북구,맛,1,0,0,맛 호평 다수 (1건)
187197|427603,뼈다귀촌,광주,북구,양,1,0,0,양 호평 다수 (1건)
187197|427603,뼈다귀촌,광주,북구,서비스_친절도,1,0,0,서비스_친절도 호평 다수 (1건)
187197|427603,뼈다귀촌,광주,북구,분위기,1,0,0,분위기 호평 다수 (1건)
522388|896392,뼈대감자탕,전남,함평군,맛,1,0,0,맛 호평 다수 (1건)
522388|896392,뼈대감자탕,전남,함평군,양,1,0,0,양 호평 다수 (1건)
187201,뼈대있는집 감자탕 충장점,광주,동구,맛,1,0,0,맛 호평 다수 (1건)
187201,뼈대있는집 감자탕 충장점,광주,동구,양,1,0,0,양 호평 다수 (1건)
522860|522906|896682|896720,뼈대화순점,전남,화순군,신선도,1,0,0,신선도 호평 다수 (1건)
522860|522906|896682|896720,뼈대화순점,전남,화순군,분위기,1,0,0,분위기 호평 다수 (1건)
187202,뼈삼,광주,서구,맛,1,0,0,맛 호평 다수 (1건)
522934|896740,뼈세상화순만연점 감자탕,전남,화순군,맛,1,0,0,맛 호평 다수 (1건)
187203|427609,뼈통감자탕 운남점,광주,광산구,맛,1,0,0,맛 호평 다수 (1건)
187203|427609,뼈통감자탕 운남점,광주,광산구,신선도,1,0,0,신선도 호평 다수 (1건)
187205|879636,뼈통감자탕본점,광주,남구,맛,1,0,0,맛 호평 다수 (1건)
187204|427610,뼈통묵은지감자탕,광주,북구,맛,1,0,0,맛 호평 다수 (1건)
187204|427610,뼈통묵은지감자탕,광주,북구,양,1,0,0,양 호평 다수 (1건)
187206|427612,뽀글이와둘둘이,광주,북구,맛,1,0,0,맛 호평 다수 (1건)
522478|896432,뽀또식당,전남,함평군,맛,1,0,0,맛 호평 다수 (1건)
187208|427614,뽀빠이임실치즈피자,광주,남구,신선도,1,0,0,신선도 호평 다수 (1건)
187208|427614,뽀빠이임실치즈피자,광주,남구,분위기,1,0,0,분위기 호평 다수 (1건)
187209,뽀빠이장어,광주,광산구,맛,1,0,0,맛 호평 다수 (1건)
187209,뽀빠이장어,광주,광산구,신선도,1,0,0,신선도 호평 다수 (1건)
187211|427617,뽀뽀통닭 전산여고후문,광주,광산구,맛,1,0,0,맛 호평 다수 (1건)
187211|427617,뽀뽀통닭 전산여고후문,광주,광산구,서비스_친절도,1,0,0,서비스_친절도 호평 다수 (1건)
187213|427619,뽐뿌민물장어,광주,광산구,맛,1,0,0,맛 호평 다수 (1건)
187213|427619,뽐뿌민물장어,광주,광산구,신선도,1,0,0,신선도 호평 다수 (1건)
187215,뽕나무식당,광주,북구,서비스_친절도,1,0,0,서비스_친절도 호평 다수 (1건)
187215,뽕나무식당,광주,북구,분위기,1,0,0,분위기 호평 다수 (1건)
427622,뽕나무오리명가,광주,북구,맛,1,0,0,맛 호평 다수 (1건)
427622,뽕나무오리명가,광주,북구,신선도,1,0,0,신선도 호평 다수 (1건)
187218|427624,뽕이네,광주,광산구,신선도,1,0,0,신선도 호평 다수 (1건)
427625,뽕짬뽕,광주,광산구,접근성_웨이팅,1,0,0,접근성_웨이팅 호평 다수 (1건)
187221|427627,뿅가는족발,광주,서구,맛,1,0,0,맛 호평 다수 (1건)
187226,삐삐네분식 조대점,광주,동구,맛,1,0,0,맛 호평 다수 (1건)
9772525b21d0,삐삐바다와육지,광주,동구,맛,1,0,0,맛 호평 다수 (1건)
9772525b21d0,삐삐바다와육지,광주,동구,신선도,1,0,0,신선도 호평 다수 (1건)
9772525b21d0,삐삐바다와육지,광주,동구,분위기,1,0,0,분위기 호평 다수 (1건)
2999b0e7c55d,삐삐식당,전남,나주시,맛,1,0,0,맛 호평 다수 (1건)
2999b0e7c55d,삐삐식당,전남,나주시,신선도,1,0,0,신선도 호평 다수 (1건)
2999b0e7c55d,삐삐식당,전남,나주시,분위기,1,0,0,분위기 호평 다수 (1건)
522712|896583,사거리공룡식당,전남,해남군,서비스_친절도,1,0,0,서비스_친절도 호평 다수 (1건)
522712|896583,사거리공룡식당,전남,해남군,분위기,1,0,0,분위기 호평 다수 (1건)
428518,사거리통골뱅이,광주,동구,맛,1,0,0,맛 호평 다수 (1건)
428518,사거리통골뱅이,광주,동구,신선도,1,0,0,신선도 호평 다수 (1건)
428518,사거리통골뱅이,광주,동구,위생_청결,1,0,0,위생_청결 호평 다수 (1건)
428518,사거리통골뱅이,광주,동구,분위기,1,0,0,분위기 호평 다수 (1건)
187227,사계 닭볶음탕,광주,남구,신선도,1,0,0,신선도 호평 다수 (1건)
187242|427644,사계절,광주,서구,분위기,1,0,0,분위기 호평 다수 (1건)
187244|427646,사계절가든,광주,광산구,서비스_친절도,1,0,0,서비스_친절도 호평 다수 (1건)
e429c3a97e9f,사계절맛집 광주문흥동,광주,북구,신선도,1,0,0,신선도 호평 다수 (1건)
187248,사계절맛집,광주,광산구,신선도,1,0,0,신선도 호평 다수 (1건)
187253|427654|880001,사계절밥상,광주,남구,맛,1,0,0,맛 호평 다수 (1건)
56848|880493,사계절복집,전남,목포시,신선도,1,0,0,신선도 호평 다수 (1건)
187255|427656,사계절음식점,광주,북구,맛,1,0,0,맛 호평 다수 (1건)
187256|427657,사계절의만남,광주,북구,맛,1,0,0,맛 호평 다수 (1건)
187256|427657,사계절의만남,광주,북구,분위기,1,0,0,분위기 호평 다수 (1건)
187258|427658,사계절장어,광주,서구,맛,1,0,0,맛 호평 다수 (1건)
187258|427658,사계절장어,광주,서구,신선도,1,0,0,신선도 호평 다수 (1건)
187258|427658,사계절장어,광주,서구,서비스_친절도,1,0,0,서비스_친절도 호평 다수 (1건)
187258|427658,사계절장어,광주,서구,분위기,1,0,0,분위기 호평 다수 (1건)
187261|427661,사계절추어탕,광주,광산구,맛,1,0,0,맛 호평 다수 (1건)
187261|427661,사계절추어탕,광주,광산구,신선도,1,0,0,신선도 호평 다수 (1건)
515748|961720,사계진미숯불닭갈비 광주봉선점,광주,남구,신선도,1,0,0,신선도 호평 다수 (1건)
515748|961720,사계진미숯불닭갈비 광주봉선점,광주,남구,가격,1,0,0,가격 호평 다수 (1건)
515748|961720,사계진미숯불닭갈비 광주봉선점,광주,남구,양,1,0,0,양 호평 다수 (1건)
187269|427669,사계진미숯불닭갈비 광주용봉점,광주,북구,맛,1,0,0,맛 호평 다수 (1건)
187269|427669,사계진미숯불닭갈비 광주용봉점,광주,북구,신선도,1,0,0,신선도 호평 다수 (1건)
187269|427669,사계진미숯불닭갈비 광주용봉점,광주,북구,양,1,0,0,양 호평 다수 (1건)
515951|961895,사계진미숯불닭갈비 광주직영점,광주,서구,양,1,0,0,양 호평 다수 (1건)
515951|961895,사계진미숯불닭갈비 광주직영점,광주,서구,접근성_웨이팅,1,0,0,접근성_웨이팅 호평 다수 (1건)
518934|895243,사계진미숯불닭갈비 목포남악점,전남,무안군,신선도,1,0,0,신선도 호평 다수 (1건)
518934|895243,사계진미숯불닭갈비 목포남악점,전남,무안군,양,1,0,0,양 호평 다수 (1건)
187270,사계진미숯불닭갈비 첨단점,광주,광산구,양,1,0,0,양 호평 다수 (1건)
56851|880494,사또식당,전남,구례군,맛,1,0,0,맛 호평 다수 (1건)
56851|880494,사또식당,전남,구례군,신선도,1,0,0,신선도 호평 다수 (1건)
56851|880494,사또식당,전남,구례군,분위기,1,0,0,분위기 호평 다수 (1건)
187273|427673,사또왕족발,광주,광산구,맛,1,0,0,맛 호평 다수 (1건)
187273|427673,사또왕족발,광주,광산구,신선도,1,0,0,신선도 호평 다수 (1건)
187278|188769,사랑각 구시청점,광주,동구,신선도,1,0,0,신선도 호평 다수 (1건)
515881,사랑각 용봉점,광주,북구,맛,1,0,0,맛 호평 다수 (1건)
515881,사랑각 용봉점,광주,북구,신선도,1,0,0,신선도 호평 다수 (1건)
515881,사랑각 용봉점,광주,북구,분위기,1,0,0,분위기 호평 다수 (1건)
187283|427683,사랑과평화,광주,동구,맛,1,0,0,맛 호평 다수 (1건)
187286|427686,사랑더하기 운암1호점,광주,북구,서비스_친절도,1,0,0,서비스_친절도 호평 다수 (1건)
187295|427695,사랑방소주방,광주,동구,맛,1,0,0,맛 호평 다수 (1건)
187295|427695,사랑방소주방,광주,동구,신선도,1,0,0,신선도 호평 다수 (1건)
187289|427689,사랑방통닭,광주,동구,맛,1,0,0,맛 호평 다수 (1건)
187289|427689,사랑방통닭,광주,동구,서비스_친절도,1,0,0,서비스_친절도 호평 다수 (1건)
187294|427694,사랑방하우스,광주,북구,맛,1,0,0,맛 호평 다수 (1건)
187299|427699,사랑이네생태한마리,광주,북구,신선도,1,0,0,신선도 호평 다수 (1건)
187302,사랑채 광주송정동,광주,광산구,맛,1,0,0,맛 호평 다수 (1건)
187302,사랑채 광주송정동,광주,광산구,신선도,1,0,0,신선도 호평 다수 (1건)
187306|427705|880002,사랑채,광주,서구,신선도,1,0,0,신선도 호평 다수 (1건)
187309|427708,사랑투 신창호반점,광주,광산구,맛,1,0,0,맛 호평 다수 (1건)
187309|427708,사랑투 신창호반점,광주,광산구,분위기,1,0,0,분위기 호평 다수 (1건)
187318|427717,사시사철,광주,북구,맛,1,0,0,맛 호평 다수 (1건)
187318|427717,사시사철,광주,북구,분위기,1,0,0,분위기 호평 다수 (1건)
517397,사오 순천점,전남,순천시,맛,1,0,0,맛 호평 다수 (1건)
367392,사오,광주,동구,맛,1,0,0,맛 호평 다수 (1건)
521498|895845,사오정 식당,전남,완도군,맛,1,0,0,맛 호평 다수 (1건)
521498|895845,사오정 식당,전남,완도군,신선도,1,0,0,신선도 호평 다수 (1건)
187324,사우나떡볶이 계림점,광주,동구,맛,1,0,0,맛 호평 다수 (1건)
187326|427725,사운드오브뮤직,광주,동구,맛,1,0,0,맛 호평 다수 (1건)
187326|427725,사운드오브뮤직,광주,동구,분위기,1,0,0,분위기 호평 다수 (1건)
519409|895605,사월포횟집,전남,신안군,신선도,1,0,0,신선도 호평 다수 (1건)
187328,사이꼬참치,광주,서구,신선도,1,0,0,신선도 호평 다수 (1건)
427730,사임당,광주,서구,맛,1,0,0,맛 호평 다수 (1건)
427730,사임당,광주,서구,서비스_친절도,1,0,0,서비스_친절도 호평 다수 (1건)
427730,사임당,광주,서구,분위기,1,0,0,분위기 호평 다수 (1건)
187332,사조솥뚜껑삼겹살,광주,광산구,신선도,1,0,0,신선도 호평 다수 (1건)
187335|427734,사직골,광주,남구,맛,1,0,0,맛 호평 다수 (1건)
187335|427734,사직골,광주,남구,분위기,1,0,0,분위기 호평 다수 (1건)
523373|837262,사직동그가게나주에서,전남,나주시,맛,1,0,0,맛 호평 다수 (1건)
187338|427737,사직명가,광주,남구,맛,1,0,0,맛 호평 다수 (1건)
521751|896007,사창뚝배기국밥,전남,장성군,맛,1,0,0,맛 호평 다수 (1건)
521751|896007,사창뚝배기국밥,전남,장성군,신선도,1,0,0,신선도 호평 다수 (1건)
518910|895227,사창짚불구이,전남,무안군,맛,1,0,0,맛 호평 다수 (1건)
518910|895227,사창짚불구이,전남,무안군,신선도,1,0,0,신선도 호평 다수 (1건)
521875|896087,삭금 남촌횟집,전남,장흥군,신선도,1,0,0,신선도 호평 다수 (1건)
521875|896087,삭금 남촌횟집,전남,장흥군,분위기,1,0,0,분위기 호평 다수 (1건)
521878|896090,삭금쭈꾸미,전남,장흥군,서비스_친절도,0,1,0,서비스_친절도 언급 (1건)
521922,삭금횟집,전남,장흥군,신선도,1,0,0,신선도 호평 다수 (1건)
521922,삭금횟집,전남,장흥군,분위기,1,0,0,분위기 호평 다수 (1건)
187347|427746,산골갈비탕,광주,북구,양,0,1,0,양 언급 (1건)
187348|427747,산골닭집,광주,광산구,맛,1,0,0,맛 호평 다수 (1건)
517632,산골식당,전남,여수시,신선도,1,0,0,신선도 호평 다수 (1건)
518632,산골집,전남,구례군,맛,1,0,0,맛 호평 다수 (1건)
518632,산골집,전남,구례군,신선도,1,0,0,신선도 호평 다수 (1건)
518632,산골집,전남,구례군,분위기,1,0,0,분위기 호평 다수 (1건)
56853|880495,산골짜기,전남,장성군,분위기,0,1,0,분위기 언급 (1건)
518313,산과바다,전남,곡성군,맛,1,0,0,맛 호평 다수 (1건)
518313,산과바다,전남,곡성군,접근성_웨이팅,1,0,0,접근성_웨이팅 호평 다수 (1건)
a93841584cd5,산나물밥상,전남,구례군,맛,1,0,0,맛 호평 다수 (1건)
a93841584cd5,산나물밥상,전남,구례군,신선도,1,0,0,신선도 호평 다수 (1건)
56854,산내들식육식당,전남,목포시,서비스_친절도,1,0,0,서비스_친절도 호평 다수 (1건)
187351|427750,산내들칼국수,광주,북구,맛,1,0,0,맛 호평 다수 (1건)
187351|427750,산내들칼국수,광주,북구,신선도,1,0,0,신선도 호평 다수 (1건)
187352|427751,산능이네능이버섯백숙,광주,광산구,신선도,1,0,0,신선도 호평 다수 (1건)
187354|427753,산닭구이마당,광주,서구,신선도,1,0,0,신선도 호평 다수 (1건)
518412,산동네가든,전남,곡성군,맛,1,0,0,맛 호평 다수 (1건)
187359|427758,산동반점,광주,서구,신선도,1,0,0,신선도 호평 다수 (1건)
187360|427759,산들강,광주,광산구,분위기,1,0,0,분위기 호평 다수 (1건)
187361|427760,산들바다,광주,서구,맛,1,0,0,맛 호평 다수 (1건)
187362|427761,산들밭,광주,동구,맛,1,0,0,맛 호평 다수 (1건)
187362|427761,산들밭,광주,동구,신선도,1,0,0,신선도 호평 다수 (1건)
187362|427761,산들밭,광주,동구,분위기,1,0,0,분위기 호평 다수 (1건)
187363|427762,산들애밥상,광주,북구,맛,1,0,0,맛 호평 다수 (1건)
187363|427762,산들애밥상,광주,북구,신선도,1,0,0,신선도 호평 다수 (1건)
187364|427763,산들채숯불갈비,광주,동구,맛,1,0,0,맛 호평 다수 (1건)
187364|427763,산들채숯불갈비,광주,동구,신선도,1,0,0,신선도 호평 다수 (1건)
187364|427763,산들채숯불갈비,광주,동구,가격,1,0,0,가격 호평 다수 (1건)
187365|427764,산들해,광주,광산구,신선도,1,0,0,신선도 호평 다수 (1건)
521782|896026,산따라물따라,전남,장성군,맛,1,0,0,맛 호평 다수 (1건)
522800|896634,산마을다람쥐,전남,화순군,맛,1,0,0,맛 호평 다수 (1건)
522800|896634,산마을다람쥐,전남,화순군,분위기,1,0,0,분위기 호평 다수 (1건)
517304,산미태,전남,순천시,맛,1,0,0,맛 호평 다수 (1건)
517304,산미태,전남,순천시,신선도,1,0,0,신선도 호평 다수 (1건)
187367,산밭들반찬,광주,북구,맛,1,0,0,맛 호평 다수 (1건)
187367,산밭들반찬,광주,북구,신선도,1,0,0,신선도 호평 다수 (1건)
187367,산밭들반찬,광주,북구,접근성_웨이팅,1,0,0,접근성_웨이팅 호평 다수 (1건)
187368|427767|880006,산수골,광주,동구,맛,1,0,0,맛 호평 다수 (1건)
187368|427767|880006,산수골,광주,동구,분위기,1,0,0,분위기 호평 다수 (1건)
427768,산수골맛집,광주,동구,신선도,1,0,0,신선도 호평 다수 (1건)
427768,산수골맛집,광주,동구,접근성_웨이팅,1,0,0,접근성_웨이팅 호평 다수 (1건)
187370|427769,산수김밥,광주,동구,맛,1,0,0,맛 호평 다수 (1건)
187370|427769,산수김밥,광주,동구,신선도,1,0,0,신선도 호평 다수 (1건)
187381|427780,산수옥모밀 동광주홈플러스입구점,광주,북구,맛,1,0,0,맛 호평 다수 (1건)
187385,산수옥모밀 임동점,광주,북구,맛,1,0,0,맛 호평 다수 (1건)
187385,산수옥모밀 임동점,광주,북구,신선도,1,0,0,신선도 호평 다수 (1건)
187384|427783,산수옥모밀,광주,북구,맛,1,0,0,맛 호평 다수 (1건)
187384|427783,산수옥모밀,광주,북구,신선도,1,0,0,신선도 호평 다수 (1건)
187384|427783,산수옥모밀,광주,북구,서비스_친절도,1,0,0,서비스_친절도 호평 다수 (1건)
187384|427783,산수옥모밀,광주,북구,분위기,1,0,0,분위기 호평 다수 (1건)
187386|427785,산수옥모밀전문점,광주,서구,신선도,1,0,0,신선도 호평 다수 (1건)
427786,산수옥모밀집,광주,북구,맛,1,0,0,맛 호평 다수 (1건)
187388|427787|880008,산수원,광주,동구,신선도,1,0,0,신선도 호평 다수 (1건)
187389|427788,산수유,광주,동구,맛,1,0,0,맛 호평 다수 (1건)
187389|427788,산수유,광주,동구,신선도,1,0,0,신선도 호평 다수 (1건)
56856|880497,산수정,전남,목포시,분위기,1,0,0,분위기 호평 다수 (1건)
187393|427792,산수촌모밀,광주,서구,맛,1,0,0,맛 호평 다수 (1건)
187393|427792,산수촌모밀,광주,서구,분위기,1,0,0,분위기 호평 다수 (1건)
187395|427794,산수팥죽,광주,동구,신선도,1,0,0,신선도 호평 다수 (1건)
187400|427799,산울림,광주,북구,분위기,1,0,0,분위기 호평 다수 (1건)
187403|427802,산이네,광주,서구,신선도,1,0,0,신선도 호평 다수 (1건)
187403|427802,산이네,광주,서구,분위기,1,0,0,분위기 호평 다수 (1건)
520093,산이밥집,전남,영암군,신선도,1,0,0,신선도 호평 다수 (1건)
532749,산일능이버섯백숙 상무점,광주,서구,신선도,1,0,0,신선도 호평 다수 (1건)
98b8ea87006c,산일능이버섯백숙 진월점,광주,남구,맛,1,0,0,맛 호평 다수 (1건)
98b8ea87006c,산일능이버섯백숙 진월점,광주,남구,신선도,1,0,0,신선도 호평 다수 (1건)
187411|427810,산전수전,광주,광산구,맛,1,0,0,맛 호평 다수 (1건)
187411|427810,산전수전,광주,광산구,신선도,1,0,0,신선도 호평 다수 (1건)
427811,산정가족회관,광주,광산구,맛,1,0,0,맛 호평 다수 (1건)
427811,산정가족회관,광주,광산구,분위기,1,0,0,분위기 호평 다수 (1건)
517305,산정골해장국,전남,순천시,맛,1,0,0,맛 호평 다수 (1건)
427812,산정장수왕족발,광주,광산구,서비스_친절도,1,0,0,서비스_친절도 호평 다수 (1건)
522373,산지검은돈 식육식당,전남,함평군,맛,1,0,0,맛 호평 다수 (1건)
427817,산쪼메 광주대점,광주,남구,맛,1,0,0,맛 호평 다수 (1건)
427817,산쪼메 광주대점,광주,남구,서비스_친절도,1,0,0,서비스_친절도 호평 다수 (1건)
187419|427818,산쪼메 광주상무점,광주,서구,분위기,1,0,0,분위기 호평 다수 (1건)
517313,산쪼메 순천점,전남,순천시,신선도,1,0,0,신선도 호평 다수 (1건)
517954,산채골,전남,강진군,신선도,1,0,0,신선도 호평 다수 (1건)
521589|895898,산책길,전남,장성군,맛,1,0,0,맛 호평 다수 (1건)
187421|427820,산책로,광주,북구,맛,1,0,0,맛 호평 다수 (1건)
187421|427820,산책로,광주,북구,신선도,1,0,0,신선도 호평 다수 (1건)
521797,산처럼물처럼,전남,장성군,맛,1,0,0,맛 호평 다수 (1건)
521797,산처럼물처럼,전남,장성군,서비스_친절도,1,0,0,서비스_친절도 호평 다수 (1건)
a46ab8152d44,산천칡냉면,전남,광양시,신선도,1,0,0,신선도 호평 다수 (1건)
434013,산촌갈비,광주,남구,신선도,1,0,0,신선도 호평 다수 (1건)
434013,산촌갈비,광주,남구,분위기,1,0,0,분위기 호평 다수 (1건)
187422|427821,산촌농원,광주,광산구,맛,1,0,0,맛 호평 다수 (1건)
187422|427821,산촌농원,광주,광산구,신선도,1,0,0,신선도 호평 다수 (1건)
187422|427821,산촌농원,광주,광산구,분위기,1,0,0,분위기 호평 다수 (1건)
b5f0dcc3f515,산타떡볶이5호점,광주,서구,맛,1,0,0,맛 호평 다수 (1건)
187424|427823,산타마리아,광주,서구,분위기,1,0,0,분위기 호평 다수 (1건)
edf126e080a0,산포장어,전남,나주시,맛,1,0,0,맛 호평 다수 (1건)
edf126e080a0,산포장어,전남,나주시,신선도,1,0,0,신선도 호평 다수 (1건)
187428|427827,산해정,광주,광산구,맛,1,0,0,맛 호평 다수 (1건)
187428|427827,산해정,광주,광산구,분위기,1,0,0,분위기 호평 다수 (1건)
187429|427828,산해진미,광주,광산구,신선도,1,0,0,신선도 호평 다수 (1건)
522109|896235,산호복집,전남,진도군,맛,1,0,0,맛 호평 다수 (1건)
532746,살구나무집,전남,담양군,신선도,1,0,0,신선도 호평 다수 (1건)
517330,살락스,전남,순천시,신선도,1,0,0,신선도 호평 다수 (1건)
517330,살락스,전남,순천시,서비스_친절도,1,0,0,서비스_친절도 호평 다수 (1건)
187437|427836|880009,살아있네,광주,광산구,신선도,1,0,0,신선도 호평 다수 (1건)
187439|427838,살안쪄 회포장,광주,서구,신선도,1,0,0,신선도 호평 다수 (1건)
187439|427838,살안쪄 회포장,광주,서구,위생_청결,1,0,0,위생_청결 호평 다수 (1건)
187440|427839,삶오로지다족발 구시청점,광주,동구,맛,1,0,0,맛 호평 다수 (1건)
187440|427839,삶오로지다족발 구시청점,광주,동구,신선도,1,0,0,신선도 호평 다수 (1건)
431582,삶오로지다족발 수완점,광주,광산구,맛,1,0,0,맛 호평 다수 (1건)
431582,삶오로지다족발 수완점,광주,광산구,신선도,1,0,0,신선도 호평 다수 (1건)
431582,삶오로지다족발 수완점,광주,광산구,위생_청결,1,0,0,위생_청결 호평 다수 (1건)
431580,삶오로지다족발 양산점,광주,북구,신선도,0,1,0,신선도 언급 (1건)
518397,삼거리닭집,전남,곡성군,맛,1,0,0,맛 호평 다수 (1건)
518397,삼거리닭집,전남,곡성군,신선도,1,0,0,신선도 호평 다수 (1건)
519509|895675,삼거리반점,전남,신안군,분위기,1,0,0,분위기 호평 다수 (1건)
187443|427842,삼거리주막,광주,광산구,분위기,1,0,0,분위기 호평 다수 (1건)
187446|427845,삼겹명가,광주,북구,맛,1,0,0,맛 호평 다수 (1건)
187446|427845,삼겹명가,광주,북구,접근성_웨이팅,1,0,0,접근성_웨이팅 호평 다수 (1건)
93208,삼겹살천국,전남,광양시,신선도,1,0,0,신선도 호평 다수 (1건)
7b2546c1a28a,삼겹살화덕구이,전남,나주시,맛,1,0,0,맛 호평 다수 (1건)
7b2546c1a28a,삼겹살화덕구이,전남,나주시,신선도,1,0,0,신선도 호평 다수 (1건)
431619,삼겹이운다,광주,광산구,맛,1,0,0,맛 호평 다수 (1건)
431619,삼겹이운다,광주,광산구,가격,1,0,0,가격 호평 다수 (1건)
521515|895854,삼교리동치미막국수 완도점,전남,완도군,신선도,1,0,0,신선도 호평 다수 (1건)
521713|895986,삼구삼구이구이,전남,장성군,신선도,1,0,0,신선도 호평 다수 (1건)
187456|427854,삼구식당 조선대점,광주,동구,신선도,1,0,0,신선도 호평 다수 (1건)
187456|427854,삼구식당 조선대점,광주,동구,분위기,1,0,0,분위기 호평 다수 (1건)
187462|427860,삼국지,광주,서구,맛,1,0,0,맛 호평 다수 (1건)
187462|427860,삼국지,광주,서구,분위기,1,0,0,분위기 호평 다수 (1건)
518292,삼기국밥,전남,곡성군,맛,1,0,0,맛 호평 다수 (1건)
519344,삼나무숲길따라,전남,보성군,맛,1,0,0,맛 호평 다수 (1건)
187469,삼대무한리필,광주,서구,신선도,1,0,0,신선도 호평 다수 (1건)
187469,삼대무한리필,광주,서구,양,1,0,0,양 호평 다수 (1건)
187470,삼대족발 소촌점,광주,광산구,맛,1,0,0,맛 호평 다수 (1건)
522150,삼대족발 진도점,전남,진도군,맛,1,0,0,맛 호평 다수 (1건)
187473|427871,삼도반점,광주,광산구,맛,1,0,0,맛 호평 다수 (1건)
187473|427871,삼도반점,광주,광산구,신선도,1,0,0,신선도 호평 다수 (1건)
187474|427872,삼도식당,광주,광산구,맛,1,0,0,맛 호평 다수 (1건)
187476|427874,삼록석굴,광주,서구,맛,1,0,0,맛 호평 다수 (1건)
187476|427874,삼록석굴,광주,서구,신선도,1,0,0,신선도 호평 다수 (1건)
187477|427875,삼매경,광주,서구,신선도,1,0,0,신선도 호평 다수 (1건)
187477|427875,삼매경,광주,서구,분위기,1,0,0,분위기 호평 다수 (1건)
187478|427876,삼미관,광주,동구,맛,1,0,0,맛 호평 다수 (1건)
013155e2e076,삼미수산,전남,여수시,맛,1,0,0,맛 호평 다수 (1건)
013155e2e076,삼미수산,전남,여수시,신선도,1,0,0,신선도 호평 다수 (1건)
013155e2e076,삼미수산,전남,여수시,분위기,1,0,0,분위기 호평 다수 (1건)
187480|427878|879639,삼보식당,광주,광산구,맛,1,0,0,맛 호평 다수 (1건)
187480|427878|879639,삼보식당,광주,광산구,서비스_친절도,1,0,0,서비스_친절도 호평 다수 (1건)
518025,삼보횟집,전남,고흥군,신선도,1,0,0,신선도 호평 다수 (1건)
187482,삼복당,광주,서구,맛,1,0,0,맛 호평 다수 (1건)
187482,삼복당,광주,서구,접근성_웨이팅,1,0,0,접근성_웨이팅 호평 다수 (1건)
187483|427881,삼부자,광주,서구,맛,1,0,0,맛 호평 다수 (1건)
187483|427881,삼부자,광주,서구,신선도,1,0,0,신선도 호평 다수 (1건)
518041,삼부자횟집,전남,고흥군,신선도,1,0,0,신선도 호평 다수 (1건)
187485|427883,삼사오,광주,서구,신선도,1,0,0,신선도 호평 다수 (1건)
524010,삼사칠,전남,여수시,신선도,1,0,0,신선도 호평 다수 (1건)
515946|961890,삼산회관 상무점,광주,서구,신선도,1,0,0,신선도 호평 다수 (1건)
187488,삼삼구이 광주마륵동,광주,서구,서비스_친절도,1,0,0,서비스_친절도 호평 다수 (1건)
187489|427886|880013,삼삼구이 본점,광주,동구,맛,1,0,0,맛 호평 다수 (1건)
187489|427886|880013,삼삼구이 본점,광주,동구,신선도,1,0,0,신선도 호평 다수 (1건)
187491,삼삼숯불갈비 서구점,광주,서구,신선도,1,0,0,신선도 호평 다수 (1건)
187491,삼삼숯불갈비 서구점,광주,서구,접근성_웨이팅,1,0,0,접근성_웨이팅 호평 다수 (1건)
187490|427887,삼삼숯불갈비,광주,광산구,신선도,1,0,0,신선도 호평 다수 (1건)
187490|427887,삼삼숯불갈비,광주,광산구,서비스_친절도,1,0,0,서비스_친절도 호평 다수 (1건)
187492|427889,삼삼추어탕,광주,북구,맛,1,0,0,맛 호평 다수 (1건)
187492|427889,삼삼추어탕,광주,북구,신선도,1,0,0,신선도 호평 다수 (1건)
501162,삼순이맛집,광주,남구,맛,1,0,0,맛 호평 다수 (1건)
501162,삼순이맛집,광주,남구,신선도,1,0,0,신선도 호평 다수 (1건)
187500,삼순이치킨닭발,광주,남구,맛,1,0,0,맛 호평 다수 (1건)
187505,삼시세끼,광주,북구,맛,1,0,0,맛 호평 다수 (1건)
187505,삼시세끼,광주,북구,신선도,1,0,0,신선도 호평 다수 (1건)
522420,삼식이네숯불갈비,전남,함평군,신선도,1,0,0,신선도 호평 다수 (1건)
519407|895603,삼월의정,전남,신안군,맛,1,0,0,맛 호평 다수 (1건)
519407|895603,삼월의정,전남,신안군,신선도,1,0,0,신선도 호평 다수 (1건)
187514,삼일돼지집,광주,동구,맛,1,0,0,맛 호평 다수 (1건)
523029|896798,삼일식당,전남,화순군,맛,1,0,0,맛 호평 다수 (1건)
523029|896798,삼일식당,전남,화순군,양,1,0,0,양 호평 다수 (1건)
523029|896798,삼일식당,전남,화순군,분위기,1,0,0,분위기 호평 다수 (1건)
187516|427913,삼일풍천장어참숯구이,광주,북구,맛,1,0,0,맛 호평 다수 (1건)
187517,삼정골,광주,북구,맛,1,0,0,맛 호평 다수 (1건)
187517,삼정골,광주,북구,신선도,1,0,0,신선도 호평 다수 (1건)
187518|427915,삼정솥뚜껑삼겹살,광주,북구,맛,1,0,0,맛 호평 다수 (1건)
187518|427915,삼정솥뚜껑삼겹살,광주,북구,신선도,1,0,0,신선도 호평 다수 (1건)
187519|427916,삼진식육식당,광주,동구,맛,1,0,0,맛 호평 다수 (1건)
187519|427916,삼진식육식당,광주,동구,신선도,1,0,0,신선도 호평 다수 (1건)
187520|427917|880014,삼천포순대국밥,광주,남구,신선도,1,0,0,신선도 호평 다수 (1건)
187523|427920,삼첩분식 우산점,광주,북구,맛,1,0,0,맛 호평 다수 (1건)
522153,삼첩분식 진도점,전남,진도군,맛,1,0,0,맛 호평 다수 (1건)
427924,삼태기식당,광주,동구,맛,1,0,0,맛 호평 다수 (1건)
187528|427925,삼통령백운점,광주,남구,서비스_친절도,1,0,0,서비스_친절도 호평 다수 (1건)
187530|427927|880015,삼평식당,광주,동구,맛,1,0,0,맛 호평 다수 (1건)
836817|880649,삼합싸다구,전남,여수시,신선도,1,0,0,신선도 호평 다수 (1건)
972455606876,삼형제 장어마트,전남,광양시,신선도,1,0,0,신선도 호평 다수 (1건)
187532|427929|880016,삼형제갈비,광주,남구,맛,1,0,0,맛 호평 다수 (1건)
187532|427929|880016,삼형제갈비,광주,남구,신선도,1,0,0,신선도 호평 다수 (1건)
187532|427929|880016,삼형제갈비,광주,남구,서비스_친절도,1,0,0,서비스_친절도 호평 다수 (1건)
187533|427930,삼형제대패,광주,광산구,맛,1,0,0,맛 호평 다수 (1건)
187533|427930,삼형제대패,광주,광산구,신선도,1,0,0,신선도 호평 다수 (1건)
187533|427930,삼형제대패,광주,광산구,양,1,0,0,양 호평 다수 (1건)
520090,삼호수일통닭,전남,영암군,맛,1,0,0,맛 호평 다수 (1건)
520090,삼호수일통닭,전남,영암군,서비스_친절도,1,0,0,서비스_친절도 호평 다수 (1건)
187536|427933,삼호식당,광주,동구,맛,1,0,0,맛 호평 다수 (1건)
187536|427933,삼호식당,광주,동구,분위기,1,0,0,분위기 호평 다수 (1건)
187538|427935,삼호정,광주,동구,신선도,1,0,0,신선도 호평 다수 (1건)
520099,삼호횟집,전남,영암군,신선도,1,0,0,신선도 호평 다수 (1건)
520099,삼호횟집,전남,영암군,분위기,1,0,0,분위기 호평 다수 (1건)
520099,삼호횟집,전남,영암군,접근성_웨이팅,1,0,0,접근성_웨이팅 호평 다수 (1건)
518307,삼화관광농원,전남,곡성군,맛,1,0,0,맛 호평 다수 (1건)
187540,삼희불낙 상무본점,광주,서구,맛,1,0,0,맛 호평 다수 (1건)
187540,삼희불낙 상무본점,광주,서구,신선도,1,0,0,신선도 호평 다수 (1건)
acbb857f0299,삼희식당,광주,동구,신선도,1,0,0,신선도 호평 다수 (1건)
187541|427938,삿갓촌,광주,북구,분위기,1,0,0,분위기 호평 다수 (1건)
187543|427940,삿뽀로,광주,서구,분위기,1,0,0,분위기 호평 다수 (1건)
187545|427942,상도초밥,광주,동구,신선도,1,0,0,신선도 호평 다수 (1건)
187546,상도촌 봉선점,광주,남구,맛,1,0,0,맛 호평 다수 (1건)
187546,상도촌 봉선점,광주,남구,신선도,1,0,0,신선도 호평 다수 (1건)
187547|427944,상도촌,광주,서구,서비스_친절도,1,0,0,서비스_친절도 호평 다수 (1건)
187550|427947,상록수밥상,광주,북구,서비스_친절도,1,0,0,서비스_친절도 호평 다수 (1건)
187552|427949,상록회관,광주,광산구,맛,1,0,0,맛 호평 다수 (1건)
187553,상류치킨,광주,북구,맛,1,0,0,맛 호평 다수 (1건)
187553,상류치킨,광주,북구,신선도,1,0,0,신선도 호평 다수 (1건)
187553,상류치킨,광주,북구,분위기,1,0,0,분위기 호평 다수 (1건)
187555,상만두 일곡점,광주,북구,신선도,1,0,0,신선도 호평 다수 (1건)
187554|427951|880018,상만두,광주,서구,맛,1,0,0,맛 호평 다수 (1건)
187554|427951|880018,상만두,광주,서구,신선도,1,0,0,신선도 호평 다수 (1건)
187554|427951|880018,상만두,광주,서구,위생_청결,1,0,0,위생_청결 호평 다수 (1건)
187554|427951|880018,상만두,광주,서구,분위기,1,0,0,분위기 호평 다수 (1건)
427953,상만이네꽃돼지솥뚜껑,광주,북구,신선도,1,0,0,신선도 호평 다수 (1건)
427953,상만이네꽃돼지솥뚜껑,광주,북구,서비스_친절도,1,0,0,서비스_친절도 호평 다수 (1건)
187557|427954,상무계절맛집,광주,서구,맛,1,0,0,맛 호평 다수 (1건)
187561|427958,상무대패삼겹살,광주,서구,맛,1,0,0,맛 호평 다수 (1건)
187561|427958,상무대패삼겹살,광주,서구,분위기,1,0,0,분위기 호평 다수 (1건)
521656|895950,상무돈까스,전남,장성군,맛,1,0,0,맛 호평 다수 (1건)
521656|895950,상무돈까스,전남,장성군,신선도,1,0,0,신선도 호평 다수 (1건)
521656|895950,상무돈까스,전남,장성군,분위기,1,0,0,분위기 호평 다수 (1건)
187563|427960,상무마늘보쌈,광주,서구,맛,1,0,0,맛 호평 다수 (1건)
187563|427960,상무마늘보쌈,광주,서구,신선도,1,0,0,신선도 호평 다수 (1건)
187566|427963,상무명가,광주,서구,가격,1,0,0,가격 호평 다수 (1건)
184879,상무무등반점,광주,서구,신선도,1,0,0,신선도 호평 다수 (1건)
187568,상무바다,광주,서구,신선도,1,0,0,신선도 호평 다수 (1건)
187569|427965,상무바지락칼국수,광주,서구,신선도,1,0,0,신선도 호평 다수 (1건)
187571|187580,상무본가장어,광주,서구,신선도,1,0,0,신선도 호평 다수 (1건)
187573|427969,상무생복집별관,광주,서구,분위기,1,0,0,분위기 호평 다수 (1건)
187575|427971,상무식육식당,광주,서구,맛,1,0,0,맛 호평 다수 (1건)
187575|427971,상무식육식당,광주,서구,신선도,1,0,0,신선도 호평 다수 (1건)
187577,상무알찜,광주,서구,위생_청결,1,0,0,위생_청결 호평 다수 (1건)
187577,상무알찜,광주,서구,서비스_친절도,1,0,0,서비스_친절도 호평 다수 (1건)
187579|427975,상무어시장,광주,서구,신선도,1,0,0,신선도 호평 다수 (1건)
187579|427975,상무어시장,광주,서구,접근성_웨이팅,1,0,0,접근성_웨이팅 호평 다수 (1건)
423099,상무옥,광주,서구,맛,1,0,0,맛 호평 다수 (1건)
423099,상무옥,광주,서구,서비스_친절도,1,0,0,서비스_친절도 호평 다수 (1건)
188603|428985,상무지구 수제통닭,광주,서구,신선도,1,0,0,신선도 호평 다수 (1건)
191255,상무지구 오로라양식,광주,서구,분위기,1,0,0,분위기 호평 다수 (1건)
187582,상무참전복,광주,서구,맛,1,0,0,맛 호평 다수 (1건)
187582,상무참전복,광주,서구,신선도,1,0,0,신선도 호평 다수 (1건)
ab991f0fa13d,상무초밥 봉선점,광주,남구,신선도,1,0,0,신선도 호평 다수 (1건)
ab991f0fa13d,상무초밥 봉선점,광주,남구,서비스_친절도,1,0,0,서비스_친절도 호평 다수 (1건)
ab991f0fa13d,상무초밥 봉선점,광주,남구,분위기,1,0,0,분위기 호평 다수 (1건)
187583|187586|427982|435617|879641|880261,상무초밥 상무점,광주,서구,서비스_친절도,1,0,0,서비스_친절도 호평 다수 (1건)
b9a8a506e413,상무초밥 순천점,전남,순천시,서비스_친절도,1,0,0,서비스_친절도 호평 다수 (1건)
187593,상무칡냉면1978,광주,서구,신선도,1,0,0,신선도 호평 다수 (1건)
187593,상무칡냉면1978,광주,서구,분위기,1,0,0,분위기 호평 다수 (1건)
187596|427992,상무팥죽 매곡점,광주,북구,신선도,1,0,0,신선도 호평 다수 (1건)
187596|427992,상무팥죽 매곡점,광주,북구,서비스_친절도,1,0,0,서비스_친절도 호평 다수 (1건)
427996,상무팥죽 무등산점,광주,동구,맛,1,0,0,맛 호평 다수 (1건)
427996,상무팥죽 무등산점,광주,동구,신선도,1,0,0,신선도 호평 다수 (1건)
427994,상무팥죽 수완점,광주,광산구,신선도,1,0,0,신선도 호평 다수 (1건)
187601,상무팥죽 유스퀘어직영점,광주,서구,맛,1,0,0,맛 호평 다수 (1건)
187602|427998,상무한방왕족발,광주,서구,맛,1,0,0,맛 호평 다수 (1건)
187602|427998,상무한방왕족발,광주,서구,신선도,1,0,0,신선도 호평 다수 (1건)
187606|428002,상무흑염소가든,광주,서구,신선도,1,0,0,신선도 호평 다수 (1건)
187606|428002,상무흑염소가든,광주,서구,서비스_친절도,1,0,0,서비스_친절도 호평 다수 (1건)
187607|428003,상문이두마리숯불양념치킨쌍촌화정점,광주,서구,맛,1,0,0,맛 호평 다수 (1건)
187608|428004,상미농원,광주,광산구,맛,1,0,0,맛 호평 다수 (1건)
187608|428004,상미농원,광주,광산구,신선도,1,0,0,신선도 호평 다수 (1건)
187608|428004,상미농원,광주,광산구,분위기,1,0,0,분위기 호평 다수 (1건)
187609|428005,상미식당,광주,서구,분위기,1,0,0,분위기 호평 다수 (1건)
160e8f032348,상미정,전남,영광군,신선도,1,0,0,신선도 호평 다수 (1건)
517398,상사이야기,전남,순천시,맛,1,0,0,맛 호평 다수 (1건)
517398,상사이야기,전남,순천시,분위기,1,0,0,분위기 호평 다수 (1건)
523790,상삼리,전남,순천시,서비스_친절도,1,0,0,서비스_친절도 호평 다수 (1건)
187611|428007,상상초밥,광주,북구,신선도,1,0,0,신선도 호평 다수 (1건)
187612|428008,상상한우곱창,광주,광산구,맛,1,0,0,맛 호평 다수 (1건)
187612|428008,상상한우곱창,광주,광산구,신선도,1,0,0,신선도 호평 다수 (1건)
523137|896880,상운길,전남,광양시,맛,1,0,0,맛 호평 다수 (1건)
523137|896880,상운길,전남,광양시,분위기,1,0,0,분위기 호평 다수 (1건)
187617|428013,상지국밥,광주,서구,신선도,1,0,0,신선도 호평 다수 (1건)
187618|428014,상지불백,광주,서구,맛,1,0,0,맛 호평 다수 (1건)
187619|428015,상지원,광주,서구,접근성_웨이팅,1,0,0,접근성_웨이팅 호평 다수 (1건)
428019,상해,광주,북구,맛,1,0,0,맛 호평 다수 (1건)
519864,상해반점,전남,영광군,맛,1,0,0,맛 호평 다수 (1건)
518158,상희네밥집,전남,고흥군,맛,1,0,0,맛 호평 다수 (1건)
518158,상희네밥집,전남,고흥군,신선도,1,0,0,신선도 호평 다수 (1건)
428030,새마을상회,광주,서구,맛,1,0,0,맛 호평 다수 (1건)
428030,새마을상회,광주,서구,분위기,1,0,0,분위기 호평 다수 (1건)
428033,새마을회관,광주,북구,맛,1,0,0,맛 호평 다수 (1건)
428033,새마을회관,광주,북구,신선도,1,0,0,신선도 호평 다수 (1건)
428033,새마을회관,광주,북구,분위기,1,0,0,분위기 호평 다수 (1건)
428035,새명가식당,광주,동구,맛,1,0,0,맛 호평 다수 (1건)
428035,새명가식당,광주,동구,신선도,1,0,0,신선도 호평 다수 (1건)
428037,새반도정,광주,동구,맛,1,0,0,맛 호평 다수 (1건)
428041|515678|880443,새벽달 첨단점,광주,광산구,맛,0,1,0,맛 언급 (1건)
518921|895234,새벽숯불가든,전남,무안군,맛,1,0,0,맛 호평 다수 (1건)
518921|895234,새벽숯불가든,전남,무안군,신선도,1,0,0,신선도 호평 다수 (1건)
518921|895234,새벽숯불가든,전남,무안군,분위기,1,0,0,분위기 호평 다수 (1건)
428042,새벽시장 광주쌍촌동,광주,서구,맛,0,1,0,맛 언급 (1건)
518711,새벽식당,전남,담양군,서비스_친절도,1,0,0,서비스_친절도 호평 다수 (1건)
518711,새벽식당,전남,담양군,분위기,1,0,0,분위기 호평 다수 (1건)
520140,새벽완도항구,전남,완도군,신선도,1,0,0,신선도 호평 다수 (1건)
428044,새벽집 한우명가,광주,서구,접근성_웨이팅,1,0,0,접근성_웨이팅 호평 다수 (1건)
428044,새벽집한우명가,광주,서구,신선도,1,0,0,신선도 호평 다수 (1건)
428047,새벽촌 무등시장점,광주,남구,분위기,1,0,0,분위기 호평 다수 (1건)
428045,새벽촌,광주,서구,신선도,1,0,0,신선도 호평 다수 (1건)
428049,새벽촌별관,광주,서구,맛,1,0,0,맛 호평 다수 (1건)
428049,새벽촌별관,광주,서구,분위기,1,0,0,분위기 호평 다수 (1건)
428051,새봄키친,광주,광산구,맛,1,0,0,맛 호평 다수 (1건)
428051,새봄키친,광주,광산구,신선도,1,0,0,신선도 호평 다수 (1건)
428055,새우치킨덤 신가수완점,광주,광산구,맛,1,0,0,맛 호평 다수 (1건)
428055,새우치킨덤 신가수완점,광주,광산구,접근성_웨이팅,1,0,0,접근성_웨이팅 호평 다수 (1건)
428056|880023,새청솔,광주,북구,신선도,1,0,0,신선도 호평 다수 (1건)
428056|880023,새청솔,광주,북구,분위기,1,0,0,분위기 호평 다수 (1건)
56859,색동두부집,전남,화순군,맛,1,0,0,맛 호평 다수 (1건)
56859,색동두부집,전남,화순군,신선도,1,0,0,신선도 호평 다수 (1건)
428059,샌드그립 수완점,광주,광산구,신선도,1,0,0,신선도 호평 다수 (1건)
428059,샌드그립 수완점,광주,광산구,서비스_친절도,1,0,0,서비스_친절도 호평 다수 (1건)
428059,샌드그립 수완점,광주,광산구,분위기,1,0,0,분위기 호평 다수 (1건)
428059,샌드그립수완점,광주,광산구,신선도,1,0,0,신선도 호평 다수 (1건)
428059,샌드그립수완점,광주,광산구,서비스_친절도,1,0,0,서비스_친절도 호평 다수 (1건)
428059,샌드그립수완점,광주,광산구,분위기,1,0,0,분위기 호평 다수 (1건)
187665,샌드랑붕어랑젤리랑,광주,남구,맛,1,0,0,맛 호평 다수 (1건)
187665,샌드랑붕어랑젤리랑,광주,남구,신선도,1,0,0,신선도 호평 다수 (1건)
428061,샌드리아 써밋광천점,광주,서구,맛,1,0,0,맛 호평 다수 (1건)
428061,샌드리아 써밋광천점,광주,서구,신선도,1,0,0,신선도 호평 다수 (1건)
428063,샌드리아 첨단2지구점,광주,북구,맛,1,0,0,맛 호평 다수 (1건)
428064,샌디와샐리와밥아저씨,광주,북구,신선도,1,0,0,신선도 호평 다수 (1건)
428064,샌디와샐리와밥아저씨,광주,북구,분위기,1,0,0,분위기 호평 다수 (1건)
428065,샌디치,광주,북구,맛,1,0,0,맛 호평 다수 (1건)
428065,샌디치,광주,북구,신선도,1,0,0,신선도 호평 다수 (1건)
187680|428075,샐러드 잇냠,광주,북구,맛,1,0,0,맛 호평 다수 (1건)
187680|428075,샐러드 잇냠,광주,북구,신선도,1,0,0,신선도 호평 다수 (1건)
428069,샐러드맘,광주,북구,맛,1,0,0,맛 호평 다수 (1건)
428069,샐러드맘,광주,북구,신선도,1,0,0,신선도 호평 다수 (1건)
523563,샐러드메이트,전남,목포시,맛,1,0,0,맛 호평 다수 (1건)
523563,샐러드메이트,전남,목포시,신선도,1,0,0,신선도 호평 다수 (1건)
94190cea40dd,샐러드미,광주,서구,신선도,0,1,0,신선도 언급 (1건)
bcd55592b9b5,샐러드밥 봉선점,광주,남구,신선도,1,0,0,신선도 호평 다수 (1건)
428070,샐러드밥 신용점,광주,북구,맛,1,0,0,맛 호평 다수 (1건)
428070,샐러드밥 신용점,광주,북구,신선도,1,0,0,신선도 호평 다수 (1건)
187676|428071,샐러드밥,광주,남구,맛,1,0,0,맛 호평 다수 (1건)
187676|428071,샐러드밥,광주,남구,신선도,1,0,0,신선도 호평 다수 (1건)
187678|428073,샐러드온,광주,광산구,맛,1,0,0,맛 호평 다수 (1건)
187678|428073,샐러드온,광주,광산구,신선도,1,0,0,신선도 호평 다수 (1건)
187680|428075,샐러드잇냠,광주,북구,맛,1,0,0,맛 호평 다수 (1건)
187680|428075,샐러드잇냠,광주,북구,신선도,1,0,0,신선도 호평 다수 (1건)
187681|428076,샐러드주는돈까스,광주,남구,신선도,1,0,0,신선도 호평 다수 (1건)
518953|895259,샐러디 남악점,전남,무안군,가격,1,0,0,가격 호평 다수 (1건)
187682|428077,샐러디 조선대점,광주,동구,맛,1,0,0,맛 호평 다수 (1건)
187682|428077,샐러디 조선대점,광주,동구,신선도,1,0,0,신선도 호평 다수 (1건)
522737|896599,샐러디 해남군청점,전남,해남군,가격,1,0,0,가격 호평 다수 (1건)
520196,샐러디아 완도점,전남,완도군,신선도,1,0,0,신선도 호평 다수 (1건)
187682|428077,샐러디조선대점,광주,동구,맛,1,0,0,맛 호평 다수 (1건)
187682|428077,샐러디조선대점,광주,동구,신선도,1,0,0,신선도 호평 다수 (1건)
522892|896709,샐러리아,전남,화순군,맛,1,0,0,맛 호평 다수 (1건)
522892|896709,샐러리아,전남,화순군,신선도,1,0,0,신선도 호평 다수 (1건)
751370803034,샐러바웃 나주혁신점,전남,나주시,맛,1,0,0,맛 호평 다수 (1건)
187683|428078,샐러바웃 봉선점,광주,남구,맛,1,0,0,맛 호평 다수 (1건)
187683|428078,샐러바웃 봉선점,광주,남구,신선도,1,0,0,신선도 호평 다수 (1건)
187683|428078,샐러바웃 봉선점,광주,남구,분위기,1,0,0,분위기 호평 다수 (1건)
428083,샐러바웃 샐러드&포케 효천점,광주,남구,맛,1,0,0,맛 호평 다수 (1건)
428083,샐러바웃 샐러드&포케 효천점,광주,남구,신선도,1,0,0,신선도 호평 다수 (1건)
187689|428084,샐러바웃 수완점,광주,광산구,신선도,1,0,0,신선도 호평 다수 (1건)
187693|428088,샐러바웃 하남점,광주,광산구,신선도,1,0,0,신선도 호평 다수 (1건)
187694|428089|516444,샐러바웃 화정점,광주,서구,맛,1,0,0,맛 호평 다수 (1건)
187694|428089|516444,샐러바웃 화정점,광주,서구,신선도,1,0,0,신선도 호평 다수 (1건)
187684|428079|880024,샐러바웃동명점,광주,동구,신선도,1,0,0,신선도 호평 다수 (1건)
187685|428080,샐러바웃동천점,광주,서구,맛,1,0,0,맛 호평 다수 (1건)
187685|428080,샐러바웃동천점,광주,서구,신선도,1,0,0,신선도 호평 다수 (1건)
187686|428081,샐러바웃본점,광주,광산구,맛,1,0,0,맛 호평 다수 (1건)
187686|428081,샐러바웃본점,광주,광산구,신선도,1,0,0,신선도 호평 다수 (1건)
187687|428082,샐러바웃상무점,광주,서구,맛,1,0,0,맛 호평 다수 (1건)
187687|428082,샐러바웃상무점,광주,서구,신선도,1,0,0,신선도 호평 다수 (1건)
187689|428084,샐러바웃수완점,광주,광산구,신선도,1,0,0,신선도 호평 다수 (1건)
187690|428085,샐러바웃용봉점,광주,북구,신선도,1,0,0,신선도 호평 다수 (1건)
187691|428086,샐러바웃운암점,광주,북구,신선도,1,0,0,신선도 호평 다수 (1건)
187692,샐러바웃첨단점,광주,광산구,맛,1,0,0,맛 호평 다수 (1건)
187692,샐러바웃첨단점,광주,광산구,신선도,1,0,0,신선도 호평 다수 (1건)
187693|428088,샐러바웃하남점,광주,광산구,신선도,1,0,0,신선도 호평 다수 (1건)
187694|428089|516444,샐러바웃화정점,광주,서구,맛,1,0,0,맛 호평 다수 (1건)
187694|428089|516444,샐러바웃화정점,광주,서구,신선도,1,0,0,신선도 호평 다수 (1건)
187694|428089|516444,샐러바웃화정점,광주,서구,서비스_친절도,1,0,0,서비스_친절도 호평 다수 (1건)
187695,샐러브,광주,광산구,분위기,1,0,0,분위기 호평 다수 (1건)
187696,샐러위드,광주,북구,맛,1,0,0,맛 호평 다수 (1건)
187696,샐러위드,광주,북구,위생_청결,1,0,0,위생_청결 호평 다수 (1건)
187697|516267|962142,샐러피아 전남대점,광주,북구,맛,1,0,0,맛 호평 다수 (1건)
187697|516267|962142,샐러피아 전남대점,광주,북구,신선도,1,0,0,신선도 호평 다수 (1건)
187697|516267|962142,샐러피아 전남대점,광주,북구,접근성_웨이팅,1,0,0,접근성_웨이팅 호평 다수 (1건)
187697|516267|962142,샐러피아 전남대점,광주,북구,재방문의사,1,0,0,재방문의사 호평 다수 (1건)
522893|896710,샐리스,전남,화순군,맛,1,0,0,맛 호평 다수 (1건)
522893|896710,샐리스,전남,화순군,신선도,1,0,0,신선도 호평 다수 (1건)
187701|187702|428096,샘물앤두룸박,광주,북구,분위기,1,0,0,분위기 호평 다수 (1건)
187709|428104,샛거리이야기,광주,북구,서비스_친절도,1,0,0,서비스_친절도 호평 다수 (1건)
187709|428104,샛거리이야기,광주,북구,분위기,1,0,0,분위기 호평 다수 (1건)
396139,생각난닭 쌍촌점,광주,서구,맛,1,0,0,맛 호평 다수 (1건)
396139,생각난닭 쌍촌점,광주,서구,신선도,1,0,0,신선도 호평 다수 (1건)
187713|428108,생고기대학교 조대점,광주,동구,맛,1,0,0,맛 호평 다수 (1건)
187713|428108,생고기대학교 조대점,광주,동구,신선도,1,0,0,신선도 호평 다수 (1건)
187713|428108,생고기대학교 조대점,광주,동구,분위기,1,0,0,분위기 호평 다수 (1건)
187715|428110,생돈까스,광주,북구,맛,1,0,0,맛 호평 다수 (1건)
187715|428110,생돈까스,광주,북구,서비스_친절도,1,0,0,서비스_친절도 호평 다수 (1건)
187715|428110,생돈까스,광주,북구,분위기,1,0,0,분위기 호평 다수 (1건)
187716|428111,생돼지고기김치찌개,광주,광산구,분위기,0,1,0,분위기 언급 (1건)
423114,생돼지고기듬뿍넣은 김치찌개 일곡점,광주,북구,맛,1,0,0,맛 호평 다수 (1건)
423114,생돼지고기듬뿍넣은 김치찌개 일곡점,광주,북구,신선도,1,0,0,신선도 호평 다수 (1건)
187720|428115,생비촌,광주,서구,분위기,1,0,0,분위기 호평 다수 (1건)
187721|428116,생생국밥,광주,광산구,신선도,1,0,0,신선도 호평 다수 (1건)
187723|428118,생생돈까스 광주첨단점,광주,북구,맛,1,0,0,맛 호평 다수 (1건)
187726|428121,생생손왕만두,광주,광산구,신선도,1,0,0,신선도 호평 다수 (1건)
187727,생생왕족발,광주,북구,맛,1,0,0,맛 호평 다수 (1건)
187727,생생왕족발,광주,북구,신선도,1,0,0,신선도 호평 다수 (1건)
187728|428123,생생통닭,광주,북구,맛,1,0,0,맛 호평 다수 (1건)
187728|428123,생생통닭,광주,북구,신선도,1,0,0,신선도 호평 다수 (1건)
187730|428125,생선구이섬 선운1호점,광주,광산구,신선도,1,0,0,신선도 호평 다수 (1건)
187733,생어거스틴 광주수완점,광주,광산구,맛,1,0,0,맛 호평 다수 (1건)
187736|428131,생태마을,광주,서구,맛,1,0,0,맛 호평 다수 (1건)
187736|428131,생태마을,광주,서구,신선도,1,0,0,신선도 호평 다수 (1건)
187736|428131,생태마을,광주,서구,분위기,1,0,0,분위기 호평 다수 (1건)
187738|428133,생태야생태,광주,광산구,신선도,1,0,0,신선도 호평 다수 (1건)
187739|428134,생태와국밥,광주,서구,신선도,1,0,0,신선도 호평 다수 (1건)
187741|187746|428140,생태한마리,광주,서구,신선도,1,0,0,신선도 호평 다수 (1건)
187747|428141,샤갈,광주,서구,서비스_친절도,1,0,0,서비스_친절도 호평 다수 (1건)
187747|428141,샤갈,광주,서구,분위기,1,0,0,분위기 호평 다수 (1건)
187752|428146,샤르르손칼국수,광주,동구,맛,1,0,0,맛 호평 다수 (1건)
187752|428146,샤르르손칼국수,광주,동구,신선도,1,0,0,신선도 호평 다수 (1건)
521517|895855,샤브랑고기랑,전남,완도군,신선도,1,0,0,신선도 호평 다수 (1건)
521517|895855,샤브랑고기랑,전남,완도군,서비스_친절도,1,0,0,서비스_친절도 호평 다수 (1건)
884b9a2ed75d,샤브마니아 광양점,전남,광양시,신선도,1,0,0,신선도 호평 다수 (1건)
522828|896657,샤브마니아 화순점,전남,화순군,신선도,1,0,0,신선도 호평 다수 (1건)
522828|896657,샤브마니아 화순점,전남,화순군,서비스_친절도,1,0,0,서비스_친절도 호평 다수 (1건)
518982|895281,샤브하우스,전남,무안군,맛,1,0,0,맛 호평 다수 (1건)
518982|895281,샤브하우스,전남,무안군,신선도,1,0,0,신선도 호평 다수 (1건)
187755,샤브한쌈 증심사점,광주,동구,맛,1,0,0,맛 호평 다수 (1건)
187755,샤브한쌈 증심사점,광주,동구,분위기,1,0,0,분위기 호평 다수 (1건)
daebdab86b8f,샤브향 광양점,전남,광양시,맛,1,0,0,맛 호평 다수 (1건)
daebdab86b8f,샤브향 광양점,전남,광양시,신선도,1,0,0,신선도 호평 다수 (1건)
187759,샤브향 광주문화전당점,광주,동구,신선도,1,0,0,신선도 호평 다수 (1건)
187759,샤브향 광주문화전당점,광주,동구,서비스_친절도,1,0,0,서비스_친절도 호평 다수 (1건)
187759,샤브향 광주문화전당점,광주,동구,분위기,1,0,0,분위기 호평 다수 (1건)
187758,샤브향 전대점,광주,북구,신선도,1,0,0,신선도 호평 다수 (1건)
187760,샤브향수완점,광주,광산구,맛,1,0,0,맛 호평 다수 (1건)
187760,샤브향수완점,광주,광산구,신선도,1,0,0,신선도 호평 다수 (1건)
187760,샤브향수완점,광주,광산구,서비스_친절도,1,0,0,서비스_친절도 호평 다수 (1건)
187769,샵808,광주,서구,맛,1,0,0,맛 호평 다수 (1건)
187767,샵돼일리,광주,광산구,맛,1,0,0,맛 호평 다수 (1건)
187767,샵돼일리,광주,광산구,신선도,1,0,0,신선도 호평 다수 (1건)
187771,샵브이알 광주구시청점,광주,동구,신선도,1,0,0,신선도 호평 다수 (1건)
187771,샵브이알 광주구시청점,광주,동구,분위기,1,0,0,분위기 호평 다수 (1건)
187779|428173,서가,광주,남구,신선도,1,0,0,신선도 호평 다수 (1건)
187779|428173,서가,광주,남구,서비스_친절도,1,0,0,서비스_친절도 호평 다수 (1건)
187779|428173,서가,광주,남구,분위기,1,0,0,분위기 호평 다수 (1건)
187780|428174,서가네왕갈비해장국,광주,서구,맛,1,0,0,맛 호평 다수 (1건)
518756,서가면옥 보릿잎 닭 칼국수,전남,담양군,신선도,1,0,0,신선도 호평 다수 (1건)
187783|428177,서강식당,광주,동구,맛,1,0,0,맛 호평 다수 (1건)
187788|428182,서귀포로맨스 광주상무지구점,광주,서구,서비스_친절도,1,0,0,서비스_친절도 호평 다수 (1건)
187788|428182,서귀포로맨스 광주상무지구점,광주,서구,분위기,1,0,0,분위기 호평 다수 (1건)
187788|428182,서귀포로맨스 광주상무지구점,광주,서구,접근성_웨이팅,1,0,0,접근성_웨이팅 호평 다수 (1건)
428180,서귀포로맨스 광주수완점,광주,광산구,서비스_친절도,1,0,0,서비스_친절도 호평 다수 (1건)
428180,서귀포로맨스 광주수완점,광주,광산구,분위기,1,0,0,분위기 호평 다수 (1건)
518077,서귀포로맨스 전남고흥점,전남,고흥군,맛,1,0,0,맛 호평 다수 (1건)
518077,서귀포로맨스 전남고흥점,전남,고흥군,서비스_친절도,1,0,0,서비스_친절도 호평 다수 (1건)
428183,서귀포로맨스 전남대점,광주,북구,서비스_친절도,1,0,0,서비스_친절도 호평 다수 (1건)
963302,서귀포로맨스 조선대점,광주,동구,맛,1,0,0,맛 호평 다수 (1건)
963302,서귀포로맨스 조선대점,광주,동구,분위기,1,0,0,분위기 호평 다수 (1건)
187787|187789,서귀포로맨스,광주,북구,분위기,1,0,0,분위기 호평 다수 (1건)
187791|428185|879643|880025,서남민물고기 본점,광주,남구,맛,1,0,0,맛 호평 다수 (1건)
187791|428185|879643|880025,서남민물고기 본점,광주,남구,신선도,1,0,0,신선도 호평 다수 (1건)
fab57d621bee,서남민물고기,광주,남구,맛,1,0,0,맛 호평 다수 (1건)
fab57d621bee,서남민물고기,광주,남구,신선도,1,0,0,신선도 호평 다수 (1건)
930957d899cf,서남식당,광주,동구,맛,1,0,0,맛 호평 다수 (1건)
930957d899cf,서남식당,광주,동구,분위기,1,0,0,분위기 호평 다수 (1건)
187792,서다우,광주,광산구,신선도,1,0,0,신선도 호평 다수 (1건)
187793|428187,서다우참치,광주,북구,신선도,1,0,0,신선도 호평 다수 (1건)
187795,서대마을,광주,남구,맛,1,0,0,맛 호평 다수 (1건)
187795,서대마을,광주,남구,분위기,1,0,0,분위기 호평 다수 (1건)
187797,서동치킨,광주,남구,맛,1,0,0,맛 호평 다수 (1건)
187797,서동치킨,광주,남구,신선도,1,0,0,신선도 호평 다수 (1건)
187803|428197,서리실 대패,광주,서구,맛,1,0,0,맛 호평 다수 (1건)
187805|428199,서림분식,광주,북구,맛,1,0,0,맛 호평 다수 (1건)
187805|428199,서림분식,광주,북구,신선도,1,0,0,신선도 호평 다수 (1건)
187805|428199,서림분식,광주,북구,서비스_친절도,1,0,0,서비스_친절도 호평 다수 (1건)
187806|428200,서림식육식당,광주,서구,재방문의사,1,0,0,재방문의사 호평 다수 (1건)
523407|837240,서문마당,전남,나주시,신선도,1,0,0,신선도 호평 다수 (1건)
187810,서민족발,광주,서구,맛,1,0,0,맛 호평 다수 (1건)
187810,서민족발,광주,서구,신선도,1,0,0,신선도 호평 다수 (1건)
187813|428207,서방수산횟집,광주,북구,신선도,1,0,0,신선도 호평 다수 (1건)
187813|428207,서방수산횟집,광주,북구,위생_청결,1,0,0,위생_청결 호평 다수 (1건)
198977,서부농수산물도매시장수산물동,광주,서구,신선도,1,0,0,신선도 호평 다수 (1건)
187818|879644,서석대,광주,서구,맛,1,0,0,맛 호평 다수 (1건)
187818|879644,서석대,광주,서구,신선도,1,0,0,신선도 호평 다수 (1건)
187819|428213,서석들보리밥,광주,북구,신선도,1,0,0,신선도 호평 다수 (1건)
187820|428214,서석식당,광주,동구,맛,1,0,0,맛 호평 다수 (1건)
518826|895175,서스테인,전남,담양군,분위기,1,0,0,분위기 호평 다수 (1건)
517435,서식,전남,순천시,맛,1,0,0,맛 호평 다수 (1건)
532236,서씨네 닭. 제육볶음,광주,서구,맛,1,0,0,맛 호평 다수 (1건)
532236,서씨네 닭. 제육볶음,광주,서구,접근성_웨이팅,1,0,0,접근성_웨이팅 호평 다수 (1건)
187823|428217,서연이네곱창전골,광주,동구,맛,1,0,0,맛 호평 다수 (1건)
187823|428217,서연이네곱창전골,광주,동구,신선도,1,0,0,신선도 호평 다수 (1건)
187827|428221,서울곱창,광주,광산구,신선도,1,0,0,신선도 호평 다수 (1건)
187827|428221,서울곱창,광주,광산구,분위기,1,0,0,분위기 호평 다수 (1건)
474e01d67737,서울깍두기 수완점,광주,광산구,맛,1,0,0,맛 호평 다수 (1건)
187831,서울깍두기 유스퀘어2호점,광주,서구,맛,1,0,0,맛 호평 다수 (1건)
187834|428228,서울깍두기첨단점,광주,광산구,맛,1,0,0,맛 호평 다수 (1건)
187836|428230,서울뚝배기기사식당,광주,광산구,맛,1,0,0,맛 호평 다수 (1건)
187836|428230,서울뚝배기기사식당,광주,광산구,분위기,1,0,0,분위기 호평 다수 (1건)
187838|428232,서울반점,광주,광산구,맛,1,0,0,맛 호평 다수 (1건)
187838|428232,서울반점,광주,광산구,신선도,1,0,0,신선도 호평 다수 (1건)
187838|428232,서울반점,광주,광산구,서비스_친절도,1,0,0,서비스_친절도 호평 다수 (1건)
187829|428223,서울분식,광주,북구,맛,1,0,0,맛 호평 다수 (1건)
187829|428223,서울분식,광주,북구,신선도,1,0,0,신선도 호평 다수 (1건)
187829|428223,서울분식,광주,북구,서비스_친절도,1,0,0,서비스_친절도 호평 다수 (1건)
187839|428233,서울식사리해장국,광주,서구,신선도,1,0,0,신선도 호평 다수 (1건)
520242,서울야식,전남,완도군,맛,1,0,0,맛 호평 다수 (1건)
187840|428234,서울왕족발보쌈,광주,북구,맛,1,0,0,맛 호평 다수 (1건)
187840|428234,서울왕족발보쌈,광주,북구,서비스_친절도,1,0,0,서비스_친절도 호평 다수 (1건)
436479,서울의밤,광주,북구,분위기,1,0,0,분위기 호평 다수 (1건)
187841|428235|880026,서울장수국수,광주,광산구,맛,1,0,0,맛 호평 다수 (1건)
187841|428235|880026,서울장수국수,광주,광산구,신선도,1,0,0,신선도 호평 다수 (1건)
187842|428236,서울족발보쌈,광주,서구,맛,1,0,0,맛 호평 다수 (1건)
187842|428236,서울족발보쌈,광주,서구,분위기,1,0,0,분위기 호평 다수 (1건)
56862|880499,서정스넥,전남,여수시,가격,1,0,0,가격 호평 다수 (1건)
522185|896279,서진도식당,전남,진도군,맛,1,0,0,맛 호평 다수 (1건)
522185|896279,서진도식당,전남,진도군,신선도,1,0,0,신선도 호평 다수 (1건)
522185|896279,서진도식당,전남,진도군,서비스_친절도,1,0,0,서비스_친절도 호평 다수 (1건)
187855|428249,서천함바식당,광주,서구,분위기,1,0,0,분위기 호평 다수 (1건)
186735,서태후,광주,동구,신선도,1,0,0,신선도 호평 다수 (1건)
519108|895378,서해명가,전남,무안군,신선도,1,0,0,신선도 호평 다수 (1건)
187860|428254,서해백합,광주,북구,맛,1,0,0,맛 호평 다수 (1건)
187860|428254,서해백합,광주,북구,신선도,1,0,0,신선도 호평 다수 (1건)
187865|428258,서해수산 광주여대점,광주,광산구,신선도,1,0,0,신선도 호평 다수 (1건)
187866|515930|961875,서해수산 두암점,광주,북구,신선도,1,0,0,신선도 호평 다수 (1건)
428255,서해수산 본점,광주,광산구,맛,1,0,0,맛 호평 다수 (1건)
428255,서해수산 본점,광주,광산구,신선도,1,0,0,신선도 호평 다수 (1건)
187867,서해수산 산수점,광주,동구,위생_청결,1,0,0,위생_청결 호평 다수 (1건)
21889e1ce98f,서해수산 첨단점,광주,광산구,맛,1,0,0,맛 호평 다수 (1건)
21889e1ce98f,서해수산 첨단점,광주,광산구,신선도,1,0,0,신선도 호평 다수 (1건)
21889e1ce98f,서해수산 첨단점,광주,광산구,가격,1,0,0,가격 호평 다수 (1건)
187863|428256,서해수산 풍암점,광주,서구,신선도,1,0,0,신선도 호평 다수 (1건)
187877,서해수산 화정점,광주,서구,신선도,1,0,0,신선도 호평 다수 (1건)
428261,서해수산 활어직판장,광주,광산구,맛,1,0,0,맛 호평 다수 (1건)
428261,서해수산 활어직판장,광주,광산구,신선도,1,0,0,신선도 호평 다수 (1건)
428261,서해수산 활어직판장,광주,광산구,양,1,0,0,양 호평 다수 (1건)
187865|428258,서해수산광주여대점,광주,광산구,신선도,1,0,0,신선도 호평 다수 (1건)
428262,서해수산활어직판장 신용점,광주,북구,신선도,1,0,0,신선도 호평 다수 (1건)
187874|432418,서해수산활어직판장 운암점,광주,북구,신선도,1,0,0,신선도 호평 다수 (1건)
428265,서해수산활어직판장 임동점,광주,북구,신선도,1,0,0,신선도 호평 다수 (1건)
187875,서해수산활어직판장 진월점,광주,남구,신선도,1,0,0,신선도 호평 다수 (1건)
187875,서해수산활어직판장 진월점,광주,남구,위생_청결,1,0,0,위생_청결 호평 다수 (1건)
515995|961931,서해수산활어직판장 치평점,광주,서구,맛,1,0,0,맛 호평 다수 (1건)
515995|961931,서해수산활어직판장 치평점,광주,서구,신선도,1,0,0,신선도 호평 다수 (1건)
187872,서해수산활어직판장,광주,북구,맛,1,0,0,맛 호평 다수 (1건)
187872,서해수산활어직판장,광주,북구,신선도,1,0,0,신선도 호평 다수 (1건)
187878|428271,서해식당,광주,서구,분위기,1,0,0,분위기 호평 다수 (1건)
187879|428272,서향칼국수팥죽,광주,광산구,분위기,1,0,0,분위기 호평 다수 (1건)
518360,석곡돼지한마리,전남,곡성군,맛,1,0,0,맛 호평 다수 (1건)
518360,석곡돼지한마리,전남,곡성군,분위기,1,0,0,분위기 호평 다수 (1건)
187883|428276,석곡추어탕,광주,북구,맛,1,0,0,맛 호평 다수 (1건)
187883|428276,석곡추어탕,광주,북구,신선도,1,0,0,신선도 호평 다수 (1건)
ef84457d6ad5,석곡흑돼지,광주,북구,맛,1,0,0,맛 호평 다수 (1건)
ef84457d6ad5,석곡흑돼지,광주,북구,신선도,1,0,0,신선도 호평 다수 (1건)
ef84457d6ad5,석곡흑돼지,광주,북구,접근성_웨이팅,1,0,0,접근성_웨이팅 호평 다수 (1건)
187884|428277,석구고기,광주,북구,맛,1,0,0,맛 호평 다수 (1건)
187884|428277,석구고기,광주,북구,신선도,1,0,0,신선도 호평 다수 (1건)
187886|428279,석마루,광주,광산구,맛,1,0,0,맛 호평 다수 (1건)
187886|428279,석마루,광주,광산구,신선도,1,0,0,신선도 호평 다수 (1건)
187887|428280,석문농원,광주,광산구,신선도,1,0,0,신선도 호평 다수 (1건)
187889,석봉토스트 광주매곡점,광주,북구,신선도,1,0,0,신선도 호평 다수 (1건)
187890,석봉토스트 광주조대점,광주,동구,맛,1,0,0,맛 호평 다수 (1건)
187890,석봉토스트 광주조대점,광주,동구,신선도,1,0,0,신선도 호평 다수 (1건)
187890,석봉토스트 광주조대점,광주,동구,양,1,0,0,양 호평 다수 (1건)
187890,석봉토스트 광주조대점,광주,동구,접근성_웨이팅,1,0,0,접근성_웨이팅 호평 다수 (1건)
521771|896020,석송정,전남,장성군,분위기,1,0,0,분위기 호평 다수 (1건)
187893|428285,석정식육식당,광주,남구,신선도,1,0,0,신선도 호평 다수 (1건)
187893|428285,석정식육식당,광주,남구,서비스_친절도,1,0,0,서비스_친절도 호평 다수 (1건)
517849,석천한정식,전남,강진군,신선도,1,0,0,신선도 호평 다수 (1건)
517849,석천한정식,전남,강진군,서비스_친절도,1,0,0,서비스_친절도 호평 다수 (1건)
187897|428289,석희네소주방,광주,북구,맛,1,0,0,맛 호평 다수 (1건)
187903,선릉역매운떡볶이 광주운남점,광주,광산구,맛,1,0,0,맛 호평 다수 (1건)
187902,선릉역매운떡볶이,광주,남구,맛,1,0,0,맛 호평 다수 (1건)
187902,선릉역매운떡볶이,광주,남구,분위기,1,0,0,분위기 호평 다수 (1건)
187905|428297,선미국밥,광주,서구,맛,1,0,0,맛 호평 다수 (1건)
187905|428297,선미국밥,광주,서구,신선도,1,0,0,신선도 호평 다수 (1건)
187905|428297,선미국밥,광주,서구,분위기,1,0,0,분위기 호평 다수 (1건)
187909|428301,선비가 닭발&막창 북구점,광주,북구,맛,1,0,0,맛 호평 다수 (1건)
187909|428301,선비가 닭발&막창 북구점,광주,북구,신선도,1,0,0,신선도 호평 다수 (1건)
187909|428301,선비가 닭발&막창 북구점,광주,북구,분위기,1,0,0,분위기 호평 다수 (1건)
428302,선비식당,광주,동구,맛,1,0,0,맛 호평 다수 (1건)
56866,선비촌,전남,순천시,신선도,1,0,0,신선도 호평 다수 (1건)
518902|895221,선셋테이블,전남,무안군,맛,0,1,0,맛 언급 (1건)
518902|895221,선셋테이블,전남,무안군,가격,0,1,0,가격 언급 (1건)
517612,선소닭구이,전남,여수시,맛,1,0,0,맛 호평 다수 (1건)
517612,선소닭구이,전남,여수시,분위기,1,0,0,분위기 호평 다수 (1건)
187913|428305,선수닭발,광주,북구,맛,1,0,0,맛 호평 다수 (1건)
187916|428432,선씨한우,광주,광산구,맛,1,0,0,맛 호평 다수 (1건)
187916|428432,선씨한우,광주,광산구,신선도,1,0,0,신선도 호평 다수 (1건)
187920|428312,선애팥죽,광주,광산구,신선도,1,0,0,신선도 호평 다수 (1건)
027e0a56ffee,선어식당,전남,나주시,맛,1,0,0,맛 호평 다수 (1건)
027e0a56ffee,선어식당,전남,나주시,신선도,1,0,0,신선도 호평 다수 (1건)
521570|895888,선옥이네회센터,전남,완도군,신선도,1,0,0,신선도 호평 다수 (1건)
187922|428314|879645|880027,선운돌솥감자탕,광주,광산구,신선도,1,0,0,신선도 호평 다수 (1건)
187923|428315,선운스테이크,광주,광산구,신선도,0,1,0,신선도 언급 (1건)
187923|428315,선운스테이크,광주,광산구,양,0,1,0,양 언급 (1건)
187926|428318,선운장터국밥,광주,광산구,가격,1,0,0,가격 호평 다수 (1건)
187926|428318,선운장터국밥,광주,광산구,분위기,1,0,0,분위기 호평 다수 (1건)
521004,선운지구 랭삼1992,광주,광산구,신선도,1,0,0,신선도 호평 다수 (1건)
521004,선운지구 랭삼1992,광주,광산구,양,1,0,0,양 호평 다수 (1건)
187927,선율,광주,동구,양,1,0,0,양 호평 다수 (1건)
187928|428320,선이네전집,광주,서구,분위기,1,0,0,분위기 호평 다수 (1건)
187929|428321,선이식당,광주,남구,신선도,1,0,0,신선도 호평 다수 (1건)
f2455f3524de,선일,광주,동구,맛,1,0,0,맛 호평 다수 (1건)
f2455f3524de,선일,광주,동구,신선도,1,0,0,신선도 호평 다수 (1건)
522479,선진분식,전남,함평군,신선도,1,0,0,신선도 호평 다수 (1건)
522479,선진분식,전남,함평군,서비스_친절도,1,0,0,서비스_친절도 호평 다수 (1건)
187934|428326,선하,광주,동구,맛,1,0,0,맛 호평 다수 (1건)
187934|428326,선하,광주,동구,분위기,1,0,0,분위기 호평 다수 (1건)
521954|896146,선학막국수,전남,장흥군,맛,1,0,0,맛 호평 다수 (1건)
521954|896146,선학막국수,전남,장흥군,신선도,1,0,0,신선도 호평 다수 (1건)
9e26e625ba00,선희네 횟집,전남,목포시,맛,1,0,0,맛 호평 다수 (1건)
9e26e625ba00,선희네 횟집,전남,목포시,신선도,1,0,0,신선도 호평 다수 (1건)
187937|428329,선희네,광주,서구,맛,1,0,0,맛 호평 다수 (1건)
187937|428329,선희네,광주,서구,분위기,1,0,0,분위기 호평 다수 (1건)
187938|428330,선희네아구찜,광주,남구,맛,1,0,0,맛 호평 다수 (1건)
187938|428330,선희네아구찜,광주,남구,신선도,1,0,0,신선도 호평 다수 (1건)
187939|428331,설가네,광주,광산구,신선도,1,0,0,신선도 호평 다수 (1건)
187939|428331,설가네,광주,광산구,위생_청결,1,0,0,위생_청결 호평 다수 (1건)
187941|428333,설고,광주,광산구,맛,1,0,0,맛 호평 다수 (1건)
40034c95c2b6,설구막창첨단점 광주월계동,광주,광산구,신선도,1,0,0,신선도 호평 다수 (1건)
00d3c6ced61d,설렁탕남도왕갈비탕,전남,나주시,맛,1,0,0,맛 호평 다수 (1건)
00d3c6ced61d,설렁탕남도왕갈비탕,전남,나주시,신선도,1,0,0,신선도 호평 다수 (1건)
56867,설성식당,전남,강진군,맛,1,0,0,맛 호평 다수 (1건)
187964|428356,설중매산장,광주,북구,맛,1,0,0,맛 호평 다수 (1건)
187964|428356,설중매산장,광주,북구,신선도,1,0,0,신선도 호평 다수 (1건)
187964|428356,설중매산장,광주,북구,서비스_친절도,1,0,0,서비스_친절도 호평 다수 (1건)
187965|428357,설코다리,광주,남구,맛,1,0,0,맛 호평 다수 (1건)
187965|428357,설코다리,광주,남구,신선도,1,0,0,신선도 호평 다수 (1건)
187965|428357,설코다리,광주,남구,분위기,1,0,0,분위기 호평 다수 (1건)
515739|961711,설화참치,광주,남구,신선도,1,0,0,신선도 호평 다수 (1건)
515739|961711,설화참치,광주,남구,접근성_웨이팅,1,0,0,접근성_웨이팅 호평 다수 (1건)
519558|895701,섬나라,전남,신안군,맛,1,0,0,맛 호평 다수 (1건)
519558|895701,섬나라,전남,신안군,분위기,1,0,0,분위기 호평 다수 (1건)
187970|428362,섬마을,광주,동구,맛,1,0,0,맛 호평 다수 (1건)
187970|428362,섬마을,광주,동구,신선도,1,0,0,신선도 호평 다수 (1건)
187970|428362,섬마을,광주,동구,분위기,1,0,0,분위기 호평 다수 (1건)
521479|895832,섬마을식당,전남,목포시,맛,1,0,0,맛 호평 다수 (1건)
521479|895832,섬마을식당,전남,목포시,분위기,1,0,0,분위기 호평 다수 (1건)
519573|895709,섬마을식육식당,전남,신안군,맛,1,0,0,맛 호평 다수 (1건)
519584|895718,섬마을짜장,전남,신안군,분위기,1,0,0,분위기 호평 다수 (1건)
bdece212a537,섬마을해물탕,전남,목포시,맛,1,0,0,맛 호평 다수 (1건)
bdece212a537,섬마을해물탕,전남,목포시,신선도,1,0,0,신선도 호평 다수 (1건)
bdece212a537,섬마을해물탕,전남,목포시,접근성_웨이팅,1,0,0,접근성_웨이팅 호평 다수 (1건)
519434|895628,섬마을횟집,전남,신안군,신선도,1,0,0,신선도 호평 다수 (1건)
519434|895628,섬마을횟집,전남,신안군,서비스_친절도,1,0,0,서비스_친절도 호평 다수 (1건)
17956533d6c6,섬섬씨,전남,여수시,맛,1,0,0,맛 호평 다수 (1건)
fd472115b308,섬으로,광주,서구,신선도,1,0,0,신선도 호평 다수 (1건)
fd472115b308,섬으로,광주,서구,분위기,1,0,0,분위기 호평 다수 (1건)
56868|880501,섬진강 다슬기식당,전남,구례군,신선도,1,0,0,신선도 호평 다수 (1건)
56868|880501,섬진강 다슬기식당,전남,구례군,분위기,1,0,0,분위기 호평 다수 (1건)
5b15e800f2af,섬진강고향집재첩국,전남,광양시,서비스_친절도,1,0,0,서비스_친절도 호평 다수 (1건)
5b15e800f2af,섬진강고향집재첩국,전남,광양시,분위기,1,0,0,분위기 호평 다수 (1건)
5b15e800f2af,섬진강고향집재첩국,전남,광양시,접근성_웨이팅,1,0,0,접근성_웨이팅 호평 다수 (1건)
518281,섬진강민물매운탕,전남,곡성군,신선도,1,0,0,신선도 호평 다수 (1건)
518281,섬진강민물매운탕,전남,곡성군,분위기,1,0,0,분위기 호평 다수 (1건)
56870,섬진강재첩국수,전남,구례군,신선도,1,0,0,신선도 호평 다수 (1건)
519527|895686,섬초랑민어가,전남,신안군,신선도,1,0,0,신선도 호평 다수 (1건)
187978|428370,성광,광주,광산구,접근성_웨이팅,1,0,0,접근성_웨이팅 호평 다수 (1건)
187980|428372,성당앞돈까스,광주,북구,맛,1,0,0,맛 호평 다수 (1건)
187980|428372,성당앞돈까스,광주,북구,신선도,1,0,0,신선도 호평 다수 (1건)
428377,성미초밥,광주,광산구,맛,1,0,0,맛 호평 다수 (1건)
428377,성미초밥,광주,광산구,신선도,1,0,0,신선도 호평 다수 (1건)
428377,성미초밥,광주,광산구,서비스_친절도,1,0,0,서비스_친절도 호평 다수 (1건)
428377,성미초밥,광주,광산구,접근성_웨이팅,1,0,0,접근성_웨이팅 호평 다수 (1건)
187986|428378,성보명가숯불구이,광주,북구,신선도,1,0,0,신선도 호평 다수 (1건)
187986|428378,성보명가숯불구이,광주,북구,분위기,1,0,0,분위기 호평 다수 (1건)
523021,성수동꿀꽈배기 화순점,전남,화순군,신선도,1,0,0,신선도 호평 다수 (1건)
523021,성수동꿀꽈배기 화순점,전남,화순군,분위기,1,0,0,분위기 호평 다수 (1건)
56871|880502,성실산장어숯불구이,전남,고흥군,맛,1,0,0,맛 호평 다수 (1건)
187993|428384,성심이네,광주,북구,신선도,1,0,0,신선도 호평 다수 (1건)
187994|428385,성심카츠,광주,광산구,신선도,1,0,0,신선도 호평 다수 (1건)
187998|428389,성원세꼬시,광주,광산구,신선도,1,0,0,신선도 호평 다수 (1건)
187999|428390,성원정 닭한마리칼국수,광주,광산구,신선도,1,0,0,신선도 호평 다수 (1건)
519123|895389,성원회수산,전남,무안군,신선도,1,0,0,신선도 호평 다수 (1건)
a624f4a2f41b,성일식당,전남,순천시,맛,1,0,0,맛 호평 다수 (1건)
188001|428392|880034,성화식당,광주,북구,서비스_친절도,1,0,0,서비스_친절도 호평 다수 (1건)
188001|428392|880034,성화식당,광주,북구,분위기,1,0,0,분위기 호평 다수 (1건)
517879,성화야식,전남,강진군,신선도,1,0,0,신선도 호평 다수 (1건)
655b54ee222a,성효꼬마김밥,전남,목포시,맛,1,0,0,맛 호평 다수 (1건)
655b54ee222a,성효꼬마김밥,전남,목포시,신선도,1,0,0,신선도 호평 다수 (1건)
519255|895494,성훈이네횟집,전남,보성군,신선도,1,0,0,신선도 호평 다수 (1건)
428397,세광양대창 광주첨단점,광주,광산구,신선도,1,0,0,신선도 호평 다수 (1건)
494971|880386,세련대게 월드컵점 The CraBest,광주,남구,신선도,1,0,0,신선도 호평 다수 (1건)
494971|880386,세련대게 월드컵점 The CraBest,광주,남구,가격,1,0,0,가격 호평 다수 (1건)
188017|428408,세모아,광주,북구,신선도,1,0,0,신선도 호평 다수 (1건)
a7b48a256445,세숫대왕해물 광주양산동,광주,북구,신선도,1,0,0,신선도 호평 다수 (1건)
a7b48a256445,세숫대왕해물 광주양산동,광주,북구,서비스_친절도,1,0,0,서비스_친절도 호평 다수 (1건)
188058|428449,세숫대왕해물,광주,북구,신선도,1,0,0,신선도 호평 다수 (1건)
188058|428449,세숫대왕해물,광주,북구,서비스_친절도,1,0,0,서비스_친절도 호평 다수 (1건)
188062,세심정,광주,서구,맛,1,0,0,맛 호평 다수 (1건)
521562|895881,세연정횟집앤모텔,전남,완도군,맛,1,0,0,맛 호평 다수 (1건)
521562|895881,세연정횟집앤모텔,전남,완도군,신선도,1,0,0,신선도 호평 다수 (1건)
521562|895881,세연정횟집앤모텔,전남,완도군,서비스_친절도,1,0,0,서비스_친절도 호평 다수 (1건)
188066,세이지,광주,북구,맛,1,0,0,맛 호평 다수 (1건)
188066,세이지,광주,북구,분위기,1,0,0,분위기 호평 다수 (1건)
188067|428457,세익수산,광주,동구,맛,1,0,0,맛 호평 다수 (1건)
188067|428457,세익수산,광주,동구,신선도,1,0,0,신선도 호평 다수 (1건)
88667,세컨디포레스트 목포점,전남,목포시,가격,1,0,0,가격 호평 다수 (1건)
88667,세컨디포레스트 목포점,전남,목포시,양,1,0,0,양 호평 다수 (1건)
00a6a478d008,세컨플로어,전남,나주시,분위기,1,0,0,분위기 호평 다수 (1건)
188083|428472,센토,광주,서구,맛,1,0,0,맛 호평 다수 (1건)
188083|428472,센토,광주,서구,분위기,1,0,0,분위기 호평 다수 (1건)
188085|428474,셀리,광주,남구,분위기,1,0,0,분위기 호평 다수 (1건)
428480,셰프들의출장뷔페,광주,광산구,맛,1,0,0,맛 호평 다수 (1건)
428480,셰프들의출장뷔페,광주,광산구,신선도,1,0,0,신선도 호평 다수 (1건)
188094|428483,솊독 전대점,광주,북구,분위기,1,0,0,분위기 호평 다수 (1건)
188094|428483,솊독전대점,광주,북구,분위기,1,0,0,분위기 호평 다수 (1건)
188097|428486,소고집,광주,서구,신선도,1,0,0,신선도 호평 다수 (1건)
188097|428486,소고집,광주,서구,접근성_웨이팅,1,0,0,접근성_웨이팅 호평 다수 (1건)
428490,소굴 문흥본점,광주,북구,분위기,1,0,0,분위기 호평 다수 (1건)
188109,소굴 양산점,광주,북구,분위기,1,0,0,분위기 호평 다수 (1건)
188112|428501,소굴 운남점,광주,광산구,맛,1,0,0,맛 호평 다수 (1건)
188112|428501,소굴 운남점,광주,광산구,신선도,1,0,0,신선도 호평 다수 (1건)
188112|428501,소굴 운남점,광주,광산구,분위기,1,0,0,분위기 호평 다수 (1건)
188114|428503,소굴 하남점,광주,광산구,맛,1,0,0,맛 호평 다수 (1건)
188114|428503,소굴 하남점,광주,광산구,분위기,1,0,0,분위기 호평 다수 (1건)
428495,소굴&여우,광주,북구,맛,1,0,0,맛 호평 다수 (1건)
188107,소굴,광주,서구,신선도,1,0,0,신선도 호평 다수 (1건)
188100|188108|428489,소굴매곡동,광주,북구,분위기,1,0,0,분위기 호평 다수 (1건)
39e88e645f82,소굴매곡점,광주,북구,맛,1,0,0,맛 호평 다수 (1건)
39e88e645f82,소굴매곡점,광주,북구,분위기,1,0,0,분위기 호평 다수 (1건)
188112|428501,소굴운남점,광주,광산구,맛,1,0,0,맛 호평 다수 (1건)
188112|428501,소굴운남점,광주,광산구,신선도,1,0,0,신선도 호평 다수 (1건)
188112|428501,소굴운남점,광주,광산구,분위기,1,0,0,분위기 호평 다수 (1건)
4d96b7dab09f,소굴첨단소굴 첨단 직영점,광주,광산구,분위기,1,0,0,분위기 호평 다수 (1건)
188116|428505,소나무,광주,북구,맛,1,0,0,맛 호평 다수 (1건)
188118|428507|880036,소나무한그루 광주수완동,광주,광산구,맛,1,0,0,맛 호평 다수 (1건)
188118|428507|880036,소나무한그루 광주수완동,광주,광산구,신선도,1,0,0,신선도 호평 다수 (1건)
188121|428510,소뇨,광주,동구,분위기,1,0,0,분위기 호평 다수 (1건)
188124|188127|428513|428516,소담 보리밥,광주,서구,맛,1,0,0,맛 호평 다수 (1건)
188124|188127|428513|428516,소담 보리밥,광주,서구,신선도,1,0,0,신선도 호평 다수 (1건)
188140,소담,광주,서구,신선도,1,0,0,신선도 호평 다수 (1건)
188134|428523,소담골,광주,동구,접근성_웨이팅,1,0,0,접근성_웨이팅 호평 다수 (1건)
188138|428527,소담소담,광주,서구,맛,1,0,0,맛 호평 다수 (1건)
518088,소담식당,전남,고흥군,맛,1,0,0,맛 호평 다수 (1건)
518088,소담식당,전남,고흥군,신선도,1,0,0,신선도 호평 다수 (1건)
518088,소담식당,전남,고흥군,분위기,1,0,0,분위기 호평 다수 (1건)
188142|428531|55152,소담정한정식,광주,동구,맛,1,0,0,맛 호평 다수 (1건)
188142|428531|55152,소담정한정식,광주,동구,서비스_친절도,1,0,0,서비스_친절도 호평 다수 (1건)
188142|428531|55152,소담정한정식,광주,동구,분위기,1,0,0,분위기 호평 다수 (1건)
428533,소도둑 광주상무점,광주,서구,신선도,1,0,0,신선도 호평 다수 (1건)
428533,소도둑 광주상무점,광주,서구,접근성_웨이팅,1,0,0,접근성_웨이팅 호평 다수 (1건)
428534,소도둑 광주첨단점,광주,광산구,신선도,1,0,0,신선도 호평 다수 (1건)
428534,소도둑 광주첨단점,광주,광산구,서비스_친절도,1,0,0,서비스_친절도 호평 다수 (1건)
56872,소띳기,전남,해남군,맛,1,0,0,맛 호평 다수 (1건)
56872,소띳기,전남,해남군,신선도,1,0,0,신선도 호평 다수 (1건)
56872,소띳기,전남,해남군,분위기,1,0,0,분위기 호평 다수 (1건)
522243,소라숯불갈비,전남,진도군,맛,1,0,0,맛 호평 다수 (1건)
522498,소라식당,전남,함평군,분위기,1,0,0,분위기 호평 다수 (1건)
520234,소라횟집,전남,완도군,맛,1,0,0,맛 호평 다수 (1건)
520234,소라횟집,전남,완도군,신선도,1,0,0,신선도 호평 다수 (1건)
521798|896038,소리네,전남,장성군,서비스_친절도,1,0,0,서비스_친절도 호평 다수 (1건)
c2a46a0ae246,소림마라 광양점,전남,광양시,맛,1,0,0,맛 호평 다수 (1건)
188163,소림마라 광주광산점,광주,광산구,맛,1,0,0,맛 호평 다수 (1건)
188162|428551,소림마라 광주서구점,광주,서구,분위기,1,0,0,분위기 호평 다수 (1건)
188160|428549,소림마라광주남구점,광주,남구,맛,1,0,0,맛 호평 다수 (1건)
188160|428549,소림마라광주남구점,광주,남구,신선도,1,0,0,신선도 호평 다수 (1건)
188161|428550,소림마라광주북구점,광주,북구,맛,1,0,0,맛 호평 다수 (1건)
188167|428556,소망분식,광주,서구,맛,1,0,0,맛 호평 다수 (1건)
188167|428556,소망분식,광주,서구,신선도,1,0,0,신선도 호평 다수 (1건)
188169|428558,소망식당,광주,북구,맛,1,0,0,맛 호평 다수 (1건)
188171|428560,소맥,광주,광산구,맛,1,0,0,맛 호평 다수 (1건)
188171|428560,소맥,광주,광산구,분위기,1,0,0,분위기 호평 다수 (1건)
0893b1cc5794,소문 한정식,전남,광양시,신선도,1,0,0,신선도 호평 다수 (1건)
515958|961901,소문난 주먹구이 쌍촌점,광주,서구,맛,1,0,0,맛 호평 다수 (1건)
515958|961901,소문난 주먹구이 쌍촌점,광주,서구,양,1,0,0,양 호평 다수 (1건)
188197|428586,소문난 풍년팥죽&칼국수,광주,서구,맛,1,0,0,맛 호평 다수 (1건)
522290|896335,소문난곱창,전남,진도군,맛,1,0,0,맛 호평 다수 (1건)
522290|896335,소문난곱창,전남,진도군,신선도,1,0,0,신선도 호평 다수 (1건)
188178|428567|880040,소문난국밥,광주,광산구,맛,1,0,0,맛 호평 다수 (1건)
188180|428569,소문난대왕짬뽕,광주,광산구,맛,1,0,0,맛 호평 다수 (1건)
188180|428569,소문난대왕짬뽕,광주,광산구,신선도,1,0,0,신선도 호평 다수 (1건)
1027912ebf97,소문난분식 광주금남로5가,광주,동구,서비스_친절도,1,0,0,서비스_친절도 호평 다수 (1건)
521540|895870,소문난삼겹살,전남,완도군,맛,1,0,0,맛 호평 다수 (1건)
521540|895870,소문난삼겹살,전남,완도군,신선도,1,0,0,신선도 호평 다수 (1건)
521540|895870,소문난삼겹살,전남,완도군,분위기,1,0,0,분위기 호평 다수 (1건)
ed1eb7e8444f,소문난순대,전남,광양시,신선도,1,0,0,신선도 호평 다수 (1건)
188184|428573,소문난숯불갈비,광주,광산구,신선도,1,0,0,신선도 호평 다수 (1건)
fa35f256f7cc,소문난식당 광주양동,광주,서구,맛,1,0,0,맛 호평 다수 (1건)
fa35f256f7cc,소문난식당 광주양동,광주,서구,접근성_웨이팅,1,0,0,접근성_웨이팅 호평 다수 (1건)
9bb0ffd91505,소문난오돌뼈 광주오치동,광주,북구,맛,1,0,0,맛 호평 다수 (1건)
188187|428576,소문난오돌뼈,광주,북구,분위기,1,0,0,분위기 호평 다수 (1건)
518299,소문난왕짬뽕,전남,곡성군,맛,1,0,0,맛 호평 다수 (1건)
188190|428579,소문난원조비아통닭,광주,광산구,맛,1,0,0,맛 호평 다수 (1건)
bd25c4bd655a,소문난조개구이,전남,목포시,신선도,1,0,0,신선도 호평 다수 (1건)
434702|880227,소문난진미국밥 운암점,광주,북구,신선도,1,0,0,신선도 호평 다수 (1건)
188193|428582,소문난쭈꾸미,광주,광산구,맛,1,0,0,맛 호평 다수 (1건)
188193|428582,소문난쭈꾸미,광주,광산구,신선도,1,0,0,신선도 호평 다수 (1건)
188194|428583,소문난칼국수,광주,광산구,맛,1,0,0,맛 호평 다수 (1건)
188194|428583,소문난칼국수,광주,광산구,접근성_웨이팅,1,0,0,접근성_웨이팅 호평 다수 (1건)
188195|428584,소문난튀김전문,광주,동구,맛,1,0,0,맛 호평 다수 (1건)
188195|428584,소문난튀김전문,광주,동구,신선도,1,0,0,신선도 호평 다수 (1건)
188196|428585|431778,소문난팥죽,광주,북구,맛,1,0,0,맛 호평 다수 (1건)
188196|428585|431778,소문난팥죽,광주,북구,신선도,1,0,0,신선도 호평 다수 (1건)
521651|895947,소문마라탕,전남,장성군,맛,1,0,0,맛 호평 다수 (1건)
188198|428587|880043,소미당,광주,북구,신선도,1,0,0,신선도 호평 다수 (1건)
188199|428588,소바카츠 수완점,광주,광산구,분위기,1,0,0,분위기 호평 다수 (1건)
188199|428588,소바카츠수완점,광주,광산구,맛,1,0,0,맛 호평 다수 (1건)
188199|428588,소바카츠수완점,광주,광산구,분위기,1,0,0,분위기 호평 다수 (1건)
428590,소보쿠,광주,동구,맛,1,0,0,맛 호평 다수 (1건)
428590,소보쿠,광주,동구,신선도,1,0,0,신선도 호평 다수 (1건)
188203|428592|880044,소복,광주,동구,맛,1,0,0,맛 호평 다수 (1건)
188205,"소소,",광주,광산구,맛,1,0,0,맛 호평 다수 (1건)
428595,소소떡볶이 전남대점,광주,북구,맛,1,0,0,맛 호평 다수 (1건)
188207|428596,소소리,광주,북구,가격,1,0,0,가격 호평 다수 (1건)
188208,소소리숙성회,광주,북구,신선도,1,0,0,신선도 호평 다수 (1건)
188211|428600,소소한일상,광주,남구,분위기,1,0,0,분위기 호평 다수 (1건)
188212|428601,소소한하루,광주,북구,분위기,1,0,0,분위기 호평 다수 (1건)
188213|428602,소소히,광주,남구,맛,1,0,0,맛 호평 다수 (1건)
188213|428602,소소히,광주,남구,분위기,1,0,0,분위기 호평 다수 (1건)
188214|428603,소쇄원,광주,동구,분위기,1,0,0,분위기 호평 다수 (1건)
517998,소신2020,전남,고흥군,신선도,1,0,0,신선도 호평 다수 (1건)
f37975ea5ecb,소심한남자,전남,목포시,맛,0,1,0,맛 언급 (1건)
f37975ea5ecb,소심한남자,전남,목포시,접근성_웨이팅,0,1,0,접근성_웨이팅 언급 (1건)
188218|428607|880045,소안도,광주,서구,신선도,1,0,0,신선도 호평 다수 (1건)
ee625484697a,소앤소 목포본점,전남,목포시,맛,1,0,0,맛 호평 다수 (1건)
ee625484697a,소앤소 목포본점,전남,목포시,가격,1,0,0,가격 호평 다수 (1건)
188221|428610,소야,광주,동구,맛,1,0,0,맛 호평 다수 (1건)
188221|428610,소야,광주,동구,분위기,1,0,0,분위기 호평 다수 (1건)
188222|428611,소야짬뽕전문점,광주,서구,맛,1,0,0,맛 호평 다수 (1건)
188222|428611,소야짬뽕전문점,광주,서구,신선도,1,0,0,신선도 호평 다수 (1건)
428615,소연이네,광주,서구,분위기,1,0,0,분위기 호평 다수 (1건)
537830,소예르,전남,담양군,맛,0,1,0,맛 언급 (1건)
537830,소예르,전남,담양군,접근성_웨이팅,0,1,0,접근성_웨이팅 언급 (1건)
522349|896365,소우대감,전남,함평군,맛,1,0,0,맛 호평 다수 (1건)
518748,소월902,전남,담양군,맛,1,0,0,맛 호평 다수 (1건)
518748,소월902,전남,담양군,위생_청결,1,0,0,위생_청결 호평 다수 (1건)
188232|428621,소주깡패,광주,남구,신선도,1,0,0,신선도 호평 다수 (1건)
188232|428621,소주깡패,광주,남구,분위기,1,0,0,분위기 호평 다수 (1건)
188233|428622,소주방앗간,광주,서구,맛,1,0,0,맛 호평 다수 (1건)
518189,소주한잔,전남,고흥군,서비스_친절도,1,0,0,서비스_친절도 호평 다수 (1건)
188235|428624,소촌무등골,광주,광산구,신선도,1,0,0,신선도 호평 다수 (1건)
188235|428624,소촌무등골,광주,광산구,서비스_친절도,1,0,0,서비스_친절도 호평 다수 (1건)
96544d564248,소코아 수완점,광주,광산구,맛,1,0,0,맛 호평 다수 (1건)
96544d564248,소코아 수완점,광주,광산구,분위기,1,0,0,분위기 호평 다수 (1건)
517291,소코아 순천점,전남,순천시,맛,1,0,0,맛 호평 다수 (1건)
428629,소코아 양림점,광주,남구,맛,1,0,0,맛 호평 다수 (1건)
428629,소코아 양림점,광주,남구,서비스_친절도,1,0,0,서비스_친절도 호평 다수 (1건)
428629,소코아 양림점,광주,남구,분위기,1,0,0,분위기 호평 다수 (1건)
428629,소코아 양림점,광주,남구,접근성_웨이팅,1,0,0,접근성_웨이팅 호평 다수 (1건)
517514,소코아 여수웅천점,전남,여수시,맛,1,0,0,맛 호평 다수 (1건)
517514,소코아 여수웅천점,전남,여수시,분위기,1,0,0,분위기 호평 다수 (1건)
188242,소코아 전대점,광주,북구,분위기,1,0,0,분위기 호평 다수 (1건)
188241|428630,소코아,광주,서구,맛,1,0,0,맛 호평 다수 (1건)
188241|428630,소코아,광주,서구,신선도,1,0,0,신선도 호평 다수 (1건)
188244|428633,소쿠리,광주,남구,맛,1,0,0,맛 호평 다수 (1건)
188244|428633,소쿠리,광주,남구,분위기,1,0,0,분위기 호평 다수 (1건)
c51bf423e3eb,소쿠리김밥,전남,광양시,서비스_친절도,1,0,0,서비스_친절도 호평 다수 (1건)
188245|428634,소쿱,광주,동구,신선도,1,0,0,신선도 호평 다수 (1건)
188245|428634,소쿱,광주,동구,분위기,1,0,0,분위기 호평 다수 (1건)
188248|428637,소통령,광주,북구,맛,1,0,0,맛 호평 다수 (1건)
188248|428637,소통령,광주,북구,신선도,1,0,0,신선도 호평 다수 (1건)
ef9cf23f6285,소풍 광주치평동,광주,서구,서비스_친절도,1,0,0,서비스_친절도 호평 다수 (1건)
188254|428642,소풍,광주,광산구,맛,1,0,0,맛 호평 다수 (1건)
02aeb975aebf,소풍가는날 옥암점,전남,목포시,신선도,1,0,0,신선도 호평 다수 (1건)
188258|428646,소풍김밥,광주,동구,신선도,1,0,0,신선도 호평 다수 (1건)
188258|428646,소풍김밥,광주,동구,분위기,1,0,0,분위기 호평 다수 (1건)
428647,소풍별관,광주,동구,맛,1,0,0,맛 호평 다수 (1건)
428647,소풍별관,광주,동구,신선도,1,0,0,신선도 호평 다수 (1건)
428647,소풍별관,광주,동구,분위기,1,0,0,분위기 호평 다수 (1건)
519115|895383,소향,전남,무안군,맛,1,0,0,맛 호평 다수 (1건)
519115|895383,소향,전남,무안군,양,1,0,0,양 호평 다수 (1건)
188262|428650,소호,광주,서구,맛,1,0,0,맛 호평 다수 (1건)
188262|428650,소호,광주,서구,신선도,1,0,0,신선도 호평 다수 (1건)
56874,소호회관,전남,여수시,신선도,1,0,0,신선도 호평 다수 (1건)
188263|428651,소확행194,광주,서구,맛,1,0,0,맛 호평 다수 (1건)
188263|428651,소확행194,광주,서구,분위기,1,0,0,분위기 호평 다수 (1건)
188264|428652,소회,광주,광산구,신선도,0,1,0,신선도 언급 (1건)
522230|896307,속삭이는바다,전남,진도군,맛,1,0,0,맛 호평 다수 (1건)
522230|896307,속삭이는바다,전남,진도군,신선도,1,0,0,신선도 호평 다수 (1건)
522230|896307,속삭이는바다,전남,진도군,분위기,1,0,0,분위기 호평 다수 (1건)
188265|428653|632439,속시원한대구탕,광주,광산구,맛,1,0,0,맛 호평 다수 (1건)
188265|428653|632439,속시원한대구탕,광주,광산구,신선도,1,0,0,신선도 호평 다수 (1건)
a187359f21c4,속초코다리냉면 신세계백화점 광주점,광주,서구,맛,1,0,0,맛 호평 다수 (1건)
a187359f21c4,속초코다리냉면 신세계백화점 광주점,광주,서구,접근성_웨이팅,1,0,0,접근성_웨이팅 호평 다수 (1건)
188266|428654,속초코다리냉면,광주,서구,신선도,1,0,0,신선도 호평 다수 (1건)
188272,속풀이 김치찌개,광주,동구,맛,1,0,0,맛 호평 다수 (1건)
188272,속풀이 김치찌개,광주,동구,신선도,1,0,0,신선도 호평 다수 (1건)
188269|428657,속풀이,광주,서구,맛,1,0,0,맛 호평 다수 (1건)
188269|428657,속풀이,광주,서구,신선도,1,0,0,신선도 호평 다수 (1건)
188271|428659,속풀이생태탕,광주,광산구,신선도,1,0,0,신선도 호평 다수 (1건)
188270|428658,속풀이생태한마리,광주,광산구,신선도,1,0,0,신선도 호평 다수 (1건)
562cd8747ad8,손가네 광주용봉동,광주,북구,신선도,1,0,0,신선도 호평 다수 (1건)
188274|428662,손가네족발,광주,북구,신선도,1,0,0,신선도 호평 다수 (1건)
188274|428662,손가네족발,광주,북구,서비스_친절도,1,0,0,서비스_친절도 호평 다수 (1건)
521477|895831,손맛족발보쌈,전남,완도군,맛,1,0,0,맛 호평 다수 (1건)
a81f5583cd9b,손수김밥 광주대의동,광주,동구,맛,1,0,0,맛 호평 다수 (1건)
a81f5583cd9b,손수김밥 광주대의동,광주,동구,신선도,1,0,0,신선도 호평 다수 (1건)
a81f5583cd9b,손수김밥 광주대의동,광주,동구,접근성_웨이팅,1,0,0,접근성_웨이팅 호평 다수 (1건)
188277|428665,손수김밥 금남로점,광주,동구,맛,1,0,0,맛 호평 다수 (1건)
188277|428665,손수김밥 금남로점,광주,동구,신선도,1,0,0,신선도 호평 다수 (1건)
188277|428665,손수김밥 금남로점,광주,동구,위생_청결,1,0,0,위생_청결 호평 다수 (1건)
188286,손수김밥 상무점,광주,서구,맛,1,0,0,맛 호평 다수 (1건)
188286,손수김밥 상무점,광주,서구,신선도,1,0,0,신선도 호평 다수 (1건)
188282|428670,손수김밥 신창점,광주,광산구,맛,1,0,0,맛 호평 다수 (1건)
188282|428670,손수김밥 신창점,광주,광산구,신선도,1,0,0,신선도 호평 다수 (1건)
188287|428675,손수김밥 쌍촌점,광주,서구,맛,1,0,0,맛 호평 다수 (1건)
188287|428675,손수김밥 쌍촌점,광주,서구,신선도,1,0,0,신선도 호평 다수 (1건)
188287|428675,손수김밥 쌍촌점,광주,서구,접근성_웨이팅,1,0,0,접근성_웨이팅 호평 다수 (1건)
188284|428672,손수김밥 월곡점,광주,광산구,맛,1,0,0,맛 호평 다수 (1건)
188284|428672,손수김밥 월곡점,광주,광산구,신선도,1,0,0,신선도 호평 다수 (1건)
428676,손수담다,광주,북구,맛,1,0,0,맛 호평 다수 (1건)
428676,손수담다,광주,북구,신선도,1,0,0,신선도 호평 다수 (1건)
188283|428667|428671,손수푸드,광주,북구,맛,1,0,0,맛 호평 다수 (1건)
188293|428681,손팥죽전문점,광주,북구,신선도,1,0,0,신선도 호평 다수 (1건)
519562|895705,솔가든맛집,전남,신안군,신선도,1,0,0,신선도 호평 다수 (1건)
518871|895200,솔내음,전남,담양군,맛,1,0,0,맛 호평 다수 (1건)
518871|895200,솔내음,전남,담양군,서비스_친절도,1,0,0,서비스_친절도 호평 다수 (1건)
517565,솔레일,전남,여수시,맛,1,0,0,맛 호평 다수 (1건)
188296,솔루아,광주,광산구,분위기,1,0,0,분위기 호평 다수 (1건)
971073189757,솔뫼능이버섯,전남,목포시,맛,1,0,0,맛 호평 다수 (1건)
971073189757,솔뫼능이버섯,전남,목포시,신선도,1,0,0,신선도 호평 다수 (1건)
188302|428690,솔밭,광주,북구,맛,1,0,0,맛 호평 다수 (1건)
188302|428690,솔밭,광주,북구,분위기,1,0,0,분위기 호평 다수 (1건)
188299|428687,솔밭가든,광주,광산구,맛,1,0,0,맛 호평 다수 (1건)
188299|428687,솔밭가든,광주,광산구,신선도,1,0,0,신선도 호평 다수 (1건)
188299|428687,솔밭가든,광주,광산구,분위기,1,0,0,분위기 호평 다수 (1건)
188300|428688,솔밭솥밥,광주,광산구,맛,1,0,0,맛 호평 다수 (1건)
188300|428688,솔밭솥밥,광주,광산구,신선도,1,0,0,신선도 호평 다수 (1건)
bba2b4f3da1b,솔솥 나주혁신점,전남,나주시,맛,1,0,0,맛 호평 다수 (1건)
bba2b4f3da1b,솔솥 나주혁신점,전남,나주시,신선도,1,0,0,신선도 호평 다수 (1건)
519604,솔식당,전남,신안군,맛,1,0,0,맛 호평 다수 (1건)
188305|428693,솔이네집식당,광주,서구,신선도,1,0,0,신선도 호평 다수 (1건)
188305|428693,솔이네집식당,광주,서구,분위기,1,0,0,분위기 호평 다수 (1건)
434921,솔차니반찬,광주,동구,맛,1,0,0,맛 호평 다수 (1건)
188310|428698,솔향,광주,서구,맛,1,0,0,맛 호평 다수 (1건)
188310|428698,솔향,광주,서구,신선도,1,0,0,신선도 호평 다수 (1건)
522896|896712,솔향가든,전남,화순군,서비스_친절도,1,0,0,서비스_친절도 호평 다수 (1건)
522896|896712,솔향가든,전남,화순군,분위기,1,0,0,분위기 호평 다수 (1건)
188314|428702,송가,광주,서구,신선도,1,0,0,신선도 호평 다수 (1건)
188314|428702,송가,광주,서구,분위기,1,0,0,분위기 호평 다수 (1건)
188324|428712,송가네 칼국수제비,광주,남구,신선도,1,0,0,신선도 호평 다수 (1건)
188318|428706,송가네,광주,광산구,맛,1,0,0,맛 호평 다수 (1건)
188318|428706,송가네,광주,광산구,서비스_친절도,1,0,0,서비스_친절도 호평 다수 (1건)
188319,송가네돈가,광주,동구,맛,1,0,0,맛 호평 다수 (1건)
188319,송가네돈가,광주,동구,신선도,1,0,0,신선도 호평 다수 (1건)
188319,송가네돈가,광주,동구,서비스_친절도,1,0,0,서비스_친절도 호평 다수 (1건)
188321|428709,송가네왕족발,광주,광산구,맛,1,0,0,맛 호평 다수 (1건)
188322,송가네우거지 진뼈감자탕,광주,북구,신선도,1,0,0,신선도 호평 다수 (1건)
188323|428711,송가네장어,광주,북구,신선도,1,0,0,신선도 호평 다수 (1건)
188327|428715|55153,송강추어탕,광주,서구,재방문의사,1,0,0,재방문의사 호평 다수 (1건)
521768|896019,송강풍천장어,전남,장성군,신선도,1,0,0,신선도 호평 다수 (1건)
188329|428717,송극떡갈비,광주,광산구,맛,1,0,0,맛 호평 다수 (1건)
188329|428717,송극떡갈비,광주,광산구,신선도,1,0,0,신선도 호평 다수 (1건)
520186,송도가든,전남,완도군,맛,1,0,0,맛 호평 다수 (1건)
520186,송도가든,전남,완도군,분위기,1,0,0,분위기 호평 다수 (1건)
519561|895704,송도활어집,전남,신안군,신선도,1,0,0,신선도 호평 다수 (1건)
522603,송림가든,전남,해남군,맛,1,0,0,맛 호평 다수 (1건)
188337|428724,송림전집,광주,남구,맛,1,0,0,맛 호평 다수 (1건)
188337|428724,송림전집,광주,남구,분위기,1,0,0,분위기 호평 다수 (1건)
188338|428725,송명식당,광주,서구,맛,1,0,0,맛 호평 다수 (1건)
188338|428725,송명식당,광주,서구,신선도,1,0,0,신선도 호평 다수 (1건)
e7c5d6adb7d3,송미네밥상,전남,목포시,분위기,1,0,0,분위기 호평 다수 (1건)
188339,송빈숯불구이,광주,북구,신선도,1,0,0,신선도 호평 다수 (1건)
188339,송빈숯불구이,광주,북구,서비스_친절도,1,0,0,서비스_친절도 호평 다수 (1건)
0c447a4aba26,송송가네왕족발,광주,광산구,맛,1,0,0,맛 호평 다수 (1건)
188347|428734,송식당,광주,북구,신선도,1,0,0,신선도 호평 다수 (1건)
188349|428736,송아곰탕,광주,북구,맛,1,0,0,맛 호평 다수 (1건)
428737|880055,송암가든,광주,남구,접근성_웨이팅,1,0,0,접근성_웨이팅 호평 다수 (1건)
428738,송암차이나,광주,남구,맛,1,0,0,맛 호평 다수 (1건)
428738,송암차이나,광주,남구,신선도,1,0,0,신선도 호평 다수 (1건)
f58bdfe14a11,송옥정,전남,목포시,분위기,1,0,0,분위기 호평 다수 (1건)
521923|896126,송원바베큐 장흥점,전남,장흥군,신선도,1,0,0,신선도 호평 다수 (1건)
521923|896126,송원바베큐 장흥점,전남,장흥군,분위기,1,0,0,분위기 호평 다수 (1건)
522062,송원바베큐,전남,장흥군,맛,1,0,0,맛 호평 다수 (1건)
522062,송원바베큐,전남,장흥군,분위기,1,0,0,분위기 호평 다수 (1건)
519973,송원바베큐치킨,전남,영암군,맛,1,0,0,맛 호평 다수 (1건)
519973,송원바베큐치킨,전남,영암군,신선도,1,0,0,신선도 호평 다수 (1건)
188356|428743,송원분식,광주,남구,신선도,1,0,0,신선도 호평 다수 (1건)
428744,송원산장,광주,북구,분위기,1,0,0,분위기 호평 다수 (1건)
428744,송원산장,광주,북구,접근성_웨이팅,1,0,0,접근성_웨이팅 호평 다수 (1건)
188358|428745,송원식육식당,광주,광산구,맛,0,1,0,맛 언급 (1건)
188358|428745,송원식육식당,광주,광산구,서비스_친절도,0,1,0,서비스_친절도 언급 (1건)
517957,송원치킨 강진읍점,전남,강진군,맛,1,0,0,맛 호평 다수 (1건)
188360,송이송이통닭,광주,남구,가격,1,0,0,가격 호평 다수 (1건)
518290,송정가든,전남,곡성군,접근성_웨이팅,1,0,0,접근성_웨이팅 호평 다수 (1건)
188364|358089|428751|77268,송정가마솥깨통닭,광주,남구,맛,1,0,0,맛 호평 다수 (1건)
428752,송정가맥,광주,광산구,분위기,1,0,0,분위기 호평 다수 (1건)
428752,송정가맥,광주,광산구,접근성_웨이팅,1,0,0,접근성_웨이팅 호평 다수 (1건)
188366|428753|55154|880057,송정골,광주,광산구,가격,1,0,0,가격 호평 다수 (1건)
188370|428756,송정대패삼겹살,광주,광산구,맛,1,0,0,맛 호평 다수 (1건)
188370|428756,송정대패삼겹살,광주,광산구,접근성_웨이팅,1,0,0,접근성_웨이팅 호평 다수 (1건)
188371|428757,송정댁,광주,광산구,맛,1,0,0,맛 호평 다수 (1건)
188371|428757,송정댁,광주,광산구,분위기,1,0,0,분위기 호평 다수 (1건)
428758,송정떡갈비 1호점,광주,광산구,맛,1,0,0,맛 호평 다수 (1건)
428758,송정떡갈비 1호점,광주,광산구,신선도,1,0,0,신선도 호평 다수 (1건)
428759,송정리녹두빈대떡,광주,광산구,맛,1,0,0,맛 호평 다수 (1건)
428759,송정리녹두빈대떡,광주,광산구,신선도,1,0,0,신선도 호평 다수 (1건)
188376|428762,송정매운탕,광주,광산구,맛,1,0,0,맛 호평 다수 (1건)
188376|428762,송정매운탕,광주,광산구,신선도,1,0,0,신선도 호평 다수 (1건)
188377|428763,송정반점,광주,광산구,맛,1,0,0,맛 호평 다수 (1건)
188377|428763,송정반점,광주,광산구,신선도,1,0,0,신선도 호평 다수 (1건)
428765,송정설렁탕,광주,광산구,맛,1,0,0,맛 호평 다수 (1건)
188384,송정연탄 본점,광주,광산구,맛,1,0,0,맛 호평 다수 (1건)
188383|428769,송정연탄,광주,광산구,맛,1,0,0,맛 호평 다수 (1건)
188385|428771,송정원,광주,광산구,맛,1,0,0,맛 호평 다수 (1건)
188388|428774,송정할머니왕족발 쌍촌점,광주,서구,신선도,1,0,0,신선도 호평 다수 (1건)
188390|428776,송주식육식당,광주,광산구,분위기,1,0,0,분위기 호평 다수 (1건)
188392|428778,송죽가든,광주,북구,신선도,1,0,0,신선도 호평 다수 (1건)
520100,송죽관,전남,영암군,맛,1,0,0,맛 호평 다수 (1건)
518529,송죽원,전남,구례군,신선도,1,0,0,신선도 호평 다수 (1건)
518879|895204,송죽정,전남,담양군,맛,1,0,0,맛 호평 다수 (1건)
518777,송죽회관,전남,담양군,신선도,1,0,0,신선도 호평 다수 (1건)
518777,송죽회관,전남,담양군,분위기,1,0,0,분위기 호평 다수 (1건)
518494,송촌꼬마김밥 구례점,전남,구례군,맛,1,0,0,맛 호평 다수 (1건)
518494,송촌꼬마김밥 구례점,전남,구례군,신선도,1,0,0,신선도 호평 다수 (1건)
518494,송촌꼬마김밥 구례점,전남,구례군,접근성_웨이팅,1,0,0,접근성_웨이팅 호평 다수 (1건)
428781|880058,송촌꼬마김밥 산수점,광주,동구,신선도,1,0,0,신선도 호평 다수 (1건)
188403|428789,송하스넥 금동점,광주,동구,서비스_친절도,1,0,0,서비스_친절도 호평 다수 (1건)
188403|428789,송하스넥 금동점,광주,동구,분위기,1,0,0,분위기 호평 다수 (1건)
56877,송학낙지회관,전남,목포시,서비스_친절도,1,0,0,서비스_친절도 호평 다수 (1건)
519254|895493,송학식당,전남,보성군,맛,1,0,0,맛 호평 다수 (1건)
519254|895493,송학식당,전남,보성군,신선도,1,0,0,신선도 호평 다수 (1건)
188407,송한우곱창,광주,동구,신선도,1,0,0,신선도 호평 다수 (1건)
188407,송한우곱창,광주,동구,서비스_친절도,1,0,0,서비스_친절도 호평 다수 (1건)
188408|428794,송해로미성국밥,광주,북구,맛,1,0,0,맛 호평 다수 (1건)
188408|428794,송해로미성국밥,광주,북구,신선도,1,0,0,신선도 호평 다수 (1건)
188412|428797|428798,송현불고기,광주,서구,신선도,1,0,0,신선도 호평 다수 (1건)
188413,송화강,광주,광산구,맛,1,0,0,맛 호평 다수 (1건)
188413,송화강,광주,광산구,분위기,1,0,0,분위기 호평 다수 (1건)
188414|428800,송화계절맛집,광주,남구,맛,1,0,0,맛 호평 다수 (1건)
188414|428800,송화계절맛집,광주,남구,분위기,1,0,0,분위기 호평 다수 (1건)
188418|428804,솥뚜껑삼겹살,광주,광산구,맛,1,0,0,맛 호평 다수 (1건)
188422,솥밥 찐 뼈해장국,광주,남구,분위기,1,0,0,분위기 호평 다수 (1건)
517347,솥티,전남,순천시,맛,1,0,0,맛 호평 다수 (1건)
517347,솥티,전남,순천시,신선도,1,0,0,신선도 호평 다수 (1건)
517319,쇠판,전남,순천시,분위기,1,0,0,분위기 호평 다수 (1건)
188423|428809,쇼7080,광주,북구,분위기,1,0,0,분위기 호평 다수 (1건)
188425|428810,쇼군,광주,광산구,신선도,1,0,0,신선도 호평 다수 (1건)
188426,쇼부,광주,북구,분위기,1,0,0,분위기 호평 다수 (1건)
188427,쇼부라멘 신창점,광주,광산구,맛,1,0,0,맛 호평 다수 (1건)
188427,쇼부라멘 신창점,광주,광산구,신선도,1,0,0,신선도 호평 다수 (1건)
516089|962009,쇼콜라시크,광주,광산구,맛,1,0,0,맛 호평 다수 (1건)
516089|962009,쇼콜라시크,광주,광산구,신선도,1,0,0,신선도 호평 다수 (1건)
517568,쇼쿠지 여수점,전남,여수시,맛,1,0,0,맛 호평 다수 (1건)
517568,쇼쿠지 여수점,전남,여수시,분위기,1,0,0,분위기 호평 다수 (1건)
197786,수 돈까스,광주,광산구,맛,1,0,0,맛 호평 다수 (1건)
197786,수 돈까스,광주,광산구,신선도,1,0,0,신선도 호평 다수 (1건)
188503|428888,수 샐러드,광주,북구,신선도,1,0,0,신선도 호평 다수 (1건)
188618|429000,수 타코야끼,광주,남구,맛,1,0,0,맛 호평 다수 (1건)
188433,수,광주,서구,맛,1,0,0,맛 호평 다수 (1건)
188433,수,광주,서구,서비스_친절도,1,0,0,서비스_친절도 호평 다수 (1건)
188433,수,광주,서구,분위기,1,0,0,분위기 호평 다수 (1건)
56878,수궁횟집,전남,순천시,위생_청결,1,0,0,위생_청결 호평 다수 (1건)
188440|428825,수기식당,광주,동구,신선도,1,0,0,신선도 호평 다수 (1건)
188449|428834,수내닭꼬치 광주운남점,광주,광산구,맛,1,0,0,맛 호평 다수 (1건)
188449|428834,수내닭꼬치 광주운남점,광주,광산구,신선도,1,0,0,신선도 호평 다수 (1건)
188449|428834,수내닭꼬치 광주운남점,광주,광산구,분위기,1,0,0,분위기 호평 다수 (1건)
188445|188448|428830|428833|880064|880065,수내닭꼬치 상무점,광주,서구,맛,1,0,0,맛 호평 다수 (1건)
188446,수내닭꼬치 전남대점,광주,북구,신선도,1,0,0,신선도 호평 다수 (1건)
188447|428832,수내닭꼬치 진월점,광주,남구,맛,1,0,0,맛 호평 다수 (1건)
188442|428827,수내닭꼬치 하남2지구점,광주,광산구,맛,1,0,0,맛 호평 다수 (1건)
188442|428827,수내닭꼬치 하남2지구점,광주,광산구,신선도,1,0,0,신선도 호평 다수 (1건)
518274,수다라,전남,곡성군,신선도,1,0,0,신선도 호평 다수 (1건)
188453,수다래,광주,광산구,맛,1,0,0,맛 호평 다수 (1건)
188454|428839,수담,광주,광산구,신선도,1,0,0,신선도 호평 다수 (1건)
522341|896360,수라간 떡볶이,전남,함평군,신선도,1,0,0,신선도 호평 다수 (1건)
188457|428842,수라간,광주,북구,분위기,1,0,0,분위기 호평 다수 (1건)
188458|428843,수라간정육식당,광주,서구,신선도,1,0,0,신선도 호평 다수 (1건)
188459|428844|880066,수라상,광주,동구,맛,1,0,0,맛 호평 다수 (1건)
188459|428844|880066,수라상,광주,동구,신선도,1,0,0,신선도 호평 다수 (1건)
518434,수락폭포가든,전남,구례군,맛,1,0,0,맛 호평 다수 (1건)
518434,수락폭포가든,전남,구례군,접근성_웨이팅,1,0,0,접근성_웨이팅 호평 다수 (1건)
188462|428847,수래숯불갈비,광주,북구,맛,1,0,0,맛 호평 다수 (1건)
188462|428847,수래숯불갈비,광주,북구,신선도,1,0,0,신선도 호평 다수 (1건)
518675,수려재,전남,담양군,맛,1,0,0,맛 호평 다수 (1건)
518675,수려재,전남,담양군,분위기,1,0,0,분위기 호평 다수 (1건)
517374,수련산방,전남,순천시,맛,0,1,0,맛 언급 (1건)
188431|428816,수룸소주방,광주,서구,맛,1,0,0,맛 호평 다수 (1건)
188431|428816,수룸소주방,광주,서구,분위기,1,0,0,분위기 호평 다수 (1건)
188465|428850,수리수리말술이,광주,북구,서비스_친절도,1,0,0,서비스_친절도 호평 다수 (1건)
188466|428851,수리술술,광주,북구,분위기,1,0,0,분위기 호평 다수 (1건)
188467|428852,수림,광주,남구,신선도,1,0,0,신선도 호평 다수 (1건)
188469|428854,수림갈비홈서비스,광주,북구,맛,1,0,0,맛 호평 다수 (1건)
188469|428854,수림갈비홈서비스,광주,북구,신선도,1,0,0,신선도 호평 다수 (1건)
188469|428854,수림갈비홈서비스,광주,북구,서비스_친절도,1,0,0,서비스_친절도 호평 다수 (1건)
188469|428854,수림갈비홈서비스,광주,북구,분위기,1,0,0,분위기 호평 다수 (1건)
188468|428853,수림담양식숯불갈비,광주,북구,신선도,1,0,0,신선도 호평 다수 (1건)
188471|428856,수림식당24시,광주,북구,맛,1,0,0,맛 호평 다수 (1건)
522876|896696,수만리염소탕,전남,화순군,맛,1,0,0,맛 호평 다수 (1건)
522876|896696,수만리염소탕,전남,화순군,서비스_친절도,1,0,0,서비스_친절도 호평 다수 (1건)
522876|896696,수만리염소탕,전남,화순군,분위기,1,0,0,분위기 호평 다수 (1건)
188474|428859,수목식당,광주,동구,신선도,1,0,0,신선도 호평 다수 (1건)
188475|428860,수목원식당,광주,북구,분위기,1,0,0,분위기 호평 다수 (1건)
519322,수목회관,전남,보성군,맛,1,0,0,맛 호평 다수 (1건)
519322,수목회관,전남,보성군,양,1,0,0,양 호평 다수 (1건)
517981,수문식당,전남,고흥군,맛,1,0,0,맛 호평 다수 (1건)
517981,수문식당,전남,고흥군,신선도,1,0,0,신선도 호평 다수 (1건)
522198,수미네식당,전남,진도군,신선도,1,0,0,신선도 호평 다수 (1건)
188478|428863,수미식당,광주,서구,맛,1,0,0,맛 호평 다수 (1건)
428864,수미애찬,광주,남구,신선도,1,0,0,신선도 호평 다수 (1건)
428864,수미애찬,광주,남구,가격,1,0,0,가격 호평 다수 (1건)
428864,수미애찬,광주,남구,서비스_친절도,1,0,0,서비스_친절도 호평 다수 (1건)
188481|428866,수미초밥,광주,광산구,신선도,1,0,0,신선도 호평 다수 (1건)
522500,수미한 한우소머리국밥,전남,함평군,신선도,1,0,0,신선도 호평 다수 (1건)
188480|428865,수미회관,광주,광산구,신선도,1,0,0,신선도 호평 다수 (1건)
188480|428865,수미회관,광주,광산구,서비스_친절도,1,0,0,서비스_친절도 호평 다수 (1건)
188485|428870,수백화,광주,서구,맛,1,0,0,맛 호평 다수 (1건)
518916|895231,수보라횟집,전남,무안군,신선도,1,0,0,신선도 호평 다수 (1건)
521837|896060,수복식당,전남,장흥군,맛,1,0,0,맛 호평 다수 (1건)
521837|896060,수복식당,전남,장흥군,신선도,1,0,0,신선도 호평 다수 (1건)
9ba066027c78,수비드 앤 마이야르,전남,여수시,서비스_친절도,1,0,0,서비스_친절도 호평 다수 (1건)
9ba066027c78,수비드 앤 마이야르,전남,여수시,분위기,1,0,0,분위기 호평 다수 (1건)
188488|428873,수산물직거래장터 수완점,광주,광산구,맛,1,0,0,맛 호평 다수 (1건)
188488|428873,수산물직거래장터 수완점,광주,광산구,신선도,1,0,0,신선도 호평 다수 (1건)
188488|428873,수산물직거래장터 수완점,광주,광산구,서비스_친절도,1,0,0,서비스_친절도 호평 다수 (1건)
188491|428876,수산물회백화점,광주,남구,맛,1,0,0,맛 호평 다수 (1건)
188491|428876,수산물회백화점,광주,남구,신선도,1,0,0,신선도 호평 다수 (1건)
517551,수산시장 삼합 조개 굴구이 시청점,전남,여수시,신선도,1,0,0,신선도 호평 다수 (1건)
517551,수산시장 삼합 조개 굴구이 시청점,전남,여수시,위생_청결,1,0,0,위생_청결 호평 다수 (1건)
188498,수상한요리집,광주,북구,맛,1,0,0,맛 호평 다수 (1건)
188498,수상한요리집,광주,북구,신선도,1,0,0,신선도 호평 다수 (1건)
188498,수상한요리집,광주,북구,분위기,1,0,0,분위기 호평 다수 (1건)
188499|428884|600203,수상한종로전집,광주,서구,신선도,1,0,0,신선도 호평 다수 (1건)
520042,수상한치킨 삼호대불점,전남,영암군,맛,1,0,0,맛 호평 다수 (1건)
520042,수상한치킨 삼호대불점,전남,영암군,신선도,1,0,0,신선도 호평 다수 (1건)
520042,수상한치킨 삼호대불점,전남,영암군,접근성_웨이팅,1,0,0,접근성_웨이팅 호평 다수 (1건)
188500|428885,수상한치킨 신창점,광주,광산구,신선도,1,0,0,신선도 호평 다수 (1건)
188500|428885,수상한치킨 신창점,광주,광산구,분위기,1,0,0,분위기 호평 다수 (1건)
188504|428889,수생목,광주,서구,신선도,1,0,0,신선도 호평 다수 (1건)
fd6db0b8fb28,수성분식,전남,담양군,맛,1,0,0,맛 호평 다수 (1건)
fd6db0b8fb28,수성분식,전남,담양군,신선도,1,0,0,신선도 호평 다수 (1건)
fd6db0b8fb28,수성분식,전남,담양군,서비스_친절도,1,0,0,서비스_친절도 호평 다수 (1건)
278412|515722|879701|961696,수수하지만굉장해 양림점,광주,남구,접근성_웨이팅,1,0,0,접근성_웨이팅 호평 다수 (1건)
56880,수양정,전남,광양시,위생_청결,1,0,0,위생_청결 호평 다수 (1건)
188509|428894,수어정,광주,남구,신선도,1,0,0,신선도 호평 다수 (1건)
188509|428894,수어정,광주,남구,서비스_친절도,1,0,0,서비스_친절도 호평 다수 (1건)
522253|896318,수억이네돈갈비,전남,진도군,신선도,1,0,0,신선도 호평 다수 (1건)
188512|428897,수연오돌뼈,광주,광산구,맛,1,0,0,맛 호평 다수 (1건)
188512|428897,수연오돌뼈,광주,광산구,신선도,1,0,0,신선도 호평 다수 (1건)
188514|428899,수연정,광주,서구,맛,1,0,0,맛 호평 다수 (1건)
188514|428899,수연정,광주,서구,신선도,1,0,0,신선도 호평 다수 (1건)
188516|428901,수연회관,광주,북구,서비스_친절도,1,0,0,서비스_친절도 호평 다수 (1건)
188517|428902|880067,수영골목길곱창 광주첨단본점,광주,광산구,접근성_웨이팅,1,0,0,접근성_웨이팅 호평 다수 (1건)
188522|428907,수완골주막,광주,광산구,맛,1,0,0,맛 호평 다수 (1건)
188522|428907,수완골주막,광주,광산구,분위기,1,0,0,분위기 호평 다수 (1건)
428908|880068,수완곰탕생고기,광주,광산구,맛,1,0,0,맛 호평 다수 (1건)
428908|880068,수완곰탕생고기,광주,광산구,신선도,1,0,0,신선도 호평 다수 (1건)
188524|428909,수완공원국밥,광주,광산구,맛,1,0,0,맛 호평 다수 (1건)
188524|428909,수완공원국밥,광주,광산구,분위기,1,0,0,분위기 호평 다수 (1건)
188527|428912,수완대패,광주,광산구,신선도,1,0,0,신선도 호평 다수 (1건)
188527|428912,수완대패,광주,광산구,서비스_친절도,1,0,0,서비스_친절도 호평 다수 (1건)
515701|880462,수완동 나씨네,광주,광산구,맛,1,0,0,맛 호평 다수 (1건)
515701|880462,수완동 나씨네,광주,광산구,서비스_친절도,1,0,0,서비스_친절도 호평 다수 (1건)
188528|428913,수완뜨락,광주,광산구,분위기,1,0,0,분위기 호평 다수 (1건)
188531|428916,수완복&아구,광주,광산구,맛,1,0,0,맛 호평 다수 (1건)
188531|428916,수완복&아구,광주,광산구,신선도,1,0,0,신선도 호평 다수 (1건)
188533|428918,수완상추튀김,광주,광산구,맛,1,0,0,맛 호평 다수 (1건)
188534,수완솥뚜껑,광주,광산구,맛,1,0,0,맛 호평 다수 (1건)
188534,수완솥뚜껑,광주,광산구,신선도,1,0,0,신선도 호평 다수 (1건)
515704|880465,수완식당,광주,광산구,맛,1,0,0,맛 호평 다수 (1건)
515704|880465,수완식당,광주,광산구,접근성_웨이팅,1,0,0,접근성_웨이팅 호평 다수 (1건)
188536|428921,수완식육식당,광주,광산구,가격,1,0,0,가격 호평 다수 (1건)
185443,수완창고1974,광주,광산구,분위기,1,0,0,분위기 호평 다수 (1건)
188542|428926,수완초밥,광주,북구,신선도,1,0,0,신선도 호평 다수 (1건)
188542|428926,수완초밥,광주,북구,서비스_친절도,1,0,0,서비스_친절도 호평 다수 (1건)
188543|428927,수완코다리찜,광주,광산구,신선도,1,0,0,신선도 호평 다수 (1건)
188548,수완화덕생선구이 운암점,광주,북구,신선도,1,0,0,신선도 호평 다수 (1건)
188549|428931,수완화덕생선구이,광주,서구,맛,1,0,0,맛 호평 다수 (1건)
188549|428931,수완화덕생선구이,광주,서구,신선도,1,0,0,신선도 호평 다수 (1건)
188570|428952,수유리 우동집 하남점,광주,광산구,맛,1,0,0,맛 호평 다수 (1건)
188570|428952,수유리 우동집 하남점,광주,광산구,신선도,1,0,0,신선도 호평 다수 (1건)
188556,수유리우동집 광주상무점,광주,서구,신선도,1,0,0,신선도 호평 다수 (1건)
188557|428939,수유리우동집 서구청점,광주,서구,신선도,1,0,0,신선도 호평 다수 (1건)
188557|428939,수유리우동집 서구청점,광주,서구,접근성_웨이팅,1,0,0,접근성_웨이팅 호평 다수 (1건)
521009,수유리우동집 선운점,광주,광산구,맛,1,0,0,맛 호평 다수 (1건)
521009,수유리우동집 선운점,광주,광산구,신선도,1,0,0,신선도 호평 다수 (1건)
521009,수유리우동집 선운점,광주,광산구,분위기,1,0,0,분위기 호평 다수 (1건)
188569|428951,수유리우동집 지식산업센터점,광주,북구,맛,1,0,0,맛 호평 다수 (1건)
188570|428952,수유리우동집 하남점,광주,광산구,맛,1,0,0,맛 호평 다수 (1건)
188571|428953|880071,수유리우동집 화정힐스테이트점,광주,서구,신선도,1,0,0,신선도 호평 다수 (1건)
188573|428955,수유리혼밥왕 상무점,광주,서구,분위기,1,0,0,분위기 호평 다수 (1건)
188572|428954,수유리혼밥왕&덮밥ZIP 광주양산점,광주,북구,분위기,1,0,0,분위기 호평 다수 (1건)
56881,수인관,전남,강진군,맛,1,0,0,맛 호평 다수 (1건)
56882,수일식,전남,목포시,분위기,1,0,0,분위기 호평 다수 (1건)
56882,수일식,전남,목포시,접근성_웨이팅,1,0,0,접근성_웨이팅 호평 다수 (1건)
519320|895544,수일억조횟집,전남,보성군,맛,1,0,0,맛 호평 다수 (1건)
188583|428965,수일통닭 남구점,광주,남구,신선도,1,0,0,신선도 호평 다수 (1건)
188583|428965,수일통닭 남구점,광주,남구,위생_청결,1,0,0,위생_청결 호평 다수 (1건)
cfc274bd955d,수일통닭 산수점,광주,동구,맛,1,0,0,맛 호평 다수 (1건)
cfc274bd955d,수일통닭 산수점,광주,동구,신선도,1,0,0,신선도 호평 다수 (1건)
188584|428966|961556|961627,수일통닭 송정점,광주,광산구,맛,1,0,0,맛 호평 다수 (1건)
188584|428966|961556|961627,수일통닭 송정점,광주,광산구,신선도,1,0,0,신선도 호평 다수 (1건)
522422,수일통닭 함평점,전남,함평군,맛,1,0,0,맛 호평 다수 (1건)
188590|428972,수정국수,광주,북구,신선도,1,0,0,신선도 호평 다수 (1건)
188592|428974,수정식당,광주,서구,신선도,1,0,0,신선도 호평 다수 (1건)
188596|428978,수제돈가스 청연 금호점,광주,서구,신선도,1,0,0,신선도 호평 다수 (1건)
188599|428981,수제어묵집,광주,광산구,신선도,1,0,0,신선도 호평 다수 (1건)
188600,수제청년,광주,서구,신선도,1,0,0,신선도 호평 다수 (1건)
188602|428984,수제통닭,광주,북구,맛,1,0,0,맛 호평 다수 (1건)
188602|428984,수제통닭,광주,북구,신선도,1,0,0,신선도 호평 다수 (1건)
188605|428987,수진식당,광주,북구,서비스_친절도,1,0,0,서비스_친절도 호평 다수 (1건)
188606|428988,수진초밥참치,광주,북구,신선도,1,0,0,신선도 호평 다수 (1건)
188607|428989,수참치,광주,북구,신선도,1,0,0,신선도 호평 다수 (1건)
188607|428989,수참치,광주,북구,서비스_친절도,1,0,0,서비스_친절도 호평 다수 (1건)
188609|428991,수초떡갈비식당,광주,동구,맛,1,0,0,맛 호평 다수 (1건)
428996,수쿰빗19,광주,남구,분위기,1,0,0,분위기 호평 다수 (1건)
188615|425061|428997,수타명장,광주,북구,맛,1,0,0,맛 호평 다수 (1건)
188616,수타송임실치즈피자,광주,광산구,신선도,1,0,0,신선도 호평 다수 (1건)
188617|428999,수타짱임실치즈피자,광주,동구,맛,1,0,0,맛 호평 다수 (1건)
a7b0286a125a,수테이블,전남,광양시,신선도,1,0,0,신선도 호평 다수 (1건)
188623,수피자 진월점,광주,남구,맛,1,0,0,맛 호평 다수 (1건)
188623,수피자 진월점,광주,남구,신선도,1,0,0,신선도 호평 다수 (1건)
188624,수향다온,광주,서구,맛,1,0,0,맛 호평 다수 (1건)
188624,수향다온,광주,서구,분위기,1,0,0,분위기 호평 다수 (1건)
518134,수협회센터,전남,고흥군,맛,1,0,0,맛 호평 다수 (1건)
518134,수협회센터,전남,고흥군,신선도,1,0,0,신선도 호평 다수 (1건)
188630,수확의계절,광주,서구,맛,1,0,0,맛 호평 다수 (1건)
188631|429013,숙달돼지 광주수완점,광주,광산구,신선도,1,0,0,신선도 호평 다수 (1건)
188631|429013,숙달돼지 광주수완점,광주,광산구,서비스_친절도,1,0,0,서비스_친절도 호평 다수 (1건)
519127|895392,숙이네,전남,무안군,접근성_웨이팅,1,0,0,접근성_웨이팅 호평 다수 (1건)
517868,숙이네국밥,전남,강진군,맛,1,0,0,맛 호평 다수 (1건)
517868,숙이네국밥,전남,강진군,가격,1,0,0,가격 호평 다수 (1건)
188641|429022,숙이네맛을담다,광주,서구,맛,1,0,0,맛 호평 다수 (1건)
188641|429022,숙이네맛을담다,광주,서구,서비스_친절도,1,0,0,서비스_친절도 호평 다수 (1건)
188642|429023,숙이네맛집,광주,동구,신선도,1,0,0,신선도 호평 다수 (1건)
188645|429026,숙이네조개전골 광주광산점,광주,광산구,신선도,1,0,0,신선도 호평 다수 (1건)
517340,순광식당,전남,순천시,맛,1,0,0,맛 호평 다수 (1건)
517340,순광식당,전남,순천시,신선도,1,0,0,신선도 호평 다수 (1건)
518453,순대백화점,전남,구례군,맛,1,0,0,맛 호평 다수 (1건)
520157,순덕이국밥,전남,완도군,맛,1,0,0,맛 호평 다수 (1건)
520157,순덕이국밥,전남,완도군,신선도,1,0,0,신선도 호평 다수 (1건)
520157,순덕이국밥,전남,완도군,위생_청결,1,0,0,위생_청결 호평 다수 (1건)
188652|429033,순돌이 회 수산 수완점,광주,광산구,신선도,1,0,0,신선도 호평 다수 (1건)
188652|429033,순돌이 회 수산 수완점,광주,광산구,접근성_웨이팅,1,0,0,접근성_웨이팅 호평 다수 (1건)
188651|429032,순돌이수산 활어직판장,광주,서구,신선도,1,0,0,신선도 호평 다수 (1건)
517578,순동이네,전남,여수시,맛,1,0,0,맛 호평 다수 (1건)
517578,순동이네,전남,여수시,신선도,1,0,0,신선도 호평 다수 (1건)
188656,순살만공격 광주남구점,광주,남구,맛,1,0,0,맛 호평 다수 (1건)
188656,순살만공격 광주남구점,광주,남구,접근성_웨이팅,1,0,0,접근성_웨이팅 호평 다수 (1건)
188660,순살만공격 광주우산점,광주,광산구,맛,0,1,0,맛 언급 (1건)
188660,순살만공격 광주우산점,광주,광산구,신선도,1,0,0,신선도 호평 다수 (1건)
188660,순살만공격 광주우산점,광주,광산구,위생_청결,1,0,0,위생_청결 호평 다수 (1건)
532765,순살의민족 화정점,광주,서구,접근성_웨이팅,1,0,0,접근성_웨이팅 호평 다수 (1건)
188671,순수치킨 광주 화정점,광주,서구,맛,1,0,0,맛 호평 다수 (1건)
188671,순수치킨 광주 화정점,광주,서구,신선도,1,0,0,신선도 호평 다수 (1건)
188668,순수치킨 광주오치점,광주,북구,맛,1,0,0,맛 호평 다수 (1건)
188670|429049,순수치킨 광주일곡점,광주,북구,맛,1,0,0,맛 호평 다수 (1건)
188670|429049,순수치킨 광주일곡점,광주,북구,위생_청결,1,0,0,위생_청결 호평 다수 (1건)
520087,순수치킨 삼호점,전남,영암군,맛,1,0,0,맛 호평 다수 (1건)
520087,순수치킨 삼호점,전남,영암군,신선도,1,0,0,신선도 호평 다수 (1건)
520030,순수피자,전남,영암군,신선도,1,0,0,신선도 호평 다수 (1건)
519012|895305,순수한우곰탕,전남,무안군,맛,1,0,0,맛 호평 다수 (1건)
56883|836818,순심원,전남,여수시,맛,1,0,0,맛 호평 다수 (1건)
56883|836818,순심원,전남,여수시,분위기,1,0,0,분위기 호평 다수 (1건)
dcb53b456c0a,순이네,광주,서구,맛,1,0,0,맛 호평 다수 (1건)
522842|896667,순이네밥상,전남,화순군,맛,1,0,0,맛 호평 다수 (1건)
188680|429059,순이네분식,광주,북구,맛,1,0,0,맛 호평 다수 (1건)
187260|427660,순이사계절청정바다,광주,광산구,신선도,1,0,0,신선도 호평 다수 (1건)
187260|427660,순이사계절청정바다,광주,광산구,분위기,1,0,0,분위기 호평 다수 (1건)
188686|429065,순이생각,광주,북구,맛,1,0,0,맛 호평 다수 (1건)
188686|429065,순이생각,광주,북구,신선도,1,0,0,신선도 호평 다수 (1건)
188686|429065,순이생각,광주,북구,분위기,1,0,0,분위기 호평 다수 (1건)
188688|429067,순임이네마차,광주,서구,맛,1,0,0,맛 호평 다수 (1건)
188688|429067,순임이네마차,광주,서구,분위기,1,0,0,분위기 호평 다수 (1건)
429074,순종아구랑동태찜,광주,서구,신선도,1,0,0,신선도 호평 다수 (1건)
517333,순천갈대장어 연향점,전남,순천시,신선도,1,0,0,신선도 호평 다수 (1건)
517322,순천만 꼬막정식,전남,순천시,서비스_친절도,1,0,0,서비스_친절도 호평 다수 (1건)
517322,순천만 꼬막정식,전남,순천시,접근성_웨이팅,1,0,0,접근성_웨이팅 호평 다수 (1건)
523866,순천만 딸기모찌,전남,순천시,신선도,1,0,0,신선도 호평 다수 (1건)
523866,순천만 딸기모찌,전남,순천시,분위기,1,0,0,분위기 호평 다수 (1건)
836238,순천만 정문식당,전남,순천시,맛,1,0,0,맛 호평 다수 (1건)
d1d3dc29803c,순천만민물장어,전남,순천시,신선도,1,0,0,신선도 호평 다수 (1건)
188700,순천만아구찜,광주,광산구,신선도,1,0,0,신선도 호평 다수 (1건)
517376,순천만장작구이,전남,순천시,맛,1,0,0,맛 호평 다수 (1건)
517485,순천문산선지국,전남,순천시,신선도,1,0,0,신선도 호평 다수 (1건)
c9bce7f31208,순천의 계절,전남,순천시,분위기,1,0,0,분위기 호평 다수 (1건)
517404,순천중식,전남,순천시,신선도,0,1,0,신선도 언급 (1건)
523835|836427,순천찹쌀떡 조곡점,전남,순천시,맛,1,0,0,맛 호평 다수 (1건)
188708|429087,순희네반찬&백반,광주,서구,맛,1,0,0,맛 호평 다수 (1건)
429094,술고개,광주,남구,맛,1,0,0,맛 호평 다수 (1건)
188716,술고래,광주,서구,맛,1,0,0,맛 호평 다수 (1건)
188716,술고래,광주,서구,신선도,1,0,0,신선도 호평 다수 (1건)
188716,술고래,광주,서구,서비스_친절도,1,0,0,서비스_친절도 호평 다수 (1건)
188716,술고래,광주,서구,분위기,1,0,0,분위기 호평 다수 (1건)
188717|188718|429096|429097,술고래가맥,광주,북구,맛,1,0,0,맛 호평 다수 (1건)
188717|188718|429096|429097,술고래가맥,광주,북구,분위기,1,0,0,분위기 호평 다수 (1건)
426600,술과안주별따러,광주,광산구,맛,1,0,0,맛 호평 다수 (1건)
426600,술과안주별따러,광주,광산구,분위기,1,0,0,분위기 호평 다수 (1건)
188722|429101,술꾼,광주,남구,맛,1,0,0,맛 호평 다수 (1건)
188728|429107,술돼지,광주,북구,신선도,1,0,0,신선도 호평 다수 (1건)
429111,술로우,광주,광산구,맛,1,0,0,맛 호평 다수 (1건)
429111,술로우,광주,광산구,분위기,1,0,0,분위기 호평 다수 (1건)
426576,술마시는벤츠노래홀,광주,서구,분위기,0,1,0,분위기 언급 (1건)
95521,술상밥상,전남,목포시,맛,1,0,0,맛 호평 다수 (1건)
95521,술상밥상,전남,목포시,가격,1,0,0,가격 호평 다수 (1건)
188740|429119,술술,광주,동구,분위기,1,0,0,분위기 호평 다수 (1건)
188757|429134,술이 있어 카 이야기가 있어 톡,광주,북구,분위기,1,0,0,분위기 호평 다수 (1건)
188751|429130,술이랑밥이랑먹고가자,광주,남구,맛,1,0,0,맛 호평 다수 (1건)
188751|429130,술이랑밥이랑먹고가자,광주,남구,분위기,1,0,0,분위기 호평 다수 (1건)
188752|429131,술이빛나는밤,광주,서구,맛,1,0,0,맛 호평 다수 (1건)
188752|429131,술이빛나는밤,광주,서구,분위기,1,0,0,분위기 호평 다수 (1건)
429149,술창고,광주,광산구,맛,1,0,0,맛 호평 다수 (1건)
188775|429151,술취한금붕어,광주,북구,맛,1,0,0,맛 호평 다수 (1건)
188775|429151,술취한금붕어,광주,북구,분위기,1,0,0,분위기 호평 다수 (1건)
188782|429158,술통,광주,서구,맛,1,0,0,맛 호평 다수 (1건)
188782|429158,술통,광주,서구,분위기,1,0,0,분위기 호평 다수 (1건)
188788|429164,숨겨진섬,광주,북구,분위기,1,0,0,분위기 호평 다수 (1건)
188791,숭례문중화요리,광주,서구,신선도,1,0,0,신선도 호평 다수 (1건)
429169,숯과꼼장어,광주,북구,맛,1,0,0,맛 호평 다수 (1건)
429169,숯과꼼장어,광주,북구,신선도,1,0,0,신선도 호평 다수 (1건)
429169,숯과꼼장어,광주,북구,분위기,1,0,0,분위기 호평 다수 (1건)
188795|429171,숯과닭발 구시청점,광주,동구,맛,1,0,0,맛 호평 다수 (1건)
188795|429171,숯과닭발 구시청점,광주,동구,신선도,1,0,0,신선도 호평 다수 (1건)
188794,숯과닭발 동천점,광주,서구,맛,1,0,0,맛 호평 다수 (1건)
188796,숯과닭발 상무점,광주,서구,맛,1,0,0,맛 호평 다수 (1건)
188796,숯과닭발 상무점,광주,서구,신선도,1,0,0,신선도 호평 다수 (1건)
188803|429179|879653|880075,숯과닭발 염주점,광주,서구,맛,1,0,0,맛 호평 다수 (1건)
188797|429173,숯과닭발 용봉점,광주,북구,맛,1,0,0,맛 호평 다수 (1건)
188797|429173,숯과닭발 용봉점,광주,북구,신선도,1,0,0,신선도 호평 다수 (1건)
188798|429174|961629,숯과닭발운남점,광주,광산구,맛,1,0,0,맛 호평 다수 (1건)
188798|429174|961629,숯과닭발운남점,광주,광산구,신선도,1,0,0,신선도 호평 다수 (1건)
188801|429177,숯과닭발장덕점,광주,광산구,맛,1,0,0,맛 호평 다수 (1건)
188802|429178,숯과닭발진월점,광주,남구,맛,1,0,0,맛 호평 다수 (1건)
188802|429178,숯과닭발진월점,광주,남구,신선도,1,0,0,신선도 호평 다수 (1건)
188799|429175,숯과닭발첨단점,광주,광산구,맛,1,0,0,맛 호평 다수 (1건)
188809|429185,숯돼지,광주,서구,맛,1,0,0,맛 호평 다수 (1건)
188809|429185,숯돼지,광주,서구,신선도,1,0,0,신선도 호평 다수 (1건)
188812,숯불고깃간,광주,광산구,맛,1,0,0,맛 호평 다수 (1건)
188812,숯불고깃간,광주,광산구,신선도,1,0,0,신선도 호평 다수 (1건)
188812,숯불고깃간,광주,광산구,서비스_친절도,1,0,0,서비스_친절도 호평 다수 (1건)
519792|895780,숯불구이삼겹살,전남,영광군,분위기,1,0,0,분위기 호평 다수 (1건)
188815,숯불에구이구이,광주,북구,맛,1,0,0,맛 호평 다수 (1건)
188818,숯불집,광주,북구,신선도,1,0,0,신선도 호평 다수 (1건)
429195,숯불철학 굽당,광주,광산구,맛,1,0,0,맛 호평 다수 (1건)
188826,숯양두마리치킨 송정점,광주,광산구,맛,1,0,0,맛 호평 다수 (1건)
188826,숯양두마리치킨 송정점,광주,광산구,서비스_친절도,1,0,0,서비스_친절도 호평 다수 (1건)
188826,숯양두마리치킨 송정점,광주,광산구,접근성_웨이팅,1,0,0,접근성_웨이팅 호평 다수 (1건)
429204,숯양두마리치킨 첨단점,광주,광산구,가격,1,0,0,가격 호평 다수 (1건)
188824|429200,숯양두마리치킨 풍암점,광주,서구,맛,1,0,0,맛 호평 다수 (1건)
188823,숯양두마리치킨 하남점,광주,광산구,맛,1,0,0,맛 호평 다수 (1건)
188823,숯양두마리치킨 하남점,광주,광산구,신선도,1,0,0,신선도 호평 다수 (1건)
188821|429197,숯양두마리치킨,광주,서구,맛,1,0,0,맛 호평 다수 (1건)
188827,숯양두마리치킨운암점,광주,북구,맛,1,0,0,맛 호평 다수 (1건)
520026,숲 속의 산새둥지,전남,영암군,가격,1,0,0,가격 호평 다수 (1건)
56889|880504,숲과식당,전남,구례군,신선도,1,0,0,신선도 호평 다수 (1건)
522991,숲속유원지,전남,화순군,분위기,1,0,0,분위기 호평 다수 (1건)
522991,숲속유원지,전남,화순군,접근성_웨이팅,1,0,0,접근성_웨이팅 호평 다수 (1건)
519643|895759,숲쟁이국수,전남,영광군,맛,1,0,0,맛 호평 다수 (1건)
519643|895759,숲쟁이국수,전남,영광군,분위기,1,0,0,분위기 호평 다수 (1건)
188837|429212,쉐프공방,광주,북구,신선도,1,0,0,신선도 호평 다수 (1건)
188837|429212,쉐프공방,광주,북구,가격,1,0,0,가격 호평 다수 (1건)
521743,쉐프미스터리,전남,장성군,신선도,1,0,0,신선도 호평 다수 (1건)
521743,쉐프미스터리,전남,장성군,분위기,1,0,0,분위기 호평 다수 (1건)
fbc3d5507605,쉐프밀 롯데몰 여수점,전남,여수시,맛,1,0,0,맛 호평 다수 (1건)
518534,쉐프의꿈,전남,구례군,맛,1,0,0,맛 호평 다수 (1건)
518534,쉐프의꿈,전남,구례군,신선도,1,0,0,신선도 호평 다수 (1건)
188838|429213,쉐프의부대찌개 광주첨단2지구점,광주,북구,맛,1,0,0,맛 호평 다수 (1건)
188838|429213,쉐프의부대찌개 광주첨단2지구점,광주,북구,신선도,1,0,0,신선도 호평 다수 (1건)
188838|429213,쉐프의부대찌개 광주첨단2지구점,광주,북구,양,1,0,0,양 호평 다수 (1건)
188839,쉐프의초밥,광주,서구,맛,1,0,0,맛 호평 다수 (1건)
188839,쉐프의초밥,광주,서구,신선도,1,0,0,신선도 호평 다수 (1건)
188840,쉐프정,광주,남구,맛,1,0,0,맛 호평 다수 (1건)
520112,쉘브르,전남,영암군,맛,1,0,0,맛 호평 다수 (1건)
94c787d37d31,쉪스뽀모,전남,나주시,맛,1,0,0,맛 호평 다수 (1건)
188842|429217,쉬어가는집,광주,광산구,분위기,1,0,0,분위기 호평 다수 (1건)
188847|429222,쉼터가즈아,광주,북구,맛,1,0,0,맛 호평 다수 (1건)
188847|429222,쉼터가즈아,광주,북구,분위기,1,0,0,분위기 호평 다수 (1건)
539963,쉼표,전남,신안군,맛,1,0,0,맛 호평 다수 (1건)
523763|836397,슈가데이,전남,순천시,맛,1,0,0,맛 호평 다수 (1건)
523763|836397,슈가데이,전남,순천시,신선도,1,0,0,신선도 호평 다수 (1건)
516429,슈가롱,광주,서구,접근성_웨이팅,0,1,0,접근성_웨이팅 언급 (1건)
429230,슈네케 하남점,광주,광산구,맛,1,0,0,맛 호평 다수 (1건)
429230,슈네케 하남점,광주,광산구,신선도,1,0,0,신선도 호평 다수 (1건)
188855|429229,슈네케,광주,남구,맛,1,0,0,맛 호평 다수 (1건)
188855|429229,슈네케,광주,남구,신선도,1,0,0,신선도 호평 다수 (1건)
188857,슈릴리 광주용산동,광주,동구,분위기,1,0,0,분위기 호평 다수 (1건)
429232,슈바빙,광주,동구,맛,1,0,0,맛 호평 다수 (1건)
524096|836958,슈블렌,전남,여수시,맛,1,0,0,맛 호평 다수 (1건)
524096|836958,슈블렌,전남,여수시,분위기,1,0,0,분위기 호평 다수 (1건)
523931,슈슈롱,전남,순천시,맛,1,0,0,맛 호평 다수 (1건)
523931,슈슈롱,전남,순천시,가격,1,0,0,가격 호평 다수 (1건)
523931,슈슈롱,전남,순천시,서비스_친절도,1,0,0,서비스_친절도 호평 다수 (1건)
188861|429234,슈에뜨,광주,남구,맛,1,0,0,맛 호평 다수 (1건)
188861|429234,슈에뜨,광주,남구,신선도,1,0,0,신선도 호평 다수 (1건)
188869|429240,슌,광주,서구,분위기,1,0,0,분위기 호평 다수 (1건)
188871|429242,스마일 김서방네,광주,북구,접근성_웨이팅,1,0,0,접근성_웨이팅 호평 다수 (1건)
188871|429242,스마일김서방네,광주,북구,맛,1,0,0,맛 호평 다수 (1건)
188871|429242,스마일김서방네,광주,북구,신선도,1,0,0,신선도 호평 다수 (1건)
517847,스마일명품찹쌀꽈배기 남성리점,전남,강진군,맛,1,0,0,맛 호평 다수 (1건)
188874|429245,스마일분식,광주,북구,맛,1,0,0,맛 호평 다수 (1건)
188874|429245,스마일분식,광주,북구,신선도,1,0,0,신선도 호평 다수 (1건)
523614,스마일찹쌀꽈배기목포점,전남,목포시,맛,1,0,0,맛 호평 다수 (1건)
523614,스마일찹쌀꽈배기목포점,전남,목포시,신선도,1,0,0,신선도 호평 다수 (1건)
523614,스마일찹쌀꽈배기목포점,전남,목포시,분위기,1,0,0,분위기 호평 다수 (1건)
f61fd7657ce7,스마트에스 전남대본점,광주,북구,맛,1,0,0,맛 호평 다수 (1건)
515771,스모크킹,광주,남구,맛,1,0,0,맛 호평 다수 (1건)
515771,스모크킹,광주,남구,신선도,1,0,0,신선도 호평 다수 (1건)
515771,스모크킹,광주,남구,분위기,1,0,0,분위기 호평 다수 (1건)
188881,스모프치킨 광주산수동,광주,동구,맛,1,0,0,맛 호평 다수 (1건)
517357,스시나리,전남,순천시,맛,1,0,0,맛 호평 다수 (1건)
517357,스시나리,전남,순천시,신선도,1,0,0,신선도 호평 다수 (1건)
517357,스시나리,전남,순천시,가격,1,0,0,가격 호평 다수 (1건)
429253,스시다이닝준 롯데백화점광주점,광주,동구,맛,1,0,0,맛 호평 다수 (1건)
429253,스시다이닝준 롯데백화점광주점,광주,동구,신선도,1,0,0,신선도 호평 다수 (1건)
188883,스시다이닝준 롯데백화점광주점,광주,동구,신선도,1,0,0,신선도 호평 다수 (1건)
188885,스시도감,광주,서구,맛,1,0,0,맛 호평 다수 (1건)
188885,스시도감,광주,서구,신선도,1,0,0,신선도 호평 다수 (1건)
429256,스시랑,광주,광산구,신선도,1,0,0,신선도 호평 다수 (1건)
188886,스시랑,광주,광산구,맛,1,0,0,맛 호평 다수 (1건)
188886,스시랑,광주,광산구,신선도,1,0,0,신선도 호평 다수 (1건)
188886,스시랑,광주,광산구,서비스_친절도,1,0,0,서비스_친절도 호평 다수 (1건)
429257,스시리움,광주,남구,맛,1,0,0,맛 호평 다수 (1건)
429257,스시리움,광주,남구,분위기,1,0,0,분위기 호평 다수 (1건)
188887,스시리움,광주,남구,분위기,1,0,0,분위기 호평 다수 (1건)
188888|429258,스시만,광주,남구,신선도,1,0,0,신선도 호평 다수 (1건)
0b7702768b72,스시만월,전남,순천시,맛,1,0,0,맛 호평 다수 (1건)
0b7702768b72,스시만월,전남,순천시,서비스_친절도,1,0,0,서비스_친절도 호평 다수 (1건)
188890|429260,스시상,광주,동구,신선도,1,0,0,신선도 호평 다수 (1건)
188890|429260,스시상,광주,동구,서비스_친절도,1,0,0,서비스_친절도 호평 다수 (1건)
188890|429260,스시상,광주,동구,분위기,1,0,0,분위기 호평 다수 (1건)
188891|429261,스시신조,광주,남구,신선도,1,0,0,신선도 호평 다수 (1건)
188893|435766,스시오 nc웨이브충장점,광주,동구,서비스_친절도,1,0,0,서비스_친절도 호평 다수 (1건)
188893|435766,스시오 nc웨이브충장점,광주,동구,분위기,1,0,0,분위기 호평 다수 (1건)
4dd957e166da,스시코메루,광주,동구,신선도,1,0,0,신선도 호평 다수 (1건)
188897|429267,스시쿠마 본점,광주,남구,맛,1,0,0,맛 호평 다수 (1건)
188897|429267,스시쿠마 본점,광주,남구,신선도,1,0,0,신선도 호평 다수 (1건)
188897|429267,스시쿠마 본점,광주,남구,서비스_친절도,1,0,0,서비스_친절도 호평 다수 (1건)
6f3ed326218b,스시타운,전남,광양시,맛,1,0,0,맛 호평 다수 (1건)
6f3ed326218b,스시타운,전남,광양시,가격,1,0,0,가격 호평 다수 (1건)
517321,스시태,전남,순천시,신선도,1,0,0,신선도 호평 다수 (1건)
517321,스시태,전남,순천시,위생_청결,1,0,0,위생_청결 호평 다수 (1건)
188899|429269,스시현,광주,북구,신선도,1,0,0,신선도 호평 다수 (1건)
188899|429269,스시현,광주,북구,서비스_친절도,1,0,0,서비스_친절도 호평 다수 (1건)
188900,스시혼텐 롯데마트광주수완점,광주,광산구,맛,1,0,0,맛 호평 다수 (1건)
188900,스시혼텐 롯데마트광주수완점,광주,광산구,신선도,1,0,0,신선도 호평 다수 (1건)
188905,스위크,광주,북구,맛,1,0,0,맛 호평 다수 (1건)
188905,스위크,광주,북구,신선도,1,0,0,신선도 호평 다수 (1건)
429276,스위트40,광주,남구,맛,1,0,0,맛 호평 다수 (1건)
188908|429278,스위트살몬,광주,북구,신선도,1,0,0,신선도 호평 다수 (1건)
522262,스윗멜로디,전남,진도군,맛,1,0,0,맛 호평 다수 (1건)
522262,스윗멜로디,전남,진도군,분위기,1,0,0,분위기 호평 다수 (1건)
188917|429286,스치울때,광주,북구,맛,1,0,0,맛 호평 다수 (1건)
188917|429286,스치울때,광주,북구,접근성_웨이팅,1,0,0,접근성_웨이팅 호평 다수 (1건)
429298,스캔들,광주,북구,맛,1,0,0,맛 호평 다수 (1건)
429298,스캔들,광주,북구,신선도,1,0,0,신선도 호평 다수 (1건)
188932|429300,스케치,광주,동구,분위기,1,0,0,분위기 호평 다수 (1건)
429302,스콘스,광주,동구,서비스_친절도,1,0,0,서비스_친절도 호평 다수 (1건)
429302,스콘스,광주,동구,분위기,1,0,0,분위기 호평 다수 (1건)
188934,스콘스,광주,동구,신선도,1,0,0,신선도 호평 다수 (1건)
188934,스콘스,광주,동구,분위기,1,0,0,분위기 호평 다수 (1건)
524013|836896,스콘의 정석,전남,여수시,맛,1,0,0,맛 호평 다수 (1건)
524013|836896,스콘의 정석,전남,여수시,분위기,1,0,0,분위기 호평 다수 (1건)
188936|429304,스쿠비,광주,서구,신선도,1,0,0,신선도 호평 다수 (1건)
518952|895258,스퀘어 가든,전남,무안군,위생_청결,1,0,0,위생_청결 호평 다수 (1건)
188940|429308,스퀘어,광주,광산구,맛,1,0,0,맛 호평 다수 (1건)
188940|429308,스퀘어,광주,광산구,분위기,1,0,0,분위기 호평 다수 (1건)
188944,스타PC,광주,서구,맛,1,0,0,맛 호평 다수 (1건)
188944,스타PC,광주,서구,분위기,1,0,0,분위기 호평 다수 (1건)
188944,스타PC,광주,서구,접근성_웨이팅,1,0,0,접근성_웨이팅 호평 다수 (1건)
429309,스타,광주,북구,맛,1,0,0,맛 호평 다수 (1건)
429309,스타,광주,북구,분위기,1,0,0,분위기 호평 다수 (1건)
429317,스타롱,광주,광산구,맛,1,0,0,맛 호평 다수 (1건)
429317,스타롱,광주,광산구,신선도,1,0,0,신선도 호평 다수 (1건)
188949|424004,스타롱,광주,광산구,맛,1,0,0,맛 호평 다수 (1건)
188949|424004,스타롱,광주,광산구,신선도,1,0,0,신선도 호평 다수 (1건)
3ad1df8e3235,스타보드,전남,목포시,신선도,1,0,0,신선도 호평 다수 (1건)
3ad1df8e3235,스타보드,전남,목포시,분위기,1,0,0,분위기 호평 다수 (1건)
189029|429396,스테이크펍 운암점,광주,북구,맛,1,0,0,맛 호평 다수 (1건)
189029|429396,스테이크펍 운암점,광주,북구,분위기,1,0,0,분위기 호평 다수 (1건)
189028|429395,스테이크펍,광주,광산구,분위기,1,0,0,분위기 호평 다수 (1건)
189031,스테프핫도그 광주패밀리랜드점,광주,북구,신선도,1,0,0,신선도 호평 다수 (1건)
189035|429402,스토리,광주,서구,맛,1,0,0,맛 호평 다수 (1건)
189035|429402,스토리,광주,서구,신선도,1,0,0,신선도 호평 다수 (1건)
516428,스튜디오콘트,광주,서구,분위기,1,0,0,분위기 호평 다수 (1건)
664e79dada67,스트로베리팩토리,전남,목포시,맛,1,0,0,맛 호평 다수 (1건)
664e79dada67,스트로베리팩토리,전남,목포시,신선도,1,0,0,신선도 호평 다수 (1건)
664e79dada67,스트로베리팩토리,전남,목포시,분위기,1,0,0,분위기 호평 다수 (1건)
664e79dada67,스트로베리팩토리,전남,목포시,접근성_웨이팅,1,0,0,접근성_웨이팅 호평 다수 (1건)
518743,스트릿츄러스 담양메타프로방스점,전남,담양군,맛,1,0,0,맛 호평 다수 (1건)
189048|429415,스파게티스토리 남부대점,광주,광산구,분위기,1,0,0,분위기 호평 다수 (1건)
516006|961939,스팸많이주는부대찌개,광주,서구,분위기,1,0,0,분위기 호평 다수 (1건)
189050|879658,스페샬나잇트,광주,광산구,맛,1,0,0,맛 호평 다수 (1건)
189050|879658,스페샬나잇트,광주,광산구,신선도,1,0,0,신선도 호평 다수 (1건)
189057,스피드칭찬,광주,광산구,맛,1,0,0,맛 호평 다수 (1건)
189057,스피드칭찬,광주,광산구,신선도,1,0,0,신선도 호평 다수 (1건)
189058,스픽이지,광주,동구,맛,1,0,0,맛 호평 다수 (1건)
189059,스핀스핀스시,광주,광산구,신선도,1,0,0,신선도 호평 다수 (1건)
189059,스핀스핀스시,광주,광산구,양,1,0,0,양 호평 다수 (1건)
537837,슬담,전남,담양군,맛,0,1,0,맛 언급 (1건)
537837,슬담,전남,담양군,분위기,0,1,0,분위기 언급 (1건)
518813|895169,슬로시티약초밥상,전남,담양군,가격,1,0,0,가격 호평 다수 (1건)
518813|895169,슬로시티약초밥상,전남,담양군,양,1,0,0,양 호평 다수 (1건)
518813|895169,슬로시티약초밥상,전남,담양군,서비스_친절도,1,0,0,서비스_친절도 호평 다수 (1건)
189068,슬로우캘리 광주동명점,광주,동구,신선도,1,0,0,신선도 호평 다수 (1건)
429435,슬로우캘리 광주첨단점,광주,광산구,맛,1,0,0,맛 호평 다수 (1건)
189069,슬로우캘리 광주첨단점,광주,광산구,맛,1,0,0,맛 호평 다수 (1건)
189069,슬로우캘리 광주첨단점,광주,광산구,서비스_친절도,1,0,0,서비스_친절도 호평 다수 (1건)
522499|896445,승아식당,전남,함평군,위생_청결,1,0,0,위생_청결 호평 다수 (1건)
522499|896445,승아식당,전남,함평군,서비스_친절도,1,0,0,서비스_친절도 호평 다수 (1건)
522499|896445,승아식당,전남,함평군,분위기,1,0,0,분위기 호평 다수 (1건)
532772,승원식당,전남,담양군,맛,1,0,0,맛 호평 다수 (1건)
532772,승원식당,전남,담양군,신선도,1,0,0,신선도 호평 다수 (1건)
189077|429443,승효대패삼겹살,광주,서구,신선도,1,0,0,신선도 호평 다수 (1건)
189078|429444,시간돼지,광주,북구,맛,1,0,0,맛 호평 다수 (1건)
189078|429444,시간돼지,광주,북구,신선도,1,0,0,신선도 호평 다수 (1건)
c66f92f746ba,시고르베이글,전남,광양시,맛,1,0,0,맛 호평 다수 (1건)
c66f92f746ba,시고르베이글,전남,광양시,신선도,1,0,0,신선도 호평 다수 (1건)
c66f92f746ba,시고르베이글,전남,광양시,접근성_웨이팅,1,0,0,접근성_웨이팅 호평 다수 (1건)
189098|429463,시골국밥집,광주,서구,맛,1,0,0,맛 호평 다수 (1건)
189098|429463,시골국밥집,광주,서구,분위기,1,0,0,분위기 호평 다수 (1건)
429447|880083,시골농장,광주,서구,맛,1,0,0,맛 호평 다수 (1건)
189082|429448,시골돌솥추어탕,광주,남구,서비스_친절도,1,0,0,서비스_친절도 호평 다수 (1건)
522791|896627,시골돼지 담양숯불갈비,전남,화순군,신선도,1,0,0,신선도 호평 다수 (1건)
96131,시골마을,광주,남구,맛,1,0,0,맛 호평 다수 (1건)
96131,시골마을,광주,남구,신선도,1,0,0,신선도 호평 다수 (1건)
96131,시골마을,광주,남구,접근성_웨이팅,1,0,0,접근성_웨이팅 호평 다수 (1건)
189087|429453,시골밥상,광주,광산구,신선도,1,0,0,신선도 호평 다수 (1건)
189088|429454,시골밥상집,광주,북구,신선도,1,0,0,신선도 호평 다수 (1건)
521759|896013,시골생활,전남,장성군,맛,1,0,0,맛 호평 다수 (1건)
521759|896013,시골생활,전남,장성군,분위기,1,0,0,분위기 호평 다수 (1건)
880569|88664,시골여행,전남,목포시,신선도,1,0,0,신선도 호평 다수 (1건)
880569|88664,시골여행,전남,목포시,분위기,1,0,0,분위기 호평 다수 (1건)
189089|429455,시골장터국밥,광주,북구,맛,1,0,0,맛 호평 다수 (1건)
189090|429456,시골정거장,광주,광산구,맛,1,0,0,맛 호평 다수 (1건)
189090|429456,시골정거장,광주,광산구,분위기,1,0,0,분위기 호평 다수 (1건)
189093,시골집 광주매곡동,광주,북구,맛,1,0,0,맛 호평 다수 (1건)
189093,시골집 광주매곡동,광주,북구,신선도,1,0,0,신선도 호평 다수 (1건)
189097|429462|879659,시골집국밥,광주,남구,맛,1,0,0,맛 호평 다수 (1건)
189097|429462|879659,시골집국밥,광주,남구,분위기,1,0,0,분위기 호평 다수 (1건)
429465,시골집추어탕,광주,남구,맛,1,0,0,맛 호평 다수 (1건)
429465,시골집추어탕,광주,남구,신선도,1,0,0,신선도 호평 다수 (1건)
429465,시골집추어탕,광주,남구,분위기,1,0,0,분위기 호평 다수 (1건)
189100,시골집추어탕,광주,남구,맛,1,0,0,맛 호평 다수 (1건)
189100,시골집추어탕,광주,남구,신선도,1,0,0,신선도 호평 다수 (1건)
429467,시골촌놈,광주,서구,맛,1,0,0,맛 호평 다수 (1건)
429467,시골촌놈,광주,서구,신선도,1,0,0,신선도 호평 다수 (1건)
189102,시골촌놈,광주,서구,신선도,1,0,0,신선도 호평 다수 (1건)
522827|896656,시골추어탕,전남,화순군,신선도,1,0,0,신선도 호평 다수 (1건)
522827|896656,시골추어탕,전남,화순군,접근성_웨이팅,1,0,0,접근성_웨이팅 호평 다수 (1건)
189104|429469,시골추어탕,광주,광산구,맛,1,0,0,맛 호평 다수 (1건)
189104|429469,시골추어탕,광주,광산구,신선도,1,0,0,신선도 호평 다수 (1건)
189108|429473,시골통닭,광주,북구,맛,1,0,0,맛 호평 다수 (1건)
189108|429473,시골통닭,광주,북구,신선도,1,0,0,신선도 호평 다수 (1건)
189109|429474,시골통돼지볶음 광주첨단점,광주,북구,신선도,1,0,0,신선도 호평 다수 (1건)
189109|429474,시골통돼지볶음 광주첨단점,광주,북구,서비스_친절도,1,0,0,서비스_친절도 호평 다수 (1건)
189110|429475,시골통돼지볶음 수완점,광주,광산구,신선도,1,0,0,신선도 호평 다수 (1건)
ef1bc23a3ed2,시골통돼지볶음 전남나주2점,전남,나주시,가격,1,0,0,가격 호평 다수 (1건)
ef1bc23a3ed2,시골통돼지볶음 전남나주2점,전남,나주시,위생_청결,1,0,0,위생_청결 호평 다수 (1건)
ef1bc23a3ed2,시골통돼지볶음 전남나주2점,전남,나주시,서비스_친절도,1,0,0,서비스_친절도 호평 다수 (1건)
ef1bc23a3ed2,시골통돼지볶음 전남나주2점,전남,나주시,접근성_웨이팅,1,0,0,접근성_웨이팅 호평 다수 (1건)
189112|429477,시골통돼지전문점,광주,광산구,신선도,1,0,0,신선도 호평 다수 (1건)
189112|429477,시골통돼지전문점,광주,광산구,접근성_웨이팅,1,0,0,접근성_웨이팅 호평 다수 (1건)
518390,시골팥죽,전남,곡성군,맛,1,0,0,맛 호평 다수 (1건)
189113,시골흑돼지 광주본촌동,광주,북구,신선도,1,0,0,신선도 호평 다수 (1건)
189113,시골흑돼지 광주본촌동,광주,북구,분위기,1,0,0,분위기 호평 다수 (1건)
189114,시골흑염소,광주,광산구,분위기,1,0,0,분위기 호평 다수 (1건)
429481,시나본 광주첨단점,광주,북구,신선도,1,0,0,신선도 호평 다수 (1건)
429481,시나본 광주첨단점,광주,북구,접근성_웨이팅,1,0,0,접근성_웨이팅 호평 다수 (1건)
189117,시나본 광주첨단점,광주,북구,신선도,1,0,0,신선도 호평 다수 (1건)
56893|836509|880507,시내식당,전남,광양시,신선도,1,0,0,신선도 호평 다수 (1건)
517318,시놀,전남,순천시,맛,1,0,0,맛 호평 다수 (1건)
429483,시니세,광주,동구,서비스_친절도,1,0,0,서비스_친절도 호평 다수 (1건)
189119,시니세,광주,동구,맛,1,0,0,맛 호평 다수 (1건)
189119,시니세,광주,동구,분위기,1,0,0,분위기 호평 다수 (1건)
189121|429485,시다마찌,광주,서구,맛,1,0,0,맛 호평 다수 (1건)
189122|429486,시더스초밥 광주상무점,광주,서구,신선도,1,0,0,신선도 호평 다수 (1건)
517982,시드니월남쌈,전남,고흥군,맛,1,0,0,맛 호평 다수 (1건)
517982,시드니월남쌈,전남,고흥군,신선도,1,0,0,신선도 호평 다수 (1건)
517982,시드니월남쌈,전남,고흥군,위생_청결,1,0,0,위생_청결 호평 다수 (1건)
189123|429487,시래기코다리찜,광주,광산구,신선도,1,0,0,신선도 호평 다수 (1건)
518555,시루마루,전남,구례군,맛,1,0,0,맛 호평 다수 (1건)
518555,시루마루,전남,구례군,신선도,1,0,0,신선도 호평 다수 (1건)
518555,시루마루,전남,구례군,분위기,1,0,0,분위기 호평 다수 (1건)
189124|429488,시루집,광주,남구,맛,1,0,0,맛 호평 다수 (1건)
189124|429488,시루집,광주,남구,분위기,1,0,0,분위기 호평 다수 (1건)
189126|429490,시마곤조 상무점,광주,서구,맛,1,0,0,맛 호평 다수 (1건)
189126|429490,시마곤조 상무점,광주,서구,서비스_친절도,1,0,0,서비스_친절도 호평 다수 (1건)
189126|429490,시마곤조 상무점,광주,서구,분위기,1,0,0,분위기 호평 다수 (1건)
429492,시마이,광주,동구,신선도,1,0,0,신선도 호평 다수 (1건)
539775,시먼 전남도청점,전남,무안군,신선도,1,0,0,신선도 호평 다수 (1건)
539775,시먼 전남도청점,전남,무안군,위생_청결,1,0,0,위생_청결 호평 다수 (1건)
539775,시먼 전남도청점,전남,무안군,서비스_친절도,1,0,0,서비스_친절도 호평 다수 (1건)
189130|429494,시민국밥,전남,광양시,신선도,1,0,0,신선도 호평 다수 (1건)
189130|429494,시민국밥,전남,광양시,서비스_친절도,1,0,0,서비스_친절도 호평 다수 (1건)
189130|429494,시민국밥,전남,광양시,분위기,1,0,0,분위기 호평 다수 (1건)
189130|429494,시민국밥,광주,광산구,신선도,1,0,0,신선도 호평 다수 (1건)
bf32eb1cc86c,시민바베큐통닭,광주,광산구,맛,1,0,0,맛 호평 다수 (1건)
bf32eb1cc86c,시민바베큐통닭,광주,광산구,신선도,1,0,0,신선도 호평 다수 (1건)
bf32eb1cc86c,시민바베큐통닭,광주,광산구,서비스_친절도,1,0,0,서비스_친절도 호평 다수 (1건)
bf32eb1cc86c,시민바베큐통닭,광주,광산구,분위기,1,0,0,분위기 호평 다수 (1건)
189131|429495,시민통닭 동림점,광주,북구,맛,1,0,0,맛 호평 다수 (1건)
189131|429495,시민통닭 동림점,광주,북구,분위기,1,0,0,분위기 호평 다수 (1건)
429499,시바카레,광주,동구,분위기,1,0,0,분위기 호평 다수 (1건)
189135,시바카레,광주,동구,맛,1,0,0,맛 호평 다수 (1건)
189136|429500,시스살롱,광주,동구,신선도,1,0,0,신선도 호평 다수 (1건)
189136|429500,시스살롱,광주,동구,분위기,1,0,0,분위기 호평 다수 (1건)
189137|429501,시실리5도씨,광주,북구,맛,1,0,0,맛 호평 다수 (1건)
189137|429501,시실리5도씨,광주,북구,분위기,1,0,0,분위기 호평 다수 (1건)
523344|837247,시아당,전남,나주시,맛,1,0,0,맛 호평 다수 (1건)
429504,시안,광주,서구,맛,1,0,0,맛 호평 다수 (1건)
429504,시안,광주,서구,가격,1,0,0,가격 호평 다수 (1건)
429504,시안,광주,서구,서비스_친절도,1,0,0,서비스_친절도 호평 다수 (1건)
429504,시안,광주,서구,접근성_웨이팅,1,0,0,접근성_웨이팅 호평 다수 (1건)
519489,시우네시골밥상,전남,신안군,맛,1,0,0,맛 호평 다수 (1건)
519489,시우네시골밥상,전남,신안군,신선도,1,0,0,신선도 호평 다수 (1건)
519489,시우네시골밥상,전남,신안군,분위기,1,0,0,분위기 호평 다수 (1건)
189151|429515,시장국밥,광주,광산구,맛,1,0,0,맛 호평 다수 (1건)
189151|429515,시장국밥,광주,광산구,신선도,1,0,0,신선도 호평 다수 (1건)
189155,시장대패삼겹,광주,남구,분위기,1,0,0,분위기 호평 다수 (1건)
189156,시장드림 밀키트,광주,서구,신선도,1,0,0,신선도 호평 다수 (1건)
189156,시장드림 밀키트,광주,서구,양,1,0,0,양 호평 다수 (1건)
518335,시장밥집,전남,곡성군,맛,1,0,0,맛 호평 다수 (1건)
522840|896665,시장수산,전남,화순군,맛,1,0,0,맛 호평 다수 (1건)
522840|896665,시장수산,전남,화순군,신선도,1,0,0,신선도 호평 다수 (1건)
189158|429522,시장식육식당,광주,광산구,맛,1,0,0,맛 호평 다수 (1건)
429521,시장주스,광주,동구,맛,1,0,0,맛 호평 다수 (1건)
429521,시장주스,광주,동구,신선도,1,0,0,신선도 호평 다수 (1건)
189162|429526,시점,광주,동구,맛,1,0,0,맛 호평 다수 (1건)
189162|429526,시점,광주,동구,분위기,1,0,0,분위기 호평 다수 (1건)
0dbee60c6e6d,시카고 광주유촌동,광주,북구,신선도,1,0,0,신선도 호평 다수 (1건)
429530,시카고,광주,남구,접근성_웨이팅,1,0,0,접근성_웨이팅 호평 다수 (1건)
429533,시크릿,광주,북구,신선도,1,0,0,신선도 호평 다수 (1건)
189171,시크릿가든,광주,북구,맛,1,0,0,맛 호평 다수 (1건)
32476651fc70,식감,전남,나주시,신선도,0,1,0,신선도 언급 (1건)
429539,식껍 구시청점,광주,동구,맛,1,0,0,맛 호평 다수 (1건)
429539,식껍 구시청점,광주,동구,신선도,1,0,0,신선도 호평 다수 (1건)
429539,식껍 구시청점,광주,동구,서비스_친절도,1,0,0,서비스_친절도 호평 다수 (1건)
189177|429540,식껍 동림점,광주,북구,맛,1,0,0,맛 호평 다수 (1건)
189177|429540,식껍 동림점,광주,북구,신선도,1,0,0,신선도 호평 다수 (1건)
189180|429543,식껍 양산동점,광주,북구,맛,1,0,0,맛 호평 다수 (1건)
189180|429543,식껍 양산동점,광주,북구,가격,1,0,0,가격 호평 다수 (1건)
189180|429543,식껍 양산동점,광주,북구,분위기,1,0,0,분위기 호평 다수 (1건)
189181|429544,식껍 용봉점,광주,북구,서비스_친절도,1,0,0,서비스_친절도 호평 다수 (1건)
521733|895999,식껍 장성점,전남,장성군,신선도,1,0,0,신선도 호평 다수 (1건)
521733|895999,식껍 장성점,전남,장성군,서비스_친절도,1,0,0,서비스_친절도 호평 다수 (1건)
521733|895999,식껍 장성점,전남,장성군,접근성_웨이팅,1,0,0,접근성_웨이팅 호평 다수 (1건)
522905|896719,식껍 화순점,전남,화순군,맛,1,0,0,맛 호평 다수 (1건)
522905|896719,식껍 화순점,전남,화순군,서비스_친절도,1,0,0,서비스_친절도 호평 다수 (1건)
522905|896719,식껍 화순점,전남,화순군,분위기,1,0,0,분위기 호평 다수 (1건)
522905|896719,식껍 화순점,전남,화순군,접근성_웨이팅,1,0,0,접근성_웨이팅 호평 다수 (1건)
522484,식당가 함평천지휴게소(서울방향),전남,함평군,맛,1,0,0,맛 호평 다수 (1건)
189185|429548,식당미생 용봉점,광주,북구,신선도,1,0,0,신선도 호평 다수 (1건)
518628,식당바우네,전남,구례군,맛,1,0,0,맛 호평 다수 (1건)
518628,식당바우네,전남,구례군,서비스_친절도,1,0,0,서비스_친절도 호평 다수 (1건)
518628,식당바우네,전남,구례군,분위기,1,0,0,분위기 호평 다수 (1건)
522928|896735,식물나라,전남,화순군,신선도,1,0,0,신선도 호평 다수 (1건)
521013,식사준비 광주선운점,광주,광산구,접근성_웨이팅,1,0,0,접근성_웨이팅 호평 다수 (1건)
86a85ac4475b,신가가마솥,전남,광양시,맛,1,0,0,맛 호평 다수 (1건)
86a85ac4475b,신가가마솥,전남,광양시,신선도,1,0,0,신선도 호평 다수 (1건)
86a85ac4475b,신가가마솥,전남,광양시,분위기,1,0,0,분위기 호평 다수 (1건)
189197|429560,신가꼬마김밥 본점,광주,광산구,맛,1,0,0,맛 호평 다수 (1건)
189197|429560,신가꼬마김밥 본점,광주,광산구,신선도,1,0,0,신선도 호평 다수 (1건)
189199|429562,신가네매운떡볶이 광주점,광주,동구,맛,1,0,0,맛 호평 다수 (1건)
189199|429562,신가네매운떡볶이 광주점,광주,동구,신선도,1,0,0,신선도 호평 다수 (1건)
189198|429561,신가네매운떡볶이 전남대점,광주,북구,서비스_친절도,1,0,0,서비스_친절도 호평 다수 (1건)
189201,신가리로맨스,광주,광산구,맛,1,0,0,맛 호평 다수 (1건)
189201,신가리로맨스,광주,광산구,분위기,1,0,0,분위기 호평 다수 (1건)
189203|429566,신가소문난연탄구이,광주,광산구,신선도,1,0,0,신선도 호평 다수 (1건)
189204|429567,신가수산회포차,광주,광산구,신선도,1,0,0,신선도 호평 다수 (1건)
189205|429568,신가아구,광주,광산구,신선도,1,0,0,신선도 호평 다수 (1건)
429571,신가활어회센타,광주,광산구,신선도,1,0,0,신선도 호평 다수 (1건)
a3ef81b1d254,신계림삼계탕오리탕,광주,서구,맛,1,0,0,맛 호평 다수 (1건)
a3ef81b1d254,신계림삼계탕오리탕,광주,서구,신선도,1,0,0,신선도 호평 다수 (1건)
520047,신금식당,전남,영암군,맛,1,0,0,맛 호평 다수 (1건)
520047,신금식당,전남,영암군,양,1,0,0,양 호평 다수 (1건)
520047,신금식당,전남,영암군,서비스_친절도,1,0,0,서비스_친절도 호평 다수 (1건)
db2767a714cb,신나들목,전남,광양시,분위기,1,0,0,분위기 호평 다수 (1건)
189213,신나주곰탕 광주임동,광주,북구,맛,1,0,0,맛 호평 다수 (1건)
189213,신나주곰탕 광주임동,광주,북구,신선도,1,0,0,신선도 호평 다수 (1건)
519928,신대박집,전남,영암군,분위기,1,0,0,분위기 호평 다수 (1건)
189219|429581,신대성콩물 본점,광주,광산구,맛,1,0,0,맛 호평 다수 (1건)
189219|429581,신대성콩물 본점,광주,광산구,신선도,1,0,0,신선도 호평 다수 (1건)
517489,신대초밥,전남,순천시,맛,1,0,0,맛 호평 다수 (1건)
517489,신대초밥,전남,순천시,신선도,1,0,0,신선도 호평 다수 (1건)
189222|429584,신돈지마을,광주,광산구,신선도,1,0,0,신선도 호평 다수 (1건)
189222|429584,신돈지마을,광주,광산구,서비스_친절도,1,0,0,서비스_친절도 호평 다수 (1건)
197490|437700,신동아 튀김나라,광주,서구,맛,1,0,0,맛 호평 다수 (1건)
56894|880508,신두지가든,전남,완도군,신선도,1,0,0,신선도 호평 다수 (1건)
429587,신떡순신천할매떡볶이 운암경신점,광주,북구,맛,1,0,0,맛 호평 다수 (1건)
429587,신떡순신천할매떡볶이 운암경신점,광주,북구,서비스_친절도,1,0,0,서비스_친절도 호평 다수 (1건)
429587,신떡순신천할매떡볶이 운암경신점,광주,북구,접근성_웨이팅,1,0,0,접근성_웨이팅 호평 다수 (1건)
189228,신또바기감자탕,광주,광산구,신선도,1,0,0,신선도 호평 다수 (1건)
189229|429591,신똑순아구찜,광주,북구,신선도,1,0,0,신선도 호평 다수 (1건)
189233,신똑순이아구찜,광주,서구,서비스_친절도,1,0,0,서비스_친절도 호평 다수 (1건)
184858,신똑순이아구찜전문점,광주,남구,맛,1,0,0,맛 호평 다수 (1건)
184858,신똑순이아구찜전문점,광주,남구,신선도,1,0,0,신선도 호평 다수 (1건)
515810,신락원 광주본점,광주,동구,신선도,1,0,0,신선도 호평 다수 (1건)
515810,신락원 광주본점,광주,동구,서비스_친절도,1,0,0,서비스_친절도 호평 다수 (1건)
189243|429603,신락원 광주본점신관,광주,동구,맛,1,0,0,맛 호평 다수 (1건)
189243|429603,신락원 광주본점신관,광주,동구,신선도,1,0,0,신선도 호평 다수 (1건)
189240,신락원 상무점,광주,서구,접근성_웨이팅,1,0,0,접근성_웨이팅 호평 다수 (1건)
189236|55160,신락원 수완점,광주,광산구,신선도,1,0,0,신선도 호평 다수 (1건)
189244,신락원 신가점,광주,광산구,맛,1,0,0,맛 호평 다수 (1건)
189244,신락원 신가점,광주,광산구,신선도,1,0,0,신선도 호평 다수 (1건)
189244,신락원 신가점,광주,광산구,분위기,1,0,0,분위기 호평 다수 (1건)
189235|429597|433483|880189,신락원 화정점,광주,서구,위생_청결,1,0,0,위생_청결 호평 다수 (1건)
c8b72a6d67cf,신목사골칼국수,전남,나주시,신선도,1,0,0,신선도 호평 다수 (1건)
189248,신묘한 곱도리식당 본점,광주,동구,맛,1,0,0,맛 호평 다수 (1건)
189248,신묘한 곱도리식당 본점,광주,동구,신선도,1,0,0,신선도 호평 다수 (1건)
189251|429611,신바람곱창,광주,동구,신선도,1,0,0,신선도 호평 다수 (1건)
189252,신바람국밥,광주,북구,맛,1,0,0,맛 호평 다수 (1건)
189253|429613,신바람참숯막창구이,광주,북구,맛,1,0,0,맛 호평 다수 (1건)
185623,신반디기사식당,광주,북구,맛,1,0,0,맛 호평 다수 (1건)
185623,신반디기사식당,광주,북구,가격,1,0,0,가격 호평 다수 (1건)
189256,신밥도둑반찬연구소,광주,광산구,맛,1,0,0,맛 호평 다수 (1건)
189256,신밥도둑반찬연구소,광주,광산구,신선도,1,0,0,신선도 호평 다수 (1건)
429619,신복중화요리,광주,동구,맛,1,0,0,맛 호평 다수 (1건)
429619,신복중화요리,광주,동구,접근성_웨이팅,1,0,0,접근성_웨이팅 호평 다수 (1건)
522140|896255,신비의 짬뽕포차,전남,진도군,분위기,1,0,0,분위기 호평 다수 (1건)
189263,신사동두목야식 광주오치점,광주,북구,맛,1,0,0,맛 호평 다수 (1건)
189263,신사동두목야식 광주오치점,광주,북구,서비스_친절도,1,0,0,서비스_친절도 호평 다수 (1건)
189264|429624|435610|96527,신사천마라탕,광주,북구,맛,1,0,0,맛 호평 다수 (1건)
189264|429624|435610|96527,신사천마라탕,광주,북구,신선도,1,0,0,신선도 호평 다수 (1건)
189264|429624|435610|96527,신사천마라탕,광주,북구,위생_청결,1,0,0,위생_청결 호평 다수 (1건)
189264|429624|435610|96527,신사천마라탕,광주,북구,분위기,1,0,0,분위기 호평 다수 (1건)
189265|429625,신선별관,광주,남구,맛,1,0,0,맛 호평 다수 (1건)
189265|429625,신선별관,광주,남구,신선도,1,0,0,신선도 호평 다수 (1건)
189266|429626,신선수산,광주,북구,맛,1,0,0,맛 호평 다수 (1건)
189266|429626,신선수산,광주,북구,신선도,1,0,0,신선도 호평 다수 (1건)
189269,신선한주방 광주신세계점,광주,서구,신선도,1,0,0,신선도 호평 다수 (1건)
5a2e8ed4a6d3,신선한주방 나주혁신점,전남,나주시,맛,1,0,0,맛 호평 다수 (1건)
5a2e8ed4a6d3,신선한주방 나주혁신점,전남,나주시,신선도,1,0,0,신선도 호평 다수 (1건)
189271|429630,신선횟집,광주,광산구,신선도,1,0,0,신선도 호평 다수 (1건)
189275|429634,신성산장,광주,북구,맛,1,0,0,맛 호평 다수 (1건)
189276|429635,신성식당,광주,북구,맛,1,0,0,맛 호평 다수 (1건)
189276|429635,신성식당,광주,북구,신선도,1,0,0,신선도 호평 다수 (1건)
189276|429635,신성식당,광주,북구,서비스_친절도,1,0,0,서비스_친절도 호평 다수 (1건)
189277,신성추어탕,광주,남구,신선도,1,0,0,신선도 호평 다수 (1건)
189280,신세계 광주신용동,광주,북구,신선도,1,0,0,신선도 호평 다수 (1건)
189280,신세계 광주신용동,광주,북구,서비스_친절도,1,0,0,서비스_친절도 호평 다수 (1건)
429640,신세계도시락반찬,광주,북구,맛,1,0,0,맛 호평 다수 (1건)
429640,신세계도시락반찬,광주,북구,신선도,1,0,0,신선도 호평 다수 (1건)
429640,신세계도시락반찬,광주,북구,서비스_친절도,1,0,0,서비스_친절도 호평 다수 (1건)
189283|429641,신세계양꼬치,광주,광산구,신선도,1,0,0,신선도 호평 다수 (1건)
189279|429638,신세계중식당,광주,광산구,신선도,1,0,0,신선도 호평 다수 (1건)
419818,신세한탄,광주,광산구,맛,1,0,0,맛 호평 다수 (1건)
419818,신세한탄,광주,광산구,신선도,1,0,0,신선도 호평 다수 (1건)
189288,신신마라탕,광주,광산구,맛,1,0,0,맛 호평 다수 (1건)
189288,신신마라탕,광주,광산구,신선도,1,0,0,신선도 호평 다수 (1건)
189289,신신식당,광주,동구,신선도,1,0,0,신선도 호평 다수 (1건)
189290|429648,신쌍미가,광주,남구,신선도,1,0,0,신선도 호평 다수 (1건)
519539,신안가든,전남,신안군,신선도,1,0,0,신선도 호평 다수 (1건)
189294|429650,신안국밥,광주,북구,분위기,1,0,0,분위기 호평 다수 (1건)
189295|429651,신안닭칼국수,광주,북구,맛,0,1,0,맛 언급 (1건)
519399,신안맛집,전남,신안군,맛,1,0,0,맛 호평 다수 (1건)
519399,신안맛집,전남,신안군,신선도,1,0,0,신선도 호평 다수 (1건)
56896|880509,신안뻘낙지,전남,목포시,신선도,1,0,0,신선도 호평 다수 (1건)
519571|895708,신안식당,전남,신안군,서비스_친절도,1,0,0,서비스_친절도 호평 다수 (1건)
519571|895708,신안식당,전남,신안군,분위기,1,0,0,분위기 호평 다수 (1건)
189296|429652,신안오리탕,광주,북구,맛,1,0,0,맛 호평 다수 (1건)
189296|429652,신안오리탕,광주,북구,신선도,1,0,0,신선도 호평 다수 (1건)
189296|429652,신안오리탕,광주,북구,서비스_친절도,1,0,0,서비스_친절도 호평 다수 (1건)
519410|895606,신안창평국밥,전남,신안군,신선도,1,0,0,신선도 호평 다수 (1건)
189298|429654,신안추어탕,광주,북구,맛,1,0,0,맛 호평 다수 (1건)
189298|429654,신안추어탕,광주,북구,신선도,1,0,0,신선도 호평 다수 (1건)
519513,신안횟집,전남,신안군,맛,1,0,0,맛 호평 다수 (1건)
519513,신안횟집,전남,신안군,신선도,1,0,0,신선도 호평 다수 (1건)
521695|895974,신양나주곰탕,전남,장성군,맛,1,0,0,맛 호평 다수 (1건)
521695|895974,신양나주곰탕,전남,장성군,분위기,1,0,0,분위기 호평 다수 (1건)
189300|429656,신양자강,광주,서구,신선도,1,0,0,신선도 호평 다수 (1건)
189300|429656,신양자강,광주,서구,서비스_친절도,1,0,0,서비스_친절도 호평 다수 (1건)
82685b5d7442,신원반점,전남,광양시,신선도,1,0,0,신선도 호평 다수 (1건)
189306|429662,신의주 송정점,광주,광산구,맛,1,0,0,맛 호평 다수 (1건)
880587|96602,신의주순대국,전남,나주시,맛,1,0,0,맛 호평 다수 (1건)
880587|96602,신의주순대국,전남,나주시,신선도,1,0,0,신선도 호평 다수 (1건)
880587|96602,신의주순대국,전남,나주시,서비스_친절도,1,0,0,서비스_친절도 호평 다수 (1건)
189307|429663,신의주순대와쭈꾸미 광주첨단점,광주,광산구,맛,1,0,0,맛 호평 다수 (1건)
519861,신의주순대와쭈꾸미,전남,영광군,맛,1,0,0,맛 호평 다수 (1건)
519861,신의주순대와쭈꾸미,전남,영광군,신선도,1,0,0,신선도 호평 다수 (1건)
519401|895598,신정,전남,신안군,신선도,1,0,0,신선도 호평 다수 (1건)
189339|429694,신정만국밥,광주,서구,신선도,1,0,0,신선도 호평 다수 (1건)
189339|429694,신정만국밥,광주,서구,접근성_웨이팅,1,0,0,접근성_웨이팅 호평 다수 (1건)
518395,신정손짜장,전남,곡성군,맛,1,0,0,맛 호평 다수 (1건)
518395,신정손짜장,전남,곡성군,신선도,1,0,0,신선도 호평 다수 (1건)
189340|429695,신조국밥,광주,광산구,맛,1,0,0,맛 호평 다수 (1건)
189340|429695,신조국밥,광주,광산구,신선도,1,0,0,신선도 호평 다수 (1건)
189341|429696,신중국집,광주,서구,맛,1,0,0,맛 호평 다수 (1건)
189341|429696,신중국집,광주,서구,분위기,1,0,0,분위기 호평 다수 (1건)
636175,신지횟집,전남,완도군,신선도,1,0,0,신선도 호평 다수 (1건)
636175,신지횟집,전남,완도군,접근성_웨이팅,1,0,0,접근성_웨이팅 호평 다수 (1건)
519530,신진식당,전남,신안군,맛,1,0,0,맛 호평 다수 (1건)
519530,신진식당,전남,신안군,신선도,1,0,0,신선도 호평 다수 (1건)
189342|429697,신진통닭 첨단점,광주,광산구,맛,1,0,0,맛 호평 다수 (1건)
189342|429697,신진통닭 첨단점,광주,광산구,신선도,1,0,0,신선도 호평 다수 (1건)
189342|429697,신진통닭 첨단점,광주,광산구,분위기,1,0,0,분위기 호평 다수 (1건)
519414|895610,신진횟집,전남,신안군,신선도,1,0,0,신선도 호평 다수 (1건)
189361|429716,신쭈황 첨단점,광주,광산구,신선도,1,0,0,신선도 호평 다수 (1건)
189361|429716,신쭈황 첨단점,광주,광산구,서비스_친절도,1,0,0,서비스_친절도 호평 다수 (1건)
189361|429716,신쭈황 첨단점,광주,광산구,분위기,1,0,0,분위기 호평 다수 (1건)
519997,신참떡볶이 영암삼호점,전남,영암군,맛,1,0,0,맛 호평 다수 (1건)
189365|429720,신창팥죽&바지락칼국수,광주,광산구,맛,1,0,0,맛 호평 다수 (1건)
189365|429720,신창팥죽&바지락칼국수,광주,광산구,신선도,1,0,0,신선도 호평 다수 (1건)
189365|429720,신창팥죽&바지락칼국수,광주,광산구,서비스_친절도,1,0,0,서비스_친절도 호평 다수 (1건)
189366|429721,신창평국밥,광주,북구,맛,1,0,0,맛 호평 다수 (1건)
189366|429721,신창평국밥,광주,북구,신선도,1,0,0,신선도 호평 다수 (1건)
189367|429722,신천불닭발 운암점,광주,북구,맛,1,0,0,맛 호평 다수 (1건)
189371|429726,신천불닭발막창,광주,서구,신선도,1,0,0,신선도 호평 다수 (1건)
189371|429726,신천불닭발막창,광주,서구,위생_청결,1,0,0,위생_청결 호평 다수 (1건)
435650,신천쪽갈비,광주,광산구,맛,1,0,0,맛 호평 다수 (1건)
435650,신천쪽갈비,광주,광산구,신선도,1,0,0,신선도 호평 다수 (1건)
189375|429730,신촌오리농원,광주,북구,신선도,1,0,0,신선도 호평 다수 (1건)
189375|429730,신촌오리농원,광주,북구,접근성_웨이팅,1,0,0,접근성_웨이팅 호평 다수 (1건)
189377|429732,신촌한우마을,광주,광산구,맛,1,0,0,맛 호평 다수 (1건)
189378|429733,신춘천닭갈비,광주,북구,신선도,1,0,0,신선도 호평 다수 (1건)
189379|429734,신토불이 광천점,광주,서구,맛,1,0,0,맛 호평 다수 (1건)
189379|429734,신토불이 광천점,광주,서구,신선도,1,0,0,신선도 호평 다수 (1건)
519230|638247|895473,신토불이가든,전남,보성군,분위기,1,0,0,분위기 호평 다수 (1건)
518201,신토불이팥죽,전남,고흥군,맛,1,0,0,맛 호평 다수 (1건)
189382|429737,신통낙지,광주,광산구,맛,1,0,0,맛 호평 다수 (1건)
189382|429737,신통낙지,광주,광산구,신선도,1,0,0,신선도 호평 다수 (1건)
189386|429741,신포우리만두 염주점,광주,서구,맛,1,0,0,맛 호평 다수 (1건)
189386|429741,신포우리만두 염주점,광주,서구,신선도,1,0,0,신선도 호평 다수 (1건)
189388|429743,신포우리만두 전대병원점,광주,동구,신선도,1,0,0,신선도 호평 다수 (1건)
189393|429748,신화불닭발 두암점,광주,북구,맛,1,0,0,맛 호평 다수 (1건)
189399|429754,신흥토끼탕,광주,북구,맛,1,0,0,맛 호평 다수 (1건)
189399|429754,신흥토끼탕,광주,북구,신선도,1,0,0,신선도 호평 다수 (1건)
189401|429756,신흥회관,광주,동구,맛,1,0,0,맛 호평 다수 (1건)
520166,실로암식당,전남,완도군,맛,1,0,0,맛 호평 다수 (1건)
520166,실로암식당,전남,완도군,서비스_친절도,1,0,0,서비스_친절도 호평 다수 (1건)
520166,실로암식당,전남,완도군,분위기,1,0,0,분위기 호평 다수 (1건)
429762,실비소주방,광주,북구,맛,1,0,0,맛 호평 다수 (1건)
429762,실비소주방,광주,북구,신선도,1,0,0,신선도 호평 다수 (1건)
189413,실비코너,광주,동구,맛,1,0,0,맛 호평 다수 (1건)
189413,실비코너,광주,동구,분위기,1,0,0,분위기 호평 다수 (1건)
d29708efef5e,심돈 목포평화광장점,전남,목포시,맛,1,0,0,맛 호평 다수 (1건)
189416,심마니약초백숙 광주쌍암동,광주,광산구,신선도,1,0,0,신선도 호평 다수 (1건)
189416,심마니약초백숙 광주쌍암동,광주,광산구,서비스_친절도,1,0,0,서비스_친절도 호평 다수 (1건)
521925,심봉사도로케 장흥관산점,전남,장흥군,맛,1,0,0,맛 호평 다수 (1건)
189417,심슨양곱창,광주,광산구,신선도,1,0,0,신선도 호평 다수 (1건)
189418|429770,심심당,광주,서구,맛,1,0,0,맛 호평 다수 (1건)
189418|429770,심심당,광주,서구,분위기,1,0,0,분위기 호평 다수 (1건)
189419,심심이네칼국수,광주,북구,맛,1,0,0,맛 호평 다수 (1건)
189419,심심이네칼국수,광주,북구,신선도,1,0,0,신선도 호평 다수 (1건)
189420,심야광장 광주진월동,광주,남구,맛,1,0,0,맛 호평 다수 (1건)
189420,심야광장 광주진월동,광주,남구,분위기,1,0,0,분위기 호평 다수 (1건)
418541,심야식당 603호,광주,광산구,맛,1,0,0,맛 호평 다수 (1건)
189423,심야식당 광주두암동,광주,북구,가격,1,0,0,가격 호평 다수 (1건)
189429|429774|880090,심야식당 우연,광주,동구,맛,1,0,0,맛 호평 다수 (1건)
189429|429774|880090,심야식당 우연,광주,동구,신선도,1,0,0,신선도 호평 다수 (1건)
189426,심야식당61 광주금호동,광주,서구,서비스_친절도,0,1,0,서비스_친절도 언급 (1건)
189427,심야식당61 광주봉선동,광주,남구,신선도,1,0,0,신선도 호평 다수 (1건)
189427,심야식당61 광주봉선동,광주,남구,분위기,1,0,0,분위기 호평 다수 (1건)
189424,심야식당,광주,광산구,맛,1,0,0,맛 호평 다수 (1건)
189424,심야식당,광주,광산구,서비스_친절도,1,0,0,서비스_친절도 호평 다수 (1건)
189429|429774|880090,심야식당우연,광주,동구,맛,1,0,0,맛 호평 다수 (1건)
189429|429774|880090,심야식당우연,광주,동구,접근성_웨이팅,1,0,0,접근성_웨이팅 호평 다수 (1건)
189432|557620,심포모밀 광주풍암동,광주,서구,맛,1,0,0,맛 호평 다수 (1건)
189433,심플즈,광주,서구,분위기,1,0,0,분위기 호평 다수 (1건)
56901|836792,싱싱게장마을,전남,여수시,맛,1,0,0,맛 호평 다수 (1건)
56901|836792,싱싱게장마을,전남,여수시,신선도,1,0,0,신선도 호평 다수 (1건)
96908,싱싱막회,전남,순천시,맛,1,0,0,맛 호평 다수 (1건)
96908,싱싱막회,전남,순천시,신선도,1,0,0,신선도 호평 다수 (1건)
96908,싱싱막회,전남,순천시,서비스_친절도,1,0,0,서비스_친절도 호평 다수 (1건)
189440,싱싱수산,광주,서구,신선도,1,0,0,신선도 호평 다수 (1건)
189441|429783|429785|441993,싱싱좋은날횟집,광주,동구,신선도,1,0,0,신선도 호평 다수 (1건)
189442,싱싱통닭,광주,광산구,맛,1,0,0,맛 호평 다수 (1건)
189442,싱싱통닭,광주,광산구,신선도,1,0,0,신선도 호평 다수 (1건)
6ba87cef0c1d,싸다아구찜 탕,광주,광산구,맛,1,0,0,맛 호평 다수 (1건)
189451,싸다아구찜&탕,광주,서구,맛,1,0,0,맛 호평 다수 (1건)
189451,싸다아구찜&탕,광주,서구,신선도,1,0,0,신선도 호평 다수 (1건)
189456,싸인 광주쌍촌동,광주,서구,맛,1,0,0,맛 호평 다수 (1건)
189458|429801,쌀국수HEM,광주,광산구,맛,1,0,0,맛 호평 다수 (1건)
189458|429801,쌀국수HEM,광주,광산구,신선도,1,0,0,신선도 호평 다수 (1건)
189461|429804,쌀알말이,광주,서구,맛,1,0,0,맛 호평 다수 (1건)
189461|429804,쌀알말이,광주,서구,위생_청결,1,0,0,위생_청결 호평 다수 (1건)
189462|429805,쌀통닭 백운점,광주,남구,맛,1,0,0,맛 호평 다수 (1건)
189462|429805,쌀통닭 백운점,광주,남구,신선도,1,0,0,신선도 호평 다수 (1건)
189462|429805,쌀통닭 백운점,광주,남구,양,1,0,0,양 호평 다수 (1건)
189462|429805,쌀통닭 백운점,광주,남구,위생_청결,1,0,0,위생_청결 호평 다수 (1건)
418353,쌈마이클라스,광주,서구,신선도,1,0,0,신선도 호평 다수 (1건)
189464|429807,쌈싸먹고구워먹고,광주,광산구,신선도,1,0,0,신선도 호평 다수 (1건)
189466|429809,쌈육구 전남상대점,광주,북구,맛,1,0,0,맛 호평 다수 (1건)
189466|429809,쌈육구 전남상대점,광주,북구,신선도,1,0,0,신선도 호평 다수 (1건)
189467|429810,쌈육구 치평점,광주,서구,맛,1,0,0,맛 호평 다수 (1건)
189467|429810,쌈육구 치평점,광주,서구,신선도,1,0,0,신선도 호평 다수 (1건)
189466|429809,쌈육구전남상대점,광주,북구,맛,1,0,0,맛 호평 다수 (1건)
189466|429809,쌈육구전남상대점,광주,북구,신선도,1,0,0,신선도 호평 다수 (1건)
189468|429811,쌈족,광주,광산구,신선도,1,0,0,신선도 호평 다수 (1건)
8288e0b706b0,쌍교숯불갈비 광양점,전남,광양시,신선도,1,0,0,신선도 호평 다수 (1건)
8288e0b706b0,쌍교숯불갈비 광양점,전남,광양시,분위기,1,0,0,분위기 호평 다수 (1건)
518649|895069,쌍교숯불갈비 담양 본점,전남,담양군,서비스_친절도,0,1,0,서비스_친절도 언급 (1건)
189472|429814,쌍교숯불갈비 송정점,광주,광산구,맛,1,0,0,맛 호평 다수 (1건)
518823|895173,쌍교양념뼈구이,전남,담양군,접근성_웨이팅,1,0,0,접근성_웨이팅 호평 다수 (1건)
189474,쌍둥이국밥 광주월계동,광주,광산구,맛,1,0,0,맛 호평 다수 (1건)
538948,쌍둥이네떡,광주,광산구,맛,1,0,0,맛 호평 다수 (1건)
538948,쌍둥이네떡,광주,광산구,신선도,1,0,0,신선도 호평 다수 (1건)
538948,쌍둥이네떡,광주,광산구,서비스_친절도,1,0,0,서비스_친절도 호평 다수 (1건)
538948,쌍둥이네떡,광주,광산구,분위기,1,0,0,분위기 호평 다수 (1건)
189476,쌍둥이네식당 광주각화동,광주,북구,맛,1,0,0,맛 호평 다수 (1건)
189476,쌍둥이네식당 광주각화동,광주,북구,신선도,1,0,0,신선도 호평 다수 (1건)
518596,쌍둥이식당,전남,구례군,서비스_친절도,1,0,0,서비스_친절도 호평 다수 (1건)
519478,쌍둥이횟집,전남,신안군,맛,1,0,0,맛 호평 다수 (1건)
189479,쌍문동덕선이네 광주풍암동,광주,서구,분위기,1,0,0,분위기 호평 다수 (1건)
189480,쌍벌떼아구찜 광주양림동,광주,남구,서비스_친절도,1,0,0,서비스_친절도 호평 다수 (1건)
189488|429821,쌍촌 103,광주,서구,접근성_웨이팅,1,0,0,접근성_웨이팅 호평 다수 (1건)
189488|429821,쌍촌103,광주,서구,접근성_웨이팅,1,0,0,접근성_웨이팅 호평 다수 (1건)
520966,쌍촌관,광주,서구,맛,1,0,0,맛 호평 다수 (1건)
520966,쌍촌관,광주,서구,분위기,1,0,0,분위기 호평 다수 (1건)
189495,쌍촌족발 광주쌍촌동,광주,서구,맛,1,0,0,맛 호평 다수 (1건)
189497,쌍치민물매운탕 광주월계동,광주,광산구,신선도,1,0,0,신선도 호평 다수 (1건)
519038,쌍치민물매운탕 남악,전남,무안군,위생_청결,1,0,0,위생_청결 호평 다수 (1건)
519038,쌍치민물매운탕 남악,전남,무안군,서비스_친절도,1,0,0,서비스_친절도 호평 다수 (1건)
519038,쌍치민물매운탕 남악,전남,무안군,분위기,1,0,0,분위기 호평 다수 (1건)
429830,써니,광주,서구,맛,1,0,0,맛 호평 다수 (1건)
189505,써니맘밥상 광주일곡동,광주,북구,위생_청결,1,0,0,위생_청결 호평 다수 (1건)
521943,써니스윗,전남,장흥군,신선도,1,0,0,신선도 호평 다수 (1건)
189531|429857,썬더치킨 광주지산점,광주,동구,맛,1,0,0,맛 호평 다수 (1건)
189531|429857,썬더치킨 광주지산점,광주,동구,신선도,1,0,0,신선도 호평 다수 (1건)
189531|429857,썬더치킨 광주지산점,광주,동구,위생_청결,1,0,0,위생_청결 호평 다수 (1건)
189529|429855,썬더치킨 상대점,광주,북구,맛,1,0,0,맛 호평 다수 (1건)
189530|429856,썬더치킨 쌍암공원점,광주,광산구,맛,1,0,0,맛 호평 다수 (1건)
189530|429856,썬더치킨 쌍암공원점,광주,광산구,신선도,1,0,0,신선도 호평 다수 (1건)
189530|429856,썬더치킨 쌍암공원점,광주,광산구,서비스_친절도,1,0,0,서비스_친절도 호평 다수 (1건)
189524|429850,썬더치킨 오치1호점,광주,북구,맛,1,0,0,맛 호평 다수 (1건)
189525|429851,썬더치킨 일곡점,광주,북구,맛,1,0,0,맛 호평 다수 (1건)
189532|429858,썬더치킨 첨단점,광주,광산구,맛,1,0,0,맛 호평 다수 (1건)
189532|429858,썬더치킨 첨단점,광주,광산구,신선도,1,0,0,신선도 호평 다수 (1건)
189533|429859,썬더치킨 학운점,광주,동구,맛,1,0,0,맛 호평 다수 (1건)
521587|895896,썬키친,전남,장성군,신선도,1,0,0,신선도 호평 다수 (1건)
521587|895896,썬키친,전남,장성군,위생_청결,1,0,0,위생_청결 호평 다수 (1건)
519363|895575,썰라요꿀라요,전남,보성군,신선도,1,0,0,신선도 호평 다수 (1건)
429870,썸 광주동림동,광주,북구,맛,1,0,0,맛 호평 다수 (1건)
189553|429879,쎄쎄니양꼬치구이,광주,광산구,맛,1,0,0,맛 호평 다수 (1건)
189553|429879,쎄쎄니양꼬치구이,광주,광산구,신선도,1,0,0,신선도 호평 다수 (1건)
429881,쎄씨봉,광주,서구,맛,1,0,0,맛 호평 다수 (1건)
429881,쎄씨봉,광주,서구,분위기,1,0,0,분위기 호평 다수 (1건)
189562|426139|429888,쏘자토스트 방림점,광주,남구,신선도,1,0,0,신선도 호평 다수 (1건)
189563|429889,쏘자토스트 신창점,광주,광산구,신선도,1,0,0,신선도 호평 다수 (1건)
521789|896032,쏘자토스트 앤 핫도그 장성점,전남,장성군,맛,1,0,0,맛 호평 다수 (1건)
189568,쑤기분식 광주양동,광주,서구,맛,1,0,0,맛 호평 다수 (1건)
189568,쑤기분식 광주양동,광주,서구,신선도,1,0,0,신선도 호평 다수 (1건)
189568,쑤기분식 광주양동,광주,서구,분위기,1,0,0,분위기 호평 다수 (1건)
515630|880401,쑥스 초코파이,광주,광산구,신선도,1,0,0,신선도 호평 다수 (1건)
189569|429894,쑥스러운면 화정점,광주,서구,신선도,1,0,0,신선도 호평 다수 (1건)
522436,쑨피자 전남함평점,전남,함평군,맛,1,0,0,맛 호평 다수 (1건)
522436,쑨피자 전남함평점,전남,함평군,접근성_웨이팅,1,0,0,접근성_웨이팅 호평 다수 (1건)
429897,쓰담푸드,광주,북구,맛,1,0,0,맛 호평 다수 (1건)
429897,쓰담푸드,광주,북구,분위기,1,0,0,분위기 호평 다수 (1건)
429898,쓰리고,광주,서구,맛,1,0,0,맛 호평 다수 (1건)
429898,쓰리고,광주,서구,신선도,1,0,0,신선도 호평 다수 (1건)
429898,쓰리고,광주,서구,접근성_웨이팅,1,0,0,접근성_웨이팅 호평 다수 (1건)
518774,쓰촨중식,전남,담양군,신선도,1,0,0,신선도 호평 다수 (1건)
518774,쓰촨중식,전남,담양군,분위기,1,0,0,분위기 호평 다수 (1건)
418715,씨밥,광주,남구,맛,1,0,0,맛 호평 다수 (1건)
418715,씨밥,광주,남구,신선도,1,0,0,신선도 호평 다수 (1건)
418715,씨밥,광주,남구,분위기,1,0,0,분위기 호평 다수 (1건)
189577|429901,씨스타,광주,북구,맛,1,0,0,맛 호평 다수 (1건)
189577|429901,씨스타,광주,북구,신선도,1,0,0,신선도 호평 다수 (1건)
d635f4e63910,씨엘,광주,북구,맛,1,0,0,맛 호평 다수 (1건)
d635f4e63910,씨엘,광주,북구,신선도,1,0,0,신선도 호평 다수 (1건)
d635f4e63910,씨엘,광주,북구,분위기,1,0,0,분위기 호평 다수 (1건)
433865,씨푸드완도,광주,서구,신선도,1,0,0,신선도 호평 다수 (1건)
433865,씨푸드완도,광주,서구,가격,1,0,0,가격 호평 다수 (1건)
522162|896266,씨푸드테이블,전남,진도군,신선도,1,0,0,신선도 호평 다수 (1건)
521017,아9아9,광주,서구,서비스_친절도,1,0,0,서비스_친절도 호평 다수 (1건)
521017,아9아9,광주,서구,분위기,1,0,0,분위기 호평 다수 (1건)
421159,아구낙지촌,광주,남구,신선도,1,0,0,신선도 호평 다수 (1건)
429972,아구대감,광주,광산구,맛,1,0,0,맛 호평 다수 (1건)
429972,아구대감,광주,광산구,신선도,1,0,0,신선도 호평 다수 (1건)
429978,아구랑오리랑,광주,북구,분위기,1,0,0,분위기 호평 다수 (1건)
429978,아구랑오리랑,광주,북구,접근성_웨이팅,1,0,0,접근성_웨이팅 호평 다수 (1건)
429980,아구랑탕이랑 첨단2지구점,광주,북구,맛,1,0,0,맛 호평 다수 (1건)
429985,아구이야기,광주,광산구,맛,1,0,0,맛 호평 다수 (1건)
429988,아구찜으로승부,광주,북구,맛,1,0,0,맛 호평 다수 (1건)
429988,아구찜으로승부,광주,북구,신선도,1,0,0,신선도 호평 다수 (1건)
429989,아구찜의전설,광주,서구,맛,1,0,0,맛 호평 다수 (1건)
429992,아구통통,광주,광산구,맛,1,0,0,맛 호평 다수 (1건)
429992,아구통통,광주,광산구,신선도,1,0,0,신선도 호평 다수 (1건)
56905,아구할미 서대대감,전남,여수시,맛,1,0,0,맛 호평 다수 (1건)
522043,아궁이,전남,장흥군,신선도,1,0,0,신선도 호평 다수 (1건)
429996|515902|961849,아궁이화덕숯불구이,광주,북구,맛,1,0,0,맛 호평 다수 (1건)
518613,아나로그,전남,구례군,맛,1,0,0,맛 호평 다수 (1건)
518613,아나로그,전남,구례군,신선도,1,0,0,신선도 호평 다수 (1건)
518613,아나로그,전남,구례군,분위기,1,0,0,분위기 호평 다수 (1건)
0dc1da5823ad,아낙203,전남,광양시,분위기,1,0,0,분위기 호평 다수 (1건)
429998|55162,아날로그내방,광주,서구,맛,1,0,0,맛 호평 다수 (1건)
429998|55162,아날로그내방,광주,서구,서비스_친절도,1,0,0,서비스_친절도 호평 다수 (1건)
429999,아남죽집,광주,북구,신선도,1,0,0,신선도 호평 다수 (1건)
430005,아다리,광주,광산구,위생_청결,1,0,0,위생_청결 호평 다수 (1건)
430012,아도어,광주,남구,서비스_친절도,1,0,0,서비스_친절도 호평 다수 (1건)
430012,아도어,광주,남구,접근성_웨이팅,1,0,0,접근성_웨이팅 호평 다수 (1건)
430015,아따어찌인자오셨소,광주,서구,분위기,1,0,0,분위기 호평 다수 (1건)
430017,아뗀데르,광주,동구,접근성_웨이팅,1,0,0,접근성_웨이팅 호평 다수 (1건)
430018|515647|880415,아뜨뜨,광주,광산구,맛,1,0,0,맛 호평 다수 (1건)
430018|515647|880415,아뜨뜨,광주,광산구,신선도,1,0,0,신선도 호평 다수 (1건)
430018|515647|880415,아뜨뜨,광주,광산구,분위기,1,0,0,분위기 호평 다수 (1건)
430022,아띠 회&초밥,광주,서구,신선도,1,0,0,신선도 호평 다수 (1건)
430022,아띠 회&초밥,광주,서구,서비스_친절도,1,0,0,서비스_친절도 호평 다수 (1건)
430026,아띠몽 광주월남점,광주,동구,맛,1,0,0,맛 호평 다수 (1건)
430026,아띠몽 광주월남점,광주,동구,가격,1,0,0,가격 호평 다수 (1건)
430026,아띠몽 광주월남점,광주,동구,분위기,1,0,0,분위기 호평 다수 (1건)
523022|896793,아라서팥죽,전남,화순군,맛,1,0,0,맛 호평 다수 (1건)
523022|896793,아라서팥죽,전남,화순군,접근성_웨이팅,1,0,0,접근성_웨이팅 호평 다수 (1건)
518023,아람분식,전남,고흥군,맛,1,0,0,맛 호평 다수 (1건)
518023,아람분식,전남,고흥군,신선도,1,0,0,신선도 호평 다수 (1건)
518023,아람분식,전남,고흥군,서비스_친절도,1,0,0,서비스_친절도 호평 다수 (1건)
518652,아르볼,전남,담양군,맛,1,0,0,맛 호평 다수 (1건)
518652,아르볼,전남,담양군,신선도,1,0,0,신선도 호평 다수 (1건)
00cfc5e9bddb,아르티오 광주원산동,광주,남구,맛,0,1,0,맛 언급 (1건)
430034|515712|961688,아르티오,광주,남구,서비스_친절도,1,0,0,서비스_친절도 호평 다수 (1건)
430034|515712|961688,아르티오,광주,남구,분위기,1,0,0,분위기 호평 다수 (1건)
430034|515712|961688,아르티오,광주,남구,접근성_웨이팅,1,0,0,접근성_웨이팅 호평 다수 (1건)
430035,아름다운사람들 금호점,광주,서구,맛,1,0,0,맛 호평 다수 (1건)
430038,아름식당,광주,광산구,맛,1,0,0,맛 호평 다수 (1건)
430038,아름식당,광주,광산구,분위기,1,0,0,분위기 호평 다수 (1건)
517992,아리랑산장어,전남,고흥군,신선도,1,0,0,신선도 호평 다수 (1건)
518119,아리랑산장어구이탕,전남,고흥군,맛,1,0,0,맛 호평 다수 (1건)
518119,아리랑산장어구이탕,전남,고흥군,서비스_친절도,1,0,0,서비스_친절도 호평 다수 (1건)
430045|55163,아리랑하우스,광주,동구,맛,1,0,0,맛 호평 다수 (1건)
430045|55163,아리랑하우스,광주,동구,신선도,1,0,0,신선도 호평 다수 (1건)
430052,아리수분식,광주,서구,신선도,1,0,0,신선도 호평 다수 (1건)
430056,아리영국밥,광주,서구,신선도,1,0,0,신선도 호평 다수 (1건)
190517,아메리칸에그샌드 롯데아울렛광주월드컵점,광주,서구,분위기,1,0,0,분위기 호평 다수 (1건)
434492,아메리칸차이니즈 중관,광주,동구,맛,1,0,0,맛 호평 다수 (1건)
430066,아메리칸트레일러 NC웨이브충장점,광주,동구,신선도,1,0,0,신선도 호평 다수 (1건)
523199|836741,아메리칸트레일러 광양점,전남,광양시,신선도,1,0,0,신선도 호평 다수 (1건)
430068,아메리칸트레일러 롯데아울렛광주수완점,광주,광산구,신선도,1,0,0,신선도 호평 다수 (1건)
430067,아메리칸트레일러 롯데아울렛광주월드컵점,광주,서구,신선도,1,0,0,신선도 호평 다수 (1건)
2e51ad45c4b5,아메리칸피자 본점,광주,북구,맛,1,0,0,맛 호평 다수 (1건)
2e51ad45c4b5,아메리칸피자 본점,광주,북구,신선도,1,0,0,신선도 호평 다수 (1건)
2e51ad45c4b5,아메리칸피자 본점,광주,북구,양,1,0,0,양 호평 다수 (1건)
430070,아메리칸피자 서구점,광주,서구,맛,1,0,0,맛 호평 다수 (1건)
430070,아메리칸피자 서구점,광주,서구,양,1,0,0,양 호평 다수 (1건)
430072,아메리칸피자 어룡송정점,광주,광산구,맛,1,0,0,맛 호평 다수 (1건)
430072,아메리칸피자 어룡송정점,광주,광산구,신선도,1,0,0,신선도 호평 다수 (1건)
430072,아메리칸피자 어룡송정점,광주,광산구,접근성_웨이팅,1,0,0,접근성_웨이팅 호평 다수 (1건)
430073,아메리칸피자 조대산수점,광주,동구,접근성_웨이팅,1,0,0,접근성_웨이팅 호평 다수 (1건)
430074,아메리칸피자 첨단양산점,광주,광산구,접근성_웨이팅,1,0,0,접근성_웨이팅 호평 다수 (1건)
430076,아메리칸핫도그,광주,광산구,맛,1,0,0,맛 호평 다수 (1건)
430077,아메리칸핫도그조대점,광주,동구,서비스_친절도,1,0,0,서비스_친절도 호평 다수 (1건)
430077,아메리칸핫도그조대점,광주,동구,접근성_웨이팅,1,0,0,접근성_웨이팅 호평 다수 (1건)
430091,아미티에,광주,남구,맛,1,0,0,맛 호평 다수 (1건)
430091,아미티에,광주,남구,신선도,1,0,0,신선도 호평 다수 (1건)
430094,아바이참숯구이,광주,광산구,가격,1,0,0,가격 호평 다수 (1건)
430094,아바이참숯구이,광주,광산구,접근성_웨이팅,1,0,0,접근성_웨이팅 호평 다수 (1건)
430098,아베크뚜와,광주,광산구,신선도,1,0,0,신선도 호평 다수 (1건)
430098,아베크뚜와,광주,광산구,서비스_친절도,1,0,0,서비스_친절도 호평 다수 (1건)
430098,아베크뚜와,광주,광산구,분위기,1,0,0,분위기 호평 다수 (1건)
430100|516386,아벤티노의농장,광주,서구,맛,1,0,0,맛 호평 다수 (1건)
532781,아뵤오반점 NC웨이브 충장점,광주,동구,맛,1,0,0,맛 호평 다수 (1건)
532781,아뵤오반점 NC웨이브 충장점,광주,동구,양,1,0,0,양 호평 다수 (1건)
532781,아뵤오반점 NC웨이브 충장점,광주,동구,접근성_웨이팅,1,0,0,접근성_웨이팅 호평 다수 (1건)
430102|516438,아브릴,광주,서구,서비스_친절도,1,0,0,서비스_친절도 호평 다수 (1건)
430102|516438,아브릴,광주,서구,분위기,1,0,0,분위기 호평 다수 (1건)
430105,아빈스시,광주,광산구,맛,1,0,0,맛 호평 다수 (1건)
430105,아빈스시,광주,광산구,가격,1,0,0,가격 호평 다수 (1건)
430109,아삭아삭,광주,서구,맛,1,0,0,맛 호평 다수 (1건)
430109,아삭아삭,광주,서구,신선도,1,0,0,신선도 호평 다수 (1건)
515976|961917,아소비,광주,서구,분위기,1,0,0,분위기 호평 다수 (1건)
430113,아송맛집,광주,북구,신선도,1,0,0,신선도 호평 다수 (1건)
2d97e73bcf68,아싸롱 수완본점,광주,광산구,신선도,1,0,0,신선도 호평 다수 (1건)
2d97e73bcf68,아싸롱 수완본점,광주,광산구,분위기,1,0,0,분위기 호평 다수 (1건)
430123,아싸리,광주,서구,맛,1,0,0,맛 호평 다수 (1건)
430123,아싸리,광주,서구,신선도,1,0,0,신선도 호평 다수 (1건)
430129,아야진아구꽃게,광주,서구,신선도,1,0,0,신선도 호평 다수 (1건)
836863|880650,아여수크림,전남,여수시,맛,1,0,0,맛 호평 다수 (1건)
539928,아우로라,전남,순천시,분위기,1,0,0,분위기 호평 다수 (1건)
518666|880679|895082,아우터베이크하우스,전남,담양군,맛,1,0,0,맛 호평 다수 (1건)
518666|880679|895082,아우터베이크하우스,전남,담양군,서비스_친절도,1,0,0,서비스_친절도 호평 다수 (1건)
518666|880679|895082,아우터베이크하우스,전남,담양군,분위기,1,0,0,분위기 호평 다수 (1건)
430143|516208|962097,아웃오브오리진,광주,동구,접근성_웨이팅,1,0,0,접근성_웨이팅 호평 다수 (1건)
515670|880435,아워타임,광주,광산구,분위기,1,0,0,분위기 호평 다수 (1건)
516299|962170,아워페이보릿띵스,광주,북구,분위기,1,0,0,분위기 호평 다수 (1건)
430157,아이러브피자 비아점,광주,광산구,신선도,1,0,0,신선도 호평 다수 (1건)
430165,아이리스,광주,북구,신선도,1,0,0,신선도 호평 다수 (1건)
430165,아이리스,광주,북구,분위기,1,0,0,분위기 호평 다수 (1건)
430200,아이스빈홈플러스광주하남점,광주,광산구,맛,1,0,0,맛 호평 다수 (1건)
430200,아이스빈홈플러스광주하남점,광주,광산구,분위기,1,0,0,분위기 호평 다수 (1건)
430211,아이차오,광주,광산구,맛,1,0,0,맛 호평 다수 (1건)
430212,아이커버거&치킨첨단점,광주,광산구,신선도,1,0,0,신선도 호평 다수 (1건)
522307,아일랜드1992,전남,진도군,맛,1,0,0,맛 호평 다수 (1건)
522307,아일랜드1992,전남,진도군,신선도,1,0,0,신선도 호평 다수 (1건)
522307,아일랜드1992,전남,진도군,접근성_웨이팅,1,0,0,접근성_웨이팅 호평 다수 (1건)
430222,아임피자,광주,광산구,신선도,1,0,0,신선도 호평 다수 (1건)
430222,아임피자,광주,광산구,가격,1,0,0,가격 호평 다수 (1건)
430222,아임피자,광주,광산구,접근성_웨이팅,1,0,0,접근성_웨이팅 호평 다수 (1건)
430224,아잇츄,광주,광산구,맛,1,0,0,맛 호평 다수 (1건)
430225,아재밥상,광주,서구,맛,1,0,0,맛 호평 다수 (1건)
430226,아재비구이,광주,광산구,맛,1,0,0,맛 호평 다수 (1건)
430227|430267,아주커치킨 광주방림점,광주,남구,맛,1,0,0,맛 호평 다수 (1건)
430255,아주커치킨 광주소촌점,광주,광산구,맛,1,0,0,맛 호평 다수 (1건)
430255,아주커치킨 광주소촌점,광주,광산구,양,1,0,0,양 호평 다수 (1건)
430255,아주커치킨 광주소촌점,광주,광산구,분위기,1,0,0,분위기 호평 다수 (1건)
430248,아주커치킨 동림2점,광주,서구,맛,1,0,0,맛 호평 다수 (1건)
430236,아주커치킨 두암3점,광주,북구,맛,1,0,0,맛 호평 다수 (1건)
430251,아주커치킨 문흥1점,광주,북구,서비스_친절도,1,0,0,서비스_친절도 호평 다수 (1건)
430251,아주커치킨 문흥1점,광주,북구,분위기,1,0,0,분위기 호평 다수 (1건)
430237,아주커치킨 백운1점,광주,남구,서비스_친절도,1,0,0,서비스_친절도 호평 다수 (1건)
430242,아주커치킨 버들점,광주,서구,가격,1,0,0,가격 호평 다수 (1건)
430238,아주커치킨 봉선1점,광주,남구,맛,1,0,0,맛 호평 다수 (1건)
430238,아주커치킨 봉선1점,광주,남구,위생_청결,1,0,0,위생_청결 호평 다수 (1건)
430252,아주커치킨 산수점,광주,동구,신선도,1,0,0,신선도 호평 다수 (1건)
430253,아주커치킨 상무1점,광주,서구,맛,1,0,0,맛 호평 다수 (1건)
430253,아주커치킨 상무1점,광주,서구,접근성_웨이팅,1,0,0,접근성_웨이팅 호평 다수 (1건)
430254,아주커치킨 상무2점,광주,서구,접근성_웨이팅,1,0,0,접근성_웨이팅 호평 다수 (1건)
426800,아주커치킨 송정점,광주,광산구,서비스_친절도,1,0,0,서비스_친절도 호평 다수 (1건)
430256,아주커치킨 수완1점,광주,광산구,맛,1,0,0,맛 호평 다수 (1건)
430256,아주커치킨 수완1점,광주,광산구,위생_청결,1,0,0,위생_청결 호평 다수 (1건)
430256,아주커치킨 수완1점,광주,광산구,서비스_친절도,1,0,0,서비스_친절도 호평 다수 (1건)
430257,아주커치킨 신가1점,광주,광산구,맛,1,0,0,맛 호평 다수 (1건)
430228,아주커치킨 운암3호점,광주,북구,맛,1,0,0,맛 호평 다수 (1건)
430228,아주커치킨 운암3호점,광주,북구,접근성_웨이팅,1,0,0,접근성_웨이팅 호평 다수 (1건)
430243,아주커치킨 조대점,광주,동구,접근성_웨이팅,1,0,0,접근성_웨이팅 호평 다수 (1건)
430262,아주커치킨 주월점,광주,남구,위생_청결,1,0,0,위생_청결 호평 다수 (1건)
430261,아주커치킨일곡2점,광주,북구,서비스_친절도,1,0,0,서비스_친절도 호평 다수 (1건)
430263,아주커치킨진월1점,광주,남구,맛,1,0,0,맛 호평 다수 (1건)
430263,아주커치킨진월1점,광주,남구,신선도,1,0,0,신선도 호평 다수 (1건)
430263,아주커치킨진월1점,광주,남구,양,1,0,0,양 호평 다수 (1건)
430263,아주커치킨진월1점,광주,남구,접근성_웨이팅,1,0,0,접근성_웨이팅 호평 다수 (1건)
430264,아주커치킨첨단3점,광주,광산구,맛,1,0,0,맛 호평 다수 (1건)
430264,아주커치킨첨단3점,광주,광산구,분위기,1,0,0,분위기 호평 다수 (1건)
430265|557624,아주커치킨풍암1점,광주,서구,분위기,1,0,0,분위기 호평 다수 (1건)
430266,아주커치킨하남2점,광주,광산구,맛,1,0,0,맛 호평 다수 (1건)
430266,아주커치킨하남2점,광주,광산구,신선도,1,0,0,신선도 호평 다수 (1건)
430266,아주커치킨하남2점,광주,광산구,접근성_웨이팅,1,0,0,접근성_웨이팅 호평 다수 (1건)
430268,아주커치킨화정1점,광주,서구,맛,1,0,0,맛 호평 다수 (1건)
56907,아지매식당,전남,해남군,맛,1,0,0,맛 호평 다수 (1건)
56907,아지매식당,전남,해남군,신선도,1,0,0,신선도 호평 다수 (1건)
430270,아지매추어탕,광주,북구,신선도,1,0,0,신선도 호평 다수 (1건)
430276,아지트,광주,광산구,맛,1,0,0,맛 호평 다수 (1건)
430276,아지트,광주,광산구,분위기,1,0,0,분위기 호평 다수 (1건)
430282,아진식당,광주,북구,분위기,1,0,0,분위기 호평 다수 (1건)
430282,아진식당,광주,북구,접근성_웨이팅,1,0,0,접근성_웨이팅 호평 다수 (1건)
430284|880101,아짐손불곱창갈비,광주,광산구,신선도,1,0,0,신선도 호평 다수 (1건)
430287,아찬설,광주,동구,맛,1,0,0,맛 호평 다수 (1건)
430289,아청춘을적신다 용봉점,광주,북구,분위기,1,0,0,분위기 호평 다수 (1건)
430289,아청춘을적신다 용봉점,광주,북구,접근성_웨이팅,1,0,0,접근성_웨이팅 호평 다수 (1건)
430288,아청춘을적신다 우산점,광주,북구,분위기,1,0,0,분위기 호평 다수 (1건)
430292|880102,아카이타코,광주,동구,분위기,1,0,0,분위기 호평 다수 (1건)
537839,아키올로지,전남,담양군,신선도,1,0,0,신선도 호평 다수 (1건)
537839,아키올로지,전남,담양군,분위기,1,0,0,분위기 호평 다수 (1건)
518991|895287,아키타입,전남,무안군,맛,1,0,0,맛 호평 다수 (1건)
430300,아트로봄,광주,남구,분위기,1,0,0,분위기 호평 다수 (1건)
430300,아트로봄,광주,남구,접근성_웨이팅,1,0,0,접근성_웨이팅 호평 다수 (1건)
430301,아트마켓 스토리북,광주,서구,서비스_친절도,1,0,0,서비스_친절도 호평 다수 (1건)
430301,아트마켓 스토리북,광주,서구,분위기,1,0,0,분위기 호평 다수 (1건)
430304,아파치,광주,서구,맛,1,0,0,맛 호평 다수 (1건)
430304,아파치,광주,서구,서비스_친절도,1,0,0,서비스_친절도 호평 다수 (1건)
430313,아프리카 토스트,광주,북구,맛,1,0,0,맛 호평 다수 (1건)
430310,아프리카앤소울,광주,서구,접근성_웨이팅,1,0,0,접근성_웨이팅 호평 다수 (1건)
539492,아프리카옥과점,전남,곡성군,신선도,1,0,0,신선도 호평 다수 (1건)
516015|961946,아필코 본점,광주,광산구,서비스_친절도,1,0,0,서비스_친절도 호평 다수 (1건)
430320,아해랑,광주,서구,신선도,1,0,0,신선도 호평 다수 (1건)
430320,아해랑,광주,서구,접근성_웨이팅,1,0,0,접근성_웨이팅 호평 다수 (1건)
430321,악동떡볶이 수완점,광주,광산구,맛,1,0,0,맛 호평 다수 (1건)
430322,악동떡볶이 쌍촌점,광주,서구,맛,1,0,0,맛 호평 다수 (1건)
430323,악동떡볶이 오치점,광주,북구,맛,1,0,0,맛 호평 다수 (1건)
430324,악동떡볶이 운암점,광주,북구,맛,1,0,0,맛 호평 다수 (1건)
430324,악동떡볶이 운암점,광주,북구,서비스_친절도,1,0,0,서비스_친절도 호평 다수 (1건)
430325,악동떡볶이 첨단점,광주,광산구,맛,1,0,0,맛 호평 다수 (1건)
430327,악떡,광주,광산구,맛,1,0,0,맛 호평 다수 (1건)
430327,악떡,광주,광산구,신선도,1,0,0,신선도 호평 다수 (1건)
430327,악떡,광주,광산구,접근성_웨이팅,1,0,0,접근성_웨이팅 호평 다수 (1건)
518712|895119,안나스키친,전남,담양군,맛,1,0,0,맛 호평 다수 (1건)
518712|895119,안나스키친,전남,담양군,신선도,1,0,0,신선도 호평 다수 (1건)
518712|895119,안나스키친,전남,담양군,서비스_친절도,1,0,0,서비스_친절도 호평 다수 (1건)
83f5a7397894,안나의 작은가게,전남,광양시,접근성_웨이팅,1,0,0,접근성_웨이팅 호평 다수 (1건)
430331,안녕 나의 하루,광주,광산구,접근성_웨이팅,1,0,0,접근성_웨이팅 호평 다수 (1건)
430334,안녕홍매화 첨단점,광주,광산구,맛,1,0,0,맛 호평 다수 (1건)
430339,안동맛찜닭 문흥점,광주,북구,맛,1,0,0,맛 호평 다수 (1건)
521910|896117,안동장터소고기국밥 장흥점,전남,장흥군,맛,1,0,0,맛 호평 다수 (1건)
430341,안뜨레,광주,동구,맛,1,0,0,맛 호평 다수 (1건)
430341,안뜨레,광주,동구,분위기,1,0,0,분위기 호평 다수 (1건)
430342,안뜰,광주,북구,맛,1,0,0,맛 호평 다수 (1건)
430344,안산로34그집,광주,북구,맛,1,0,0,맛 호평 다수 (1건)
430344,안산로34그집,광주,북구,분위기,1,0,0,분위기 호평 다수 (1건)
430345,안서동야곱집 광주수완점,광주,광산구,맛,1,0,0,맛 호평 다수 (1건)
430345,안서동야곱집 광주수완점,광주,광산구,신선도,1,0,0,신선도 호평 다수 (1건)
519496|895665,안좌한우직판장,전남,신안군,접근성_웨이팅,1,0,0,접근성_웨이팅 호평 다수 (1건)
519898,안채 샤브샤브 얼큰이 칼국수,전남,영암군,가격,1,0,0,가격 호평 다수 (1건)
430350,안청식당,광주,광산구,신선도,1,0,0,신선도 호평 다수 (1건)
430354,알곱창명가,광주,광산구,신선도,1,0,0,신선도 호평 다수 (1건)
430354,알곱창명가,광주,광산구,분위기,1,0,0,분위기 호평 다수 (1건)
190038,알담,광주,북구,신선도,1,0,0,신선도 호평 다수 (1건)
430357|515822|961782,알랭,광주,동구,맛,1,0,0,맛 호평 다수 (1건)
430357|515822|961782,알랭,광주,동구,신선도,1,0,0,신선도 호평 다수 (1건)
430357|515822|961782,알랭,광주,동구,서비스_친절도,1,0,0,서비스_친절도 호평 다수 (1건)
523894|836484,알로,전남,순천시,맛,1,0,0,맛 호평 다수 (1건)
6460546f9fbe,알리오,전남,목포시,신선도,1,0,0,신선도 호평 다수 (1건)
430368,알리조떡볶이광주계림점,광주,동구,서비스_친절도,1,0,0,서비스_친절도 호평 다수 (1건)
430374,알찬김밥 효천점,광주,남구,맛,1,0,0,맛 호평 다수 (1건)
430374,알찬김밥 효천점,광주,남구,신선도,1,0,0,신선도 호평 다수 (1건)
430376,알찬복,광주,동구,맛,1,0,0,맛 호평 다수 (1건)
190061,알촌 전남대점,광주,북구,신선도,1,0,0,신선도 호평 다수 (1건)
433109,알통떡강정 금호점,광주,서구,신선도,1,0,0,신선도 호평 다수 (1건)
192816,알통떡강정 상무점,광주,서구,신선도,1,0,0,신선도 호평 다수 (1건)
430395,알통떡강정 양산점,광주,북구,맛,1,0,0,맛 호평 다수 (1건)
430395,알통떡강정 양산점,광주,북구,가격,1,0,0,가격 호평 다수 (1건)
430395,알통떡강정 양산점,광주,북구,접근성_웨이팅,1,0,0,접근성_웨이팅 호평 다수 (1건)
430396,알통떡강정 우산점,광주,북구,맛,1,0,0,맛 호평 다수 (1건)
430396,알통떡강정 우산점,광주,북구,신선도,1,0,0,신선도 호평 다수 (1건)
430396,알통떡강정 우산점,광주,북구,서비스_친절도,1,0,0,서비스_친절도 호평 다수 (1건)
430396,알통떡강정 우산점,광주,북구,분위기,1,0,0,분위기 호평 다수 (1건)
418591,알트,광주,동구,맛,1,0,0,맛 호평 다수 (1건)
418591,알트,광주,동구,접근성_웨이팅,1,0,0,접근성_웨이팅 호평 다수 (1건)
517292,알트로,전남,순천시,맛,1,0,0,맛 호평 다수 (1건)
517292,알트로,전남,순천시,신선도,1,0,0,신선도 호평 다수 (1건)
430397,알프스,광주,남구,신선도,1,0,0,신선도 호평 다수 (1건)
430398|516144,암브로시아,광주,남구,서비스_친절도,1,0,0,서비스_친절도 호평 다수 (1건)
532786,암소한마리식육식당,전남,담양군,분위기,1,0,0,분위기 호평 다수 (1건)
518268,압구정김밥 곡성점,전남,곡성군,맛,1,0,0,맛 호평 다수 (1건)
518268,압구정김밥 곡성점,전남,곡성군,신선도,1,0,0,신선도 호평 다수 (1건)
430406,압구정식당,광주,북구,맛,1,0,0,맛 호평 다수 (1건)
519549|895696,압해도삼시세끼,전남,신안군,신선도,1,0,0,신선도 호평 다수 (1건)
519460,압해도찹쌀왕꽈배기,전남,신안군,재방문의사,1,0,0,재방문의사 호평 다수 (1건)
519821|895798,앗싸사골국밥,전남,영광군,맛,1,0,0,맛 호평 다수 (1건)
8576099596b1,앗싸회수산,전남,목포시,서비스_친절도,0,0,1,서비스_친절도 불만 존재 (1건)
8d8063947b93,애간장치킨 본점,전남,목포시,맛,1,0,0,맛 호평 다수 (1건)
516222|962108,애드슈가,광주,동구,맛,1,0,0,맛 호평 다수 (1건)
516222|962108,애드슈가,광주,동구,분위기,1,0,0,분위기 호평 다수 (1건)
430420,애상마라탕 전대본점,광주,북구,접근성_웨이팅,1,0,0,접근성_웨이팅 호평 다수 (1건)
430423,애상마라탕동천점,광주,서구,접근성_웨이팅,1,0,0,접근성_웨이팅 호평 다수 (1건)
430424,애상마라탕수완점,광주,광산구,접근성_웨이팅,1,0,0,접근성_웨이팅 호평 다수 (1건)
430427,애월주,광주,북구,맛,1,0,0,맛 호평 다수 (1건)
430427,애월주,광주,북구,신선도,1,0,0,신선도 호평 다수 (1건)
430427,애월주,광주,북구,분위기,1,0,0,분위기 호평 다수 (1건)
190113,애즈유,광주,광산구,서비스_친절도,1,0,0,서비스_친절도 호평 다수 (1건)
523067|836606|896831,애플망고 광양마동점,전남,광양시,맛,1,0,0,맛 호평 다수 (1건)
523067|836606|896831,애플망고 광양마동점,전남,광양시,신선도,1,0,0,신선도 호평 다수 (1건)
520117,애호박국밥전문점,전남,영암군,맛,1,0,0,맛 호평 다수 (1건)
522286,앤드,전남,진도군,맛,1,0,0,맛 호평 다수 (1건)
522286,앤드,전남,진도군,신선도,1,0,0,신선도 호평 다수 (1건)
430451,앤투잋시즌 한옥,광주,남구,서비스_친절도,1,0,0,서비스_친절도 호평 다수 (1건)
430451,앤투잋시즌 한옥,광주,남구,분위기,1,0,0,분위기 호평 다수 (1건)
430450|516126|962039,앤투잋시즌,광주,남구,분위기,1,0,0,분위기 호평 다수 (1건)
523313,앤피피,전남,나주시,맛,1,0,0,맛 호평 다수 (1건)
430458|515845,앵두마차,광주,동구,맛,1,0,0,맛 호평 다수 (1건)
430458|515845,앵두마차,광주,동구,분위기,1,0,0,분위기 호평 다수 (1건)
430459|515710|961687,앵무동,광주,남구,맛,1,0,0,맛 호평 다수 (1건)
430463,야그,광주,동구,맛,0,1,0,맛 언급 (1건)
518094,야김밥이다,전남,고흥군,맛,1,0,0,맛 호평 다수 (1건)
518094,야김밥이다,전남,고흥군,신선도,1,0,0,신선도 호평 다수 (1건)
430466,야단법석,광주,북구,서비스_친절도,1,0,0,서비스_친절도 호평 다수 (1건)
430466,야단법석,광주,북구,분위기,1,0,0,분위기 호평 다수 (1건)
430468,야레타,광주,동구,맛,1,0,0,맛 호평 다수 (1건)
430468,야레타,광주,동구,접근성_웨이팅,1,0,0,접근성_웨이팅 호평 다수 (1건)
430474,야미마라탕 조선대점,광주,동구,맛,1,0,0,맛 호평 다수 (1건)
430472,야미스시&사시미,광주,남구,신선도,1,0,0,신선도 호평 다수 (1건)
190158,야미쌀국수,광주,동구,신선도,1,0,0,신선도 호평 다수 (1건)
430477,야사뽕잎칼국수,광주,북구,서비스_친절도,1,0,0,서비스_친절도 호평 다수 (1건)
430477,야사뽕잎칼국수,광주,북구,분위기,1,0,0,분위기 호평 다수 (1건)
430477,야사뽕잎칼국수,광주,북구,접근성_웨이팅,1,0,0,접근성_웨이팅 호평 다수 (1건)
430480,야식가족발보쌈,광주,서구,맛,1,0,0,맛 호평 다수 (1건)
430480,야식가족발보쌈,광주,서구,분위기,1,0,0,분위기 호평 다수 (1건)
190170,야작,광주,북구,분위기,1,0,0,분위기 호평 다수 (1건)
430490,야호,광주,서구,맛,1,0,0,맛 호평 다수 (1건)
430490,야호,광주,서구,분위기,1,0,0,분위기 호평 다수 (1건)
430493,약산농원,광주,광산구,신선도,1,0,0,신선도 호평 다수 (1건)
56910,약산흑염소가든 옥암점,전남,목포시,신선도,1,0,0,신선도 호평 다수 (1건)
430496,약산흑염소가든,광주,북구,분위기,1,0,0,분위기 호평 다수 (1건)
430496,약산흑염소가든,광주,북구,접근성_웨이팅,1,0,0,접근성_웨이팅 호평 다수 (1건)
430494,약산흑염소가든풍암점,광주,서구,맛,1,0,0,맛 호평 다수 (1건)
ed4463bc631d,약선명가,전남,나주시,맛,1,0,0,맛 호평 다수 (1건)
430497|433102,약속식당,광주,북구,맛,1,0,0,맛 호평 다수 (1건)
430497|433102,약속식당,광주,북구,분위기,1,0,0,분위기 호평 다수 (1건)
56912|880511,약수골,전남,광양시,맛,1,0,0,맛 호평 다수 (1건)
56912|880511,약수골,전남,광양시,신선도,1,0,0,신선도 호평 다수 (1건)
430498,약수한방삼계탕,광주,북구,맛,1,0,0,맛 호평 다수 (1건)
430500,약촌식당,광주,북구,맛,1,0,0,맛 호평 다수 (1건)
430500,약촌식당,광주,북구,분위기,1,0,0,분위기 호평 다수 (1건)
430509,얌얌,광주,북구,신선도,1,0,0,신선도 호평 다수 (1건)
430511,얌얌분식,광주,북구,맛,1,0,0,맛 호평 다수 (1건)
430512|515741|961713,얌얌차차,광주,남구,분위기,1,0,0,분위기 호평 다수 (1건)
190198,얌차 금호매월점,광주,서구,신선도,1,0,0,신선도 호평 다수 (1건)
190198,얌차 금호매월점,광주,서구,분위기,1,0,0,분위기 호평 다수 (1건)
522340|896359,얌차반점 함평점,전남,함평군,맛,1,0,0,맛 호평 다수 (1건)
430515,얌타코,광주,북구,서비스_친절도,1,0,0,서비스_친절도 호평 다수 (1건)
518676|895090,양각리키친,전남,담양군,맛,1,0,0,맛 호평 다수 (1건)
518676|895090,양각리키친,전남,담양군,신선도,1,0,0,신선도 호평 다수 (1건)
518676|895090,양각리키친,전남,담양군,위생_청결,1,0,0,위생_청결 호평 다수 (1건)
430517,양감성,광주,북구,신선도,1,0,0,신선도 호평 다수 (1건)
430517,양감성,광주,북구,분위기,1,0,0,분위기 호평 다수 (1건)
522833|896660,양계장스캔들 화순점,전남,화순군,맛,1,0,0,맛 호평 다수 (1건)
522833|896660,양계장스캔들 화순점,전남,화순군,신선도,1,0,0,신선도 호평 다수 (1건)
430518,양계장스캔들,광주,광산구,신선도,1,0,0,신선도 호평 다수 (1건)
515716|961690,양골뱅이,광주,남구,맛,1,0,0,맛 호평 다수 (1건)
515716|961690,양골뱅이,광주,남구,신선도,1,0,0,신선도 호평 다수 (1건)
430519,양다린,광주,서구,맛,1,0,0,맛 호평 다수 (1건)
430519,양다린,광주,서구,서비스_친절도,1,0,0,서비스_친절도 호평 다수 (1건)
430519,양다린,광주,서구,분위기,1,0,0,분위기 호평 다수 (1건)
430539,양동가마솥통닭,광주,광산구,분위기,1,0,0,분위기 호평 다수 (1건)
430521,양동닭전머리통닭,광주,광산구,맛,1,0,0,맛 호평 다수 (1건)
190207,양동닭전머리통닭,광주,광산구,신선도,1,0,0,신선도 호평 다수 (1건)
190214,양동시장통닭 동구점,광주,동구,서비스_친절도,1,0,0,서비스_친절도 호평 다수 (1건)
430526,양동시장통닭 양산점,광주,북구,신선도,1,0,0,신선도 호평 다수 (1건)
430528,양동시장통닭 풍암점,광주,서구,맛,1,0,0,맛 호평 다수 (1건)
430528,양동시장통닭 풍암점,광주,서구,신선도,1,0,0,신선도 호평 다수 (1건)
430528,양동시장통닭 풍암점,광주,서구,분위기,1,0,0,분위기 호평 다수 (1건)
430531,양동짜장나라,광주,서구,맛,1,0,0,맛 호평 다수 (1건)
430533,양동통닭 광주신세계점,광주,서구,맛,1,0,0,맛 호평 다수 (1건)
515939|961883,양동통닭,광주,서구,맛,1,0,0,맛 호평 다수 (1건)
430543,양떼목장,광주,북구,맛,1,0,0,맛 호평 다수 (1건)
430543,양떼목장,광주,북구,접근성_웨이팅,1,0,0,접근성_웨이팅 호평 다수 (1건)
430545|515714,양림객주,광주,남구,맛,1,0,0,맛 호평 다수 (1건)
430554,양림전집,광주,남구,맛,1,0,0,맛 호평 다수 (1건)
430559|515847|961804,양만휘해물생합칼국수,광주,동구,신선도,1,0,0,신선도 호평 다수 (1건)
430559|515847|961804,양만휘해물생합칼국수,광주,동구,분위기,1,0,0,분위기 호평 다수 (1건)
193933|961561,양명숙암뽕사골국밥,광주,광산구,맛,1,0,0,맛 호평 다수 (1건)
193933|961561,양명숙암뽕사골국밥,광주,광산구,접근성_웨이팅,1,0,0,접근성_웨이팅 호평 다수 (1건)
430562,양반왕족발보쌈,광주,광산구,맛,1,0,0,맛 호평 다수 (1건)
430562,양반왕족발보쌈,광주,광산구,신선도,1,0,0,신선도 호평 다수 (1건)
430564,양산대박 상추튀김,광주,북구,맛,1,0,0,맛 호평 다수 (1건)
430564,양산대박 상추튀김,광주,북구,신선도,1,0,0,신선도 호평 다수 (1건)
430565,양산댁,광주,북구,맛,1,0,0,맛 호평 다수 (1건)
430565,양산댁,광주,북구,분위기,1,0,0,분위기 호평 다수 (1건)
515673|880438,양산도 첨단 시리단길점,광주,광산구,맛,1,0,0,맛 호평 다수 (1건)
430571,양산족발보쌈,광주,북구,맛,1,0,0,맛 호평 다수 (1건)
430571,양산족발보쌈,광주,북구,신선도,1,0,0,신선도 호평 다수 (1건)
430572,양산주막,광주,북구,신선도,1,0,0,신선도 호평 다수 (1건)
435615,양산초밥생각,광주,북구,신선도,1,0,0,신선도 호평 다수 (1건)
435615,양산초밥생각,광주,북구,서비스_친절도,1,0,0,서비스_친절도 호평 다수 (1건)
435615,양산초밥생각,광주,북구,접근성_웨이팅,1,0,0,접근성_웨이팅 호평 다수 (1건)
190262,양선비 본점,광주,광산구,서비스_친절도,1,0,0,서비스_친절도 호평 다수 (1건)
430579,양선비 상무점,광주,서구,신선도,1,0,0,신선도 호평 다수 (1건)
430579,양선비 상무점,광주,서구,접근성_웨이팅,1,0,0,접근성_웨이팅 호평 다수 (1건)
190263,양선비 수완점,광주,광산구,서비스_친절도,1,0,0,서비스_친절도 호평 다수 (1건)
430575,양선비 첨단점,광주,광산구,분위기,1,0,0,분위기 호평 다수 (1건)
190264,양선비 하남점,광주,광산구,서비스_친절도,1,0,0,서비스_친절도 호평 다수 (1건)
190264,양선비 하남점,광주,광산구,분위기,1,0,0,분위기 호평 다수 (1건)
430580,양손,광주,광산구,신선도,1,0,0,신선도 호평 다수 (1건)
430583,양식탁 첨단,광주,북구,분위기,1,0,0,분위기 호평 다수 (1건)
190273,양육점 진월점,광주,남구,신선도,1,0,0,신선도 호평 다수 (1건)
190273,양육점 진월점,광주,남구,분위기,1,0,0,분위기 호평 다수 (1건)
430586|515855|961812,양육점 학동점,광주,동구,서비스_친절도,1,0,0,서비스_친절도 호평 다수 (1건)
430589,양은주라이브,광주,서구,신선도,1,0,0,신선도 호평 다수 (1건)
430591,양장군솥뚜껑삼겹살,광주,광산구,분위기,1,0,0,분위기 호평 다수 (1건)
430593,양지뜰,광주,북구,맛,1,0,0,맛 호평 다수 (1건)
430593,양지뜰,광주,북구,신선도,1,0,0,신선도 호평 다수 (1건)
190280|190281,양지마을,광주,북구,서비스_친절도,1,0,0,서비스_친절도 호평 다수 (1건)
190280|190281,양지마을,광주,북구,분위기,1,0,0,분위기 호평 다수 (1건)
56913|880512,양지쌈밥,전남,순천시,신선도,1,0,0,신선도 호평 다수 (1건)
518598,양진맛집,전남,구례군,맛,1,0,0,맛 호평 다수 (1건)
518598,양진맛집,전남,구례군,신선도,1,0,0,신선도 호평 다수 (1건)
518598,양진맛집,전남,구례군,서비스_친절도,1,0,0,서비스_친절도 호평 다수 (1건)
518598,양진맛집,전남,구례군,분위기,1,0,0,분위기 호평 다수 (1건)
190288,양철식당 쌍암동점,광주,광산구,맛,1,0,0,맛 호평 다수 (1건)
190288,양철식당 쌍암동점,광주,광산구,신선도,1,0,0,신선도 호평 다수 (1건)
190288,양철식당 쌍암동점,광주,광산구,분위기,1,0,0,분위기 호평 다수 (1건)
521609|895914,양평해장국&감자탕 장성점,전남,장성군,맛,1,0,0,맛 호평 다수 (1건)
520108,양평해장국&감자탕&곱창전골영암삼호점,전남,영암군,맛,1,0,0,맛 호평 다수 (1건)
520097,양푼이고을,전남,영암군,맛,1,0,0,맛 호평 다수 (1건)
520097,양푼이고을,전남,영암군,가격,1,0,0,가격 호평 다수 (1건)
430610|515981|961921,양푼이매운갈비찜,광주,서구,맛,1,0,0,맛 호평 다수 (1건)
519324,양푼이식당,전남,보성군,맛,1,0,0,맛 호평 다수 (1건)
430612,어가,광주,서구,맛,1,0,0,맛 호평 다수 (1건)
430612,어가,광주,서구,신선도,1,0,0,신선도 호평 다수 (1건)
430612,어가,광주,서구,분위기,1,0,0,분위기 호평 다수 (1건)
56914,어가일식,전남,완도군,신선도,1,0,0,신선도 호평 다수 (1건)
430613,어가촌세꼬시,광주,남구,맛,1,0,0,맛 호평 다수 (1건)
430613,어가촌세꼬시,광주,남구,신선도,1,0,0,신선도 호평 다수 (1건)
523777,어그어스,전남,순천시,맛,1,0,0,맛 호평 다수 (1건)
190303,어나더데이,광주,동구,신선도,1,0,0,신선도 호평 다수 (1건)
190303,어나더데이,광주,동구,서비스_친절도,1,0,0,서비스_친절도 호평 다수 (1건)
c6368f51d526,어나더키친 나주혁신도시점,전남,나주시,분위기,1,0,0,분위기 호평 다수 (1건)
430619,어나더키친 어나더레벨 유스퀘어점,광주,서구,서비스_친절도,1,0,0,서비스_친절도 호평 다수 (1건)
517597,어나더키친 여수점,전남,여수시,맛,1,0,0,맛 호평 다수 (1건)
517597,어나더키친 여수점,전남,여수시,접근성_웨이팅,1,0,0,접근성_웨이팅 호평 다수 (1건)
515911|961857,어나더키친 전대점,광주,북구,맛,1,0,0,맛 호평 다수 (1건)
515911|961857,어나더키친 전대점,광주,북구,신선도,1,0,0,신선도 호평 다수 (1건)
515911|961857,어나더키친 전대점,광주,북구,접근성_웨이팅,1,0,0,접근성_웨이팅 호평 다수 (1건)
430622,어나더키친 충장로점,광주,동구,가격,1,0,0,가격 호평 다수 (1건)
430622,어나더키친 충장로점,광주,동구,접근성_웨이팅,1,0,0,접근성_웨이팅 호평 다수 (1건)
430623|880106,어눌한쉐프,광주,동구,맛,1,0,0,맛 호평 다수 (1건)
430623|880106,어눌한쉐프,광주,동구,신선도,1,0,0,신선도 호평 다수 (1건)
430625,어느멋진날,광주,북구,맛,1,0,0,맛 호평 다수 (1건)
430626|515708,어니스트식스티,광주,남구,맛,1,0,0,맛 호평 다수 (1건)
430626|515708,어니스트식스티,광주,남구,분위기,1,0,0,분위기 호평 다수 (1건)
430629,어등골참숯가든,광주,광산구,맛,1,0,0,맛 호평 다수 (1건)
430629,어등골참숯가든,광주,광산구,신선도,1,0,0,신선도 호평 다수 (1건)
430629,어등골참숯가든,광주,광산구,분위기,1,0,0,분위기 호평 다수 (1건)
430631|515635|880406,어등뼈해장국보쌈,광주,광산구,맛,1,0,0,맛 호평 다수 (1건)
430631|515635|880406,어등뼈해장국보쌈,광주,광산구,신선도,1,0,0,신선도 호평 다수 (1건)
430638,어등산연탄구이,광주,광산구,신선도,1,0,0,신선도 호평 다수 (1건)
430640,어등산정,광주,광산구,맛,1,0,0,맛 호평 다수 (1건)
430628,어등회관,광주,광산구,맛,1,0,0,맛 호평 다수 (1건)
430628,어등회관,광주,광산구,접근성_웨이팅,1,0,0,접근성_웨이팅 호평 다수 (1건)
430644,어디,광주,북구,가격,1,0,0,가격 호평 다수 (1건)
1bd3f6818c27,어락,전남,목포시,가격,1,0,0,가격 호평 다수 (1건)
519111|895380,어랑섬,전남,무안군,맛,1,0,0,맛 호평 다수 (1건)
519111|895380,어랑섬,전남,무안군,위생_청결,1,0,0,위생_청결 호평 다수 (1건)
430651|880107,어룡골칡냉면,광주,광산구,맛,1,0,0,맛 호평 다수 (1건)
430651|880107,어룡골칡냉면,광주,광산구,신선도,1,0,0,신선도 호평 다수 (1건)
430652,어룡정,광주,광산구,맛,1,0,0,맛 호평 다수 (1건)
430652,어룡정,광주,광산구,신선도,1,0,0,신선도 호평 다수 (1건)
523989|836864,어리틀코티지,전남,여수시,맛,0,1,0,맛 언급 (1건)
430653,어린왕자,광주,서구,맛,1,0,0,맛 호평 다수 (1건)
430653,어린왕자,광주,서구,서비스_친절도,1,0,0,서비스_친절도 호평 다수 (1건)
430653,어린왕자,광주,서구,분위기,1,0,0,분위기 호평 다수 (1건)
56915|880513,어머니 밥상,전남,목포시,맛,1,0,0,맛 호평 다수 (1건)
56915|880513,어머니 밥상,전남,목포시,신선도,1,0,0,신선도 호평 다수 (1건)
430658,어머니밥상,광주,서구,맛,1,0,0,맛 호평 다수 (1건)
519824|895801,어메고깃집숯불구이,전남,영광군,접근성_웨이팅,1,0,0,접근성_웨이팅 호평 다수 (1건)
430663|600191,어묵집,광주,서구,맛,1,0,0,맛 호평 다수 (1건)
430663|600191,어묵집,광주,서구,신선도,1,0,0,신선도 호평 다수 (1건)
ae483b2cc8c5,어미가,전남,목포시,맛,1,0,0,맛 호평 다수 (1건)
ae483b2cc8c5,어미가,전남,목포시,신선도,1,0,0,신선도 호평 다수 (1건)
93d1fc604292,어민동산촌닭,전남,목포시,신선도,1,0,0,신선도 호평 다수 (1건)
523667,어바웃,전남,목포시,신선도,1,0,0,신선도 호평 다수 (1건)
515659,어반레시피 피제리아,광주,광산구,맛,1,0,0,맛 호평 다수 (1건)
430667|515814|961775,어반레시피,광주,동구,신선도,1,0,0,신선도 호평 다수 (1건)
430667|515814|961775,어반레시피,광주,동구,서비스_친절도,1,0,0,서비스_친절도 호평 다수 (1건)
515720|961694,어반브룩,광주,남구,분위기,1,0,0,분위기 호평 다수 (1건)
522843|896668,어부마을,전남,화순군,신선도,1,0,0,신선도 호평 다수 (1건)
430674,어부바,광주,서구,맛,1,0,0,맛 호평 다수 (1건)
430674,어부바,광주,서구,신선도,1,0,0,신선도 호평 다수 (1건)
430674,어부바,광주,서구,접근성_웨이팅,1,0,0,접근성_웨이팅 호평 다수 (1건)
522519|896452,어부수산,전남,함평군,맛,1,0,0,맛 호평 다수 (1건)
522519|896452,어부수산,전남,함평군,신선도,1,0,0,신선도 호평 다수 (1건)
430675,어부의술상,광주,북구,신선도,1,0,0,신선도 호평 다수 (1건)
522273,어부의집,전남,진도군,맛,1,0,0,맛 호평 다수 (1건)
522273,어부의집,전남,진도군,신선도,1,0,0,신선도 호평 다수 (1건)
430676,어부회수산시장,광주,북구,신선도,1,0,0,신선도 호평 다수 (1건)
521604|895909,어상생선전문점,전남,장성군,맛,1,0,0,맛 호평 다수 (1건)
521604|895909,어상생선전문점,전남,장성군,신선도,1,0,0,신선도 호평 다수 (1건)
522647|896541,어성장어센타,전남,해남군,신선도,1,0,0,신선도 호평 다수 (1건)
430680,어신 코뎅이 금호직영점,광주,서구,맛,1,0,0,맛 호평 다수 (1건)
430680,어신 코뎅이 금호직영점,광주,서구,신선도,1,0,0,신선도 호평 다수 (1건)
430680,어신 코뎅이 금호직영점,광주,서구,분위기,1,0,0,분위기 호평 다수 (1건)
190370,어썸에그 피크닉몰점,광주,광산구,서비스_친절도,1,0,0,서비스_친절도 호평 다수 (1건)
190370,어썸에그 피크닉몰점,광주,광산구,분위기,1,0,0,분위기 호평 다수 (1건)
430689,어우러기,광주,북구,신선도,1,0,0,신선도 호평 다수 (1건)
430690,어울림 솥뚜껑 삼겹살,광주,서구,맛,1,0,0,맛 호평 다수 (1건)
430690,어울림 솥뚜껑 삼겹살,광주,서구,신선도,1,0,0,신선도 호평 다수 (1건)
430694,어원수산,광주,남구,신선도,1,0,0,신선도 호평 다수 (1건)
7add107f7300,어장관리,전남,순천시,신선도,1,0,0,신선도 호평 다수 (1건)
7add107f7300,어장관리,전남,순천시,가격,1,0,0,가격 호평 다수 (1건)
7add107f7300,어장관리,전남,순천시,서비스_친절도,1,0,0,서비스_친절도 호평 다수 (1건)
7add107f7300,어장관리,전남,순천시,분위기,1,0,0,분위기 호평 다수 (1건)
515852|961809,어장관리수,광주,동구,신선도,1,0,0,신선도 호평 다수 (1건)
515959|961902,어짜피샤브,광주,서구,맛,1,0,0,맛 호평 다수 (1건)
515959|961902,어짜피샤브,광주,서구,접근성_웨이팅,1,0,0,접근성_웨이팅 호평 다수 (1건)
430700,어쩌다와플,광주,서구,맛,1,0,0,맛 호평 다수 (1건)
430700,어쩌다와플,광주,서구,신선도,1,0,0,신선도 호평 다수 (1건)
430700,어쩌다와플,광주,서구,접근성_웨이팅,1,0,0,접근성_웨이팅 호평 다수 (1건)
519432,어찬,전남,신안군,맛,1,0,0,맛 호평 다수 (1건)
519432,어찬,전남,신안군,신선도,1,0,0,신선도 호평 다수 (1건)
519432,어찬,전남,신안군,서비스_친절도,1,0,0,서비스_친절도 호평 다수 (1건)
92b616ca7c08,어촌기행,전남,광양시,맛,1,0,0,맛 호평 다수 (1건)
92b616ca7c08,어촌기행,전남,광양시,접근성_웨이팅,1,0,0,접근성_웨이팅 호평 다수 (1건)
425853,어촌바다장어,광주,서구,접근성_웨이팅,1,0,0,접근성_웨이팅 호평 다수 (1건)
190302,어탐 본점,광주,광산구,맛,1,0,0,맛 호평 다수 (1건)
190302,어탐 본점,광주,광산구,신선도,1,0,0,신선도 호평 다수 (1건)
190302,어탐 본점,광주,광산구,서비스_친절도,1,0,0,서비스_친절도 호평 다수 (1건)
190390,어트,광주,광산구,신선도,1,0,0,신선도 호평 다수 (1건)
190390,어트,광주,광산구,서비스_친절도,1,0,0,서비스_친절도 호평 다수 (1건)
190390,어트,광주,광산구,분위기,1,0,0,분위기 호평 다수 (1건)
430705|98389,어항,광주,북구,신선도,1,0,0,신선도 호평 다수 (1건)
520072,억순이 순대,전남,영암군,맛,1,0,0,맛 호평 다수 (1건)
520072,억순이 순대,전남,영암군,신선도,1,0,0,신선도 호평 다수 (1건)
430707|500377,억조감자탕,광주,동구,접근성_웨이팅,1,0,0,접근성_웨이팅 호평 다수 (1건)
430713,언니네김밥,광주,남구,맛,1,0,0,맛 호평 다수 (1건)
430713,언니네김밥,광주,남구,신선도,1,0,0,신선도 호평 다수 (1건)
516243,언더그라운드,광주,동구,맛,1,0,0,맛 호평 다수 (1건)
425569,언더브릭,광주,광산구,맛,1,0,0,맛 호평 다수 (1건)
425569,언더브릭,광주,광산구,분위기,1,0,0,분위기 호평 다수 (1건)
430722,언덕배기,광주,남구,신선도,1,0,0,신선도 호평 다수 (1건)
430733,얼쑤추어탕,광주,광산구,신선도,1,0,0,신선도 호평 다수 (1건)
418922,얼씨구학당가보세,광주,북구,맛,1,0,0,맛 호평 다수 (1건)
418922,얼씨구학당가보세,광주,북구,양,1,0,0,양 호평 다수 (1건)
418922,얼씨구학당가보세,광주,북구,분위기,1,0,0,분위기 호평 다수 (1건)
430735,얼큰이맵닥 두암점,광주,북구,분위기,1,0,0,분위기 호평 다수 (1건)
430735,얼큰이맵닥 두암점,광주,북구,재방문의사,1,0,0,재방문의사 호평 다수 (1건)
430736,엄가네시골집 송정점,광주,광산구,서비스_친절도,1,0,0,서비스_친절도 호평 다수 (1건)
430737,엄가네시골집뼈해장국,광주,광산구,분위기,1,0,0,분위기 호평 다수 (1건)
430738,엄니민물고기전문점,광주,남구,맛,1,0,0,맛 호평 다수 (1건)
518373,엄니밥상,전남,곡성군,접근성_웨이팅,1,0,0,접근성_웨이팅 호평 다수 (1건)
430739,엄니손맛,광주,북구,맛,1,0,0,맛 호평 다수 (1건)
430740,엄니전집,광주,광산구,맛,1,0,0,맛 호평 다수 (1건)
522526,엄다식육식당,전남,함평군,신선도,1,0,0,신선도 호평 다수 (1건)
522033|896191,엄마국밥,전남,장흥군,맛,1,0,0,맛 호평 다수 (1건)
522033|896191,엄마국밥,전남,장흥군,분위기,1,0,0,분위기 호평 다수 (1건)
370336|430743|430786|516236|98460|961569|962116,엄마네돼지찌개,광주,동구,맛,1,0,0,맛 호평 다수 (1건)
430746,엄마네밥상,광주,남구,맛,1,0,0,맛 호평 다수 (1건)
430746,엄마네밥상,광주,남구,신선도,1,0,0,신선도 호평 다수 (1건)
430747,엄마네영양팥죽,광주,북구,맛,1,0,0,맛 호평 다수 (1건)
430747,엄마네영양팥죽,광주,북구,신선도,1,0,0,신선도 호평 다수 (1건)
430748|880112,엄마딸분식,광주,남구,맛,1,0,0,맛 호평 다수 (1건)
430751,엄마맛갈비,광주,서구,맛,1,0,0,맛 호평 다수 (1건)
518236,엄마바지락칼국수,전남,곡성군,맛,1,0,0,맛 호평 다수 (1건)
518236,엄마바지락칼국수,전남,곡성군,신선도,1,0,0,신선도 호평 다수 (1건)
430754,엄마배고파,광주,북구,맛,1,0,0,맛 호평 다수 (1건)
430754,엄마배고파,광주,북구,분위기,1,0,0,분위기 호평 다수 (1건)
430755,엄마부엌,광주,광산구,신선도,1,0,0,신선도 호평 다수 (1건)
430755,엄마부엌,광주,광산구,서비스_친절도,1,0,0,서비스_친절도 호평 다수 (1건)
421060,엄마손맛나름,광주,북구,맛,1,0,0,맛 호평 다수 (1건)
421060,엄마손맛나름,광주,북구,접근성_웨이팅,1,0,0,접근성_웨이팅 호평 다수 (1건)
d1c60cbb6534,엄마손백반,광주,북구,맛,1,0,0,맛 호평 다수 (1건)
d1c60cbb6534,엄마손백반,광주,북구,신선도,1,0,0,신선도 호평 다수 (1건)
430768,엄마손분식,광주,북구,맛,1,0,0,맛 호평 다수 (1건)
426891|430771,엄마손집밥,광주,북구,맛,1,0,0,맛 호평 다수 (1건)
426891|430771,엄마손집밥,광주,북구,분위기,1,0,0,분위기 호평 다수 (1건)
190454,엄마손칼국수,광주,서구,맛,1,0,0,맛 호평 다수 (1건)
522858|896680,엄마손팥죽,전남,화순군,맛,1,0,0,맛 호평 다수 (1건)
430775,엄마애밥상,광주,북구,서비스_친절도,1,0,0,서비스_친절도 호평 다수 (1건)
430775,엄마애밥상,광주,북구,분위기,1,0,0,분위기 호평 다수 (1건)
430776,엄마오리탕,광주,광산구,맛,1,0,0,맛 호평 다수 (1건)
430777,엄마의밥집,광주,광산구,맛,1,0,0,맛 호평 다수 (1건)
430777,엄마의밥집,광주,광산구,신선도,1,0,0,신선도 호평 다수 (1건)
430778,엄마의부엌,광주,북구,맛,1,0,0,맛 호평 다수 (1건)
430778,엄마의부엌,광주,북구,분위기,1,0,0,분위기 호평 다수 (1건)
522474|556372,엄마의손맛,전남,함평군,맛,1,0,0,맛 호평 다수 (1건)
522474|556372,엄마의손맛,전남,함평군,신선도,1,0,0,신선도 호평 다수 (1건)
430784,엄마추어탕,광주,동구,접근성_웨이팅,1,0,0,접근성_웨이팅 호평 다수 (1건)
430790,엄송치킨 본점,광주,북구,맛,1,0,0,맛 호평 다수 (1건)
430790,엄송치킨 본점,광주,북구,신선도,1,0,0,신선도 호평 다수 (1건)
430788,엄송치킨 신창수완점,광주,광산구,신선도,1,0,0,신선도 호평 다수 (1건)
430789,엄송치킨 쌍촌점,광주,서구,맛,1,0,0,맛 호평 다수 (1건)
430789,엄송치킨 쌍촌점,광주,서구,신선도,1,0,0,신선도 호평 다수 (1건)
430793,엄지감자탕,광주,남구,맛,1,0,0,맛 호평 다수 (1건)
430793,엄지감자탕,광주,남구,양,1,0,0,양 호평 다수 (1건)
430796,엄지치킨,광주,서구,신선도,1,0,0,신선도 호평 다수 (1건)
430796,엄지치킨,광주,서구,위생_청결,1,0,0,위생_청결 호평 다수 (1건)
190486|430799,업텐브로피자 44호점,광주,북구,맛,1,0,0,맛 호평 다수 (1건)
517987,엉클제이,전남,고흥군,접근성_웨이팅,1,0,0,접근성_웨이팅 호평 다수 (1건)
190492,엉터리생고기 수완지구점,광주,광산구,맛,1,0,0,맛 호평 다수 (1건)
190492,엉터리생고기 수완지구점,광주,광산구,신선도,1,0,0,신선도 호평 다수 (1건)
190491,엉터리생고기 충장로점,광주,동구,가격,0,1,0,가격 언급 (1건)
190491,엉터리생고기 충장로점,광주,동구,양,0,1,0,양 언급 (1건)
430806,엉터리해장국 용봉점,광주,북구,맛,0,1,0,맛 언급 (1건)
430806,엉터리해장국 용봉점,광주,북구,가격,0,1,0,가격 언급 (1건)
430806,엉터리해장국 용봉점,광주,북구,양,0,1,0,양 언급 (1건)
518778,에그583,전남,담양군,맛,1,0,0,맛 호평 다수 (1건)
518778,에그583,전남,담양군,신선도,1,0,0,신선도 호평 다수 (1건)
518778,에그583,전남,담양군,서비스_친절도,1,0,0,서비스_친절도 호평 다수 (1건)
430811,에그드랍 광주첨단점,광주,광산구,맛,1,0,0,맛 호평 다수 (1건)
430811,에그드랍 광주첨단점,광주,광산구,신선도,1,0,0,신선도 호평 다수 (1건)
190498,에그드랍 전남대점,광주,북구,신선도,1,0,0,신선도 호평 다수 (1건)
190498,에그드랍 전남대점,광주,북구,양,1,0,0,양 호평 다수 (1건)
430812|880114,에그드랍 충장점,광주,동구,양,1,0,0,양 호평 다수 (1건)
430812|880114,에그드랍 충장점,광주,동구,위생_청결,1,0,0,위생_청결 호평 다수 (1건)
519959,에그박스 영암삼호점,전남,영암군,맛,1,0,0,맛 호평 다수 (1건)
519959,에그박스 영암삼호점,전남,영암군,신선도,1,0,0,신선도 호평 다수 (1건)
519959,에그박스 영암삼호점,전남,영암군,서비스_친절도,1,0,0,서비스_친절도 호평 다수 (1건)
521754|896009,에그박스 전남장성점,전남,장성군,맛,1,0,0,맛 호평 다수 (1건)
521754|896009,에그박스 전남장성점,전남,장성군,서비스_친절도,1,0,0,서비스_친절도 호평 다수 (1건)
430813,에그셀런트 광주금호지구점 (전남 광주 금호지구),광주,서구,맛,0,1,0,맛 언급 (1건)
524034|837002,에그취,전남,여수시,신선도,1,0,0,신선도 호평 다수 (1건)
190506,에꼬또,광주,동구,신선도,1,0,0,신선도 호평 다수 (1건)
518884|895207,에꼴드양지,전남,담양군,맛,1,0,0,맛 호평 다수 (1건)
32aeb820e22e,에덴반점,전남,화순군,맛,1,0,0,맛 호평 다수 (1건)
32aeb820e22e,에덴반점,전남,화순군,신선도,1,0,0,신선도 호평 다수 (1건)
517965,에덴분식,전남,강진군,접근성_웨이팅,1,0,0,접근성_웨이팅 호평 다수 (1건)
500631,에버해피,광주,동구,분위기,1,0,0,분위기 호평 다수 (1건)
430835|880115,에비스,광주,동구,맛,1,0,0,맛 호평 다수 (1건)
521860,에스투두유,전남,장흥군,맛,1,0,0,맛 호평 다수 (1건)
430868,에쏠로지 금호점,광주,서구,맛,1,0,0,맛 호평 다수 (1건)
430868,에쏠로지 금호점,광주,서구,신선도,1,0,0,신선도 호평 다수 (1건)
430868,에쏠로지 금호점,광주,서구,분위기,1,0,0,분위기 호평 다수 (1건)
430869,에쏠로지 미라보점,광주,북구,접근성_웨이팅,1,0,0,접근성_웨이팅 호평 다수 (1건)
430870,에쏠로지 비엔날레점,광주,북구,맛,1,0,0,맛 호평 다수 (1건)
430870,에쏠로지 비엔날레점,광주,북구,서비스_친절도,1,0,0,서비스_친절도 호평 다수 (1건)
430872,에쏠로지 상무점,광주,서구,맛,1,0,0,맛 호평 다수 (1건)
430876,에쏠로지 양산사거리점,광주,북구,분위기,1,0,0,분위기 호평 다수 (1건)
430876,에쏠로지 양산사거리점,광주,북구,접근성_웨이팅,1,0,0,접근성_웨이팅 호평 다수 (1건)
430865,에쏠로지 전대정문점,광주,북구,맛,1,0,0,맛 호평 다수 (1건)
430865,에쏠로지 전대정문점,광주,북구,신선도,1,0,0,신선도 호평 다수 (1건)
430878,에쏠로지주월점,광주,남구,가격,1,0,0,가격 호평 다수 (1건)
430878,에쏠로지주월점,광주,남구,서비스_친절도,1,0,0,서비스_친절도 호평 다수 (1건)
517454,에이치,전남,순천시,맛,1,0,0,맛 호평 다수 (1건)
517454,에이치,전남,순천시,가격,1,0,0,가격 호평 다수 (1건)
430914,에종스,광주,남구,맛,1,0,0,맛 호평 다수 (1건)
430914,에종스,광주,남구,분위기,1,0,0,분위기 호평 다수 (1건)
537835,에트글라스,전남,담양군,분위기,1,0,0,분위기 호평 다수 (1건)
517605,엑스포해물삼합,전남,여수시,신선도,1,0,0,신선도 호평 다수 (1건)
517605,엑스포해물삼합,전남,여수시,분위기,1,0,0,분위기 호평 다수 (1건)
517715,엑스포해물예찬,전남,여수시,신선도,1,0,0,신선도 호평 다수 (1건)
430935,엔자임포크,광주,광산구,분위기,1,0,0,분위기 호평 다수 (1건)
517474,엔차이,전남,순천시,접근성_웨이팅,1,0,0,접근성_웨이팅 호평 다수 (1건)
430966,엔칙스치킨 광주수완점,광주,광산구,맛,1,0,0,맛 호평 다수 (1건)
190655,엔케이푸드,광주,광산구,맛,1,0,0,맛 호평 다수 (1건)
190655,엔케이푸드,광주,광산구,서비스_친절도,1,0,0,서비스_친절도 호평 다수 (1건)
190655,엔케이푸드,광주,광산구,분위기,1,0,0,분위기 호평 다수 (1건)
430973,엘로디,광주,북구,맛,1,0,0,맛 호평 다수 (1건)
430973,엘로디,광주,북구,분위기,1,0,0,분위기 호평 다수 (1건)
521725|895994,엘로우 한우 식육식당,전남,장성군,접근성_웨이팅,1,0,0,접근성_웨이팅 호평 다수 (1건)
495165,엘리시아 세정아울렛점,광주,서구,맛,1,0,0,맛 호평 다수 (1건)
495165,엘리시아 세정아울렛점,광주,서구,분위기,1,0,0,분위기 호평 다수 (1건)
430986,엘앤비,광주,북구,맛,1,0,0,맛 호평 다수 (1건)
430986,엘앤비,광주,북구,신선도,1,0,0,신선도 호평 다수 (1건)
430987,엘에스씨,광주,동구,서비스_친절도,1,0,0,서비스_친절도 호평 다수 (1건)
190679|429795,엘케이푸드,광주,서구,신선도,1,0,0,신선도 호평 다수 (1건)
190679|429795,엘케이푸드,광주,서구,분위기,1,0,0,분위기 호평 다수 (1건)
515969,여간 좋은날,광주,서구,신선도,1,0,0,신선도 호평 다수 (1건)
431009,여기를보라소곱창,광주,서구,맛,1,0,0,맛 호평 다수 (1건)
431009,여기를보라소곱창,광주,서구,서비스_친절도,1,0,0,서비스_친절도 호평 다수 (1건)
431009,여기를보라소곱창,광주,서구,분위기,1,0,0,분위기 호평 다수 (1건)
431010,여기분식집이여,광주,광산구,맛,1,0,0,맛 호평 다수 (1건)
431010,여기분식집이여,광주,광산구,신선도,1,0,0,신선도 호평 다수 (1건)
431012,여기서밥한끼,광주,동구,맛,1,0,0,맛 호평 다수 (1건)
431012,여기서밥한끼,광주,동구,분위기,1,0,0,분위기 호평 다수 (1건)
431012,여기서밥한끼,광주,동구,접근성_웨이팅,1,0,0,접근성_웨이팅 호평 다수 (1건)
431014,여기여,광주,서구,서비스_친절도,1,0,0,서비스_친절도 호평 다수 (1건)
431014,여기여,광주,서구,접근성_웨이팅,1,0,0,접근성_웨이팅 호평 다수 (1건)
431015,여기오계,광주,서구,맛,1,0,0,맛 호평 다수 (1건)
431015,여기오계,광주,서구,신선도,1,0,0,신선도 호평 다수 (1건)
431015,여기오계,광주,서구,접근성_웨이팅,1,0,0,접근성_웨이팅 호평 다수 (1건)
431017,여동수산,광주,남구,맛,1,0,0,맛 호평 다수 (1건)
431017,여동수산,광주,남구,신선도,1,0,0,신선도 호평 다수 (1건)
431018,여래옥 메로와아구,광주,서구,신선도,1,0,0,신선도 호평 다수 (1건)
522596|896504,여로음식점,전남,해남군,맛,1,0,0,맛 호평 다수 (1건)
522596|896504,여로음식점,전남,해남군,신선도,1,0,0,신선도 호평 다수 (1건)
519835|895810,여물통양평해장국,전남,영광군,맛,1,0,0,맛 호평 다수 (1건)
519835|895810,여물통양평해장국,전남,영광군,신선도,1,0,0,신선도 호평 다수 (1건)
519480|895655,여민락방앗간,전남,신안군,맛,1,0,0,맛 호평 다수 (1건)
519480|895655,여민락방앗간,전남,신안군,분위기,1,0,0,분위기 호평 다수 (1건)
431021,여보게친구 광주본점,광주,광산구,맛,1,0,0,맛 호평 다수 (1건)
431021,여보게친구 광주본점,광주,광산구,서비스_친절도,1,0,0,서비스_친절도 호평 다수 (1건)
431023,여서도회포장전문점,광주,동구,서비스_친절도,1,0,0,서비스_친절도 호평 다수 (1건)
431023,여서도회포장전문점,광주,동구,분위기,1,0,0,분위기 호평 다수 (1건)
370651,여섯번째갈비찜 수완점,광주,광산구,맛,1,0,0,맛 호평 다수 (1건)
370651,여섯번째갈비찜 수완점,광주,광산구,양,1,0,0,양 호평 다수 (1건)
56920,여성게장백반,전남,여수시,맛,1,0,0,맛 호평 다수 (1건)
56920,여성게장백반,전남,여수시,신선도,1,0,0,신선도 호평 다수 (1건)
517588,여수게장 낭만별식,전남,여수시,분위기,1,0,0,분위기 호평 다수 (1건)
431025,여수계동,광주,서구,접근성_웨이팅,1,0,0,접근성_웨이팅 호평 다수 (1건)
524130|837005,여수딸기앙모찌 돌산점,전남,여수시,신선도,1,0,0,신선도 호평 다수 (1건)
517639,여수맛집 정가네 갓.갈치조림 게장,전남,여수시,신선도,1,0,0,신선도 호평 다수 (1건)
56922,여수사시사철삼치회,전남,여수시,서비스_친절도,1,0,0,서비스_친절도 호평 다수 (1건)
431031|880118,여수서대횟집,광주,광산구,맛,1,0,0,맛 호평 다수 (1건)
431031|880118,여수서대횟집,광주,광산구,신선도,1,0,0,신선도 호평 다수 (1건)
431031|880118,여수서대횟집,광주,광산구,분위기,1,0,0,분위기 호평 다수 (1건)
519585|895719,여수식당,전남,신안군,신선도,1,0,0,신선도 호평 다수 (1건)
517638,여수욕보해장국,전남,여수시,맛,1,0,0,맛 호평 다수 (1건)
523972|836925,여수웅천 생딸기모찌,전남,여수시,맛,1,0,0,맛 호평 다수 (1건)
523972|836925,여수웅천 생딸기모찌,전남,여수시,신선도,1,0,0,신선도 호평 다수 (1건)
431033,여수원조서대회,광주,서구,맛,1,0,0,맛 호평 다수 (1건)
431033,여수원조서대회,광주,서구,신선도,1,0,0,신선도 호평 다수 (1건)
431033,여수원조서대회,광주,서구,양,1,0,0,양 호평 다수 (1건)
517637,여수육개장 여육장 본점,전남,여수시,맛,1,0,0,맛 호평 다수 (1건)
517637,여수육개장 여육장 본점,전남,여수시,신선도,1,0,0,신선도 호평 다수 (1건)
5da02b9db454,여수진간장게장,전남,광양시,신선도,1,0,0,신선도 호평 다수 (1건)
431032|880119,여수회세꼬시,광주,북구,신선도,1,0,0,신선도 호평 다수 (1건)
431024|515633|516068|880404|961992,여수회수산,광주,광산구,신선도,1,0,0,신선도 호평 다수 (1건)
521764|896016,여우애 김밥 장성호수변길점,전남,장성군,분위기,1,0,0,분위기 호평 다수 (1건)
522600|896508,여우애김밥 해남점,전남,해남군,신선도,1,0,0,신선도 호평 다수 (1건)
518402,여울목횟집,전남,곡성군,맛,1,0,0,맛 호평 다수 (1건)
518402,여울목횟집,전남,곡성군,신선도,1,0,0,신선도 호평 다수 (1건)
522208|896292,여울식당,전남,진도군,맛,1,0,0,맛 호평 다수 (1건)
522208|896292,여울식당,전남,진도군,신선도,1,0,0,신선도 호평 다수 (1건)
519443|895634,여인송횟집,전남,신안군,신선도,1,0,0,신선도 호평 다수 (1건)
431045,여인천하,광주,북구,맛,1,0,0,맛 호평 다수 (1건)
431045,여인천하,광주,북구,신선도,1,0,0,신선도 호평 다수 (1건)
431051,여자친구,광주,서구,맛,1,0,0,맛 호평 다수 (1건)
431051,여자친구,광주,서구,분위기,1,0,0,분위기 호평 다수 (1건)
431052,여장군찜&부대찌개 문흥점,광주,북구,맛,1,0,0,맛 호평 다수 (1건)
836802,여진식당,전남,여수시,접근성_웨이팅,1,0,0,접근성_웨이팅 호평 다수 (1건)
431053,여포참숯구이,광주,서구,맛,1,0,0,맛 호평 다수 (1건)
431058|501170,역전돈가스,광주,광산구,맛,1,0,0,맛 호평 다수 (1건)
519201|895448,역전식당,전남,보성군,맛,1,0,0,맛 호평 다수 (1건)
519201|895448,역전식당,전남,보성군,분위기,1,0,0,분위기 호평 다수 (1건)
521611|895916,역전식육식당,전남,장성군,분위기,1,0,0,분위기 호평 다수 (1건)
517479,역전횟집,전남,순천시,맛,1,0,0,맛 호평 다수 (1건)
517479,역전횟집,전남,순천시,신선도,1,0,0,신선도 호평 다수 (1건)
55165,연경,광주,광산구,접근성_웨이팅,1,0,0,접근성_웨이팅 호평 다수 (1건)
c563713ca2aa,연곡횟집,전남,구례군,신선도,1,0,0,신선도 호평 다수 (1건)
519577|895712,연꽃섬민박식당,전남,신안군,맛,1,0,0,맛 호평 다수 (1건)
519577|895712,연꽃섬민박식당,전남,신안군,신선도,1,0,0,신선도 호평 다수 (1건)
515729|961702,연남물갈비 광주주월점,광주,남구,맛,1,0,0,맛 호평 다수 (1건)
cfc5ab0f06d4,연남물갈비 목포평화광장점,전남,목포시,맛,1,0,0,맛 호평 다수 (1건)
431108,연님이네집,광주,동구,서비스_친절도,1,0,0,서비스_친절도 호평 다수 (1건)
431108,연님이네집,광주,동구,분위기,1,0,0,분위기 호평 다수 (1건)
515762|961733,연두상점,광주,남구,맛,1,0,0,맛 호평 다수 (1건)
519237|895480,연미정,전남,보성군,분위기,1,0,0,분위기 호평 다수 (1건)
431115,연산반점,광주,서구,맛,1,0,0,맛 호평 다수 (1건)
431115,연산반점,광주,서구,접근성_웨이팅,1,0,0,접근성_웨이팅 호평 다수 (1건)
b857ac28846c,연산조대포,전남,목포시,맛,1,0,0,맛 호평 다수 (1건)
431118,연심모경대,광주,북구,신선도,1,0,0,신선도 호평 다수 (1건)
431119,연심안심,광주,광산구,맛,1,0,0,맛 호평 다수 (1건)
431119,연심안심,광주,광산구,신선도,1,0,0,신선도 호평 다수 (1건)
431119,연심안심,광주,광산구,양,1,0,0,양 호평 다수 (1건)
431120,연아네,광주,북구,맛,1,0,0,맛 호평 다수 (1건)
431123,연양로52,광주,북구,신선도,1,0,0,신선도 호평 다수 (1건)
431124,연어&육회,광주,광산구,신선도,1,0,0,신선도 호평 다수 (1건)
431787,연어랑 돈가스 오케이초밥,광주,동구,맛,1,0,0,맛 호평 다수 (1건)
431129,연어랑,광주,북구,맛,1,0,0,맛 호평 다수 (1건)
431129,연어랑,광주,북구,신선도,1,0,0,신선도 호평 다수 (1건)
431133,연어소생술,광주,서구,가격,1,0,0,가격 호평 다수 (1건)
431133,연어소생술,광주,서구,양,1,0,0,양 호평 다수 (1건)
431133,연어소생술,광주,서구,접근성_웨이팅,1,0,0,접근성_웨이팅 호평 다수 (1건)
65e8e978f4cb,연우한정식,전남,나주시,신선도,1,0,0,신선도 호평 다수 (1건)
65e8e978f4cb,연우한정식,전남,나주시,분위기,1,0,0,분위기 호평 다수 (1건)
431139,연우회관,광주,동구,맛,1,0,0,맛 호평 다수 (1건)
431139,연우회관,광주,동구,분위기,1,0,0,분위기 호평 다수 (1건)
431139,연우회관,광주,동구,접근성_웨이팅,1,0,0,접근성_웨이팅 호평 다수 (1건)
431140,연이네,광주,서구,맛,1,0,0,맛 호평 다수 (1건)
431140,연이네,광주,서구,분위기,1,0,0,분위기 호평 다수 (1건)
431141,연이소주방,광주,북구,맛,1,0,0,맛 호평 다수 (1건)
431141,연이소주방,광주,북구,신선도,1,0,0,신선도 호평 다수 (1건)
56926,연잎향,전남,목포시,맛,1,0,0,맛 호평 다수 (1건)
56926,연잎향,전남,목포시,분위기,1,0,0,분위기 호평 다수 (1건)
431143,연제곱창볶음,광주,북구,맛,1,0,0,맛 호평 다수 (1건)
431143,연제곱창볶음,광주,북구,신선도,1,0,0,신선도 호평 다수 (1건)
431144,연제만작,광주,북구,신선도,1,0,0,신선도 호평 다수 (1건)
431144,연제만작,광주,북구,분위기,1,0,0,분위기 호평 다수 (1건)
431147,연제장어,광주,북구,분위기,1,0,0,분위기 호평 다수 (1건)
431148,연제회수산,광주,북구,신선도,1,0,0,신선도 호평 다수 (1건)
431149,연주네주막,광주,서구,맛,1,0,0,맛 호평 다수 (1건)
431149,연주네주막,광주,서구,신선도,1,0,0,신선도 호평 다수 (1건)
431149,연주네주막,광주,서구,가격,1,0,0,가격 호평 다수 (1건)
431151,연지네맛집,광주,서구,서비스_친절도,1,0,0,서비스_친절도 호평 다수 (1건)
431154,연초밥,광주,남구,맛,1,0,0,맛 호평 다수 (1건)
431154,연초밥,광주,남구,신선도,1,0,0,신선도 호평 다수 (1건)
431154,연초밥,광주,남구,가격,1,0,0,가격 호평 다수 (1건)
187564|427961|431155,연타발 광주상무점,광주,서구,맛,1,0,0,맛 호평 다수 (1건)
187564|427961|431155,연타발 광주상무점,광주,서구,분위기,1,0,0,분위기 호평 다수 (1건)
420048,연탄구이 군산곱창,광주,북구,맛,1,0,0,맛 호평 다수 (1건)
420048,연탄구이 군산곱창,광주,북구,신선도,1,0,0,신선도 호평 다수 (1건)
423264,연탄구이 드럼통,광주,서구,맛,1,0,0,맛 호평 다수 (1건)
423264,연탄구이 드럼통,광주,서구,신선도,1,0,0,신선도 호평 다수 (1건)
427552,연탄구이 빨간곱창,광주,광산구,신선도,1,0,0,신선도 호평 다수 (1건)
427552,연탄구이 빨간곱창,광주,광산구,위생_청결,1,0,0,위생_청결 호평 다수 (1건)
187146,연탄구이 빨간곱창,광주,광산구,신선도,1,0,0,신선도 호평 다수 (1건)
187146,연탄구이 빨간곱창,광주,광산구,위생_청결,1,0,0,위생_청결 호평 다수 (1건)
187146,연탄구이 빨간곱창,광주,광산구,서비스_친절도,1,0,0,서비스_친절도 호평 다수 (1건)
207195d3c1a6,연탄불생고기한판,전남,광양시,맛,1,0,0,맛 호평 다수 (1건)
207195d3c1a6,연탄불생고기한판,전남,광양시,신선도,1,0,0,신선도 호평 다수 (1건)
432056,연탄왕꼼장어 본점,광주,광산구,맛,1,0,0,맛 호평 다수 (1건)
432056,연탄왕꼼장어 본점,광주,광산구,신선도,1,0,0,신선도 호평 다수 (1건)
432056,연탄왕꼼장어 본점,광주,광산구,서비스_친절도,1,0,0,서비스_친절도 호평 다수 (1건)
432056,연탄왕꼼장어 본점,광주,광산구,분위기,1,0,0,분위기 호평 다수 (1건)
519036|895320,연하,전남,무안군,맛,0,1,0,맛 언급 (1건)
519036|895320,연하,전남,무안군,신선도,0,1,0,신선도 언급 (1건)
188173|428562|431160,연하소머리국밥,광주,북구,신선도,1,0,0,신선도 호평 다수 (1건)
398b6cdbbeef,연화랑,전남,광양시,맛,1,0,0,맛 호평 다수 (1건)
398b6cdbbeef,연화랑,전남,광양시,신선도,1,0,0,신선도 호평 다수 (1건)
398b6cdbbeef,연화랑,전남,광양시,분위기,1,0,0,분위기 호평 다수 (1건)
431167,연회루,광주,동구,분위기,1,0,0,분위기 호평 다수 (1건)
431168,연희식당,광주,광산구,맛,1,0,0,맛 호평 다수 (1건)
431168,연희식당,광주,광산구,접근성_웨이팅,1,0,0,접근성_웨이팅 호평 다수 (1건)
431171,열라왕짬뽕 일곡점,광주,북구,신선도,1,0,0,신선도 호평 다수 (1건)
431185,열서방 본점,광주,광산구,맛,1,0,0,맛 호평 다수 (1건)
431185,열서방 본점,광주,광산구,신선도,1,0,0,신선도 호평 다수 (1건)
431189,열정국밥 냉면쟁이 북구양산점,광주,북구,신선도,1,0,0,신선도 호평 다수 (1건)
423115|423117,열평집밥 돼지고기듬뿍넣은김치찌개,광주,광산구,맛,1,0,0,맛 호평 다수 (1건)
423115|423117,열평집밥 돼지고기듬뿍넣은김치찌개,광주,광산구,신선도,1,0,0,신선도 호평 다수 (1건)
431199,열평집밥김치찌개 쌍암점,광주,광산구,맛,1,0,0,맛 호평 다수 (1건)
431200,열평집밥김치찌개 월산점,광주,남구,양,1,0,0,양 호평 다수 (1건)
431200,열평집밥김치찌개 월산점,광주,남구,분위기,1,0,0,분위기 호평 다수 (1건)
431194,열평집밥김치찌개,광주,서구,맛,1,0,0,맛 호평 다수 (1건)
431194,열평집밥김치찌개,광주,서구,신선도,1,0,0,신선도 호평 다수 (1건)
56927,열화숯불갈비,전남,해남군,신선도,1,0,0,신선도 호평 다수 (1건)
99255,염창식당,전남,광양시,신선도,1,0,0,신선도 호평 다수 (1건)
519658|895769,영광버섯매운탕,전남,영광군,맛,1,0,0,맛 호평 다수 (1건)
519658|895769,영광버섯매운탕,전남,영광군,양,1,0,0,양 호평 다수 (1건)
431228,영광통닭,광주,서구,맛,1,0,0,맛 호평 다수 (1건)
190928,영도씨,광주,광산구,신선도,1,0,0,신선도 호평 다수 (1건)
190928,영도씨,광주,광산구,서비스_친절도,1,0,0,서비스_친절도 호평 다수 (1건)
56929,영란회집,전남,목포시,맛,1,0,0,맛 호평 다수 (1건)
56929,영란회집,전남,목포시,신선도,1,0,0,신선도 호평 다수 (1건)
424624|431241,영명국밥,광주,광산구,신선도,1,0,0,신선도 호평 다수 (1건)
99312,영미네 당근김밥,전남,광양시,신선도,1,0,0,신선도 호평 다수 (1건)
99312,영미네 당근김밥,전남,광양시,맛,1,0,0,맛 호평 다수 (1건)
99312,영미네 당근김밥,전남,광양시,신선도,1,0,0,신선도 호평 다수 (1건)
431244,영미소주방,광주,남구,맛,1,0,0,맛 호평 다수 (1건)
431246,영미오리탕 광주상무점,광주,서구,서비스_친절도,1,0,0,서비스_친절도 호평 다수 (1건)
431246,영미오리탕 광주상무점,광주,서구,분위기,1,0,0,분위기 호평 다수 (1건)
190941,영빈식당,광주,동구,맛,1,0,0,맛 호평 다수 (1건)
519133|895398,영산강오리탕 남악점,전남,무안군,맛,1,0,0,맛 호평 다수 (1건)
519133|895398,영산강오리탕 남악점,전남,무안군,신선도,1,0,0,신선도 호평 다수 (1건)
56930,영성횟집,전남,고흥군,맛,0,1,0,맛 언급 (1건)
56930,영성횟집,전남,고흥군,분위기,0,1,0,분위기 언급 (1건)
99328,영숙이네,전남,해남군,신선도,1,0,0,신선도 호평 다수 (1건)
99328,영숙이네,전남,해남군,서비스_친절도,1,0,0,서비스_친절도 호평 다수 (1건)
5a4202b174f2,영숙이네소주방,전남,화순군,신선도,1,0,0,신선도 호평 다수 (1건)
431262,영식이한우암소곱창,광주,남구,신선도,1,0,0,신선도 호평 다수 (1건)
e0f1e9581656,영신식육식당,전남,목포시,맛,1,0,0,맛 호평 다수 (1건)
e0f1e9581656,영신식육식당,전남,목포시,신선도,1,0,0,신선도 호평 다수 (1건)
431263,영신아구찜곱창구이전골,광주,북구,맛,1,0,0,맛 호평 다수 (1건)
431263,영신아구찜곱창구이전골,광주,북구,신선도,1,0,0,신선도 호평 다수 (1건)
431266,영심이솥뚜껑삼겹살,광주,광산구,맛,1,0,0,맛 호평 다수 (1건)
431266,영심이솥뚜껑삼겹살,광주,광산구,신선도,1,0,0,신선도 호평 다수 (1건)
55167,영안반점,광주,동구,위생_청결,1,0,0,위생_청결 호평 다수 (1건)
55167,영안반점,광주,동구,서비스_친절도,1,0,0,서비스_친절도 호평 다수 (1건)
431270,영암농협기찬메밀전문점 수완점,광주,광산구,신선도,1,0,0,신선도 호평 다수 (1건)
431272,영암매력한우수완점,광주,광산구,신선도,1,0,0,신선도 호평 다수 (1건)
431273,영암매실한우직판장,광주,북구,신선도,1,0,0,신선도 호평 다수 (1건)
520002,영암축협한우프라자,전남,영암군,접근성_웨이팅,1,0,0,접근성_웨이팅 호평 다수 (1건)
431277,영암통닭,광주,남구,맛,1,0,0,맛 호평 다수 (1건)
431285,영양족발,광주,서구,재방문의사,1,0,0,재방문의사 호평 다수 (1건)
431284,영양족발보쌈,광주,북구,맛,1,0,0,맛 호평 다수 (1건)
431287,영양통닭,광주,남구,맛,1,0,0,맛 호평 다수 (1건)
430802,영엉터리국밥,광주,서구,신선도,1,0,0,신선도 호평 다수 (1건)
431293,영이식당,광주,광산구,맛,1,0,0,맛 호평 다수 (1건)
431293,영이식당,광주,광산구,서비스_친절도,1,0,0,서비스_친절도 호평 다수 (1건)
431293,영이식당,광주,광산구,분위기,1,0,0,분위기 호평 다수 (1건)
431296,영일오리탕,광주,북구,신선도,1,0,0,신선도 호평 다수 (1건)
431296,영일오리탕,광주,북구,접근성_웨이팅,1,0,0,접근성_웨이팅 호평 다수 (1건)
429649,영풍국밥,광주,북구,맛,1,0,0,맛 호평 다수 (1건)
429649,영풍국밥,광주,북구,접근성_웨이팅,1,0,0,접근성_웨이팅 호평 다수 (1건)
518883|895206,영화루,전남,담양군,맛,0,1,0,맛 언급 (1건)
518883|895206,영화루,전남,담양군,서비스_친절도,0,1,0,서비스_친절도 언급 (1건)
c9d77c7badb2,영화식당,전남,여수시,맛,1,0,0,맛 호평 다수 (1건)
c9d77c7badb2,영화식당,전남,여수시,신선도,1,0,0,신선도 호평 다수 (1건)
c9d77c7badb2,영화식당,전남,여수시,접근성_웨이팅,1,0,0,접근성_웨이팅 호평 다수 (1건)
431312,영희네밥집,광주,북구,신선도,1,0,0,신선도 호평 다수 (1건)
520235,예가돈까스완도점,전남,완도군,맛,1,0,0,맛 호평 다수 (1건)
520235,예가돈까스완도점,전남,완도군,신선도,1,0,0,신선도 호평 다수 (1건)
520235,예가돈까스완도점,전남,완도군,분위기,1,0,0,분위기 호평 다수 (1건)
431318,예그리나식당,광주,남구,맛,1,0,0,맛 호평 다수 (1건)
431320|880132,예단,광주,남구,신선도,1,0,0,신선도 호평 다수 (1건)
431320|880132,예단,광주,남구,서비스_친절도,1,0,0,서비스_친절도 호평 다수 (1건)
539407,예담614,전남,고흥군,맛,1,0,0,맛 호평 다수 (1건)
539407,예담614,전남,고흥군,위생_청결,1,0,0,위생_청결 호평 다수 (1건)
539407,예담614,전남,고흥군,서비스_친절도,1,0,0,서비스_친절도 호평 다수 (1건)
539407,예담614,전남,고흥군,분위기,1,0,0,분위기 호평 다수 (1건)
518384,예담골목식당,전남,곡성군,맛,1,0,0,맛 호평 다수 (1건)
518384,예담골목식당,전남,곡성군,신선도,1,0,0,신선도 호평 다수 (1건)
518384,예담골목식당,전남,곡성군,접근성_웨이팅,1,0,0,접근성_웨이팅 호평 다수 (1건)
519389|895592,예당한우명가,전남,보성군,접근성_웨이팅,1,0,0,접근성_웨이팅 호평 다수 (1건)
431325,예상하이양꼬치,광주,광산구,서비스_친절도,1,0,0,서비스_친절도 호평 다수 (1건)
431333,예스김밥 첨단점,광주,광산구,신선도,1,0,0,신선도 호평 다수 (1건)
431333,예스김밥 첨단점,광주,광산구,서비스_친절도,1,0,0,서비스_친절도 호평 다수 (1건)
431333,예스김밥 첨단점,광주,광산구,접근성_웨이팅,1,0,0,접근성_웨이팅 호평 다수 (1건)
520192,예스닭강정 완도점,전남,완도군,맛,1,0,0,맛 호평 다수 (1건)
431335,예원식당,광주,남구,신선도,1,0,0,신선도 호평 다수 (1건)
518546,예원카츠,전남,구례군,맛,1,0,0,맛 호평 다수 (1건)
518546,예원카츠,전남,구례군,분위기,1,0,0,분위기 호평 다수 (1건)
431338,예주네김밥,광주,광산구,맛,1,0,0,맛 호평 다수 (1건)
431338,예주네김밥,광주,광산구,신선도,1,0,0,신선도 호평 다수 (1건)
431340,예촌식당,광주,광산구,맛,1,0,0,맛 호평 다수 (1건)
431341,예행님왕족발,광주,동구,분위기,1,0,0,분위기 호평 다수 (1건)
517730,예향,전남,강진군,맛,1,0,0,맛 호평 다수 (1건)
517730,예향,전남,강진군,접근성_웨이팅,1,0,0,접근성_웨이팅 호평 다수 (1건)
191032|431342,예향,광주,북구,접근성_웨이팅,1,0,0,접근성_웨이팅 호평 다수 (1건)
431343,예향계절한정식,광주,서구,양,1,0,0,양 호평 다수 (1건)
191033,예향계절한정식,광주,서구,맛,1,0,0,맛 호평 다수 (1건)
191033,예향계절한정식,광주,서구,양,1,0,0,양 호평 다수 (1건)
191034,예향꽃게장백반,광주,광산구,맛,1,0,0,맛 호평 다수 (1건)
191034,예향꽃게장백반,광주,광산구,신선도,1,0,0,신선도 호평 다수 (1건)
431345,예향맛집,광주,서구,맛,1,0,0,맛 호평 다수 (1건)
519611|895738,예향숯불갈비,전남,신안군,신선도,1,0,0,신선도 호평 다수 (1건)
431349,예향식당,전남,나주시,신선도,1,0,0,신선도 호평 다수 (1건)
431349,예향식당,전남,나주시,접근성_웨이팅,1,0,0,접근성_웨이팅 호평 다수 (1건)
d6df33c3f83e,예향정 광양중마점,전남,광양시,신선도,1,0,0,신선도 호평 다수 (1건)
d6df33c3f83e,예향정 광양중마점,전남,광양시,가격,1,0,0,가격 호평 다수 (1건)
191041,예향정 광주계림점,광주,동구,신선도,1,0,0,신선도 호평 다수 (1건)
431350,예향정 광주수완점,광주,광산구,서비스_친절도,1,0,0,서비스_친절도 호평 다수 (1건)
431350,예향정 광주수완점,광주,광산구,분위기,1,0,0,분위기 호평 다수 (1건)
431353,예향정 첨단점,광주,광산구,맛,1,0,0,맛 호평 다수 (1건)
431353,예향정 첨단점,광주,광산구,분위기,1,0,0,분위기 호평 다수 (1건)
a17ee3ef3dc6,예향정 하당점,전남,목포시,분위기,1,0,0,분위기 호평 다수 (1건)
191045,예향촌,광주,서구,분위기,1,0,0,분위기 호평 다수 (1건)
56932|880516,예향회정식목포보리굴비 평화광장점,전남,목포시,맛,1,0,0,맛 호평 다수 (1건)
56932|880516,예향회정식목포보리굴비 평화광장점,전남,목포시,신선도,1,0,0,신선도 호평 다수 (1건)
521653,옐로우박스,전남,장성군,분위기,1,0,0,분위기 호평 다수 (1건)
521653,옐로우박스,전남,장성군,접근성_웨이팅,1,0,0,접근성_웨이팅 호평 다수 (1건)
517653,옐로우치치,전남,여수시,맛,1,0,0,맛 호평 다수 (1건)
517653,옐로우치치,전남,여수시,신선도,1,0,0,신선도 호평 다수 (1건)
517653,옐로우치치,전남,여수시,양,1,0,0,양 호평 다수 (1건)
517653,옐로우치치,전남,여수시,분위기,1,0,0,분위기 호평 다수 (1건)
516048|961974,옐로우팜 광주수완점,광주,광산구,맛,1,0,0,맛 호평 다수 (1건)
516048|961974,옐로우팜 광주수완점,광주,광산구,신선도,1,0,0,신선도 호평 다수 (1건)
516048|961974,옐로우팜 광주수완점,광주,광산구,분위기,1,0,0,분위기 호평 다수 (1건)
519102|895372,옛날 아우내 순대,전남,무안군,맛,1,0,0,맛 호평 다수 (1건)
519102|895372,옛날 아우내 순대,전남,무안군,신선도,1,0,0,신선도 호평 다수 (1건)
430534,옛날 양동통닭,광주,북구,맛,1,0,0,맛 호평 다수 (1건)
431365,옛날거그,광주,북구,맛,0,1,0,맛 언급 (1건)
431365,옛날거그,광주,북구,신선도,0,1,0,신선도 언급 (1건)
af79831405d1,옛날곱창,전남,광양시,신선도,1,0,0,신선도 호평 다수 (1건)
431366,옛날국밥,광주,북구,맛,1,0,0,맛 호평 다수 (1건)
191080,옛날국밥,광주,남구,맛,1,0,0,맛 호평 다수 (1건)
191080,옛날국밥,광주,남구,신선도,1,0,0,신선도 호평 다수 (1건)
431367,옛날국밥집,광주,북구,맛,1,0,0,맛 호평 다수 (1건)
431367,옛날국밥집,광주,북구,신선도,1,0,0,신선도 호평 다수 (1건)
431367,옛날국밥집,광주,북구,양,1,0,0,양 호평 다수 (1건)
420847,옛날꼬꼬통닭,광주,북구,접근성_웨이팅,1,0,0,접근성_웨이팅 호평 다수 (1건)
532794,옛날담양국수,전남,담양군,맛,1,0,0,맛 호평 다수 (1건)
191059,옛날돼지갈비,광주,광산구,신선도,1,0,0,신선도 호평 다수 (1건)
191059,옛날돼지갈비,광주,광산구,분위기,1,0,0,분위기 호평 다수 (1건)
431371,옛날석쇠구이,광주,광산구,맛,1,0,0,맛 호평 다수 (1건)
431377,옛날스넥,광주,북구,신선도,1,0,0,신선도 호평 다수 (1건)
431377,옛날스넥,광주,북구,분위기,1,0,0,분위기 호평 다수 (1건)
431378,옛날시골국밥,광주,서구,맛,1,0,0,맛 호평 다수 (1건)
519552,옛날시골통닭 자은점,전남,신안군,맛,1,0,0,맛 호평 다수 (1건)
517970,옛날시골통닭,전남,강진군,분위기,1,0,0,분위기 호평 다수 (1건)
431381,옛날아우내순대 동천점,광주,서구,신선도,1,0,0,신선도 호평 다수 (1건)
431382,옛날아우내순대 문흥점,광주,북구,맛,1,0,0,맛 호평 다수 (1건)
431382,옛날아우내순대 문흥점,광주,북구,신선도,1,0,0,신선도 호평 다수 (1건)
431385|880134,옛날옛집,광주,서구,맛,1,0,0,맛 호평 다수 (1건)
431385|880134,옛날옛집,광주,서구,분위기,1,0,0,분위기 호평 다수 (1건)
431392,옛날쟁반짜장,광주,북구,맛,1,0,0,맛 호평 다수 (1건)
431391,옛날짜장,전남,목포시,맛,1,0,0,맛 호평 다수 (1건)
431391,옛날짜장,전남,목포시,분위기,1,0,0,분위기 호평 다수 (1건)
522272|896327,옛날추어탕,전남,진도군,맛,1,0,0,맛 호평 다수 (1건)
522272|896327,옛날추어탕,전남,진도군,신선도,1,0,0,신선도 호평 다수 (1건)
431396,옛날토종국밥,광주,동구,맛,1,0,0,맛 호평 다수 (1건)
431396,옛날토종국밥,광주,동구,접근성_웨이팅,1,0,0,접근성_웨이팅 호평 다수 (1건)
518202,옛날통닭 고흥점,전남,고흥군,신선도,1,0,0,신선도 호평 다수 (1건)
424416,옛날통닭 만남의광장,광주,동구,맛,1,0,0,맛 호평 다수 (1건)
522689|896569,옛날팥죽집,전남,해남군,맛,1,0,0,맛 호평 다수 (1건)
431400,옛날할매순대,광주,북구,신선도,1,0,0,신선도 호평 다수 (1건)
431400,옛날할매순대,광주,북구,분위기,1,0,0,분위기 호평 다수 (1건)
431401,옛맛동대문막창,광주,광산구,맛,1,0,0,맛 호평 다수 (1건)
431401,옛맛동대문막창,광주,광산구,신선도,1,0,0,신선도 호평 다수 (1건)
431404,옛시골추어탕,광주,광산구,맛,1,0,0,맛 호평 다수 (1건)
431404,옛시골추어탕,광주,광산구,신선도,1,0,0,신선도 호평 다수 (1건)
520001,옛터가든,전남,영암군,신선도,1,0,0,신선도 호평 다수 (1건)
431419,오가네한우식육식당,광주,서구,신선도,1,0,0,신선도 호평 다수 (1건)
438002,오가다,광주,광산구,맛,1,0,0,맛 호평 다수 (1건)
438002,오가다,광주,광산구,분위기,1,0,0,분위기 호평 다수 (1건)
539490,오가다곡성극장점,전남,곡성군,맛,1,0,0,맛 호평 다수 (1건)
6eba978c8124,오가담,전남,무안군,신선도,1,0,0,신선도 호평 다수 (1건)
6eba978c8124,오가담,전남,무안군,분위기,1,0,0,분위기 호평 다수 (1건)
519300|895527,오감만족&숯불생선구이,전남,보성군,맛,1,0,0,맛 호평 다수 (1건)
519300|895527,오감만족&숯불생선구이,전남,보성군,접근성_웨이팅,1,0,0,접근성_웨이팅 호평 다수 (1건)
431427,오고가고삼삼삼 2호점,광주,북구,신선도,1,0,0,신선도 호평 다수 (1건)
431428,오공이네,광주,광산구,맛,1,0,0,맛 호평 다수 (1건)
431428,오공이네,광주,광산구,신선도,1,0,0,신선도 호평 다수 (1건)
431428,오공이네,광주,광산구,서비스_친절도,1,0,0,서비스_친절도 호평 다수 (1건)
431433,오꼬꼬,광주,남구,맛,1,0,0,맛 호평 다수 (1건)
431433,오꼬꼬,광주,남구,신선도,1,0,0,신선도 호평 다수 (1건)
431434,오꼬다꼬 본점,광주,동구,접근성_웨이팅,1,0,0,접근성_웨이팅 호평 다수 (1건)
431436,오꼬마루 오치점,광주,북구,분위기,1,0,0,분위기 호평 다수 (1건)
431680,오꾸닭 운남점,광주,광산구,맛,1,0,0,맛 호평 다수 (1건)
431679,오꾸닭 호남대점,광주,광산구,맛,1,0,0,맛 호평 다수 (1건)
191132,오네스타,광주,광산구,맛,1,0,0,맛 호평 다수 (1건)
191132,오네스타,광주,광산구,신선도,1,0,0,신선도 호평 다수 (1건)
431440|433461|880136,오노프,광주,동구,맛,1,0,0,맛 호평 다수 (1건)
431440|433461|880136,오노프,광주,동구,분위기,1,0,0,분위기 호평 다수 (1건)
516365,오느래,광주,서구,맛,1,0,0,맛 호평 다수 (1건)
516365,오느래,광주,서구,신선도,1,0,0,신선도 호평 다수 (1건)
516365,오느래,광주,서구,분위기,1,0,0,분위기 호평 다수 (1건)
431448,오늘 여기,광주,광산구,맛,1,0,0,맛 호평 다수 (1건)
431448,오늘 여기,광주,광산구,분위기,1,0,0,분위기 호평 다수 (1건)
431449,"오늘, 한끼",광주,광산구,신선도,1,0,0,신선도 호평 다수 (1건)
435753,"오늘,한상",광주,북구,맛,1,0,0,맛 호평 다수 (1건)
278503|879702,오늘도 감자탕,광주,남구,맛,1,0,0,맛 호평 다수 (1건)
278503|879702,오늘도 감자탕,광주,남구,양,1,0,0,양 호평 다수 (1건)
519803,오늘도 진수성찬,전남,영광군,맛,1,0,0,맛 호평 다수 (1건)
519803,오늘도 진수성찬,전남,영광군,접근성_웨이팅,1,0,0,접근성_웨이팅 호평 다수 (1건)
431457,오늘도165,광주,북구,맛,1,0,0,맛 호평 다수 (1건)
431457,오늘도165,광주,북구,접근성_웨이팅,1,0,0,접근성_웨이팅 호평 다수 (1건)
431455,오늘도,광주,서구,맛,1,0,0,맛 호평 다수 (1건)
520092,오늘도김밥,전남,영암군,맛,1,0,0,맛 호평 다수 (1건)
520092,오늘도김밥,전남,영암군,신선도,1,0,0,신선도 호평 다수 (1건)
431461,오늘도삼겹살,광주,광산구,신선도,1,0,0,신선도 호평 다수 (1건)
431462,오늘도제주왕돈까스,광주,남구,맛,1,0,0,맛 호평 다수 (1건)
431462,오늘도제주왕돈까스,광주,남구,신선도,1,0,0,신선도 호평 다수 (1건)
191151,오늘도쿡밥 운암본점,광주,북구,맛,1,0,0,맛 호평 다수 (1건)
431465,오늘도피자,광주,북구,맛,1,0,0,맛 호평 다수 (1건)
431467,오늘떡본김애,광주,북구,신선도,1,0,0,신선도 호평 다수 (1건)
431468,오늘또닭,광주,남구,맛,1,0,0,맛 호평 다수 (1건)
522695|896573,오늘밤,전남,해남군,맛,1,0,0,맛 호평 다수 (1건)
522695|896573,오늘밤,전남,해남군,분위기,1,0,0,분위기 호평 다수 (1건)
515853|961810,오늘부터 다이어트,광주,동구,맛,1,0,0,맛 호평 다수 (1건)
431476,오늘오후,광주,서구,맛,1,0,0,맛 호평 다수 (1건)
431476,오늘오후,광주,서구,분위기,1,0,0,분위기 호평 다수 (1건)
431481|434958,오늘은 카레 북구점,광주,북구,신선도,1,0,0,신선도 호평 다수 (1건)
522261|896322,오늘은강정이닭,전남,진도군,맛,1,0,0,맛 호평 다수 (1건)
431484,오늘은국밥,광주,광산구,맛,1,0,0,맛 호평 다수 (1건)
431484,오늘은국밥,광주,광산구,양,1,0,0,양 호평 다수 (1건)
431485,오늘은김밥,광주,서구,맛,1,0,0,맛 호평 다수 (1건)
431485,오늘은김밥,광주,서구,신선도,1,0,0,신선도 호평 다수 (1건)
515775|961740,오늘은샌드위치,광주,남구,신선도,1,0,0,신선도 호평 다수 (1건)
515775|961740,오늘은샌드위치,광주,남구,접근성_웨이팅,1,0,0,접근성_웨이팅 호평 다수 (1건)
191186,오늘은짜장면,광주,서구,신선도,1,0,0,신선도 호평 다수 (1건)
191186,오늘은짜장면,광주,서구,분위기,1,0,0,분위기 호평 다수 (1건)
431494,오늘은찜&탕,광주,동구,맛,1,0,0,맛 호평 다수 (1건)
431494,오늘은찜&탕,광주,동구,신선도,1,0,0,신선도 호평 다수 (1건)
191190,오늘의레시피,광주,광산구,맛,1,0,0,맛 호평 다수 (1건)
431502,오늘잡은통닭 본점,광주,서구,맛,1,0,0,맛 호평 다수 (1건)
431502,오늘잡은통닭 본점,광주,서구,신선도,1,0,0,신선도 호평 다수 (1건)
431501,오늘잡은통닭,광주,광산구,맛,1,0,0,맛 호평 다수 (1건)
431501,오늘잡은통닭,광주,광산구,신선도,1,0,0,신선도 호평 다수 (1건)
439990,오늘참치 문흥점,광주,북구,맛,1,0,0,맛 호평 다수 (1건)
518115,오늘처럼,전남,고흥군,맛,1,0,0,맛 호평 다수 (1건)
518115,오늘처럼,전남,고흥군,신선도,1,0,0,신선도 호평 다수 (1건)
431509,오늘하루가,광주,북구,맛,1,0,0,맛 호평 다수 (1건)
431512,오늘한잔,광주,광산구,서비스_친절도,1,0,0,서비스_친절도 호평 다수 (1건)
431512,오늘한잔,광주,광산구,분위기,1,0,0,분위기 호평 다수 (1건)
431515,오니상,광주,남구,맛,1,0,0,맛 호평 다수 (1건)
431515,오니상,광주,남구,분위기,1,0,0,분위기 호평 다수 (1건)
191210,오니유,광주,광산구,분위기,1,0,0,분위기 호평 다수 (1건)
431408,오닭꼬치 광주금호점,광주,서구,신선도,0,1,0,신선도 언급 (1건)
431408,오닭꼬치 광주금호점,광주,서구,가격,0,1,0,가격 언급 (1건)
519904,오닭꼬치 영암삼호점,전남,영암군,맛,1,0,0,맛 호평 다수 (1건)
519904,오닭꼬치 영암삼호점,전남,영암군,신선도,1,0,0,신선도 호평 다수 (1건)
518515,오닭꼬치 전남구례점,전남,구례군,맛,1,0,0,맛 호평 다수 (1건)
518515,오닭꼬치 전남구례점,전남,구례군,신선도,1,0,0,신선도 호평 다수 (1건)
56934|836262,오대감,전남,순천시,맛,1,0,0,맛 호평 다수 (1건)
431521,오대양,광주,동구,신선도,1,0,0,신선도 호평 다수 (1건)
431521,오대양,광주,동구,서비스_친절도,1,0,0,서비스_친절도 호평 다수 (1건)
517436,오대옥천냉면,전남,순천시,맛,1,0,0,맛 호평 다수 (1건)
518920,오뎅바모락,전남,무안군,신선도,1,0,0,신선도 호평 다수 (1건)
518920,오뎅바모락,전남,무안군,위생_청결,1,0,0,위생_청결 호평 다수 (1건)
507766,오뎅빠,광주,광산구,맛,1,0,0,맛 호평 다수 (1건)
507766,오뎅빠,광주,광산구,신선도,1,0,0,신선도 호평 다수 (1건)
516072|961995,오도르,광주,광산구,맛,1,0,0,맛 호평 다수 (1건)
516072|961995,오도르,광주,광산구,신선도,1,0,0,신선도 호평 다수 (1건)
431528,오도시,광주,남구,맛,1,0,0,맛 호평 다수 (1건)
99923,오돈 3호광장,전남,목포시,신선도,0,1,0,신선도 언급 (1건)
431529,오돌뼈365,광주,북구,맛,1,0,0,맛 호평 다수 (1건)
431529,오돌뼈365,광주,북구,분위기,1,0,0,분위기 호평 다수 (1건)
431532,오돌이와갈매기,광주,남구,양,1,0,0,양 호평 다수 (1건)
431532,오돌이와갈매기,광주,남구,서비스_친절도,1,0,0,서비스_친절도 호평 다수 (1건)
431533,오돌장군꼼장군,광주,서구,분위기,1,0,0,분위기 호평 다수 (1건)
517546,오동,전남,여수시,서비스_친절도,1,0,0,서비스_친절도 호평 다수 (1건)
431535,오동도,광주,광산구,신선도,1,0,0,신선도 호평 다수 (1건)
428723|431537|880053,오동도식당,광주,동구,신선도,1,0,0,신선도 호평 다수 (1건)
431536,오동도아귀찜,광주,서구,맛,1,0,0,맛 호평 다수 (1건)
517511,오동동김밥,전남,여수시,신선도,1,0,0,신선도 호평 다수 (1건)
517511,오동동김밥,전남,여수시,분위기,1,0,0,분위기 호평 다수 (1건)
516240|962119,오드블랙,광주,동구,분위기,1,0,0,분위기 호평 다수 (1건)
431540,오디션,광주,서구,맛,1,0,0,맛 호평 다수 (1건)
431540,오디션,광주,서구,신선도,1,0,0,신선도 호평 다수 (1건)
191238,오라고,광주,서구,분위기,1,0,0,분위기 호평 다수 (1건)
431547,오라봉국수,광주,북구,가격,1,0,0,가격 호평 다수 (1건)
431548,오라봉식당,광주,서구,신선도,1,0,0,신선도 호평 다수 (1건)
cd6a873d7ba7,오렌지돈까스,전남,나주시,맛,1,0,0,맛 호평 다수 (1건)
cd6a873d7ba7,오렌지돈까스,전남,나주시,신선도,1,0,0,신선도 호평 다수 (1건)
9dcef2bb32fe,오렌지막창 광양본점,전남,광양시,맛,1,0,0,맛 호평 다수 (1건)
9dcef2bb32fe,오렌지막창 광양본점,전남,광양시,신선도,1,0,0,신선도 호평 다수 (1건)
431555,오렌지블루스 광주첨단점,광주,광산구,맛,1,0,0,맛 호평 다수 (1건)
431555,오렌지블루스 광주첨단점,광주,광산구,분위기,1,0,0,분위기 호평 다수 (1건)
431561,오로라양식,광주,동구,맛,1,0,0,맛 호평 다수 (1건)
431561,오로라양식,광주,동구,접근성_웨이팅,1,0,0,접근성_웨이팅 호평 다수 (1건)
431568,오로지대패삼겹살,광주,남구,신선도,1,0,0,신선도 호평 다수 (1건)
431569|880140,오로지돼지,광주,서구,맛,1,0,0,맛 호평 다수 (1건)
431570,오로지백반만,광주,남구,맛,1,0,0,맛 호평 다수 (1건)
431570,오로지백반만,광주,남구,신선도,1,0,0,신선도 호평 다수 (1건)
431573,오로지아구찜,광주,북구,맛,1,0,0,맛 호평 다수 (1건)
431573,오로지아구찜,광주,북구,신선도,1,0,0,신선도 호평 다수 (1건)
431573,오로지아구찜,광주,북구,재방문의사,1,0,0,재방문의사 호평 다수 (1건)
431576,오로지연어랑,광주,북구,맛,1,0,0,맛 호평 다수 (1건)
431576,오로지연어랑,광주,북구,신선도,1,0,0,신선도 호평 다수 (1건)
431586,오롯이 수제도시락,광주,북구,신선도,1,0,0,신선도 호평 다수 (1건)
518999,오룡아구찜,전남,무안군,신선도,1,0,0,신선도 호평 다수 (1건)
431589,오륙도바다,광주,동구,신선도,1,0,0,신선도 호평 다수 (1건)
519598,오르비에토,전남,신안군,맛,1,0,0,맛 호평 다수 (1건)
191284,오르새피자 주월점,광주,남구,신선도,1,0,0,신선도 호평 다수 (1건)
191284,오르새피자 주월점,광주,남구,분위기,1,0,0,분위기 호평 다수 (1건)
431598,오리궁뎅이 양산점,광주,북구,접근성_웨이팅,1,0,0,접근성_웨이팅 호평 다수 (1건)
431599,오리궁뎅이 첨단점,광주,광산구,신선도,1,0,0,신선도 호평 다수 (1건)
431599,오리궁뎅이 첨단점,광주,광산구,위생_청결,1,0,0,위생_청결 호평 다수 (1건)
431596,오리궁뎅이 하남점,광주,광산구,맛,1,0,0,맛 호평 다수 (1건)
431596,오리궁뎅이 하남점,광주,광산구,신선도,1,0,0,신선도 호평 다수 (1건)
431600,오리나라만세,광주,북구,신선도,1,0,0,신선도 호평 다수 (1건)
431601,오리나무,광주,광산구,맛,1,0,0,맛 호평 다수 (1건)
431601,오리나무,광주,광산구,신선도,1,0,0,신선도 호평 다수 (1건)
431602,오리나묵제&그러세,광주,남구,신선도,1,0,0,신선도 호평 다수 (1건)
518132,오리랑오리고흥점,전남,고흥군,맛,1,0,0,맛 호평 다수 (1건)
518132,오리랑오리고흥점,전남,고흥군,신선도,1,0,0,신선도 호평 다수 (1건)
56935,오리마당,전남,순천시,맛,1,0,0,맛 호평 다수 (1건)
431612,오리야오리,광주,북구,맛,1,0,0,맛 호평 다수 (1건)
431612,오리야오리,광주,북구,신선도,1,0,0,신선도 호평 다수 (1건)
431614,오리엔탈게이트,광주,북구,분위기,1,0,0,분위기 호평 다수 (1건)
4bffd45096bf,오리진,전남,목포시,서비스_친절도,1,0,0,서비스_친절도 호평 다수 (1건)
522953|896753,오리하고닭하고,전남,화순군,맛,1,0,0,맛 호평 다수 (1건)
522953|896753,오리하고닭하고,전남,화순군,신선도,1,0,0,신선도 호평 다수 (1건)
431621|880142,오마니덕,광주,서구,맛,1,0,0,맛 호평 다수 (1건)
431621|880142,오마니덕,광주,서구,서비스_친절도,1,0,0,서비스_친절도 호평 다수 (1건)
431621|880142,오마니덕,광주,서구,접근성_웨이팅,1,0,0,접근성_웨이팅 호평 다수 (1건)
431622,오마이삼겹,광주,광산구,가격,1,0,0,가격 호평 다수 (1건)
431624,오막갈매기,광주,광산구,맛,1,0,0,맛 호평 다수 (1건)
431624,오막갈매기,광주,광산구,신선도,1,0,0,신선도 호평 다수 (1건)
431624,오막갈매기,광주,광산구,분위기,1,0,0,분위기 호평 다수 (1건)
431626,오맛나상추튀김,광주,북구,맛,1,0,0,맛 호평 다수 (1건)
431626,오맛나상추튀김,광주,북구,신선도,1,0,0,신선도 호평 다수 (1건)
191320,오망구,광주,서구,신선도,1,0,0,신선도 호평 다수 (1건)
431629,오매인자오셨소,광주,서구,맛,1,0,0,맛 호평 다수 (1건)
431629,오매인자오셨소,광주,서구,신선도,1,0,0,신선도 호평 다수 (1건)
431630,오메야가마솥육개장,광주,북구,신선도,1,0,0,신선도 호평 다수 (1건)
431632,오며가며,광주,광산구,신선도,1,0,0,신선도 호평 다수 (1건)
516427,오모트,광주,서구,분위기,1,0,0,분위기 호평 다수 (1건)
523736|836315,오몬떼,전남,순천시,맛,1,0,0,맛 호평 다수 (1건)
523736|836315,오몬떼,전남,순천시,분위기,1,0,0,분위기 호평 다수 (1건)
518616,오몽글,전남,구례군,분위기,1,0,0,분위기 호평 다수 (1건)
431637,오미가 나주곰탕,광주,광산구,접근성_웨이팅,1,0,0,접근성_웨이팅 호평 다수 (1건)
431638,오미뚝배기,광주,동구,맛,1,0,0,맛 호평 다수 (1건)
431638,오미뚝배기,광주,동구,접근성_웨이팅,1,0,0,접근성_웨이팅 호평 다수 (1건)
431639,오미미,광주,서구,분위기,1,0,0,분위기 호평 다수 (1건)
431639,오미미,광주,서구,접근성_웨이팅,1,0,0,접근성_웨이팅 호평 다수 (1건)
431641,오반식당,광주,서구,맛,1,0,0,맛 호평 다수 (1건)
431641,오반식당,광주,서구,접근성_웨이팅,1,0,0,접근성_웨이팅 호평 다수 (1건)
431644,오버랩,광주,광산구,접근성_웨이팅,1,0,0,접근성_웨이팅 호평 다수 (1건)
6165c3c57134,오버릿,광주,서구,맛,1,0,0,맛 호평 다수 (1건)
6165c3c57134,오버릿,광주,서구,분위기,1,0,0,분위기 호평 다수 (1건)
431652,오복대구탕,광주,광산구,맛,1,0,0,맛 호평 다수 (1건)
431652,오복대구탕,광주,광산구,신선도,1,0,0,신선도 호평 다수 (1건)
431654,오복미역 수완점,광주,광산구,맛,1,0,0,맛 호평 다수 (1건)
431654,오복미역 수완점,광주,광산구,신선도,1,0,0,신선도 호평 다수 (1건)
519842|895814,오복반점,전남,영광군,맛,1,0,0,맛 호평 다수 (1건)
431656,오복정 광주본점,광주,남구,맛,1,0,0,맛 호평 다수 (1건)
431656,오복정 광주본점,광주,남구,신선도,1,0,0,신선도 호평 다수 (1건)
431656,오복정 광주본점,광주,남구,분위기,1,0,0,분위기 호평 다수 (1건)
520189,오복팥죽,전남,완도군,맛,1,0,0,맛 호평 다수 (1건)
520189,오복팥죽,전남,완도군,신선도,1,0,0,신선도 호평 다수 (1건)
431659,오복황금돼지,광주,광산구,맛,1,0,0,맛 호평 다수 (1건)
431659,오복황금돼지,광주,광산구,신선도,1,0,0,신선도 호평 다수 (1건)
2a7dd761e375,오봉집 광양점,전남,광양시,신선도,1,0,0,신선도 호평 다수 (1건)
2a7dd761e375,오봉집 광양점,전남,광양시,접근성_웨이팅,1,0,0,접근성_웨이팅 호평 다수 (1건)
515812|961773,오브제제,광주,동구,맛,1,0,0,맛 호평 다수 (1건)
515812|961773,오브제제,광주,동구,분위기,1,0,0,분위기 호평 다수 (1건)
431665,오븐마루 광주일곡점,광주,북구,신선도,1,0,0,신선도 호평 다수 (1건)
431669,오븐마루치킨 수완아울렛점,광주,광산구,신선도,1,0,0,신선도 호평 다수 (1건)
431671,오븐마루치킨 수완중흥점,광주,광산구,신선도,1,0,0,신선도 호평 다수 (1건)
191360,오븐마루치킨 수완지구대점,광주,광산구,신선도,1,0,0,신선도 호평 다수 (1건)
518319,오븐마루치킨 옥과점,전남,곡성군,신선도,1,0,0,신선도 호평 다수 (1건)
431664,오븐마루치킨 운암서영대점,광주,북구,신선도,1,0,0,신선도 호평 다수 (1건)
431672,오븐마루치킨 하남3지구점,광주,광산구,신선도,1,0,0,신선도 호평 다수 (1건)
431675,오븐에구운황금닭 산정점,광주,광산구,맛,1,0,0,맛 호평 다수 (1건)
431675,오븐에구운황금닭 산정점,광주,광산구,신선도,1,0,0,신선도 호평 다수 (1건)
431678,오븐에구운황금닭 월계점,광주,광산구,맛,1,0,0,맛 호평 다수 (1건)
431674,오븐에구운황금닭&호프소촌1호점,광주,광산구,신선도,1,0,0,신선도 호평 다수 (1건)
191370|439847,오븐에구운황금닭,광주,광산구,맛,1,0,0,맛 호평 다수 (1건)
191370|439847,오븐에구운황금닭,광주,광산구,신선도,1,0,0,신선도 호평 다수 (1건)
431437,오븐에꾸운닭 용봉점,광주,북구,맛,1,0,0,맛 호평 다수 (1건)
191374,오븐에꾸운닭 풍암점,광주,서구,맛,1,0,0,맛 호평 다수 (1건)
523748,오블리크 오천점,전남,순천시,맛,1,0,0,맛 호평 다수 (1건)
523748,오블리크 오천점,전남,순천시,신선도,1,0,0,신선도 호평 다수 (1건)
431689,오빠네깐풍기 용봉점,광주,북구,맛,1,0,0,맛 호평 다수 (1건)
431689,오빠네깐풍기 용봉점,광주,북구,분위기,1,0,0,분위기 호평 다수 (1건)
431686,오빠오늘우리집BEER,광주,남구,맛,1,0,0,맛 호평 다수 (1건)
431686,오빠오늘우리집BEER,광주,남구,서비스_친절도,1,0,0,서비스_친절도 호평 다수 (1건)
431686,오빠오늘우리집BEER,광주,남구,분위기,1,0,0,분위기 호평 다수 (1건)
431695,오빠통닭 계림점,광주,북구,맛,1,0,0,맛 호평 다수 (1건)
431695,오빠통닭 계림점,광주,북구,분위기,1,0,0,분위기 호평 다수 (1건)
191386,오빠통닭 상무점,광주,서구,맛,1,0,0,맛 호평 다수 (1건)
191386,오빠통닭 상무점,광주,서구,신선도,1,0,0,신선도 호평 다수 (1건)
191387,오빠통닭 첨단점,광주,북구,맛,1,0,0,맛 호평 다수 (1건)
191387,오빠통닭 첨단점,광주,북구,신선도,1,0,0,신선도 호평 다수 (1건)
431692,오빠통닭,광주,광산구,신선도,1,0,0,신선도 호평 다수 (1건)
431699,오산조은참치 운남월곡점,광주,광산구,맛,1,0,0,맛 호평 다수 (1건)
f94170343480,오산조은참치 전남완도점,전남,완도군,신선도,1,0,0,신선도 호평 다수 (1건)
f94170343480,오산조은참치 전남완도점,전남,완도군,가격,1,0,0,가격 호평 다수 (1건)
431703,오성속풀이,광주,서구,맛,1,0,0,맛 호평 다수 (1건)
431703,오성속풀이,광주,서구,신선도,1,0,0,신선도 호평 다수 (1건)
56936|880517,오성회관,전남,여수시,맛,1,0,0,맛 호평 다수 (1건)
431705|880143,오세아,광주,남구,분위기,1,0,0,분위기 호평 다수 (1건)
431706,오세키 광주첨단점,광주,광산구,맛,1,0,0,맛 호평 다수 (1건)
431706,오세키 광주첨단점,광주,광산구,분위기,1,0,0,분위기 호평 다수 (1건)
431706,오세키 광주첨단점,광주,광산구,접근성_웨이팅,1,0,0,접근성_웨이팅 호평 다수 (1건)
431712,오소,광주,북구,맛,1,0,0,맛 호평 다수 (1건)
431712,오소,광주,북구,가격,1,0,0,가격 호평 다수 (1건)
431715,오소루프탑,광주,광산구,분위기,1,0,0,분위기 호평 다수 (1건)
431714,오소상무역점,광주,서구,맛,1,0,0,맛 호평 다수 (1건)
521646|895945,오소유,전남,장성군,맛,1,0,0,맛 호평 다수 (1건)
518222,오슈,전남,고흥군,맛,1,0,0,맛 호평 다수 (1건)
518954,오스카,전남,무안군,맛,1,0,0,맛 호평 다수 (1건)
516010|961943,오스테리아 쌍촌,광주,서구,맛,1,0,0,맛 호평 다수 (1건)
428880,오아시스조개,광주,광산구,맛,1,0,0,맛 호평 다수 (1건)
428880,오아시스조개,광주,광산구,신선도,1,0,0,신선도 호평 다수 (1건)
515723|961697,오아워,광주,남구,맛,1,0,0,맛 호평 다수 (1건)
515723|961697,오아워,광주,남구,신선도,1,0,0,신선도 호평 다수 (1건)
515723|961697,오아워,광주,남구,분위기,1,0,0,분위기 호평 다수 (1건)
431735,오연수왕족발 선운직영점,광주,광산구,서비스_친절도,1,0,0,서비스_친절도 호평 다수 (1건)
431738,오우가,광주,북구,맛,1,0,0,맛 호평 다수 (1건)
431738,오우가,광주,북구,신선도,1,0,0,신선도 호평 다수 (1건)
431744,오월에,광주,북구,맛,1,0,0,맛 호평 다수 (1건)
522747,오월횟집,전남,해남군,맛,1,0,0,맛 호평 다수 (1건)
522747,오월횟집,전남,해남군,서비스_친절도,1,0,0,서비스_친절도 호평 다수 (1건)
522747,오월횟집,전남,해남군,분위기,1,0,0,분위기 호평 다수 (1건)
191443,오이시라멘,광주,북구,맛,1,0,0,맛 호평 다수 (1건)
431751,오일시장통닭,광주,광산구,분위기,1,0,0,분위기 호평 다수 (1건)
431754,오자매,광주,광산구,맛,1,0,0,맛 호평 다수 (1건)
56937|836783|880518,오죽헌한정식,전남,여수시,신선도,1,0,0,신선도 호평 다수 (1건)
56937|836783|880518,오죽헌한정식,전남,여수시,서비스_친절도,1,0,0,서비스_친절도 호평 다수 (1건)
133fc6b5c564,오지드링크샵,광주,서구,맛,1,0,0,맛 호평 다수 (1건)
133fc6b5c564,오지드링크샵,광주,서구,신선도,1,0,0,신선도 호평 다수 (1건)
371552|431759,오징어나라 금호점,광주,서구,맛,1,0,0,맛 호평 다수 (1건)
371552|431759,오징어나라 금호점,광주,서구,신선도,1,0,0,신선도 호평 다수 (1건)
8ab5c10e7e7a,오징어나라,광주,서구,신선도,1,0,0,신선도 호평 다수 (1건)
8ab5c10e7e7a,오징어나라,광주,서구,접근성_웨이팅,1,0,0,접근성_웨이팅 호평 다수 (1건)
431766,오초밥,광주,서구,신선도,1,0,0,신선도 호평 다수 (1건)
191460,오추어탕,광주,광산구,위생_청결,1,0,0,위생_청결 호평 다수 (1건)
191460,오추어탕,광주,광산구,서비스_친절도,1,0,0,서비스_친절도 호평 다수 (1건)
431771,오치동777,광주,북구,맛,1,0,0,맛 호평 다수 (1건)
431771,오치동777,광주,북구,신선도,1,0,0,신선도 호평 다수 (1건)
191102,오치맥,광주,서구,분위기,1,0,0,분위기 호평 다수 (1건)
431774,오치반점,광주,북구,맛,1,0,0,맛 호평 다수 (1건)
431774,오치반점,광주,북구,신선도,1,0,0,신선도 호평 다수 (1건)
431775,오치진미,광주,북구,맛,1,0,0,맛 호평 다수 (1건)
431775,오치진미,광주,북구,신선도,1,0,0,신선도 호평 다수 (1건)
515970|961911,오카츠,광주,서구,맛,1,0,0,맛 호평 다수 (1건)
515970|961911,오카츠,광주,서구,접근성_웨이팅,1,0,0,접근성_웨이팅 호평 다수 (1건)
191479,오케이찹쌀꽈배기,광주,광산구,맛,1,0,0,맛 호평 다수 (1건)
191479,오케이찹쌀꽈배기,광주,광산구,신선도,1,0,0,신선도 호평 다수 (1건)
431789,오퀴진,광주,광산구,신선도,1,0,0,신선도 호평 다수 (1건)
431789,오퀴진,광주,광산구,서비스_친절도,1,0,0,서비스_친절도 호평 다수 (1건)
431792,오크통,광주,광산구,분위기,1,0,0,분위기 호평 다수 (1건)
523247,오클리,전남,광양시,신선도,1,0,0,신선도 호평 다수 (1건)
418796,오키,광주,동구,분위기,1,0,0,분위기 호평 다수 (1건)
418796,오키,광주,동구,접근성_웨이팅,1,0,0,접근성_웨이팅 호평 다수 (1건)
418796,오키,광주,동구,맛,0,1,0,맛 언급 (1건)
418796,오키,광주,동구,서비스_친절도,1,0,0,서비스_친절도 호평 다수 (1건)
518090,오태식해바라기치킨 고흥녹동점,전남,고흥군,신선도,1,0,0,신선도 호평 다수 (1건)
198966|431797|439149,오태식해바라기치킨 양산점,광주,북구,맛,1,0,0,맛 호평 다수 (1건)
198966|431797|439149,오태식해바라기치킨 양산점,광주,북구,가격,1,0,0,가격 호평 다수 (1건)
198966|431797|439149,오태식해바라기치킨 양산점,광주,북구,서비스_친절도,1,0,0,서비스_친절도 호평 다수 (1건)
191491,오태식해바라기치킨 첨단점,광주,북구,가격,1,0,0,가격 호평 다수 (1건)
908f19c29048,오태식해바리기치킨 양산점,광주,북구,맛,1,0,0,맛 호평 다수 (1건)
908f19c29048,오태식해바리기치킨 양산점,광주,북구,가격,1,0,0,가격 호평 다수 (1건)
431799,오튀김,광주,서구,맛,1,0,0,맛 호평 다수 (1건)
191493,오트,광주,광산구,맛,1,0,0,맛 호평 다수 (1건)
517648,오팔공,전남,여수시,분위기,1,0,0,분위기 호평 다수 (1건)
517648,오팔공,전남,여수시,접근성_웨이팅,1,0,0,접근성_웨이팅 호평 다수 (1건)
431801,오페라,광주,광산구,신선도,1,0,0,신선도 호평 다수 (1건)
431801,오페라,광주,광산구,서비스_친절도,1,0,0,서비스_친절도 호평 다수 (1건)
431801,오페라,광주,광산구,분위기,1,0,0,분위기 호평 다수 (1건)
68e29d4cec60,오페라하우스,전남,담양군,신선도,1,0,0,신선도 호평 다수 (1건)
68e29d4cec60,오페라하우스,전남,담양군,분위기,1,0,0,분위기 호평 다수 (1건)
522782,오펜스part2,전남,화순군,맛,1,0,0,맛 호평 다수 (1건)
49669ae3a79b,오프박스,광주,북구,맛,1,0,0,맛 호평 다수 (1건)
49669ae3a79b,오프박스,광주,북구,신선도,1,0,0,신선도 호평 다수 (1건)
523834|836344,오피니언,전남,순천시,분위기,1,0,0,분위기 호평 다수 (1건)
431812,오향당,광주,북구,맛,1,0,0,맛 호평 다수 (1건)
aad4ee808d42,오향왕족발,전남,곡성군,맛,1,0,0,맛 호평 다수 (1건)
518406,옥과백련찜탕,전남,곡성군,맛,1,0,0,맛 호평 다수 (1건)
518406,옥과백련찜탕,전남,곡성군,신선도,1,0,0,신선도 호평 다수 (1건)
518375,옥과순대국밥,전남,곡성군,맛,1,0,0,맛 호평 다수 (1건)
518375,옥과순대국밥,전남,곡성군,신선도,1,0,0,신선도 호평 다수 (1건)
191509,옥과한우촌 상무점,광주,서구,신선도,1,0,0,신선도 호평 다수 (1건)
191509,옥과한우촌 상무점,광주,서구,서비스_친절도,1,0,0,서비스_친절도 호평 다수 (1건)
519654,옥당골 팥죽 전문점,전남,영광군,신선도,1,0,0,신선도 호평 다수 (1건)
431823,옥당풍천민물장어,광주,서구,접근성_웨이팅,1,0,0,접근성_웨이팅 호평 다수 (1건)
431824,옥당풍천장어,광주,서구,맛,1,0,0,맛 호평 다수 (1건)
431826,옥돌판구이,광주,서구,맛,1,0,0,맛 호평 다수 (1건)
431828,옥동이통닭,광주,광산구,맛,1,0,0,맛 호평 다수 (1건)
431829,옥동키친,광주,광산구,맛,1,0,0,맛 호평 다수 (1건)
431831,옥돼지식당,광주,남구,맛,1,0,0,맛 호평 다수 (1건)
431831,옥돼지식당,광주,남구,서비스_친절도,1,0,0,서비스_친절도 호평 다수 (1건)
431831,옥돼지식당,광주,남구,분위기,1,0,0,분위기 호평 다수 (1건)
431833,옥반 돈뼈,광주,광산구,맛,1,0,0,맛 호평 다수 (1건)
532802,옥빈관,전남,담양군,양,1,0,0,양 호평 다수 (1건)
518476,옥산식당,전남,구례군,맛,1,0,0,맛 호평 다수 (1건)
518476,옥산식당,전남,구례군,분위기,1,0,0,분위기 호평 다수 (1건)
f122011d3c6e,옥심,전남,광양시,서비스_친절도,1,0,0,서비스_친절도 호평 다수 (1건)
f122011d3c6e,옥심,전남,광양시,접근성_웨이팅,1,0,0,접근성_웨이팅 호평 다수 (1건)
47ef3d8acc99,옥암칼국수,전남,목포시,맛,1,0,0,맛 호평 다수 (1건)
431843,옥이네,광주,광산구,맛,1,0,0,맛 호평 다수 (1건)
431843,옥이네,광주,광산구,신선도,1,0,0,신선도 호평 다수 (1건)
431838,옥이네김밥,광주,남구,맛,1,0,0,맛 호평 다수 (1건)
431838,옥이네김밥,광주,남구,신선도,1,0,0,신선도 호평 다수 (1건)
431839,옥이네김치찌개와직화삼겹 상무점,광주,서구,맛,1,0,0,맛 호평 다수 (1건)
191534,옥이네식당,광주,남구,신선도,1,0,0,신선도 호평 다수 (1건)
521824|896055,옥천뚝배기,전남,장성군,맛,1,0,0,맛 호평 다수 (1건)
515877,옥천면옥 본점,광주,북구,신선도,1,0,0,신선도 호평 다수 (1건)
55168,옥천면옥 본점,광주,북구,신선도,1,0,0,신선도 호평 다수 (1건)
522665|896556,옥천식당,전남,해남군,맛,1,0,0,맛 호평 다수 (1건)
522119|896240,옥천횟집,전남,진도군,신선도,1,0,0,신선도 호평 다수 (1건)
56939|880520,옥향식당,전남,진도군,맛,1,0,0,맛 호평 다수 (1건)
56939|880520,옥향식당,전남,진도군,서비스_친절도,1,0,0,서비스_친절도 호평 다수 (1건)
56939|880520,옥향식당,전남,진도군,분위기,1,0,0,분위기 호평 다수 (1건)
431854,온가솥밥 두암점,광주,북구,맛,1,0,0,맛 호평 다수 (1건)
431855,온고당,광주,서구,맛,1,0,0,맛 호평 다수 (1건)
431859,온니닭 수완직영점,광주,광산구,맛,1,0,0,맛 호평 다수 (1건)
431859,온니닭 수완직영점,광주,광산구,신선도,1,0,0,신선도 호평 다수 (1건)
517375,온달집 순천조례점,전남,순천시,맛,1,0,0,맛 호평 다수 (1건)
517375,온달집 순천조례점,전남,순천시,신선도,1,0,0,신선도 호평 다수 (1건)
517375,온달집 순천조례점,전남,순천시,위생_청결,1,0,0,위생_청결 호평 다수 (1건)
431874,온에어,광주,남구,신선도,1,0,0,신선도 호평 다수 (1건)
431874,온에어,광주,남구,서비스_친절도,1,0,0,서비스_친절도 호평 다수 (1건)
431876,온우,광주,동구,분위기,1,0,0,분위기 호평 다수 (1건)
518588,온월,전남,구례군,서비스_친절도,1,0,0,서비스_친절도 호평 다수 (1건)
430662,온정,광주,남구,분위기,1,0,0,분위기 호평 다수 (1건)
a7e76d1b5656,온초밥,전남,나주시,맛,1,0,0,맛 호평 다수 (1건)
a7e76d1b5656,온초밥,전남,나주시,신선도,1,0,0,신선도 호평 다수 (1건)
194142,온클라우드나인 상무점,광주,서구,접근성_웨이팅,1,0,0,접근성_웨이팅 호평 다수 (1건)
431881,온클라우드나인 전대정문점,광주,북구,분위기,1,0,0,분위기 호평 다수 (1건)
431883,온화명,광주,남구,서비스_친절도,1,0,0,서비스_친절도 호평 다수 (1건)
431883,온화명,광주,남구,분위기,1,0,0,분위기 호평 다수 (1건)
431885,올능이능이버섯백숙,광주,북구,신선도,1,0,0,신선도 호평 다수 (1건)
431885,올능이능이버섯백숙,광주,북구,분위기,1,0,0,분위기 호평 다수 (1건)
438040,올데이밀 광천점,광주,서구,분위기,1,0,0,분위기 호평 다수 (1건)
438040,올데이밀 광천점,광주,서구,접근성_웨이팅,1,0,0,접근성_웨이팅 호평 다수 (1건)
431888,올데이밀 동명점,광주,동구,분위기,1,0,0,분위기 호평 다수 (1건)
431892,올데이피크닉,광주,동구,맛,1,0,0,맛 호평 다수 (1건)
431892,올데이피크닉,광주,동구,신선도,1,0,0,신선도 호평 다수 (1건)
431892,올데이피크닉,광주,동구,분위기,1,0,0,분위기 호평 다수 (1건)
431892,올데이피크닉,광주,동구,접근성_웨이팅,1,0,0,접근성_웨이팅 호평 다수 (1건)
191589,올드수완,광주,광산구,맛,1,0,0,맛 호평 다수 (1건)
191589,올드수완,광주,광산구,분위기,1,0,0,분위기 호평 다수 (1건)
431896,올디스7080콘서트,광주,서구,맛,1,0,0,맛 호평 다수 (1건)
431915,올떡 광주터미널점,광주,서구,맛,1,0,0,맛 호평 다수 (1건)
431900,올라브리또보건대점,광주,광산구,맛,1,0,0,맛 호평 다수 (1건)
431900,올라브리또보건대점,광주,광산구,신선도,1,0,0,신선도 호평 다수 (1건)
515926|961871,올라이스,광주,북구,신선도,1,0,0,신선도 호평 다수 (1건)
431902,올락,광주,북구,맛,1,0,0,맛 호평 다수 (1건)
521539,올래식당,전남,완도군,분위기,1,0,0,분위기 호평 다수 (1건)
431905,올랩,광주,서구,맛,1,0,0,맛 호평 다수 (1건)
431905,올랩,광주,서구,신선도,1,0,0,신선도 호평 다수 (1건)
519826|895803,올레,전남,영광군,분위기,1,0,0,분위기 호평 다수 (1건)
431907,올레계절맛집,광주,동구,맛,1,0,0,맛 호평 다수 (1건)
431907,올레계절맛집,광주,동구,접근성_웨이팅,1,0,0,접근성_웨이팅 호평 다수 (1건)
532804,올리버치킨,전남,담양군,맛,1,0,0,맛 호평 다수 (1건)
191611,올리브위드뽀빠이,광주,광산구,분위기,1,0,0,분위기 호평 다수 (1건)
399833|431918,올리브피자,광주,북구,양,1,0,0,양 호평 다수 (1건)
431938,옴팡골,광주,북구,접근성_웨이팅,1,0,0,접근성_웨이팅 호평 다수 (1건)
517452,옴팡골콩나물국밥,전남,순천시,신선도,1,0,0,신선도 호평 다수 (1건)
431945|880146,옹기종기,광주,서구,맛,1,0,0,맛 호평 다수 (1건)
431948|880147,옹심이칼국수팥죽,광주,남구,맛,1,0,0,맛 호평 다수 (1건)
431948|880147,옹심이칼국수팥죽,광주,남구,분위기,1,0,0,분위기 호평 다수 (1건)
431949,와,광주,북구,맛,1,0,0,맛 호평 다수 (1건)
402078|431955,와노쿠니,광주,서구,맛,1,0,0,맛 호평 다수 (1건)
402078|431955,와노쿠니,광주,서구,신선도,1,0,0,신선도 호평 다수 (1건)
515732|961705,와니와니,광주,남구,맛,0,1,0,맛 언급 (1건)
431963,와방,광주,서구,맛,1,0,0,맛 호평 다수 (1건)
431963,와방,광주,서구,신선도,1,0,0,신선도 호평 다수 (1건)
431963,와방,광주,서구,분위기,1,0,0,분위기 호평 다수 (1건)
431968|961636,와야객점,광주,동구,맛,1,0,0,맛 호평 다수 (1건)
431968|961636,와야객점,광주,동구,가격,1,0,0,가격 호평 다수 (1건)
431968|961636,와야객점,광주,동구,양,1,0,0,양 호평 다수 (1건)
431968|961636,와야객점,광주,동구,서비스_친절도,1,0,0,서비스_친절도 호평 다수 (1건)
431968|961636,와야객점,광주,동구,분위기,1,0,0,분위기 호평 다수 (1건)
191668,와우 광주양산점,광주,북구,맛,1,0,0,맛 호평 다수 (1건)
191668,와우 광주양산점,광주,북구,분위기,1,0,0,분위기 호평 다수 (1건)
431978,와우 황태코다리,광주,광산구,신선도,1,0,0,신선도 호평 다수 (1건)
431975,와우리,광주,북구,맛,1,0,0,맛 호평 다수 (1건)
432002,와플마켓,광주,북구,맛,1,0,0,맛 호평 다수 (1건)
432002,와플마켓,광주,북구,신선도,1,0,0,신선도 호평 다수 (1건)
9647,완도모래뜰,전남,완도군,위생_청결,1,0,0,위생_청결 호평 다수 (1건)
520121,완도어반,전남,완도군,서비스_친절도,1,0,0,서비스_친절도 호평 다수 (1건)
520121,완도어반,전남,완도군,분위기,1,0,0,분위기 호평 다수 (1건)
432024,완도해돋이,광주,북구,신선도,1,0,0,신선도 호평 다수 (1건)
522752|896607,완도회어시장,전남,해남군,맛,1,0,0,맛 호평 다수 (1건)
522752|896607,완도회어시장,전남,해남군,신선도,1,0,0,신선도 호평 다수 (1건)
f65134fc0eb7,완미족발 광양중동점,전남,광양시,맛,1,0,0,맛 호평 다수 (1건)
f65134fc0eb7,완미족발 광양중동점,전남,광양시,신선도,1,0,0,신선도 호평 다수 (1건)
432031,완산골명가 광주본점,광주,북구,접근성_웨이팅,1,0,0,접근성_웨이팅 호평 다수 (1건)
432033,완타치숯불구이 금호점,광주,서구,맛,1,0,0,맛 호평 다수 (1건)
522868|896690,완타치일품청국장,전남,화순군,맛,1,0,0,맛 호평 다수 (1건)
522868|896690,완타치일품청국장,전남,화순군,신선도,1,0,0,신선도 호평 다수 (1건)
191739,왔따쪽갈비 동구점,광주,동구,맛,1,0,0,맛 호평 다수 (1건)
56940,왕곡가든,전남,나주시,맛,0,1,0,맛 언급 (1건)
56940,왕곡가든,전남,나주시,신선도,0,1,0,신선도 언급 (1건)
520168,왕꼬리곰탕,전남,완도군,맛,1,0,0,맛 호평 다수 (1건)
432057,왕꽃돈,광주,북구,맛,1,0,0,맛 호평 다수 (1건)
432057,왕꽃돈,광주,북구,신선도,1,0,0,신선도 호평 다수 (1건)
432061,왕대박삼순이네 본점,광주,서구,맛,1,0,0,맛 호평 다수 (1건)
432061,왕대박삼순이네 본점,광주,서구,신선도,1,0,0,신선도 호평 다수 (1건)
422142,왕대박삼순이네 본점,광주,서구,맛,1,0,0,맛 호평 다수 (1건)
422142,왕대박삼순이네 본점,광주,서구,신선도,1,0,0,신선도 호평 다수 (1건)
432064,왕대포,광주,북구,맛,1,0,0,맛 호평 다수 (1건)
432064,왕대포,광주,북구,신선도,1,0,0,신선도 호평 다수 (1건)
432068|440547,왕뼈사랑 광천점,광주,서구,맛,1,0,0,맛 호평 다수 (1건)
432068|440547,왕뼈사랑 광천점,광주,서구,양,1,0,0,양 호평 다수 (1건)
432070,왕뼈해장국,광주,남구,맛,1,0,0,맛 호평 다수 (1건)
517773,왕성식당,전남,강진군,맛,1,0,0,맛 호평 다수 (1건)
517773,왕성식당,전남,강진군,신선도,1,0,0,신선도 호평 다수 (1건)
b698c1211d11,왕손식당,전남,진도군,맛,1,0,0,맛 호평 다수 (1건)
b698c1211d11,왕손식당,전남,진도군,신선도,1,0,0,신선도 호평 다수 (1건)
b698c1211d11,왕손식당,전남,진도군,서비스_친절도,1,0,0,서비스_친절도 호평 다수 (1건)
432083,왕손피자 서구점,광주,서구,맛,1,0,0,맛 호평 다수 (1건)
371910|432078,왕손피자,광주,북구,신선도,1,0,0,신선도 호평 다수 (1건)
432077|879472,왕손피자,광주,북구,신선도,1,0,0,신선도 호평 다수 (1건)
432084,왕솥뚜껑삼겹살,광주,북구,맛,1,0,0,맛 호평 다수 (1건)
81319,왕십리돌곱창구이,전남,나주시,신선도,1,0,0,신선도 호평 다수 (1건)
521758|896012,왕자관,전남,장성군,신선도,1,0,0,신선도 호평 다수 (1건)
432090|879473,왕자관,광주,동구,신선도,1,0,0,신선도 호평 다수 (1건)
432090|879473,왕자관,광주,동구,분위기,1,0,0,분위기 호평 다수 (1건)
521784,왕코다리,전남,장성군,맛,1,0,0,맛 호평 다수 (1건)
521784,왕코다리,전남,장성군,신선도,1,0,0,신선도 호평 다수 (1건)
521784,왕코다리,전남,장성군,서비스_친절도,1,0,0,서비스_친절도 호평 다수 (1건)
432093,왕코등갈비 광주본점,광주,서구,맛,1,0,0,맛 호평 다수 (1건)
432093,왕코등갈비 광주본점,광주,서구,신선도,1,0,0,신선도 호평 다수 (1건)
521568|895886,왕해장국,전남,완도군,맛,1,0,0,맛 호평 다수 (1건)
500382|600197|880391,왕희,광주,광산구,맛,1,0,0,맛 호평 다수 (1건)
500382|600197|880391,왕희,광주,광산구,접근성_웨이팅,1,0,0,접근성_웨이팅 호평 다수 (1건)
432095,외갓집국밥,광주,서구,접근성_웨이팅,1,0,0,접근성_웨이팅 호평 다수 (1건)
432096,외양간,광주,서구,신선도,1,0,0,신선도 호평 다수 (1건)
516028,요거zip,광주,광산구,맛,1,0,0,맛 호평 다수 (1건)
516219|962106,요거얌,광주,동구,맛,1,0,0,맛 호평 다수 (1건)
432110,요꼬모진월점,광주,남구,맛,1,0,0,맛 호평 다수 (1건)
432110,요꼬모진월점,광주,남구,분위기,1,0,0,분위기 호평 다수 (1건)
432111,요달의찜닭 광주쌍암점,광주,광산구,맛,1,0,0,맛 호평 다수 (1건)
432111,요달의찜닭 광주쌍암점,광주,광산구,서비스_친절도,1,0,0,서비스_친절도 호평 다수 (1건)
432115,요달의찜닭&내가닭도리탕이다 수완점,광주,광산구,맛,1,0,0,맛 호평 다수 (1건)
432115,요달의찜닭&내가닭도리탕이다 수완점,광주,광산구,신선도,1,0,0,신선도 호평 다수 (1건)
432116,요달의찜닭&내가닭도리탕이다 풍암점,광주,서구,맛,1,0,0,맛 호평 다수 (1건)
520078,요리사와자장면,전남,영암군,맛,1,0,0,맛 호평 다수 (1건)
372004|432126|963329,요리하는집,광주,서구,맛,1,0,0,맛 호평 다수 (1건)
432127,요린,광주,광산구,분위기,1,0,0,분위기 호평 다수 (1건)
520139,요미요미,전남,완도군,신선도,1,0,0,신선도 호평 다수 (1건)
522387,요블랑,전남,함평군,접근성_웨이팅,1,0,0,접근성_웨이팅 호평 다수 (1건)
432128,요요네,광주,광산구,신선도,1,0,0,신선도 호평 다수 (1건)
432128,요요네,광주,광산구,접근성_웨이팅,1,0,0,접근성_웨이팅 호평 다수 (1건)
52cd50fb3dd0,요우,전남,나주시,신선도,1,0,0,신선도 호평 다수 (1건)
432131,요찬회관,광주,서구,맛,1,0,0,맛 호평 다수 (1건)
432131,요찬회관,광주,서구,분위기,1,0,0,분위기 호평 다수 (1건)
432131,요찬회관,광주,서구,접근성_웨이팅,1,0,0,접근성_웨이팅 호평 다수 (1건)
517636,요쿠야마치 여수점,전남,여수시,맛,1,0,0,맛 호평 다수 (1건)
517636,요쿠야마치 여수점,전남,여수시,위생_청결,1,0,0,위생_청결 호평 다수 (1건)
432133,요한이네국밥,광주,서구,접근성_웨이팅,1,0,0,접근성_웨이팅 호평 다수 (1건)
4229d7aedde5,욘더스콘,광주,남구,맛,1,0,0,맛 호평 다수 (1건)
4229d7aedde5,욘더스콘,광주,남구,신선도,1,0,0,신선도 호평 다수 (1건)
521555|895878,용,전남,완도군,맛,1,0,0,맛 호평 다수 (1건)
521555|895878,용,전남,완도군,신선도,1,0,0,신선도 호평 다수 (1건)
432141,용감한형제,광주,광산구,신선도,1,0,0,신선도 호평 다수 (1건)
432141,용감한형제,광주,광산구,분위기,1,0,0,분위기 호평 다수 (1건)
521791|896034,용강식당,전남,장성군,신선도,1,0,0,신선도 호평 다수 (1건)
191838,용강추어탕,광주,남구,신선도,1,0,0,신선도 호평 다수 (1건)
191838,용강추어탕,광주,남구,재방문의사,1,0,0,재방문의사 호평 다수 (1건)
522930|896736,용강추어탕화순점,전남,화순군,맛,1,0,0,맛 호평 다수 (1건)
522930|896736,용강추어탕화순점,전남,화순군,신선도,1,0,0,신선도 호평 다수 (1건)
522930|896736,용강추어탕화순점,전남,화순군,재방문의사,1,0,0,재방문의사 호평 다수 (1건)
522186|896280,용궁관,전남,진도군,서비스_친절도,1,0,0,서비스_친절도 호평 다수 (1건)
522186|896280,용궁관,전남,진도군,분위기,1,0,0,분위기 호평 다수 (1건)
522611|896514,용궁해물탕,전남,해남군,맛,1,0,0,맛 호평 다수 (1건)
432147,용궁회수산,광주,서구,신선도,1,0,0,신선도 호평 다수 (1건)
432147,용궁회수산,광주,서구,접근성_웨이팅,1,0,0,접근성_웨이팅 호평 다수 (1건)
520048,용당반점,전남,영암군,맛,1,0,0,맛 호평 다수 (1건)
520048,용당반점,전남,영암군,신선도,1,0,0,신선도 호평 다수 (1건)
432149,용두물회,광주,북구,신선도,1,0,0,신선도 호평 다수 (1건)
432150,용두삼겹,광주,북구,맛,1,0,0,맛 호평 다수 (1건)
432151,용두식육식당,광주,북구,맛,1,0,0,맛 호평 다수 (1건)
432151,용두식육식당,광주,북구,신선도,1,0,0,신선도 호평 다수 (1건)
522903|896718,용두정한식부페,전남,화순군,맛,1,0,0,맛 호평 다수 (1건)
432153,용두해마루생선구이,광주,북구,맛,1,0,0,맛 호평 다수 (1건)
432153,용두해마루생선구이,광주,북구,신선도,1,0,0,신선도 호평 다수 (1건)
432153,용두해마루생선구이,광주,북구,분위기,1,0,0,분위기 호평 다수 (1건)
522083|896218,용문가든,전남,진도군,맛,1,0,0,맛 호평 다수 (1건)
522083|896218,용문가든,전남,진도군,분위기,1,0,0,분위기 호평 다수 (1건)
432155,용봉골,광주,북구,맛,1,0,0,맛 호평 다수 (1건)
432155,용봉골,광주,북구,신선도,1,0,0,신선도 호평 다수 (1건)
420388,용봉동 기역,광주,북구,맛,1,0,0,맛 호평 다수 (1건)
432157,용봉동맛있는만원족발,광주,북구,맛,1,0,0,맛 호평 다수 (1건)
432157,용봉동맛있는만원족발,광주,북구,신선도,1,0,0,신선도 호평 다수 (1건)
432157,용봉동맛있는만원족발,광주,북구,가격,1,0,0,가격 호평 다수 (1건)
435737,용봉춘천닭갈비,광주,북구,맛,1,0,0,맛 호평 다수 (1건)
435737,용봉춘천닭갈비,광주,북구,신선도,1,0,0,신선도 호평 다수 (1건)
432164,용비어천가횟집,광주,서구,신선도,1,0,0,신선도 호평 다수 (1건)
432164,용비어천가횟집,광주,서구,분위기,1,0,0,분위기 호평 다수 (1건)
432165,용산골식육식당,광주,동구,신선도,1,0,0,신선도 호평 다수 (1건)
432165,용산골식육식당,광주,동구,접근성_웨이팅,1,0,0,접근성_웨이팅 호평 다수 (1건)
519118|895385,용산식육식당,전남,무안군,맛,1,0,0,맛 호평 다수 (1건)
522126,용성식당,전남,진도군,맛,1,0,0,맛 호평 다수 (1건)
518495,용식이삼겹,전남,구례군,신선도,1,0,0,신선도 호평 다수 (1건)
432168,용신,광주,남구,신선도,1,0,0,신선도 호평 다수 (1건)
191867,용쓰91 주월점,광주,남구,맛,1,0,0,맛 호평 다수 (1건)
515640|880410,용용선생 광주첨단점,광주,광산구,맛,1,0,0,맛 호평 다수 (1건)
515640|880410,용용선생 광주첨단점,광주,광산구,분위기,1,0,0,분위기 호평 다수 (1건)
432174,용용치킨 두암직영점,광주,북구,신선도,1,0,0,신선도 호평 다수 (1건)
432174,용용치킨 두암직영점,광주,북구,서비스_친절도,1,0,0,서비스_친절도 호평 다수 (1건)
432175,용우동 남구청점,광주,남구,서비스_친절도,1,0,0,서비스_친절도 호평 다수 (1건)
519290|895520,용우동 벌교점,전남,보성군,맛,1,0,0,맛 호평 다수 (1건)
519290|895520,용우동 벌교점,전남,보성군,신선도,1,0,0,신선도 호평 다수 (1건)
432180,용전곱창국밥,광주,북구,맛,1,0,0,맛 호평 다수 (1건)
432180,용전곱창국밥,광주,북구,신선도,1,0,0,신선도 호평 다수 (1건)
432181,용전식육식당,광주,북구,신선도,1,0,0,신선도 호평 다수 (1건)
432181,용전식육식당,광주,북구,가격,1,0,0,가격 호평 다수 (1건)
432183,용전옛날손짜장,광주,북구,맛,1,0,0,맛 호평 다수 (1건)
432183,용전옛날손짜장,광주,북구,신선도,1,0,0,신선도 호평 다수 (1건)
432183,용전옛날손짜장,광주,북구,분위기,1,0,0,분위기 호평 다수 (1건)
432185,용진산장,광주,광산구,맛,1,0,0,맛 호평 다수 (1건)
432185,용진산장,광주,광산구,신선도,1,0,0,신선도 호평 다수 (1건)
191897,용천통닭 각화점,광주,북구,맛,1,0,0,맛 호평 다수 (1건)
191897,용천통닭 각화점,광주,북구,신선도,1,0,0,신선도 호평 다수 (1건)
517978,용천통닭 강진점,전남,강진군,맛,1,0,0,맛 호평 다수 (1건)
517978,용천통닭 강진점,전남,강진군,접근성_웨이팅,1,0,0,접근성_웨이팅 호평 다수 (1건)
532807,용천통닭 담양2호점,전남,담양군,맛,1,0,0,맛 호평 다수 (1건)
432204,용천통닭 무등점,광주,남구,맛,1,0,0,맛 호평 다수 (1건)
191899|432195,용천통닭 무진점,광주,남구,맛,1,0,0,맛 호평 다수 (1건)
191901,용천통닭 문흥대주점,광주,북구,서비스_친절도,1,0,0,서비스_친절도 호평 다수 (1건)
432200,용천통닭 문흥점,광주,북구,맛,1,0,0,맛 호평 다수 (1건)
432200,용천통닭 문흥점,광주,북구,분위기,1,0,0,분위기 호평 다수 (1건)
432191|432194,용천통닭 전대상대점,광주,북구,맛,1,0,0,맛 호평 다수 (1건)
432191|432194,용천통닭 전대상대점,광주,북구,신선도,1,0,0,신선도 호평 다수 (1건)
432198,용천통닭 주월점,광주,남구,신선도,1,0,0,신선도 호평 다수 (1건)
532255,용천통닭 화정서부점,광주,서구,맛,1,0,0,맛 호평 다수 (1건)
532255,용천통닭 화정서부점,광주,서구,신선도,1,0,0,신선도 호평 다수 (1건)
191895,용천통닭&호프,광주,북구,신선도,1,0,0,신선도 호평 다수 (1건)
191888,용천통닭,광주,광산구,분위기,1,0,0,분위기 호평 다수 (1건)
432207,용초밥,광주,광산구,맛,1,0,0,맛 호평 다수 (1건)
432207,용초밥,광주,광산구,가격,1,0,0,가격 호평 다수 (1건)
432216|515809|961772,우,광주,동구,맛,1,0,0,맛 호평 다수 (1건)
432216|515809|961772,우,광주,동구,분위기,1,0,0,분위기 호평 다수 (1건)
432216|515809|961772,우,광주,동구,접근성_웨이팅,1,0,0,접근성_웨이팅 호평 다수 (1건)
56946,우남식당,전남,나주시,맛,1,0,0,맛 호평 다수 (1건)
56946,우남식당,전남,나주시,신선도,1,0,0,신선도 호평 다수 (1건)
432218,우니만두라면,광주,동구,맛,1,0,0,맛 호평 다수 (1건)
432223,우담정,광주,서구,분위기,1,0,0,분위기 호평 다수 (1건)
432232,우래옥모밀,광주,동구,신선도,1,0,0,신선도 호평 다수 (1건)
432232,우래옥모밀,광주,동구,접근성_웨이팅,1,0,0,접근성_웨이팅 호평 다수 (1건)
432233,우래정,광주,서구,신선도,1,0,0,신선도 호평 다수 (1건)
521510,우래정치킨,전남,완도군,분위기,1,0,0,분위기 호평 다수 (1건)
432234,우럭이랑광어랑,광주,서구,맛,1,0,0,맛 호평 다수 (1건)
432234,우럭이랑광어랑,광주,서구,신선도,1,0,0,신선도 호평 다수 (1건)
c62ba74c6653,우렁쌈밥 대패정식,전남,목포시,신선도,1,0,0,신선도 호평 다수 (1건)
432257,우리동네 탕수육,광주,서구,맛,1,0,0,맛 호평 다수 (1건)
432257,우리동네 탕수육,광주,서구,접근성_웨이팅,1,0,0,접근성_웨이팅 호평 다수 (1건)
432250,우리동네돌솥감자탕,광주,서구,맛,1,0,0,맛 호평 다수 (1건)
432252,우리동네밥먹는집,광주,서구,맛,1,0,0,맛 호평 다수 (1건)
432252,우리동네밥먹는집,광주,서구,신선도,1,0,0,신선도 호평 다수 (1건)
432253,우리동네술창고,광주,북구,맛,1,0,0,맛 호평 다수 (1건)
191951,우리동네왕족발 문흥점,광주,북구,신선도,1,0,0,신선도 호평 다수 (1건)
191951,우리동네왕족발 문흥점,광주,북구,서비스_친절도,1,0,0,서비스_친절도 호평 다수 (1건)
432260,우리동네행복맛집,광주,북구,맛,1,0,0,맛 호평 다수 (1건)
432260,우리동네행복맛집,광주,북구,신선도,1,0,0,신선도 호평 다수 (1건)
432268,우리막창제주오겹,광주,남구,맛,1,0,0,맛 호평 다수 (1건)
432268,우리막창제주오겹,광주,남구,신선도,1,0,0,신선도 호평 다수 (1건)
432268,우리막창제주오겹,광주,남구,분위기,1,0,0,분위기 호평 다수 (1건)
518506,우리밀전문식당,전남,구례군,위생_청결,1,0,0,위생_청결 호평 다수 (1건)
432273,우리밥상,광주,서구,신선도,1,0,0,신선도 호평 다수 (1건)
432273,우리밥상,광주,서구,서비스_친절도,1,0,0,서비스_친절도 호평 다수 (1건)
521513|895852,우리밥집,전남,완도군,맛,1,0,0,맛 호평 다수 (1건)
521513|895852,우리밥집,전남,완도군,신선도,1,0,0,신선도 호평 다수 (1건)
432274,우리부뚜막,광주,광산구,맛,1,0,0,맛 호평 다수 (1건)
432274,우리부뚜막,광주,광산구,신선도,1,0,0,신선도 호평 다수 (1건)
432274,우리부뚜막,광주,광산구,분위기,1,0,0,분위기 호평 다수 (1건)
432277,우리사이,광주,광산구,신선도,1,0,0,신선도 호평 다수 (1건)
517790,우리수산회센타,전남,강진군,맛,1,0,0,맛 호평 다수 (1건)
517790,우리수산회센타,전남,강진군,신선도,1,0,0,신선도 호평 다수 (1건)
432280,우리수산회센터,광주,북구,맛,1,0,0,맛 호평 다수 (1건)
432280,우리수산회센터,광주,북구,신선도,1,0,0,신선도 호평 다수 (1건)
517464,우리식당 신대점,전남,순천시,맛,1,0,0,맛 호평 다수 (1건)
517464,우리식당 신대점,전남,순천시,신선도,1,0,0,신선도 호평 다수 (1건)
432288,우리유황오리,광주,북구,맛,1,0,0,맛 호평 다수 (1건)
432288,우리유황오리,광주,북구,신선도,1,0,0,신선도 호평 다수 (1건)
432288,우리유황오리,광주,북구,접근성_웨이팅,1,0,0,접근성_웨이팅 호평 다수 (1건)
432289,우리정식당,광주,동구,맛,1,0,0,맛 호평 다수 (1건)
432297,우리집국수,광주,광산구,맛,1,0,0,맛 호평 다수 (1건)
432297,우리집국수,광주,광산구,신선도,1,0,0,신선도 호평 다수 (1건)
432295,우리집밥,광주,남구,맛,1,0,0,맛 호평 다수 (1건)
432295,우리집밥,광주,남구,신선도,1,0,0,신선도 호평 다수 (1건)
520004,우리집밥상,전남,영암군,맛,1,0,0,맛 호평 다수 (1건)
520004,우리집밥상,전남,영암군,신선도,1,0,0,신선도 호평 다수 (1건)
520004,우리집밥상,전남,영암군,분위기,1,0,0,분위기 호평 다수 (1건)
432296,우리집설렁탕,광주,북구,맛,1,0,0,맛 호평 다수 (1건)
432296,우리집설렁탕,광주,북구,신선도,1,0,0,신선도 호평 다수 (1건)
432298,우리집식당,광주,남구,맛,1,0,0,맛 호평 다수 (1건)
432298,우리집식당,광주,남구,서비스_친절도,1,0,0,서비스_친절도 호평 다수 (1건)
432298,우리집식당,광주,남구,분위기,1,0,0,분위기 호평 다수 (1건)
56947,우리집식육식당,전남,목포시,맛,1,0,0,맛 호평 다수 (1건)
56947,우리집식육식당,전남,목포시,신선도,1,0,0,신선도 호평 다수 (1건)
56947,우리집식육식당,전남,목포시,서비스_친절도,1,0,0,서비스_친절도 호평 다수 (1건)
f0bcb4dccdb0,우리집오리,전남,광양시,신선도,1,0,0,신선도 호평 다수 (1건)
f0bcb4dccdb0,우리집오리,전남,광양시,분위기,1,0,0,분위기 호평 다수 (1건)
f1441f4c53b8,우리집오리호반점,전남,광양시,맛,1,0,0,맛 호평 다수 (1건)
f1441f4c53b8,우리집오리호반점,전남,광양시,분위기,1,0,0,분위기 호평 다수 (1건)
f1441f4c53b8,우리집오리호반점,전남,광양시,접근성_웨이팅,1,0,0,접근성_웨이팅 호평 다수 (1건)
432299,우리집청국장,광주,북구,맛,1,0,0,맛 호평 다수 (1건)
522069|896210,우리집횟집,전남,장흥군,신선도,1,0,0,신선도 호평 다수 (1건)
432283|879475,우리통닭,광주,남구,맛,1,0,0,맛 호평 다수 (1건)
522908|896722,우리할매떡볶이 화순점,전남,화순군,맛,1,0,0,맛 호평 다수 (1건)
522908|896722,우리할매떡볶이 화순점,전남,화순군,신선도,1,0,0,신선도 호평 다수 (1건)
521994|896168,우리홍어,전남,장흥군,신선도,1,0,0,신선도 호평 다수 (1건)
521565|895883,우림한방삼계탕,전남,목포시,신선도,1,0,0,신선도 호평 다수 (1건)
432318,우마이도쿄조대점,광주,동구,신선도,1,0,0,신선도 호평 다수 (1건)
432318,우마이도쿄조대점,광주,동구,접근성_웨이팅,1,0,0,접근성_웨이팅 호평 다수 (1건)
432325,우메스시,광주,서구,신선도,1,0,0,신선도 호평 다수 (1건)
432341,우미,광주,북구,맛,1,0,0,맛 호평 다수 (1건)
432341,우미,광주,북구,신선도,1,0,0,신선도 호평 다수 (1건)
515801|961764,우미관 조선대점,광주,동구,맛,1,0,0,맛 호평 다수 (1건)
515801|961764,우미관 조선대점,광주,동구,신선도,1,0,0,신선도 호평 다수 (1건)
432334,우미숯불구이,광주,남구,신선도,1,0,0,신선도 호평 다수 (1건)
432334,우미숯불구이,광주,남구,서비스_친절도,1,0,0,서비스_친절도 호평 다수 (1건)
432327,우미일식,광주,북구,신선도,1,0,0,신선도 호평 다수 (1건)
432327,우미일식,광주,북구,분위기,1,0,0,분위기 호평 다수 (1건)
432327,우미일식,광주,북구,접근성_웨이팅,1,0,0,접근성_웨이팅 호평 다수 (1건)
432335,우미정,광주,광산구,맛,1,0,0,맛 호평 다수 (1건)
432335,우미정,광주,광산구,신선도,1,0,0,신선도 호평 다수 (1건)
432335,우미정,광주,광산구,분위기,1,0,0,분위기 호평 다수 (1건)
432339,우미팥죽,광주,북구,맛,1,0,0,맛 호평 다수 (1건)
432339,우미팥죽,광주,북구,신선도,1,0,0,신선도 호평 다수 (1건)
432342,우사기,광주,동구,맛,1,0,0,맛 호평 다수 (1건)
432342,우사기,광주,동구,분위기,1,0,0,분위기 호평 다수 (1건)
432342,우사기,광주,동구,접근성_웨이팅,1,0,0,접근성_웨이팅 호평 다수 (1건)
432346,우산바지락칼국수,광주,북구,맛,1,0,0,맛 호평 다수 (1건)
432346,우산바지락칼국수,광주,북구,신선도,1,0,0,신선도 호평 다수 (1건)
432351,우성식육식당,광주,서구,신선도,1,0,0,신선도 호평 다수 (1건)
519199|895446,우성할매국밥,전남,보성군,맛,1,0,0,맛 호평 다수 (1건)
519199|895446,우성할매국밥,전남,보성군,신선도,1,0,0,신선도 호평 다수 (1건)
517798,우아민물나라,전남,강진군,신선도,1,0,0,신선도 호평 다수 (1건)
537659,우앤유,전남,영광군,신선도,1,0,0,신선도 호평 다수 (1건)
192060,우영수산물직판장,광주,서구,신선도,1,0,0,신선도 호평 다수 (1건)
432367,우일면옥,광주,서구,맛,1,0,0,맛 호평 다수 (1건)
432367,우일면옥,광주,서구,분위기,1,0,0,분위기 호평 다수 (1건)
432369,우정골,광주,서구,맛,1,0,0,맛 호평 다수 (1건)
432369,우정골,광주,서구,분위기,1,0,0,분위기 호평 다수 (1건)
432370|961638,우정곱창,광주,서구,맛,1,0,0,맛 호평 다수 (1건)
432370|961638,우정곱창,광주,서구,신선도,1,0,0,신선도 호평 다수 (1건)
432371,우정모밀,광주,서구,맛,1,0,0,맛 호평 다수 (1건)
432373,우정소 상무점,광주,서구,가격,1,0,0,가격 호평 다수 (1건)
432373,우정소 상무점,광주,서구,접근성_웨이팅,1,0,0,접근성_웨이팅 호평 다수 (1건)
517933,우정식당,전남,강진군,맛,1,0,0,맛 호평 다수 (1건)
517933,우정식당,전남,강진군,접근성_웨이팅,1,0,0,접근성_웨이팅 호평 다수 (1건)
432374,우정식당,전남,영암군,서비스_친절도,1,0,0,서비스_친절도 호평 다수 (1건)
c0cc1c887270,우종회관,전남,구례군,맛,1,0,0,맛 호평 다수 (1건)
c0cc1c887270,우종회관,전남,구례군,신선도,1,0,0,신선도 호평 다수 (1건)
c0cc1c887270,우종회관,전남,구례군,분위기,1,0,0,분위기 호평 다수 (1건)
518052,우주인쑥섬,전남,고흥군,위생_청결,1,0,0,위생_청결 호평 다수 (1건)
518052,우주인쑥섬,전남,고흥군,접근성_웨이팅,1,0,0,접근성_웨이팅 호평 다수 (1건)
432384,우진장어,광주,동구,맛,1,0,0,맛 호평 다수 (1건)
432384,우진장어,광주,동구,신선도,1,0,0,신선도 호평 다수 (1건)
519238|895481,우체국앞그집,전남,보성군,맛,1,0,0,맛 호평 다수 (1건)
519238|895481,우체국앞그집,전남,보성군,신선도,1,0,0,신선도 호평 다수 (1건)
516305|962176,우트,광주,북구,맛,1,0,0,맛 호평 다수 (1건)
516305|962176,우트,광주,북구,분위기,1,0,0,분위기 호평 다수 (1건)
432389,운남꼬마김밥,광주,광산구,신선도,1,0,0,신선도 호평 다수 (1건)
432391,운남삼겹살,광주,광산구,신선도,1,0,0,신선도 호평 다수 (1건)
192091,운림골농원,광주,동구,신선도,1,0,0,신선도 호평 다수 (1건)
518582,운수대통,전남,구례군,맛,1,0,0,맛 호평 다수 (1건)
518582,운수대통,전남,구례군,신선도,1,0,0,신선도 호평 다수 (1건)
432396,운암7080,광주,북구,맛,1,0,0,맛 호평 다수 (1건)
432396,운암7080,광주,북구,신선도,1,0,0,신선도 호평 다수 (1건)
432397,운암감자탕 두암점,광주,북구,맛,1,0,0,맛 호평 다수 (1건)
432397,운암감자탕 두암점,광주,북구,분위기,1,0,0,분위기 호평 다수 (1건)
432400,운암골숯불갈비,광주,북구,맛,1,0,0,맛 호평 다수 (1건)
432405|880154,운암당,광주,북구,맛,1,0,0,맛 호평 다수 (1건)
431516|880139,운암동 오니상,광주,북구,맛,1,0,0,맛 호평 다수 (1건)
431516|880139,운암동 오니상,광주,북구,접근성_웨이팅,1,0,0,접근성_웨이팅 호평 다수 (1건)
432406,운암동동태탕,광주,북구,맛,1,0,0,맛 호평 다수 (1건)
432406,운암동동태탕,광주,북구,신선도,1,0,0,신선도 호평 다수 (1건)
432412|880155,운암정국밥,광주,북구,맛,1,0,0,맛 호평 다수 (1건)
432424,운천빠가탕,광주,서구,맛,1,0,0,맛 호평 다수 (1건)
521684|895969,운천식당,전남,장성군,맛,1,0,0,맛 호평 다수 (1건)
192120|963322,운천연탄구이,광주,서구,신선도,1,0,0,신선도 호평 다수 (1건)
522298,울돌목숭어,전남,진도군,맛,1,0,0,맛 호평 다수 (1건)
522298,울돌목숭어,전남,진도군,신선도,1,0,0,신선도 호평 다수 (1건)
192124|396196|432425,울돌목참치,광주,동구,신선도,1,0,0,신선도 호평 다수 (1건)
432432,울엄마김밥,광주,북구,신선도,1,0,0,신선도 호평 다수 (1건)
061300cd357b,울엄마밥상,전남,여수시,맛,1,0,0,맛 호평 다수 (1건)
061300cd357b,울엄마밥상,전남,여수시,서비스_친절도,1,0,0,서비스_친절도 호평 다수 (1건)
061300cd357b,울엄마밥상,전남,여수시,분위기,1,0,0,분위기 호평 다수 (1건)
d662f9c08dbd,울엄마밥상,전남,여수시,맛,1,0,0,맛 호평 다수 (1건)
432435,울타리생선구이전문점,광주,서구,맛,1,0,0,맛 호평 다수 (1건)
432435,울타리생선구이전문점,광주,서구,신선도,1,0,0,신선도 호평 다수 (1건)
517893,울타리식당,전남,강진군,맛,1,0,0,맛 호평 다수 (1건)
517893,울타리식당,전남,강진군,분위기,1,0,0,분위기 호평 다수 (1건)
432437,웃는돼지,광주,북구,맛,1,0,0,맛 호평 다수 (1건)
432437,웃는돼지,광주,북구,접근성_웨이팅,1,0,0,접근성_웨이팅 호평 다수 (1건)
521897|896105,웅이네꼬마김밥,전남,장흥군,맛,1,0,0,맛 호평 다수 (1건)
521897|896105,웅이네꼬마김밥,전남,장흥군,접근성_웨이팅,1,0,0,접근성_웨이팅 호평 다수 (1건)
192143,웅이네오돌뼈닭발도 봉선점,광주,남구,신선도,1,0,0,신선도 호평 다수 (1건)
516036|961963,웅파이 첨단점,광주,광산구,신선도,1,0,0,신선도 호평 다수 (1건)
519033,워터프론트 2호점,전남,무안군,신선도,1,0,0,신선도 호평 다수 (1건)
519033,워터프론트 2호점,전남,무안군,분위기,1,0,0,분위기 호평 다수 (1건)
432458,원국밥,광주,남구,양,1,0,0,양 호평 다수 (1건)
432459,원글라스,광주,광산구,맛,1,0,0,맛 호평 다수 (1건)
515905|961852,원기옥 비엔날레점,광주,북구,맛,1,0,0,맛 호평 다수 (1건)
515905|961852,원기옥 비엔날레점,광주,북구,분위기,1,0,0,분위기 호평 다수 (1건)
518510,원더풀명품찹쌀꽈배기,전남,구례군,신선도,1,0,0,신선도 호평 다수 (1건)
517889,원더풀찹쌀꽈배기 강진점,전남,강진군,서비스_친절도,1,0,0,서비스_친절도 호평 다수 (1건)
517889,원더풀찹쌀꽈배기 강진점,전남,강진군,접근성_웨이팅,1,0,0,접근성_웨이팅 호평 다수 (1건)
522776,원더풀찹쌀꽈배기,전남,해남군,맛,1,0,0,맛 호평 다수 (1건)
519333,원두막,전남,보성군,분위기,1,0,0,분위기 호평 다수 (1건)
522448|896419,원미기사식당,전남,함평군,맛,1,0,0,맛 호평 다수 (1건)
432471,원바틀,광주,북구,맛,1,0,0,맛 호평 다수 (1건)
432471,원바틀,광주,북구,가격,1,0,0,가격 호평 다수 (1건)
432472,원보,광주,북구,서비스_친절도,1,0,0,서비스_친절도 호평 다수 (1건)
432472,원보,광주,북구,분위기,1,0,0,분위기 호평 다수 (1건)
186829|427239,원스인어블루문,광주,동구,분위기,1,0,0,분위기 호평 다수 (1건)
432476,원아가든,광주,서구,맛,1,0,0,맛 호평 다수 (1건)
432476,원아가든,광주,서구,분위기,1,0,0,분위기 호평 다수 (1건)
432477|880158,원양참치초밥,광주,광산구,신선도,1,0,0,신선도 호평 다수 (1건)
432477|880158,원양참치초밥,광주,광산구,분위기,1,0,0,분위기 호평 다수 (1건)
419925,원예협동조합 구내식당,광주,서구,신선도,1,0,0,신선도 호평 다수 (1건)
419925,원예협동조합 구내식당,광주,서구,분위기,1,0,0,분위기 호평 다수 (1건)
432480,원이네,광주,남구,신선도,1,0,0,신선도 호평 다수 (1건)
432480,원이네,광주,남구,서비스_친절도,1,0,0,서비스_친절도 호평 다수 (1건)
432480,원이네,광주,남구,접근성_웨이팅,1,0,0,접근성_웨이팅 호평 다수 (1건)
432482,원일아구전문점,광주,남구,신선도,1,0,0,신선도 호평 다수 (1건)
432482,원일아구전문점,광주,남구,접근성_웨이팅,1,0,0,접근성_웨이팅 호평 다수 (1건)
419511,원조고향식당,광주,광산구,맛,1,0,0,맛 호평 다수 (1건)
432489,원조국밥,광주,광산구,맛,1,0,0,맛 호평 다수 (1건)
432489,원조국밥,광주,광산구,접근성_웨이팅,1,0,0,접근성_웨이팅 호평 다수 (1건)
522233|896308,원조나주곰탕,전남,진도군,서비스_친절도,1,0,0,서비스_친절도 호평 다수 (1건)
421117,원조나주곰탕봉선관,광주,남구,신선도,1,0,0,신선도 호평 다수 (1건)
432497,원조닭백숙 오리백숙,광주,북구,신선도,1,0,0,신선도 호평 다수 (1건)
518766|895147,원조담양숯불갈비,전남,담양군,양,1,0,0,양 호평 다수 (1건)
422248|432493,원조대청마루,광주,서구,접근성_웨이팅,1,0,0,접근성_웨이팅 호평 다수 (1건)
56950,원조동경낙지,전남,순천시,신선도,1,0,0,신선도 호평 다수 (1건)
56950,원조동경낙지,전남,순천시,위생_청결,1,0,0,위생_청결 호평 다수 (1건)
56950,원조동경낙지,전남,순천시,서비스_친절도,1,0,0,서비스_친절도 호평 다수 (1건)
432494,원조매일국밥,광주,북구,맛,1,0,0,맛 호평 다수 (1건)
432495,원조메기오모가리탕,광주,광산구,맛,1,0,0,맛 호평 다수 (1건)
432495,원조메기오모가리탕,광주,광산구,접근성_웨이팅,1,0,0,접근성_웨이팅 호평 다수 (1건)
432496,원조목살구이,광주,서구,맛,1,0,0,맛 호평 다수 (1건)
432496,원조목살구이,광주,서구,신선도,1,0,0,신선도 호평 다수 (1건)
024d62ef6bc1,원조목살집,전남,목포시,맛,1,0,0,맛 호평 다수 (1건)
024d62ef6bc1,원조목살집,전남,목포시,신선도,1,0,0,신선도 호평 다수 (1건)
518432,원조목화식당,전남,구례군,신선도,1,0,0,신선도 호평 다수 (1건)
432498,원조부안집 광주쌍촌점,광주,서구,맛,1,0,0,맛 호평 다수 (1건)
432498,원조부안집 광주쌍촌점,광주,서구,서비스_친절도,1,0,0,서비스_친절도 호평 다수 (1건)
432499|961639,원조삼희불낙,광주,동구,맛,1,0,0,맛 호평 다수 (1건)
432499|961639,원조삼희불낙,광주,동구,접근성_웨이팅,1,0,0,접근성_웨이팅 호평 다수 (1건)
185893,원조쌈밥집 광주첨단점,광주,광산구,맛,1,0,0,맛 호평 다수 (1건)
185893,원조쌈밥집 광주첨단점,광주,광산구,신선도,1,0,0,신선도 호평 다수 (1건)
432502,원조쌍촌할매 청진동해장국,광주,남구,맛,1,0,0,맛 호평 다수 (1건)
432502,원조쌍촌할매 청진동해장국,광주,남구,분위기,1,0,0,분위기 호평 다수 (1건)
432504,원조양동통닭,광주,북구,맛,1,0,0,맛 호평 다수 (1건)
432505,원조의정부부대찌개 첨단점,광주,광산구,맛,1,0,0,맛 호평 다수 (1건)
0061d844d4af,원조제일돌곱창,전남,목포시,신선도,1,0,0,신선도 호평 다수 (1건)
432507,원조족발,광주,광산구,맛,1,0,0,맛 호평 다수 (1건)
432507,원조족발,광주,광산구,신선도,1,0,0,신선도 호평 다수 (1건)
432508,원조창평갈비,광주,북구,접근성_웨이팅,1,0,0,접근성_웨이팅 호평 다수 (1건)
432510,원조천연순두부,광주,북구,맛,1,0,0,맛 호평 다수 (1건)
432511,원조춘천닭갈비,광주,북구,맛,1,0,0,맛 호평 다수 (1건)
432514,원조할매닭발 오치점,광주,북구,맛,1,0,0,맛 호평 다수 (1건)
192218,원조할매닭발,광주,북구,맛,1,0,0,맛 호평 다수 (1건)
519644,원참치&원스시,전남,영광군,맛,1,0,0,맛 호평 다수 (1건)
519644,원참치&원스시,전남,영광군,신선도,1,0,0,신선도 호평 다수 (1건)
400342,원푸드 광주,광주,광산구,맛,1,0,0,맛 호평 다수 (1건)
400342,원푸드 광주,광주,광산구,신선도,1,0,0,신선도 호평 다수 (1건)
432525,원피스,광주,동구,맛,1,0,0,맛 호평 다수 (1건)
432534,월,광주,북구,분위기,1,0,0,분위기 호평 다수 (1건)
432534,월,광주,북구,맛,1,0,0,맛 호평 다수 (1건)
432557,월곡 할매닭발,광주,서구,맛,1,0,0,맛 호평 다수 (1건)
432550,월곡고실네국밥,광주,광산구,신선도,1,0,0,신선도 호평 다수 (1건)
432553,월곡무까타,광주,광산구,신선도,1,0,0,신선도 호평 다수 (1건)
432553,월곡무까타,광주,광산구,접근성_웨이팅,1,0,0,접근성_웨이팅 호평 다수 (1건)
432554,월곡분식집,광주,광산구,맛,1,0,0,맛 호평 다수 (1건)
432554,월곡분식집,광주,광산구,접근성_웨이팅,1,0,0,접근성_웨이팅 호평 다수 (1건)
521660|895953,월남쌈 샤브 앤 구이 샤브명가,전남,장성군,맛,1,0,0,맛 호평 다수 (1건)
521660|895953,월남쌈 샤브 앤 구이 샤브명가,전남,장성군,신선도,1,0,0,신선도 호평 다수 (1건)
515727|961700,월남옥,광주,남구,서비스_친절도,1,0,0,서비스_친절도 호평 다수 (1건)
432565,월드컵식당,광주,서구,서비스_친절도,1,0,0,서비스_친절도 호평 다수 (1건)
432565,월드컵식당,광주,서구,접근성_웨이팅,1,0,0,접근성_웨이팅 호평 다수 (1건)
432572,월매주막전집,광주,서구,맛,1,0,0,맛 호평 다수 (1건)
432573,월산가든,광주,북구,접근성_웨이팅,1,0,0,접근성_웨이팅 호평 다수 (1건)
55172,월산공원식당,광주,남구,맛,1,0,0,맛 호평 다수 (1건)
55172,월산공원식당,광주,남구,분위기,1,0,0,분위기 호평 다수 (1건)
434197,월산동 조개품은포차,광주,남구,신선도,1,0,0,신선도 호평 다수 (1건)
432576,월산동식당,광주,남구,서비스_친절도,1,0,0,서비스_친절도 호평 다수 (1건)
9b5e234b1545,월세계다실,전남,여수시,신선도,1,0,0,신선도 호평 다수 (1건)
9b5e234b1545,월세계다실,전남,여수시,분위기,1,0,0,분위기 호평 다수 (1건)
522582|896493,월송한우촌 삼산점,전남,해남군,신선도,1,0,0,신선도 호평 다수 (1건)
522404|896403,월야숯불갈비,전남,함평군,맛,1,0,0,맛 호평 다수 (1건)
522404|896403,월야숯불갈비,전남,함평군,신선도,1,0,0,신선도 호평 다수 (1건)
432580,월영화반,광주,광산구,신선도,1,0,0,신선도 호평 다수 (1건)
432580,월영화반,광주,광산구,접근성_웨이팅,1,0,0,접근성_웨이팅 호평 다수 (1건)
517884,월오황토가,전남,강진군,분위기,1,0,0,분위기 호평 다수 (1건)
520080,월출도가,전남,영암군,분위기,1,0,0,분위기 호평 다수 (1건)
519944,월출산민물장어직매장,전남,영암군,맛,1,0,0,맛 호평 다수 (1건)
519944,월출산민물장어직매장,전남,영암군,신선도,1,0,0,신선도 호평 다수 (1건)
519944,월출산민물장어직매장,전남,영암군,가격,1,0,0,가격 호평 다수 (1건)
519993,월출산힘찬민물장어,전남,영암군,신선도,1,0,0,신선도 호평 다수 (1건)
517959,월출식당,전남,강진군,맛,1,0,0,맛 호평 다수 (1건)
517959,월출식당,전남,강진군,신선도,1,0,0,신선도 호평 다수 (1건)
518001,월포가든,전남,고흥군,신선도,1,0,0,신선도 호평 다수 (1건)
432584,월하리,광주,북구,신선도,1,0,0,신선도 호평 다수 (1건)
432584,월하리,광주,북구,분위기,1,0,0,분위기 호평 다수 (1건)
515889|961837,월하정,광주,북구,맛,1,0,0,맛 호평 다수 (1건)
515889|961837,월하정,광주,북구,신선도,1,0,0,신선도 호평 다수 (1건)
515889|961837,월하정,광주,북구,양,1,0,0,양 호평 다수 (1건)
432589,웨싸잇 용봉본점,광주,북구,맛,1,0,0,맛 호평 다수 (1건)
432589,웨싸잇 용봉본점,광주,북구,접근성_웨이팅,1,0,0,접근성_웨이팅 호평 다수 (1건)
432595,웰덤치킨 광주용봉점,광주,북구,맛,1,0,0,맛 호평 다수 (1건)
432595,웰덤치킨 광주용봉점,광주,북구,가격,1,0,0,가격 호평 다수 (1건)
432598,웰덤치킨 첨단점,광주,광산구,맛,1,0,0,맛 호평 다수 (1건)
432598,웰덤치킨 첨단점,광주,광산구,접근성_웨이팅,1,0,0,접근성_웨이팅 호평 다수 (1건)
517477,웰돈카츠&떡볶이 순천점,전남,순천시,맛,1,0,0,맛 호평 다수 (1건)
432602,웰빙밥상,광주,북구,맛,1,0,0,맛 호평 다수 (1건)
432602,웰빙밥상,광주,북구,접근성_웨이팅,1,0,0,접근성_웨이팅 호평 다수 (1건)
521026,웰빙산채마을,전남,순천시,맛,1,0,0,맛 호평 다수 (1건)
521026,웰빙산채마을,전남,순천시,신선도,1,0,0,신선도 호평 다수 (1건)
432605,웰빙식당,광주,북구,맛,1,0,0,맛 호평 다수 (1건)
432605,웰빙식당,광주,북구,신선도,1,0,0,신선도 호평 다수 (1건)
432606,웰빙왕족발,광주,남구,신선도,1,0,0,신선도 호평 다수 (1건)
432607,웰빙자연밥상,광주,광산구,맛,1,0,0,맛 호평 다수 (1건)
432607,웰빙자연밥상,광주,광산구,신선도,1,0,0,신선도 호평 다수 (1건)
432607,웰빙자연밥상,광주,광산구,분위기,1,0,0,분위기 호평 다수 (1건)
192310,웻노트,광주,서구,신선도,1,0,0,신선도 호평 다수 (1건)
192310,웻노트,광주,서구,서비스_친절도,1,0,0,서비스_친절도 호평 다수 (1건)
d6e613fc8225,위가네삼겹살 남평점,전남,나주시,맛,1,0,0,맛 호평 다수 (1건)
432617,위대한콩 본점,광주,북구,맛,1,0,0,맛 호평 다수 (1건)
432617,위대한콩 본점,광주,북구,신선도,1,0,0,신선도 호평 다수 (1건)
432619,위드,광주,서구,접근성_웨이팅,1,0,0,접근성_웨이팅 호평 다수 (1건)
192321,위드,광주,북구,맛,1,0,0,맛 호평 다수 (1건)
192321,위드,광주,북구,분위기,1,0,0,분위기 호평 다수 (1건)
dc49d0df8302,위드밀,광주,서구,신선도,1,0,0,신선도 호평 다수 (1건)
dc49d0df8302,위드밀,광주,서구,양,1,0,0,양 호평 다수 (1건)
523610,위드베이크,전남,목포시,맛,1,0,0,맛 호평 다수 (1건)
524067,위드유,전남,여수시,맛,1,0,0,맛 호평 다수 (1건)
524067,위드유,전남,여수시,분위기,1,0,0,분위기 호평 다수 (1건)
91f049dda762,위드치킨 여서점,전남,여수시,맛,1,0,0,맛 호평 다수 (1건)
91f049dda762,위드치킨 여서점,전남,여수시,신선도,1,0,0,신선도 호평 다수 (1건)
91f049dda762,위드치킨 여서점,전남,여수시,분위기,1,0,0,분위기 호평 다수 (1건)
523280|837164,위스테리아,전남,나주시,서비스_친절도,1,0,0,서비스_친절도 호평 다수 (1건)
523280|837164,위스테리아,전남,나주시,분위기,1,0,0,분위기 호평 다수 (1건)
192327|432626,위치버거,광주,서구,신선도,1,0,0,신선도 호평 다수 (1건)
432631,위트바,광주,남구,가격,1,0,0,가격 호평 다수 (1건)
432631,위트바,광주,남구,서비스_친절도,1,0,0,서비스_친절도 호평 다수 (1건)
6a421ddf747e,위트앤드,광주,동구,맛,1,0,0,맛 호평 다수 (1건)
432634,위향,광주,동구,맛,1,0,0,맛 호평 다수 (1건)
432635,윔즈,광주,서구,분위기,1,0,0,분위기 호평 다수 (1건)
539588|557854,유,전남,담양군,맛,1,0,0,맛 호평 다수 (1건)
539588|557854,유,전남,담양군,접근성_웨이팅,1,0,0,접근성_웨이팅 호평 다수 (1건)
432640,유건모밀,광주,광산구,맛,1,0,0,맛 호평 다수 (1건)
518238,유나네뼈다귀국밥,전남,곡성군,접근성_웨이팅,1,0,0,접근성_웨이팅 호평 다수 (1건)
ad425528b90e,유니대패삼겹살,광주,서구,맛,1,0,0,맛 호평 다수 (1건)
ad425528b90e,유니대패삼겹살,광주,서구,신선도,1,0,0,신선도 호평 다수 (1건)
432641,유니대패삽겹살,광주,서구,맛,1,0,0,맛 호평 다수 (1건)
432645,유달리 광주학동점,광주,동구,접근성_웨이팅,1,0,0,접근성_웨이팅 호평 다수 (1건)
432645,유달리 광주학동점,광주,동구,맛,1,0,0,맛 호평 다수 (1건)
432645,유달리 광주학동점,광주,동구,서비스_친절도,1,0,0,서비스_친절도 호평 다수 (1건)
192351,유달리 쌍촌점,광주,서구,맛,1,0,0,맛 호평 다수 (1건)
192351,유달리 쌍촌점,광주,서구,분위기,1,0,0,분위기 호평 다수 (1건)
436338,유달리 첨단대라수점,광주,광산구,신선도,1,0,0,신선도 호평 다수 (1건)
432647,유달리 첨단쌍암점,광주,광산구,신선도,1,0,0,신선도 호평 다수 (1건)
516083|962005,유달리 하남점,광주,광산구,맛,1,0,0,맛 호평 다수 (1건)
516083|962005,유달리 하남점,광주,광산구,서비스_친절도,1,0,0,서비스_친절도 호평 다수 (1건)
432653|880164,유달리 효천점,광주,남구,신선도,1,0,0,신선도 호평 다수 (1건)
432651|961643,유달리농성역점,광주,서구,맛,1,0,0,맛 호평 다수 (1건)
432651|961643,유달리농성역점,광주,서구,서비스_친절도,1,0,0,서비스_친절도 호평 다수 (1건)
432651|961643,유달리농성역점,광주,서구,분위기,1,0,0,분위기 호평 다수 (1건)
432652,유달리미즈피아점,광주,서구,서비스_친절도,1,0,0,서비스_친절도 호평 다수 (1건)
432652,유달리미즈피아점,광주,서구,분위기,1,0,0,분위기 호평 다수 (1건)
432652,유달리미즈피아점,광주,서구,맛,1,0,0,맛 호평 다수 (1건)
432652,유달리미즈피아점,광주,서구,신선도,1,0,0,신선도 호평 다수 (1건)
f11f9fc88e5d,유달면옥 본점,전남,목포시,맛,1,0,0,맛 호평 다수 (1건)
f11f9fc88e5d,유달면옥 본점,전남,목포시,신선도,1,0,0,신선도 호평 다수 (1건)
56956,유달산숯불갈비,전남,목포시,서비스_친절도,1,0,0,서비스_친절도 호평 다수 (1건)
56956,유달산숯불갈비,전남,목포시,서비스_친절도,1,0,0,서비스_친절도 호평 다수 (1건)
60c4e6d193ec,유달산주차장,전남,목포시,맛,1,0,0,맛 호평 다수 (1건)
60c4e6d193ec,유달산주차장,전남,목포시,접근성_웨이팅,1,0,0,접근성_웨이팅 호평 다수 (1건)
432654,유달식당,광주,북구,맛,1,0,0,맛 호평 다수 (1건)
432654,유달식당,광주,북구,서비스_친절도,1,0,0,서비스_친절도 호평 다수 (1건)
432662,유동맛집,광주,북구,신선도,1,0,0,신선도 호평 다수 (1건)
432662,유동맛집,광주,북구,분위기,1,0,0,분위기 호평 다수 (1건)
532812,유동민물장어,전남,담양군,맛,1,0,0,맛 호평 다수 (1건)
532812,유동민물장어,전남,담양군,신선도,1,0,0,신선도 호평 다수 (1건)
432663,유동아구찜,광주,북구,신선도,1,0,0,신선도 호평 다수 (1건)
522564|896481,유락횟집,전남,해남군,분위기,1,0,0,분위기 호평 다수 (1건)
56957,유락횟집,전남,해남군,맛,1,0,0,맛 호평 다수 (1건)
56957,유락횟집,전남,해남군,분위기,1,0,0,분위기 호평 다수 (1건)
836821|881690,유람선회센터 새조개 하모샤브샤브,전남,여수시,신선도,1,0,0,신선도 호평 다수 (1건)
432666,유럽식당,광주,광산구,신선도,1,0,0,신선도 호평 다수 (1건)
432667,유레카,광주,서구,분위기,1,0,0,분위기 호평 다수 (1건)
432667,유레카,광주,서구,접근성_웨이팅,1,0,0,접근성_웨이팅 호평 다수 (1건)
517895,유림수산횟집,전남,강진군,신선도,1,0,0,신선도 호평 다수 (1건)
432675|880166,유메,광주,광산구,분위기,0,1,0,분위기 언급 (1건)
432675|880166,유메,광주,광산구,접근성_웨이팅,0,1,0,접근성_웨이팅 언급 (1건)
432676,유메이,광주,동구,맛,1,0,0,맛 호평 다수 (1건)
432676,유메이,광주,동구,신선도,1,0,0,신선도 호평 다수 (1건)
432676,유메이,광주,동구,분위기,1,0,0,분위기 호평 다수 (1건)
517541,유명횟집,전남,여수시,신선도,1,0,0,신선도 호평 다수 (1건)
432681,유미김밥,광주,북구,신선도,1,0,0,신선도 호평 다수 (1건)
432684,유미식당,광주,서구,맛,1,0,0,맛 호평 다수 (1건)
432684,유미식당,광주,서구,신선도,1,0,0,신선도 호평 다수 (1건)
432684,유미식당,광주,서구,분위기,1,0,0,분위기 호평 다수 (1건)
e8e2a4bc4075,유생촌 목포남악점,전남,무안군,맛,1,0,0,맛 호평 다수 (1건)
e8e2a4bc4075,유생촌 목포남악점,전남,무안군,신선도,1,0,0,신선도 호평 다수 (1건)
432690,유선옥 두암본점,광주,동구,서비스_친절도,1,0,0,서비스_친절도 호평 다수 (1건)
432690,유선옥 두암본점,광주,동구,분위기,1,0,0,분위기 호평 다수 (1건)
519450,유성수산식당,전남,신안군,맛,1,0,0,맛 호평 다수 (1건)
519450,유성수산식당,전남,신안군,신선도,1,0,0,신선도 호평 다수 (1건)
432694,유성전집,광주,북구,접근성_웨이팅,1,0,0,접근성_웨이팅 호평 다수 (1건)
519353|895567,유성해장국,전남,보성군,접근성_웨이팅,1,0,0,접근성_웨이팅 호평 다수 (1건)
88668,유성횟집,전남,목포시,서비스_친절도,1,0,0,서비스_친절도 호평 다수 (1건)
88668,유성횟집,전남,목포시,분위기,1,0,0,분위기 호평 다수 (1건)
432697,유소바,광주,남구,맛,1,0,0,맛 호평 다수 (1건)
432700,유스,광주,광산구,맛,1,0,0,맛 호평 다수 (1건)
432700,유스,광주,광산구,신선도,1,0,0,신선도 호평 다수 (1건)
518956|895261,유유샤브 남악점,전남,무안군,접근성_웨이팅,1,0,0,접근성_웨이팅 호평 다수 (1건)
432705,유유샤브 수완점,광주,광산구,분위기,1,0,0,분위기 호평 다수 (1건)
517633,유자가든,전남,여수시,맛,1,0,0,맛 호평 다수 (1건)
432708,유자골순한우,광주,광산구,신선도,1,0,0,신선도 호평 다수 (1건)
524212,유쟈,전남,고흥군,맛,1,0,0,맛 호평 다수 (1건)
518493,유정가든,전남,구례군,신선도,1,0,0,신선도 호평 다수 (1건)
518493,유정가든,전남,구례군,위생_청결,1,0,0,위생_청결 호평 다수 (1건)
432713,유정식육식당,광주,광산구,접근성_웨이팅,1,0,0,접근성_웨이팅 호평 다수 (1건)
521583|895893,유진가든,전남,장성군,맛,1,0,0,맛 호평 다수 (1건)
521583|895893,유진가든,전남,장성군,분위기,1,0,0,분위기 호평 다수 (1건)
522829|896658,유진정,전남,화순군,맛,1,0,0,맛 호평 다수 (1건)
522606|896510,유진참치초밥,전남,해남군,신선도,1,0,0,신선도 호평 다수 (1건)
432721,유진회관,광주,남구,서비스_친절도,1,0,0,서비스_친절도 호평 다수 (1건)
516256|962132,유캔두잇 계림점,광주,동구,맛,1,0,0,맛 호평 다수 (1건)
432725,유쾌한꼬막 광주직영점,광주,북구,위생_청결,1,0,0,위생_청결 호평 다수 (1건)
432725,유쾌한꼬막 광주직영점,광주,북구,서비스_친절도,1,0,0,서비스_친절도 호평 다수 (1건)
521847|896068,유희의반상,전남,장흥군,맛,1,0,0,맛 호평 다수 (1건)
521847|896068,유희의반상,전남,장흥군,접근성_웨이팅,1,0,0,접근성_웨이팅 호평 다수 (1건)
192450,육감만족 북구점,광주,북구,맛,1,0,0,맛 호평 다수 (1건)
192450,육감만족 북구점,광주,북구,신선도,1,0,0,신선도 호평 다수 (1건)
432751,육대장 광주수완점,광주,광산구,접근성_웨이팅,1,0,0,접근성_웨이팅 호평 다수 (1건)
425404,육부장묵은지김치찌개,광주,북구,서비스_친절도,0,1,0,서비스_친절도 언급 (1건)
db95a9135b98,육비,전남,목포시,신선도,1,0,0,신선도 호평 다수 (1건)
519422|895618,육전주는 인생설곰탕 신안자은점,전남,신안군,맛,1,0,0,맛 호평 다수 (1건)
519422|895618,육전주는 인생설곰탕 신안자은점,전남,신안군,분위기,1,0,0,분위기 호평 다수 (1건)
99274,육해공 마을회관,전남,영광군,신선도,1,0,0,신선도 호평 다수 (1건)
419966,육해공구이마당,광주,북구,서비스_친절도,1,0,0,서비스_친절도 호평 다수 (1건)
192481,육회본가,광주,북구,신선도,1,0,0,신선도 호평 다수 (1건)
192494,윤가네 월남쌈,광주,남구,맛,1,0,0,맛 호평 다수 (1건)
192494,윤가네 월남쌈,광주,남구,신선도,1,0,0,신선도 호평 다수 (1건)
192494,윤가네 월남쌈,광주,남구,양,1,0,0,양 호평 다수 (1건)
192494,윤가네 월남쌈,광주,남구,서비스_친절도,1,0,0,서비스_친절도 호평 다수 (1건)
192494,윤가네 월남쌈,광주,남구,분위기,1,0,0,분위기 호평 다수 (1건)
400578|432784,윤가네 육개장,광주,광산구,맛,1,0,0,맛 호평 다수 (1건)
400578|432784,윤가네 육개장,광주,광산구,신선도,1,0,0,신선도 호평 다수 (1건)
432783,윤가네,광주,광산구,신선도,1,0,0,신선도 호평 다수 (1건)
515770|961738,윤가네나주곰탕,광주,남구,맛,1,0,0,맛 호평 다수 (1건)
515770|961738,윤가네나주곰탕,광주,남구,접근성_웨이팅,1,0,0,접근성_웨이팅 호평 다수 (1건)
e69a4315f3f1,윤가네생태탕,광주,광산구,신선도,1,0,0,신선도 호평 다수 (1건)
522954|896754,윤가만두,전남,화순군,위생_청결,1,0,0,위생_청결 호평 다수 (1건)
432792|880169,윤가앞족발,광주,광산구,서비스_친절도,1,0,0,서비스_친절도 호평 다수 (1건)
432794,윤꼬,광주,광산구,맛,1,0,0,맛 호평 다수 (1건)
432794,윤꼬,광주,광산구,분위기,1,0,0,분위기 호평 다수 (1건)
432800,윤스시,광주,북구,신선도,1,0,0,신선도 호평 다수 (1건)
432804,윤쓰,광주,광산구,맛,1,0,0,맛 호평 다수 (1건)
432805,윤쓰메밀,광주,북구,접근성_웨이팅,1,0,0,접근성_웨이팅 호평 다수 (1건)
432807,윤아네곱창,광주,광산구,신선도,1,0,0,신선도 호평 다수 (1건)
432807,윤아네곱창,광주,광산구,접근성_웨이팅,1,0,0,접근성_웨이팅 호평 다수 (1건)
432808,윤영,광주,남구,맛,1,0,0,맛 호평 다수 (1건)
88680,윤이네수산,전남,목포시,신선도,1,0,0,신선도 호평 다수 (1건)
88680,윤이네수산,전남,목포시,가격,1,0,0,가격 호평 다수 (1건)
518625,윤채밥상,전남,구례군,맛,1,0,0,맛 호평 다수 (1건)
518625,윤채밥상,전남,구례군,신선도,1,0,0,신선도 호평 다수 (1건)
432812,윤타코 본점,광주,서구,맛,1,0,0,맛 호평 다수 (1건)
432812,윤타코 본점,광주,서구,접근성_웨이팅,1,0,0,접근성_웨이팅 호평 다수 (1건)
432813,윤호식당,광주,남구,서비스_친절도,1,0,0,서비스_친절도 호평 다수 (1건)
432813,윤호식당,광주,남구,접근성_웨이팅,1,0,0,접근성_웨이팅 호평 다수 (1건)
522232,윤희네,전남,진도군,맛,1,0,0,맛 호평 다수 (1건)
522232,윤희네,전남,진도군,신선도,1,0,0,신선도 호평 다수 (1건)
522232,윤희네,전남,진도군,분위기,1,0,0,분위기 호평 다수 (1건)
519099|895369,윤희네뻘낙지전문점,전남,무안군,신선도,1,0,0,신선도 호평 다수 (1건)
519099|895369,윤희네뻘낙지전문점,전남,무안군,접근성_웨이팅,1,0,0,접근성_웨이팅 호평 다수 (1건)
518975|895275,율참치,전남,무안군,맛,1,0,0,맛 호평 다수 (1건)
518975|895275,율참치,전남,무안군,가격,1,0,0,가격 호평 다수 (1건)
519235|895478,율포 서가가마솥설렁탕,전남,보성군,맛,1,0,0,맛 호평 다수 (1건)
519308|895534,율포회센터,전남,보성군,신선도,1,0,0,신선도 호평 다수 (1건)
517799,으뜸식당,전남,강진군,맛,1,0,0,맛 호평 다수 (1건)
517799,으뜸식당,전남,강진군,신선도,1,0,0,신선도 호평 다수 (1건)
517799,으뜸식당,전남,강진군,서비스_친절도,1,0,0,서비스_친절도 호평 다수 (1건)
b7c02343c56b,으라차차 민물장어,전남,광양시,가격,1,0,0,가격 호평 다수 (1건)
b7c02343c56b,으라차차 민물장어,전남,광양시,양,1,0,0,양 호평 다수 (1건)
432839,은 테라스,광주,광산구,분위기,1,0,0,분위기 호평 다수 (1건)
432827,은성가마솥족발,광주,서구,맛,1,0,0,맛 호평 다수 (1건)
415aa8b45764,은성면옥,전남,광양시,신선도,1,0,0,신선도 호평 다수 (1건)
415aa8b45764,은성면옥,전남,광양시,접근성_웨이팅,1,0,0,접근성_웨이팅 호평 다수 (1건)
432831,은이식당,광주,남구,서비스_친절도,1,0,0,서비스_친절도 호평 다수 (1건)
432831,은이식당,광주,남구,접근성_웨이팅,1,0,0,접근성_웨이팅 호평 다수 (1건)
432832,은자네식당,광주,북구,맛,1,0,0,맛 호평 다수 (1건)
432832,은자네식당,광주,북구,분위기,1,0,0,분위기 호평 다수 (1건)
520066,은적산한우전문점,전남,영암군,신선도,1,0,0,신선도 호평 다수 (1건)
192538,은조루 두암점,광주,북구,맛,1,0,0,맛 호평 다수 (1건)
192538,은조루 두암점,광주,북구,분위기,1,0,0,분위기 호평 다수 (1건)
432837,은주네회맛집,광주,서구,신선도,1,0,0,신선도 호평 다수 (1건)
518601,은카롱,전남,구례군,맛,1,0,0,맛 호평 다수 (1건)
432840,은하네맛집,광주,남구,접근성_웨이팅,1,0,0,접근성_웨이팅 호평 다수 (1건)
432841,은하맛집,광주,북구,맛,1,0,0,맛 호평 다수 (1건)
432841,은하맛집,광주,북구,신선도,1,0,0,신선도 호평 다수 (1건)
432842,은하수,광주,서구,분위기,1,0,0,분위기 호평 다수 (1건)
521701|895976,은하정,전남,장성군,맛,1,0,0,맛 호평 다수 (1건)
521701|895976,은하정,전남,장성군,분위기,1,0,0,분위기 호평 다수 (1건)
432845,은행나무갈매기 송정4호점,광주,광산구,접근성_웨이팅,1,0,0,접근성_웨이팅 호평 다수 (1건)
432847,은행나무갈매기 하남지구13호점,광주,광산구,맛,1,0,0,맛 호평 다수 (1건)
432847,은행나무갈매기 하남지구13호점,광주,광산구,분위기,1,0,0,분위기 호평 다수 (1건)
522466,은행나무수산,전남,함평군,맛,1,0,0,맛 호평 다수 (1건)
522466,은행나무수산,전남,함평군,신선도,1,0,0,신선도 호평 다수 (1건)
522466,은행나무수산,전남,함평군,분위기,1,0,0,분위기 호평 다수 (1건)
432851,은혜왕김밥,광주,북구,맛,1,0,0,맛 호평 다수 (1건)
432851,은혜왕김밥,광주,북구,신선도,1,0,0,신선도 호평 다수 (1건)
432851,은혜왕김밥,광주,북구,접근성_웨이팅,1,0,0,접근성_웨이팅 호평 다수 (1건)
432855,은화수식당 광주수완점,광주,광산구,분위기,1,0,0,분위기 호평 다수 (1건)
432855,은화수식당 광주수완점,광주,광산구,접근성_웨이팅,1,0,0,접근성_웨이팅 호평 다수 (1건)
432863,음 맛있다,광주,광산구,맛,1,0,0,맛 호평 다수 (1건)
432863,음 맛있다,광주,광산구,신선도,1,0,0,신선도 호평 다수 (1건)
432874,읍내 조개집,광주,북구,신선도,1,0,0,신선도 호평 다수 (1건)
432874,읍내 조개집,광주,북구,접근성_웨이팅,1,0,0,접근성_웨이팅 호평 다수 (1건)
515961|961904,읍천리382 상무점,광주,서구,신선도,1,0,0,신선도 호평 다수 (1건)
515961|961904,읍천리382 상무점,광주,서구,양,1,0,0,양 호평 다수 (1건)
192583,응급실국물떡볶이 광주수완점,광주,광산구,맛,1,0,0,맛 호평 다수 (1건)
192582,응급실국물떡볶이 신창점,광주,광산구,맛,1,0,0,맛 호평 다수 (1건)
192582,응급실국물떡볶이 신창점,광주,광산구,신선도,1,0,0,신선도 호평 다수 (1건)
432880,응급실국물떡볶이 쌍촌점,광주,서구,신선도,1,0,0,신선도 호평 다수 (1건)
432884,응급실국물떡볶이 전남대점,광주,북구,접근성_웨이팅,1,0,0,접근성_웨이팅 호평 다수 (1건)
432888,의정부부대찌개,광주,서구,맛,1,0,0,맛 호평 다수 (1건)
419321,이가 고기도마 용봉점,광주,북구,맛,1,0,0,맛 호평 다수 (1건)
432892,이가네 나주곰탕,광주,광산구,신선도,1,0,0,신선도 호평 다수 (1건)
521912|896119,이가네,전남,장흥군,맛,1,0,0,맛 호평 다수 (1건)
521912|896119,이가네,전남,장흥군,접근성_웨이팅,1,0,0,접근성_웨이팅 호평 다수 (1건)
bcb8fa5728b8,이가네고기국수,전남,목포시,맛,1,0,0,맛 호평 다수 (1건)
bcb8fa5728b8,이가네고기국수,전남,목포시,신선도,1,0,0,신선도 호평 다수 (1건)
432891,이가네김밥,광주,서구,맛,1,0,0,맛 호평 다수 (1건)
432891,이가네김밥,광주,서구,신선도,1,0,0,신선도 호평 다수 (1건)
521736,이가네낙지,전남,장성군,맛,1,0,0,맛 호평 다수 (1건)
521736,이가네낙지,전남,장성군,신선도,1,0,0,신선도 호평 다수 (1건)
521736,이가네낙지,전남,장성군,접근성_웨이팅,1,0,0,접근성_웨이팅 호평 다수 (1건)
192598,이가네떡볶이 첨단점,광주,광산구,맛,1,0,0,맛 호평 다수 (1건)
192598,이가네떡볶이 첨단점,광주,광산구,신선도,1,0,0,신선도 호평 다수 (1건)
432895,이가네바지락칼국수팥죽,광주,광산구,신선도,1,0,0,신선도 호평 다수 (1건)
432896,이가네부대찌개,광주,북구,맛,1,0,0,맛 호평 다수 (1건)
432896,이가네부대찌개,광주,북구,신선도,1,0,0,신선도 호평 다수 (1건)
432896,이가네부대찌개,광주,북구,접근성_웨이팅,1,0,0,접근성_웨이팅 호평 다수 (1건)
432899,이가네통감자탕,광주,서구,양,1,0,0,양 호평 다수 (1건)
79909edea769,이가네푸드,전남,여수시,맛,1,0,0,맛 호평 다수 (1건)
79909edea769,이가네푸드,전남,여수시,서비스_친절도,1,0,0,서비스_친절도 호평 다수 (1건)
79909edea769,이가네푸드,전남,여수시,분위기,1,0,0,분위기 호평 다수 (1건)
198762|432900|438948,이가네한우방,광주,동구,신선도,1,0,0,신선도 호평 다수 (1건)
9411115c90fd,이가백반,전남,광양시,맛,1,0,0,맛 호평 다수 (1건)
9411115c90fd,이가백반,전남,광양시,가격,1,0,0,가격 호평 다수 (1건)
9411115c90fd,이가백반,전남,광양시,양,1,0,0,양 호평 다수 (1건)
9411115c90fd,이가백반,전남,광양시,분위기,1,0,0,분위기 호평 다수 (1건)
5205974fc4d8,이가본가,전남,목포시,분위기,1,0,0,분위기 호평 다수 (1건)
432902,이가옹구삼겹,광주,서구,신선도,1,0,0,신선도 호평 다수 (1건)
432902,이가옹구삼겹,광주,서구,분위기,1,0,0,분위기 호평 다수 (1건)
518433,이가원,전남,구례군,서비스_친절도,0,1,0,서비스_친절도 언급 (1건)
d08bb96e5283,이관우김밥,전남,여수시,가격,1,0,0,가격 호평 다수 (1건)
d08bb96e5283,이관우김밥,전남,여수시,서비스_친절도,1,0,0,서비스_친절도 호평 다수 (1건)
519387|895591,이대감식당,전남,보성군,맛,1,0,0,맛 호평 다수 (1건)
519387|895591,이대감식당,전남,보성군,양,1,0,0,양 호평 다수 (1건)
519387|895591,이대감식당,전남,보성군,분위기,1,0,0,분위기 호평 다수 (1건)
432920,이대포땔나무집 본점,광주,북구,맛,1,0,0,맛 호평 다수 (1건)
432921,이든바,광주,광산구,분위기,1,0,0,분위기 호평 다수 (1건)
432997|880178,이디엇,광주,광산구,분위기,1,0,0,분위기 호평 다수 (1건)
432998,이디엘301,광주,광산구,맛,1,0,0,맛 호평 다수 (1건)
432998,이디엘301,광주,광산구,신선도,1,0,0,신선도 호평 다수 (1건)
432998,이디엘301,광주,광산구,분위기,1,0,0,분위기 호평 다수 (1건)
522237,이량뷔페,전남,진도군,신선도,1,0,0,신선도 호평 다수 (1건)
433000,이레네맛뜰,광주,북구,신선도,1,0,0,신선도 호평 다수 (1건)
433002,이레정감자탕 운암점,광주,북구,접근성_웨이팅,1,0,0,접근성_웨이팅 호평 다수 (1건)
0accfdf95d8d,이루리,전남,나주시,서비스_친절도,1,0,0,서비스_친절도 호평 다수 (1건)
0accfdf95d8d,이루리,전남,나주시,분위기,1,0,0,분위기 호평 다수 (1건)
433006,이루카푸딩,광주,동구,신선도,1,0,0,신선도 호평 다수 (1건)
433006,이루카푸딩,광주,동구,접근성_웨이팅,1,0,0,접근성_웨이팅 호평 다수 (1건)
192713,이룸하우스,광주,남구,맛,1,0,0,맛 호평 다수 (1건)
192713,이룸하우스,광주,남구,분위기,1,0,0,분위기 호평 다수 (1건)
433023,이모가떴다,광주,광산구,접근성_웨이팅,1,0,0,접근성_웨이팅 호평 다수 (1건)
bc5697cc5f83,이모네 뼈해장국,전남,나주시,맛,1,0,0,맛 호평 다수 (1건)
bc5697cc5f83,이모네 뼈해장국,전남,나주시,신선도,1,0,0,신선도 호평 다수 (1건)
433031,이모네맛집,광주,광산구,맛,1,0,0,맛 호평 다수 (1건)
433031,이모네맛집,광주,광산구,신선도,1,0,0,신선도 호평 다수 (1건)
433031,이모네맛집,광주,광산구,접근성_웨이팅,1,0,0,접근성_웨이팅 호평 다수 (1건)
433032,이모네집밥,광주,광산구,맛,1,0,0,맛 호평 다수 (1건)
433032,이모네집밥,광주,광산구,신선도,1,0,0,신선도 호평 다수 (1건)
519078|895353,이모네칼국수,전남,무안군,맛,1,0,0,맛 호평 다수 (1건)
519078|895353,이모네칼국수,전남,무안군,분위기,1,0,0,분위기 호평 다수 (1건)
0f79fb0d9e06,이모식당,전남,목포시,맛,1,0,0,맛 호평 다수 (1건)
0f79fb0d9e06,이모식당,전남,목포시,분위기,1,0,0,분위기 호평 다수 (1건)
433035,이모오케이맛집,광주,동구,접근성_웨이팅,1,0,0,접근성_웨이팅 호평 다수 (1건)
433036,이뮨 죽&샐러드,광주,서구,신선도,1,0,0,신선도 호평 다수 (1건)
8bf14df512ef,이민창칼국수,전남,나주시,맛,1,0,0,맛 호평 다수 (1건)
8bf14df512ef,이민창칼국수,전남,나주시,분위기,1,0,0,분위기 호평 다수 (1건)
433038,이바구하우스,광주,북구,맛,1,0,0,맛 호평 다수 (1건)
433038,이바구하우스,광주,북구,신선도,1,0,0,신선도 호평 다수 (1건)
433050,이박사왕만두,광주,북구,맛,1,0,0,맛 호평 다수 (1건)
433050,이박사왕만두,광주,북구,가격,1,0,0,가격 호평 다수 (1건)
433050,이박사왕만두,광주,북구,접근성_웨이팅,1,0,0,접근성_웨이팅 호평 다수 (1건)
515780|961745,이브닝에메랄드,광주,남구,분위기,1,0,0,분위기 호평 다수 (1건)
433063,이비가짬뽕 광주두암점,광주,북구,신선도,1,0,0,신선도 호평 다수 (1건)
192765,이비가짬뽕 광주수완점,광주,광산구,맛,1,0,0,맛 호평 다수 (1건)
433066,이비가짬뽕 광주첨단점,광주,광산구,맛,1,0,0,맛 호평 다수 (1건)
433067,이비가짬뽕 광주풍암호수점,광주,서구,맛,1,0,0,맛 호평 다수 (1건)
433067,이비가짬뽕 광주풍암호수점,광주,서구,접근성_웨이팅,1,0,0,접근성_웨이팅 호평 다수 (1건)
433068,이비가짬뽕 광주효천진월점,광주,남구,맛,1,0,0,맛 호평 다수 (1건)
433068,이비가짬뽕 광주효천진월점,광주,남구,접근성_웨이팅,1,0,0,접근성_웨이팅 호평 다수 (1건)
698b2043180e,이비가짬뽕 나주혁신도시점,전남,나주시,가격,1,0,0,가격 호평 다수 (1건)
433065,이비가짬뽕 상무점,광주,서구,맛,1,0,0,맛 호평 다수 (1건)
433065,이비가짬뽕 상무점,광주,서구,신선도,1,0,0,신선도 호평 다수 (1건)
433095,이산정,광주,서구,접근성_웨이팅,1,0,0,접근성_웨이팅 호평 다수 (1건)
192801,이산타이,광주,광산구,맛,1,0,0,맛 호평 다수 (1건)
192801,이산타이,광주,광산구,분위기,1,0,0,분위기 호평 다수 (1건)
522990,이서가든,전남,화순군,맛,1,0,0,맛 호평 다수 (1건)
522990,이서가든,전남,화순군,신선도,1,0,0,신선도 호평 다수 (1건)
433099,이서방회사랑생선구이,광주,북구,신선도,1,0,0,신선도 호평 다수 (1건)
406250|433103,이성푸드함바식당,광주,북구,맛,1,0,0,맛 호평 다수 (1건)
515851|961808,이소양과점,광주,동구,맛,1,0,0,맛 호평 다수 (1건)
515851|961808,이소양과점,광주,동구,분위기,1,0,0,분위기 호평 다수 (1건)
2b6d98412cb0,이솝,전남,목포시,맛,1,0,0,맛 호평 다수 (1건)
2b6d98412cb0,이솝,전남,목포시,분위기,1,0,0,분위기 호평 다수 (1건)
433108,이슬농장,광주,북구,신선도,1,0,0,신선도 호평 다수 (1건)
433108,이슬농장,광주,북구,서비스_친절도,1,0,0,서비스_친절도 호평 다수 (1건)
430394,이승윤의알통떡강정 수완점,광주,광산구,신선도,1,0,0,신선도 호평 다수 (1건)
190074,이승윤의알통떡강정 운암점,광주,북구,맛,1,0,0,맛 호평 다수 (1건)
190074,이승윤의알통떡강정 운암점,광주,북구,신선도,1,0,0,신선도 호평 다수 (1건)
190076,이승윤의알통떡강정 풍암점,광주,서구,신선도,1,0,0,신선도 호평 다수 (1건)
433115|880181,이심김밥,광주,서구,신선도,1,0,0,신선도 호평 다수 (1건)
433115|880181,이심김밥,광주,서구,가격,1,0,0,가격 호평 다수 (1건)
433115|880181,이심김밥,광주,서구,서비스_친절도,1,0,0,서비스_친절도 호평 다수 (1건)
518003,이씨네수라간,전남,고흥군,맛,1,0,0,맛 호평 다수 (1건)
518003,이씨네수라간,전남,고흥군,신선도,1,0,0,신선도 호평 다수 (1건)
515928|961873,이씨네푸줏간 용봉점,광주,북구,맛,1,0,0,맛 호평 다수 (1건)
433119,이씨네푸줏간 운암점,광주,북구,맛,1,0,0,맛 호평 다수 (1건)
433119,이씨네푸줏간 운암점,광주,북구,신선도,1,0,0,신선도 호평 다수 (1건)
433121,이씨네푸줏간 하남점,광주,광산구,분위기,1,0,0,분위기 호평 다수 (1건)
433120,이씨네푸줏간,광주,서구,맛,1,0,0,맛 호평 다수 (1건)
6ce6ebdc6679,이씨부엌,전남,광양시,신선도,1,0,0,신선도 호평 다수 (1건)
6ce6ebdc6679,이씨부엌,전남,광양시,접근성_웨이팅,1,0,0,접근성_웨이팅 호평 다수 (1건)
192833,이어도,광주,동구,신선도,1,0,0,신선도 호평 다수 (1건)
433133,이영미궁중한방삼계탕 지산점,광주,동구,신선도,1,0,0,신선도 호평 다수 (1건)
433133,이영미궁중한방삼계탕 지산점,광주,동구,분위기,1,0,0,분위기 호평 다수 (1건)
516103|962022,이이남스튜디오,광주,남구,분위기,1,0,0,분위기 호평 다수 (1건)
192852,이조감자탕,광주,동구,가격,1,0,0,가격 호평 다수 (1건)
192852,이조감자탕,광주,동구,양,1,0,0,양 호평 다수 (1건)
522058|896207,이조삼계탕,전남,장흥군,분위기,1,0,0,분위기 호평 다수 (1건)
433152,이조왕족발,광주,광산구,신선도,1,0,0,신선도 호평 다수 (1건)
433153,이조참치운남점,광주,광산구,서비스_친절도,1,0,0,서비스_친절도 호평 다수 (1건)
433157,이좋은세상,광주,남구,맛,1,0,0,맛 호평 다수 (1건)
433159,이즈미,광주,북구,맛,1,0,0,맛 호평 다수 (1건)
433159,이즈미,광주,북구,신선도,1,0,0,신선도 호평 다수 (1건)
192868,이진오족발 쌍촌직영점,광주,서구,맛,1,0,0,맛 호평 다수 (1건)
433166,이쪼광천점,광주,서구,맛,1,0,0,맛 호평 다수 (1건)
433166,이쪼광천점,광주,서구,신선도,1,0,0,신선도 호평 다수 (1건)
433166,이쪼광천점,광주,서구,분위기,1,0,0,분위기 호평 다수 (1건)
192883,이춘봉인생치킨 남구청점,광주,남구,신선도,1,0,0,신선도 호평 다수 (1건)
a5edaa2ce142,이춘봉인생치킨 수완점,광주,광산구,맛,1,0,0,맛 호평 다수 (1건)
a5edaa2ce142,이춘봉인생치킨 수완점,광주,광산구,서비스_친절도,1,0,0,서비스_친절도 호평 다수 (1건)
a5edaa2ce142,이춘봉인생치킨 수완점,광주,광산구,분위기,1,0,0,분위기 호평 다수 (1건)
433181,이츠미 떡집,광주,북구,맛,1,0,0,맛 호평 다수 (1건)
433181,이츠미 떡집,광주,북구,신선도,1,0,0,신선도 호평 다수 (1건)
516203|962093,이치위치,광주,동구,맛,0,1,0,맛 언급 (1건)
516203|962093,이치위치,광주,동구,접근성_웨이팅,0,1,0,접근성_웨이팅 언급 (1건)
523450|837261,이케,전남,나주시,맛,1,0,0,맛 호평 다수 (1건)
523450|837261,이케,전남,나주시,서비스_친절도,1,0,0,서비스_친절도 호평 다수 (1건)
523450|837261,이케,전남,나주시,분위기,1,0,0,분위기 호평 다수 (1건)
433192,이태리 반점,전남,목포시,맛,1,0,0,맛 호평 다수 (1건)
433192,이태리 반점,전남,목포시,신선도,1,0,0,신선도 호평 다수 (1건)
433195,이태리수라간,광주,광산구,맛,0,1,0,맛 언급 (1건)
433196,이태백,광주,광산구,맛,1,0,0,맛 호평 다수 (1건)
519396|895596,이학식당,전남,신안군,분위기,1,0,0,분위기 호평 다수 (1건)
56960,이학식당,전남,해남군,신선도,1,0,0,신선도 호평 다수 (1건)
56960,이학식당,전남,해남군,서비스_친절도,1,0,0,서비스_친절도 호평 다수 (1건)
433207|880183,이헌한우 운암점,광주,북구,가격,1,0,0,가격 호평 다수 (1건)
192911,이헌한우,광주,서구,맛,1,0,0,맛 호평 다수 (1건)
433213,이화닭집,광주,서구,맛,1,0,0,맛 호평 다수 (1건)
433213,이화닭집,광주,서구,신선도,1,0,0,신선도 호평 다수 (1건)
433224,이화점,광주,동구,맛,1,0,0,맛 호평 다수 (1건)
433227,인계동인생껍데기,광주,광산구,가격,1,0,0,가격 호평 다수 (1건)
433227,인계동인생껍데기,광주,광산구,서비스_친절도,1,0,0,서비스_친절도 호평 다수 (1건)
433230,인더그루브,광주,동구,접근성_웨이팅,1,0,0,접근성_웨이팅 호평 다수 (1건)
192936,인더포레스트,광주,서구,분위기,1,0,0,분위기 호평 다수 (1건)
433236,인디아나,광주,서구,신선도,1,0,0,신선도 호평 다수 (1건)
433253,인생깐풍기,광주,동구,신선도,1,0,0,신선도 호평 다수 (1건)
1dd5219a07e0,인생꼬치,전남,목포시,맛,1,0,0,맛 호평 다수 (1건)
1dd5219a07e0,인생꼬치,전남,목포시,신선도,1,0,0,신선도 호평 다수 (1건)
518620,인생막창,전남,구례군,맛,1,0,0,맛 호평 다수 (1건)
518620,인생막창,전남,구례군,신선도,1,0,0,신선도 호평 다수 (1건)
5b2d56e139f7,인생역전집,전남,여수시,맛,1,0,0,맛 호평 다수 (1건)
192978,인생은나에게술한잔사주지,광주,북구,맛,1,0,0,맛 호평 다수 (1건)
192978,인생은나에게술한잔사주지,광주,북구,분위기,1,0,0,분위기 호평 다수 (1건)
433275,인생족발,광주,광산구,맛,1,0,0,맛 호평 다수 (1건)
192983,인생케밥,광주,광산구,맛,1,0,0,맛 호평 다수 (1건)
524157,인어공주,전남,여수시,분위기,1,0,0,분위기 호평 다수 (1건)
433294,인어스,광주,서구,맛,1,0,0,맛 호평 다수 (1건)
519551,인연,전남,신안군,맛,1,0,0,맛 호평 다수 (1건)
519551,인연,전남,신안군,분위기,1,0,0,분위기 호평 다수 (1건)
3939fba50e23,인정국수,전남,목포시,신선도,1,0,0,신선도 호평 다수 (1건)
520054,인지식당,전남,영암군,맛,1,0,0,맛 호평 다수 (1건)
520054,인지식당,전남,영암군,분위기,1,0,0,분위기 호평 다수 (1건)
880572|88781,일가무교동낙지담양점,전남,담양군,신선도,1,0,0,신선도 호평 다수 (1건)
433311,일곡 신 코다리,광주,북구,맛,1,0,0,맛 호평 다수 (1건)
433308,일곡백암순대,광주,북구,신선도,1,0,0,신선도 호평 다수 (1건)
433310,일곡수산,광주,북구,서비스_친절도,1,0,0,서비스_친절도 호평 다수 (1건)
433315,일곡추어탕,광주,북구,맛,1,0,0,맛 호평 다수 (1건)
433315,일곡추어탕,광주,북구,신선도,1,0,0,신선도 호평 다수 (1건)
433317,일곡풍천장어,광주,북구,신선도,1,0,0,신선도 호평 다수 (1건)
433318,일공공샤브&편백찜 풍암점,광주,서구,접근성_웨이팅,1,0,0,접근성_웨이팅 호평 다수 (1건)
521466,일공사,전남,완도군,신선도,1,0,0,신선도 호평 다수 (1건)
519312|895538,일등고기촌,전남,보성군,맛,1,0,0,맛 호평 다수 (1건)
519312|895538,일등고기촌,전남,보성군,신선도,1,0,0,신선도 호평 다수 (1건)
433329,일등밥상,광주,광산구,맛,1,0,0,맛 호평 다수 (1건)
433329,일등밥상,광주,광산구,서비스_친절도,1,0,0,서비스_친절도 호평 다수 (1건)
433332,일등식당,광주,북구,접근성_웨이팅,1,0,0,접근성_웨이팅 호평 다수 (1건)
433333,일등식육식당,광주,광산구,신선도,1,0,0,신선도 호평 다수 (1건)
193039,일등식육식당,광주,북구,신선도,1,0,0,신선도 호평 다수 (1건)
522115|896238,일등이채원국밥,전남,진도군,맛,1,0,0,맛 호평 다수 (1건)
ba9a613407a4,일등한우식육식당,전남,목포시,신선도,1,0,0,신선도 호평 다수 (1건)
ba9a613407a4,일등한우식육식당,전남,목포시,서비스_친절도,1,0,0,서비스_친절도 호평 다수 (1건)
433327,일등회관,광주,동구,신선도,1,0,0,신선도 호평 다수 (1건)
433338,일떡,광주,광산구,맛,1,0,0,맛 호평 다수 (1건)
433338,일떡,광주,광산구,신선도,1,0,0,신선도 호평 다수 (1건)
428500,일로,광주,남구,맛,1,0,0,맛 호평 다수 (1건)
428500,일로,광주,남구,가격,1,0,0,가격 호평 다수 (1건)
515642|880412,일로아구찜,광주,광산구,맛,1,0,0,맛 호평 다수 (1건)
515642|880412,일로아구찜,광주,광산구,신선도,1,0,0,신선도 호평 다수 (1건)
515642|880412,일로아구찜,광주,광산구,서비스_친절도,1,0,0,서비스_친절도 호평 다수 (1건)
433343,일루와,광주,광산구,맛,1,0,0,맛 호평 다수 (1건)
433345,일루이,광주,동구,맛,1,0,0,맛 호평 다수 (1건)
433345,일루이,광주,동구,서비스_친절도,1,0,0,서비스_친절도 호평 다수 (1건)
433345,일루이,광주,동구,분위기,1,0,0,분위기 호평 다수 (1건)
193058,일만족발 전남대점,광주,북구,서비스_친절도,1,0,0,서비스_친절도 호평 다수 (1건)
433355,일미리금계찜닭 광주 백운점,광주,남구,맛,1,0,0,맛 호평 다수 (1건)
433355,일미리금계찜닭 광주 백운점,광주,남구,신선도,1,0,0,신선도 호평 다수 (1건)
433357,일미리금계찜닭 광주 운암점,광주,북구,맛,1,0,0,맛 호평 다수 (1건)
433357,일미리금계찜닭 광주 운암점,광주,북구,신선도,1,0,0,신선도 호평 다수 (1건)
433358,일미리금계찜닭 광주 첨단점,광주,광산구,맛,1,0,0,맛 호평 다수 (1건)
433356,일미리금계찜닭 쌍촌점,광주,서구,맛,1,0,0,맛 호평 다수 (1건)
433356,일미리금계찜닭 쌍촌점,광주,서구,접근성_웨이팅,1,0,0,접근성_웨이팅 호평 다수 (1건)
2ec9cd428acd,일미막창,전남,광양시,신선도,1,0,0,신선도 호평 다수 (1건)
433359,일미분식,광주,서구,맛,1,0,0,맛 호평 다수 (1건)
520076,일미식육식당,전남,영암군,신선도,1,0,0,신선도 호평 다수 (1건)
433360,일미양꼬치,광주,북구,신선도,1,0,0,신선도 호평 다수 (1건)
433361,일미한우,광주,북구,가격,1,0,0,가격 호평 다수 (1건)
518489,일바치오,전남,구례군,맛,1,0,0,맛 호평 다수 (1건)
518489,일바치오,전남,구례군,분위기,1,0,0,분위기 호평 다수 (1건)
433365,"일발장전 & 볶음,탕",광주,광산구,맛,1,0,0,맛 호평 다수 (1건)
433368,일번지,광주,북구,맛,1,0,0,맛 호평 다수 (1건)
428358|433369,일번지국밥,광주,북구,맛,1,0,0,맛 호평 다수 (1건)
369c1120f0b7,일번지조개구이,전남,목포시,맛,1,0,0,맛 호평 다수 (1건)
369c1120f0b7,일번지조개구이,전남,목포시,신선도,1,0,0,신선도 호평 다수 (1건)
433372|438001,일번지푸드,광주,광산구,신선도,1,0,0,신선도 호평 다수 (1건)
522031|896190,일번지회센터,전남,장흥군,신선도,1,0,0,신선도 호평 다수 (1건)
522031|896190,일번지회센터,전남,장흥군,접근성_웨이팅,1,0,0,접근성_웨이팅 호평 다수 (1건)
433375,일빴따,광주,서구,서비스_친절도,1,0,0,서비스_친절도 호평 다수 (1건)
433375,일빴따,광주,서구,접근성_웨이팅,1,0,0,접근성_웨이팅 호평 다수 (1건)
193083,일빴따별관,광주,서구,맛,1,0,0,맛 호평 다수 (1건)
193083,일빴따별관,광주,서구,서비스_친절도,1,0,0,서비스_친절도 호평 다수 (1건)
433380,일송꽃게장,광주,광산구,맛,1,0,0,맛 호평 다수 (1건)
433380,일송꽃게장,광주,광산구,신선도,1,0,0,신선도 호평 다수 (1건)
c8132adf5bb8,일신김밥,광주,북구,맛,1,0,0,맛 호평 다수 (1건)
c8132adf5bb8,일신김밥,광주,북구,신선도,1,0,0,신선도 호평 다수 (1건)
433384|515890|961838,일신김밥팥죽,광주,북구,신선도,1,0,0,신선도 호평 다수 (1건)
433385,일신반점,광주,광산구,맛,1,0,0,맛 호평 다수 (1건)
433383,일신식육식당,광주,서구,맛,1,0,0,맛 호평 다수 (1건)
433383,일신식육식당,광주,서구,신선도,1,0,0,신선도 호평 다수 (1건)
433386,일신팥죽,광주,광산구,맛,1,0,0,맛 호평 다수 (1건)
433386,일신팥죽,광주,광산구,분위기,1,0,0,분위기 호평 다수 (1건)
433390,일오삼식당,전남,여수시,맛,1,0,0,맛 호평 다수 (1건)
433390,일오삼식당,전남,여수시,신선도,1,0,0,신선도 호평 다수 (1건)
433390,일오삼식당,전남,여수시,서비스_친절도,1,0,0,서비스_친절도 호평 다수 (1건)
198357|438551,일원,광주,서구,맛,1,0,0,맛 호평 다수 (1건)
198357|438551,일원,광주,서구,분위기,1,0,0,분위기 호평 다수 (1건)
518029,일조갈비,전남,고흥군,신선도,1,0,0,신선도 호평 다수 (1건)
518029,일조갈비,전남,고흥군,서비스_친절도,1,0,0,서비스_친절도 호평 다수 (1건)
518215,일조식당,전남,고흥군,신선도,1,0,0,신선도 호평 다수 (1건)
433395,일천석풍천장어직판장,광주,북구,신선도,1,0,0,신선도 호평 다수 (1건)
517354,일품,전남,순천시,신선도,1,0,0,신선도 호평 다수 (1건)
6b46f62a1aa4,일품대패 빛가람점,전남,나주시,맛,1,0,0,맛 호평 다수 (1건)
f474d7dc764a,일품대패,전남,목포시,신선도,1,0,0,신선도 호평 다수 (1건)
f474d7dc764a,일품대패,전남,목포시,서비스_친절도,1,0,0,서비스_친절도 호평 다수 (1건)
433401,일품명가 본점,광주,북구,맛,1,0,0,맛 호평 다수 (1건)
519305|895532,일품명가,전남,보성군,서비스_친절도,1,0,0,서비스_친절도 호평 다수 (1건)
519305|895532,일품명가,전남,보성군,접근성_웨이팅,1,0,0,접근성_웨이팅 호평 다수 (1건)
522897|896713,일품명가화순점,전남,화순군,맛,1,0,0,맛 호평 다수 (1건)
522897|896713,일품명가화순점,전남,화순군,가격,1,0,0,가격 호평 다수 (1건)
522897|896713,일품명가화순점,전남,화순군,서비스_친절도,1,0,0,서비스_친절도 호평 다수 (1건)
522897|896713,일품명가화순점,전남,화순군,분위기,1,0,0,분위기 호평 다수 (1건)
193113,일품양평해장국 광주산정점,광주,광산구,양,1,0,0,양 호평 다수 (1건)
433405,일품양평해장국 광주염주점,광주,서구,양,1,0,0,양 호평 다수 (1건)
433407,일품양평해장국 광주하남점,광주,광산구,양,1,0,0,양 호평 다수 (1건)
433404,일품양평해장국 어등산CC점,광주,광산구,양,1,0,0,양 호평 다수 (1건)
433404,일품양평해장국 어등산CC점,광주,광산구,분위기,1,0,0,분위기 호평 다수 (1건)
520134,일품양평해장국 완도점,전남,완도군,양,1,0,0,양 호평 다수 (1건)
520134,일품양평해장국 완도점,전남,완도군,분위기,1,0,0,분위기 호평 다수 (1건)
521890|896101,일품양평해장국 장흥점,전남,장흥군,양,1,0,0,양 호평 다수 (1건)
433411,일품한우무한리필전문점,광주,광산구,맛,1,0,0,맛 호평 다수 (1건)
433411,일품한우무한리필전문점,광주,광산구,양,1,0,0,양 호평 다수 (1건)
433412,일품향,광주,서구,맛,1,0,0,맛 호평 다수 (1건)
433412,일품향,광주,서구,분위기,1,0,0,분위기 호평 다수 (1건)
522258|896320,일학식당,전남,진도군,맛,1,0,0,맛 호평 다수 (1건)
522258|896320,일학식당,전남,진도군,신선도,1,0,0,신선도 호평 다수 (1건)
519599,일호수산,전남,신안군,맛,1,0,0,맛 호평 다수 (1건)
519599,일호수산,전남,신안군,신선도,1,0,0,신선도 호평 다수 (1건)
522277,일호점,전남,진도군,맛,1,0,0,맛 호평 다수 (1건)
518789,일화오엽,전남,담양군,맛,1,0,0,맛 호평 다수 (1건)
433420,임가네,광주,광산구,맛,1,0,0,맛 호평 다수 (1건)
522674|896560,임가네국밥,전남,해남군,맛,1,0,0,맛 호평 다수 (1건)
522674|896560,임가네국밥,전남,해남군,신선도,1,0,0,신선도 호평 다수 (1건)
433419,임가네수산,광주,광산구,맛,1,0,0,맛 호평 다수 (1건)
433419,임가네수산,광주,광산구,신선도,1,0,0,신선도 호평 다수 (1건)
433419,임가네수산,광주,광산구,분위기,1,0,0,분위기 호평 다수 (1건)
433421,임가네추어탕,전남,광양시,맛,1,0,0,맛 호평 다수 (1건)
433421,임가네추어탕,전남,광양시,서비스_친절도,1,0,0,서비스_친절도 호평 다수 (1건)
522006|896174,임가한우,전남,장흥군,신선도,1,0,0,신선도 호평 다수 (1건)
433422,임곡반점,광주,광산구,맛,1,0,0,맛 호평 다수 (1건)
433424,임곡통닭,광주,광산구,맛,1,0,0,맛 호평 다수 (1건)
515672|880437,임대장 광주첨단점,광주,광산구,맛,1,0,0,맛 호평 다수 (1건)
515672|880437,임대장 광주첨단점,광주,광산구,신선도,1,0,0,신선도 호평 다수 (1건)
433426,임동식육식당,광주,북구,신선도,1,0,0,신선도 호평 다수 (1건)
433426,임동식육식당,광주,북구,분위기,1,0,0,분위기 호평 다수 (1건)
433427,임동초밥집,광주,북구,맛,1,0,0,맛 호평 다수 (1건)
433427,임동초밥집,광주,북구,신선도,1,0,0,신선도 호평 다수 (1건)
517771,임실49피자 전남강진점,전남,강진군,신선도,1,0,0,신선도 호평 다수 (1건)
193143,임실N치즈피자 광주문흥점,광주,북구,맛,1,0,0,맛 호평 다수 (1건)
193143,임실N치즈피자 광주문흥점,광주,북구,신선도,1,0,0,신선도 호평 다수 (1건)
433433,임실N치즈피자 광주신창점,광주,광산구,맛,1,0,0,맛 호평 다수 (1건)
433433,임실N치즈피자 광주신창점,광주,광산구,신선도,1,0,0,신선도 호평 다수 (1건)
433445,임실N치즈피자 광주진월점,광주,남구,맛,1,0,0,맛 호평 다수 (1건)
433445,임실N치즈피자 광주진월점,광주,남구,신선도,1,0,0,신선도 호평 다수 (1건)
433440,임실N치즈피자 두암점,광주,북구,신선도,1,0,0,신선도 호평 다수 (1건)
433437,임실N치즈피자 첨단점,광주,광산구,서비스_친절도,1,0,0,서비스_친절도 호평 다수 (1건)
433434,임실N치즈피자광주일곡점,광주,북구,맛,1,0,0,맛 호평 다수 (1건)
433434,임실N치즈피자광주일곡점,광주,북구,분위기,1,0,0,분위기 호평 다수 (1건)
433436,임실댁가마솥추어탕,광주,동구,신선도,1,0,0,신선도 호평 다수 (1건)
522633,임실애치즈피자,전남,해남군,맛,1,0,0,맛 호평 다수 (1건)
522633,임실애치즈피자,전남,해남군,서비스_친절도,1,0,0,서비스_친절도 호평 다수 (1건)
193157,임실엔치즈피자 운암점,광주,북구,맛,1,0,0,맛 호평 다수 (1건)
193156,임실치즈피자 두암점,광주,북구,맛,1,0,0,맛 호평 다수 (1건)
193156,임실치즈피자 두암점,광주,북구,신선도,1,0,0,신선도 호평 다수 (1건)
433441,임실치즈피자 상공회의소점,광주,서구,접근성_웨이팅,1,0,0,접근성_웨이팅 호평 다수 (1건)
433451,임실치즈피자 운남점,광주,광산구,서비스_친절도,1,0,0,서비스_친절도 호평 다수 (1건)
433443,임실치즈피자 월곡점,광주,광산구,맛,1,0,0,맛 호평 다수 (1건)
433443,임실치즈피자 월곡점,광주,광산구,서비스_친절도,1,0,0,서비스_친절도 호평 다수 (1건)
522423,임실치즈피자,전남,함평군,맛,1,0,0,맛 호평 다수 (1건)
522423,임실치즈피자,전남,함평군,분위기,1,0,0,분위기 호평 다수 (1건)
438492,임실치즈피자앤치킨,광주,서구,맛,1,0,0,맛 호평 다수 (1건)
438492,임실치즈피자앤치킨,광주,서구,신선도,1,0,0,신선도 호평 다수 (1건)
519440|895633,임자도이야기,전남,신안군,맛,1,0,0,맛 호평 다수 (1건)
519440|895633,임자도이야기,전남,신안군,신선도,1,0,0,신선도 호평 다수 (1건)
519560|895703,임자도횟집,전남,신안군,신선도,1,0,0,신선도 호평 다수 (1건)
521772|896021,임정국밥,전남,장성군,맛,1,0,0,맛 호평 다수 (1건)
433458,임창정의소주한잔 광주상무점,광주,서구,접근성_웨이팅,1,0,0,접근성_웨이팅 호평 다수 (1건)
433456,임창정의소주한잔 광주수완점,광주,광산구,분위기,1,0,0,분위기 호평 다수 (1건)
1e2067db0cfa,입맛대로,전남,순천시,신선도,1,0,0,신선도 호평 다수 (1건)
433465,입큰아구찜&알곤이찜 광주수완점,광주,광산구,위생_청결,1,0,0,위생_청결 호평 다수 (1건)
433465,입큰아구찜&알곤이찜 광주수완점,광주,광산구,서비스_친절도,1,0,0,서비스_친절도 호평 다수 (1건)
433465,입큰아구찜&알곤이찜 광주수완점,광주,광산구,접근성_웨이팅,1,0,0,접근성_웨이팅 호평 다수 (1건)
193175,입큰아구찜&알곤이찜,광주,남구,맛,1,0,0,맛 호평 다수 (1건)
193175,입큰아구찜&알곤이찜,광주,남구,신선도,1,0,0,신선도 호평 다수 (1건)
524051|836972,잇댓쿠키,전남,여수시,맛,1,0,0,맛 호평 다수 (1건)
433469,잇벌트,광주,서구,접근성_웨이팅,1,0,0,접근성_웨이팅 호평 다수 (1건)
433474,잇샌드 상무점,광주,서구,맛,1,0,0,맛 호평 다수 (1건)
433474,잇샌드 상무점,광주,서구,접근성_웨이팅,1,0,0,접근성_웨이팅 호평 다수 (1건)
433470,잇샌드 운남점,광주,광산구,맛,1,0,0,맛 호평 다수 (1건)
193186,잇샌드 전남대점,광주,북구,신선도,1,0,0,신선도 호평 다수 (1건)
f8f42b003883,잇샌드 진월점,광주,남구,신선도,1,0,0,신선도 호평 다수 (1건)
193181,잇샌드 화정점,광주,서구,신선도,1,0,0,신선도 호평 다수 (1건)
37c5ee1d5040,잇수다목포,전남,목포시,맛,1,0,0,맛 호평 다수 (1건)
521476|895830,잎새,전남,완도군,맛,1,0,0,맛 호평 다수 (1건)
521476|895830,잎새,전남,완도군,분위기,1,0,0,분위기 호평 다수 (1건)
433484,자갈치브라더스 광주연제점,광주,북구,맛,1,0,0,맛 호평 다수 (1건)
433484,자갈치브라더스 광주연제점,광주,북구,위생_청결,1,0,0,위생_청결 호평 다수 (1건)
433485,자갈치포차,광주,서구,맛,1,0,0,맛 호평 다수 (1건)
433485,자갈치포차,광주,서구,신선도,1,0,0,신선도 호평 다수 (1건)
433485,자갈치포차,광주,서구,분위기,1,0,0,분위기 호평 다수 (1건)
433489,자금성중화요리,광주,북구,서비스_친절도,1,0,0,서비스_친절도 호평 다수 (1건)
524152,자드니에,전남,여수시,맛,1,0,0,맛 호평 다수 (1건)
521613|895917,자라봉,전남,장성군,맛,1,0,0,맛 호평 다수 (1건)
521613|895917,자라봉,전남,장성군,신선도,1,0,0,신선도 호평 다수 (1건)
433522,자라봉국밥,광주,북구,맛,1,0,0,맛 호평 다수 (1건)
433522,자라봉국밥,광주,북구,가격,1,0,0,가격 호평 다수 (1건)
433522,자라봉국밥,광주,북구,서비스_친절도,1,0,0,서비스_친절도 호평 다수 (1건)
433527,자리봉국밥 본점,광주,북구,신선도,1,0,0,신선도 호평 다수 (1건)
433529,자리정,광주,광산구,맛,1,0,0,맛 호평 다수 (1건)
433529,자리정,광주,광산구,서비스_친절도,1,0,0,서비스_친절도 호평 다수 (1건)
433529,자리정,광주,광산구,분위기,1,0,0,분위기 호평 다수 (1건)
433530,자마버거 소태점,광주,동구,맛,1,0,0,맛 호평 다수 (1건)
433530,자마버거 소태점,광주,동구,서비스_친절도,1,0,0,서비스_친절도 호평 다수 (1건)
522804,자마버거 화순점,전남,화순군,맛,1,0,0,맛 호평 다수 (1건)
522804,자마버거 화순점,전남,화순군,서비스_친절도,1,0,0,서비스_친절도 호평 다수 (1건)
519474|895651,자매감자탕,전남,신안군,양,1,0,0,양 호평 다수 (1건)
433545,자매떡볶이 농성점,광주,서구,맛,1,0,0,맛 호평 다수 (1건)
433535,자매떡볶이 산수점,광주,동구,가격,1,0,0,가격 호평 다수 (1건)
433535,자매떡볶이 산수점,광주,동구,접근성_웨이팅,1,0,0,접근성_웨이팅 호평 다수 (1건)
433536|880194,자매떡볶이 선운송정점,광주,광산구,맛,1,0,0,맛 호평 다수 (1건)
193254,자매떡볶이 수완점,광주,광산구,신선도,1,0,0,신선도 호평 다수 (1건)
433537,자매떡볶이 쌍촌점,광주,서구,맛,1,0,0,맛 호평 다수 (1건)
433538,자매떡볶이 양산점,광주,북구,분위기,1,0,0,분위기 호평 다수 (1건)
433546,자매떡볶이 용산지구점,광주,동구,신선도,1,0,0,신선도 호평 다수 (1건)
433541,자매떡볶이 주월백운점,광주,남구,맛,1,0,0,맛 호평 다수 (1건)
433541,자매떡볶이 주월백운점,광주,남구,양,1,0,0,양 호평 다수 (1건)
433540,자매떡볶이 첨단점,광주,광산구,맛,1,0,0,맛 호평 다수 (1건)
433540,자매떡볶이 첨단점,광주,광산구,분위기,1,0,0,분위기 호평 다수 (1건)
433548,자매떡볶이 충장로점,광주,동구,분위기,1,0,0,분위기 호평 다수 (1건)
433543,자매떡볶이 풍암점,광주,서구,신선도,1,0,0,신선도 호평 다수 (1건)
517353,자매밀방,전남,순천시,맛,1,0,0,맛 호평 다수 (1건)
433532|880193,자매생태탕,광주,북구,맛,1,0,0,맛 호평 다수 (1건)
433532|880193,자매생태탕,광주,북구,분위기,1,0,0,분위기 호평 다수 (1건)
433551,자매석쇠구이,광주,광산구,분위기,1,0,0,분위기 호평 다수 (1건)
433551,자매석쇠구이,광주,광산구,접근성_웨이팅,1,0,0,접근성_웨이팅 호평 다수 (1건)
433553,자매아구찜,광주,북구,맛,1,0,0,맛 호평 다수 (1건)
433553,자매아구찜,광주,북구,접근성_웨이팅,1,0,0,접근성_웨이팅 호평 다수 (1건)
433553,자매아구찜,광주,북구,맛,1,0,0,맛 호평 다수 (1건)
433553,자매아구찜,광주,북구,접근성_웨이팅,1,0,0,접근성_웨이팅 호평 다수 (1건)
433555,자매칼국수,광주,광산구,맛,1,0,0,맛 호평 다수 (1건)
433555,자매칼국수,광주,광산구,신선도,1,0,0,신선도 호평 다수 (1건)
433556,자매통닭&호프,광주,동구,접근성_웨이팅,1,0,0,접근성_웨이팅 호평 다수 (1건)
55179,자미원,광주,북구,분위기,1,0,0,분위기 호평 다수 (1건)
517457,자산어보,전남,순천시,맛,1,0,0,맛 호평 다수 (1건)
517457,자산어보,전남,순천시,분위기,1,0,0,분위기 호평 다수 (1건)
522978|896767,자산어보횟집,전남,화순군,신선도,1,0,0,신선도 호평 다수 (1건)
433561,자연고구마순감자탕 본점,광주,북구,서비스_친절도,1,0,0,서비스_친절도 호평 다수 (1건)
539406,자연도담,전남,고흥군,신선도,1,0,0,신선도 호평 다수 (1건)
518573,자연돼지 전남구례점,전남,구례군,위생_청결,1,0,0,위생_청결 호평 다수 (1건)
518573,자연돼지 전남구례점,전남,구례군,서비스_친절도,1,0,0,서비스_친절도 호평 다수 (1건)
518514,자연드림파크레스토랑,전남,구례군,맛,1,0,0,맛 호평 다수 (1건)
e6c434b6b1c8,자연바다,전남,나주시,신선도,1,0,0,신선도 호평 다수 (1건)
433568,자연밥상,광주,서구,맛,1,0,0,맛 호평 다수 (1건)
433572,자연산횟집,광주,북구,맛,1,0,0,맛 호평 다수 (1건)
433572,자연산횟집,광주,북구,신선도,1,0,0,신선도 호평 다수 (1건)
433734,자연세상장어마당,광주,서구,신선도,1,0,0,신선도 호평 다수 (1건)
433574,자연식당,광주,북구,맛,1,0,0,맛 호평 다수 (1건)
433574,자연식당,광주,북구,신선도,1,0,0,신선도 호평 다수 (1건)
461124f03a83,자연애 임실치즈피자서구점,광주,서구,신선도,1,0,0,신선도 호평 다수 (1건)
518626,자연임실치즈피자 피아골점,전남,구례군,신선도,0,1,0,신선도 언급 (1건)
518626,자연임실치즈피자 피아골점,전남,구례군,분위기,0,1,0,분위기 언급 (1건)
433578,자연정,광주,북구,맛,1,0,0,맛 호평 다수 (1건)
433578,자연정,광주,북구,신선도,1,0,0,신선도 호평 다수 (1건)
433579,자영감자탕,광주,남구,맛,1,0,0,맛 호평 다수 (1건)
522080|896215,자영이네,전남,진도군,신선도,1,0,0,신선도 호평 다수 (1건)
433580,자유공간,광주,북구,맛,1,0,0,맛 호평 다수 (1건)
433580,자유공간,광주,북구,신선도,1,0,0,신선도 호평 다수 (1건)
433580,자유공간,광주,북구,분위기,1,0,0,분위기 호평 다수 (1건)
519408|895604,자은도식당,전남,신안군,접근성_웨이팅,1,0,0,접근성_웨이팅 호평 다수 (1건)
433586,자작나무,광주,서구,접근성_웨이팅,1,0,0,접근성_웨이팅 호평 다수 (1건)
523481,자화만사성,전남,나주시,맛,1,0,0,맛 호평 다수 (1건)
3f28edefeff5,자화육,광주,북구,맛,1,0,0,맛 호평 다수 (1건)
433589,작업실,광주,동구,분위기,1,0,0,분위기 호평 다수 (1건)
522081|896216,작은갤러리,전남,진도군,분위기,1,0,0,분위기 호평 다수 (1건)
539474,작은공간,전남,곡성군,맛,1,0,0,맛 호평 다수 (1건)
433590,작은농원,광주,광산구,맛,1,0,0,맛 호평 다수 (1건)
433590,작은농원,광주,광산구,신선도,1,0,0,신선도 호평 다수 (1건)
433590,작은농원,광주,광산구,분위기,1,0,0,분위기 호평 다수 (1건)
433593,작은밥집,광주,남구,맛,1,0,0,맛 호평 다수 (1건)
433593,작은밥집,광주,남구,신선도,1,0,0,신선도 호평 다수 (1건)
56965,작은어촌,전남,여수시,맛,1,0,0,맛 호평 다수 (1건)
193315,잔들,광주,서구,접근성_웨이팅,1,0,0,접근성_웨이팅 호평 다수 (1건)
433605,잔비소,광주,북구,신선도,1,0,0,신선도 호평 다수 (1건)
433605,잔비소,광주,북구,서비스_친절도,1,0,0,서비스_친절도 호평 다수 (1건)
433611,잔치집국수,광주,광산구,맛,1,0,0,맛 호평 다수 (1건)
433612,잔칫집,광주,광산구,접근성_웨이팅,1,0,0,접근성_웨이팅 호평 다수 (1건)
433613,잘돼지연탄구이,광주,북구,맛,1,0,0,맛 호평 다수 (1건)
517517,잠수기장어탕식당,전남,여수시,맛,1,0,0,맛 호평 다수 (1건)
433616,잠실감자탕힘센낙지 호남지사직영점,광주,광산구,접근성_웨이팅,1,0,0,접근성_웨이팅 호평 다수 (1건)
433618,장가게,광주,서구,신선도,1,0,0,신선도 호평 다수 (1건)
433618,장가게,광주,서구,서비스_친절도,1,0,0,서비스_친절도 호평 다수 (1건)
193333,장가계,광주,동구,신선도,1,0,0,신선도 호평 다수 (1건)
433624|880197,장가계양꼬치,광주,광산구,분위기,1,0,0,분위기 호평 다수 (1건)
517851,장가네 한우곰탕,전남,강진군,맛,1,0,0,맛 호평 다수 (1건)
517851,장가네 한우곰탕,전남,강진군,신선도,1,0,0,신선도 호평 다수 (1건)
433628,장가네생태탕,광주,북구,신선도,1,0,0,신선도 호평 다수 (1건)
433628,장가네생태탕,광주,북구,접근성_웨이팅,1,0,0,접근성_웨이팅 호평 다수 (1건)
433632|880198,장군갈비,광주,서구,맛,1,0,0,맛 호평 다수 (1건)
433632|880198,장군갈비,광주,서구,신선도,1,0,0,신선도 호평 다수 (1건)
433632|880198,장군갈비,광주,서구,가격,1,0,0,가격 호평 다수 (1건)
836797,장군도만두,전남,여수시,맛,1,0,0,맛 호평 다수 (1건)
836797,장군도만두,전남,여수시,신선도,1,0,0,신선도 호평 다수 (1건)
56966,장군복어촌,전남,나주시,맛,1,0,0,맛 호평 다수 (1건)
56966,장군복어촌,전남,나주시,신선도,1,0,0,신선도 호평 다수 (1건)
433633,장군알요리전문점,광주,광산구,맛,1,0,0,맛 호평 다수 (1건)
433634,장군알탕 쌍촌본점,광주,서구,신선도,1,0,0,신선도 호평 다수 (1건)
519298,장군왕대포,전남,보성군,맛,1,0,0,맛 호평 다수 (1건)
519298,장군왕대포,전남,보성군,분위기,1,0,0,분위기 호평 다수 (1건)
433635,장군왕족발보쌈,광주,남구,맛,1,0,0,맛 호평 다수 (1건)
433635,장군왕족발보쌈,광주,남구,재방문의사,1,0,0,재방문의사 호평 다수 (1건)
433637,장군의족발,광주,서구,서비스_친절도,1,0,0,서비스_친절도 호평 다수 (1건)
433638,장군이네,광주,남구,서비스_친절도,1,0,0,서비스_친절도 호평 다수 (1건)
56967,장군일식,전남,광양시,서비스_친절도,1,0,0,서비스_친절도 호평 다수 (1건)
80879,장군족발,전남,목포시,맛,1,0,0,맛 호평 다수 (1건)
80879,장군족발,전남,목포시,신선도,1,0,0,신선도 호평 다수 (1건)
80879,장군족발,전남,목포시,가격,1,0,0,가격 호평 다수 (1건)
433640,장금이식당,광주,남구,맛,1,0,0,맛 호평 다수 (1건)
433640,장금이식당,광주,남구,신선도,1,0,0,신선도 호평 다수 (1건)
433644,장꾸닭,광주,서구,맛,1,0,0,맛 호평 다수 (1건)
433644,장꾸닭,광주,서구,신선도,1,0,0,신선도 호평 다수 (1건)
61b63b70c39b,장끄방횟집,전남,광양시,신선도,1,0,0,신선도 호평 다수 (1건)
433645,장덕생선구이,광주,광산구,신선도,1,0,0,신선도 호평 다수 (1건)
520228,장도식당슈퍼,전남,완도군,맛,1,0,0,맛 호평 다수 (1건)
520228,장도식당슈퍼,전남,완도군,분위기,1,0,0,분위기 호평 다수 (1건)
522050,장동산장,전남,장흥군,맛,1,0,0,맛 호평 다수 (1건)
433658,장모님닭숯불구이,광주,광산구,맛,1,0,0,맛 호평 다수 (1건)
433658,장모님닭숯불구이,광주,광산구,위생_청결,1,0,0,위생_청결 호평 다수 (1건)
433659,장모님추어탕,광주,동구,신선도,1,0,0,신선도 호평 다수 (1건)
433659,장모님추어탕,광주,동구,접근성_웨이팅,1,0,0,접근성_웨이팅 호평 다수 (1건)
433661,장모사랑,광주,동구,맛,1,0,0,맛 호평 다수 (1건)
520259,장미맨숀 완도점,전남,완도군,맛,1,0,0,맛 호평 다수 (1건)
520259,장미맨숀 완도점,전남,완도군,신선도,1,0,0,신선도 호평 다수 (1건)
520259,장미맨숀 완도점,전남,완도군,분위기,1,0,0,분위기 호평 다수 (1건)
433670,장미맨숀 우산점,광주,광산구,맛,1,0,0,맛 호평 다수 (1건)
433670,장미맨숀 우산점,광주,광산구,서비스_친절도,1,0,0,서비스_친절도 호평 다수 (1건)
433671,장미맨숀 전남대점,광주,북구,분위기,1,0,0,분위기 호평 다수 (1건)
433665,장미맨숀 진월점,광주,남구,맛,1,0,0,맛 호평 다수 (1건)
433665,장미맨숀 진월점,광주,남구,분위기,1,0,0,분위기 호평 다수 (1건)
433663,장미맨숀,광주,서구,분위기,1,0,0,분위기 호평 다수 (1건)
433674,장미식당,광주,광산구,맛,1,0,0,맛 호평 다수 (1건)
433674,장미식당,광주,광산구,서비스_친절도,1,0,0,서비스_친절도 호평 다수 (1건)
522049|896201,장비손만두만두점,전남,장흥군,맛,1,0,0,맛 호평 다수 (1건)
521757|896011,장성소머리국밥,전남,장성군,맛,1,0,0,맛 호평 다수 (1건)
521757|896011,장성소머리국밥,전남,장성군,서비스_친절도,1,0,0,서비스_친절도 호평 다수 (1건)
433689,장성식당,광주,서구,맛,1,0,0,맛 호평 다수 (1건)
433689,장성식당,광주,서구,접근성_웨이팅,1,0,0,접근성_웨이팅 호평 다수 (1건)
433686,장성오리탕,광주,북구,맛,1,0,0,맛 호평 다수 (1건)
433686,장성오리탕,광주,북구,신선도,1,0,0,신선도 호평 다수 (1건)
521671|895960,장성팥죽,전남,장성군,맛,1,0,0,맛 호평 다수 (1건)
521671|895960,장성팥죽,전남,장성군,신선도,1,0,0,신선도 호평 다수 (1건)
433690,장성해장국,광주,북구,맛,1,0,0,맛 호평 다수 (1건)
433690,장성해장국,광주,북구,신선도,1,0,0,신선도 호평 다수 (1건)
433690,장성해장국,광주,북구,분위기,1,0,0,분위기 호평 다수 (1건)
433693,장수갈비,광주,서구,맛,1,0,0,맛 호평 다수 (1건)
433693,장수갈비,광주,서구,신선도,1,0,0,신선도 호평 다수 (1건)
433695|880201,장수국밥,광주,광산구,맛,1,0,0,맛 호평 다수 (1건)
433696|880202,장수나주곰탕,광주,서구,맛,1,0,0,맛 호평 다수 (1건)
433698,장수마을 풍천장어,광주,서구,맛,1,0,0,맛 호평 다수 (1건)
433698,장수마을 풍천장어,광주,서구,접근성_웨이팅,1,0,0,접근성_웨이팅 호평 다수 (1건)
433699,장수반점,광주,광산구,맛,1,0,0,맛 호평 다수 (1건)
433699,장수반점,광주,광산구,신선도,1,0,0,신선도 호평 다수 (1건)
519793|895781,장수순대,전남,영광군,가격,1,0,0,가격 호평 다수 (1건)
433692|433703,장수순대국,광주,광산구,맛,1,0,0,맛 호평 다수 (1건)
433692|433703,장수순대국,광주,광산구,신선도,1,0,0,신선도 호평 다수 (1건)
518110,장수식당,전남,고흥군,신선도,1,0,0,신선도 호평 다수 (1건)
433705,장수옥갈비,광주,서구,맛,1,0,0,맛 호평 다수 (1건)
433705,장수옥갈비,광주,서구,신선도,1,0,0,신선도 호평 다수 (1건)
56969,장수옥설렁탕목포본점,전남,목포시,위생_청결,1,0,0,위생_청결 호평 다수 (1건)
433706,장수왕국밥,광주,광산구,맛,1,0,0,맛 호평 다수 (1건)
433706,장수왕국밥,광주,광산구,양,1,0,0,양 호평 다수 (1건)
433706,장수왕국밥,광주,광산구,접근성_웨이팅,1,0,0,접근성_웨이팅 호평 다수 (1건)
518520,장수왕족발,전남,구례군,신선도,1,0,0,신선도 호평 다수 (1건)
433708,장수원수육국밥,광주,북구,맛,1,0,0,맛 호평 다수 (1건)
520020,장수촌가든,전남,영암군,분위기,1,0,0,분위기 호평 다수 (1건)
517779,장수통닭,전남,강진군,맛,1,0,0,맛 호평 다수 (1건)
515707|880467,장수하늘소,광주,광산구,가격,1,0,0,가격 호평 다수 (1건)
433719,장수회식당,광주,서구,맛,1,0,0,맛 호평 다수 (1건)
433719,장수회식당,광주,서구,접근성_웨이팅,1,0,0,접근성_웨이팅 호평 다수 (1건)
433722,장안동왕족발순대,광주,남구,맛,1,0,0,맛 호평 다수 (1건)
433722,장안동왕족발순대,광주,남구,신선도,1,0,0,신선도 호평 다수 (1건)
522496,장안식당,전남,함평군,맛,1,0,0,맛 호평 다수 (1건)
433725,장안평,광주,북구,맛,1,0,0,맛 호평 다수 (1건)
433725,장안평,광주,북구,신선도,1,0,0,신선도 호평 다수 (1건)
522173|896272,장어랑돼지랑,전남,진도군,맛,1,0,0,맛 호평 다수 (1건)
522173|896272,장어랑돼지랑,전남,진도군,신선도,1,0,0,신선도 호평 다수 (1건)
433736,장어먹자,광주,남구,맛,1,0,0,맛 호평 다수 (1건)
433736,장어먹자,광주,남구,접근성_웨이팅,1,0,0,접근성_웨이팅 호평 다수 (1건)
425621,장어명가미소래,광주,북구,신선도,1,0,0,신선도 호평 다수 (1건)
518822|895172,장어명가직판장,전남,담양군,맛,1,0,0,맛 호평 다수 (1건)
518822|895172,장어명가직판장,전남,담양군,신선도,1,0,0,신선도 호평 다수 (1건)
433743,장어세상,광주,북구,맛,1,0,0,맛 호평 다수 (1건)
433743,장어세상,광주,북구,신선도,1,0,0,신선도 호평 다수 (1건)
521623|895926,장어야,전남,장성군,신선도,1,0,0,신선도 호평 다수 (1건)
55182,장어촌,광주,동구,맛,1,0,0,맛 호평 다수 (1건)
433745,장어총각,광주,서구,맛,1,0,0,맛 호평 다수 (1건)
433747,장어타운,광주,서구,신선도,1,0,0,신선도 호평 다수 (1건)
433748,장어하다 본점,광주,광산구,맛,1,0,0,맛 호평 다수 (1건)
433748,장어하다 본점,광주,광산구,신선도,1,0,0,신선도 호평 다수 (1건)
521718|895990,장원숯불갈비,전남,장성군,맛,1,0,0,맛 호평 다수 (1건)
521666|895957,장원식육식당,전남,장성군,맛,1,0,0,맛 호평 다수 (1건)
521666|895957,장원식육식당,전남,장성군,분위기,1,0,0,분위기 호평 다수 (1건)
433750,장원왕족발 동림동,광주,북구,맛,1,0,0,맛 호평 다수 (1건)
433750,장원왕족발 동림동,광주,북구,신선도,1,0,0,신선도 호평 다수 (1건)
433755,장원흑돼지숯불갈비,광주,북구,신선도,1,0,0,신선도 호평 다수 (1건)
433755,장원흑돼지숯불갈비,광주,북구,접근성_웨이팅,1,0,0,접근성_웨이팅 호평 다수 (1건)
433758,장인닭갈비,광주,서구,신선도,1,0,0,신선도 호평 다수 (1건)
433762|880204,장작패는돼지,광주,북구,서비스_친절도,1,0,0,서비스_친절도 호평 다수 (1건)
433762|880204,장작패는돼지,광주,북구,서비스_친절도,1,0,0,서비스_친절도 호평 다수 (1건)
433763,장충동본가왕족발,광주,남구,맛,1,0,0,맛 호평 다수 (1건)
433763,장충동본가왕족발,광주,남구,양,1,0,0,양 호평 다수 (1건)
433763,장충동본가왕족발,광주,남구,분위기,1,0,0,분위기 호평 다수 (1건)
519978,장충동왕족발 영암삼호점,전남,영암군,맛,1,0,0,맛 호평 다수 (1건)
519978,장충동왕족발 영암삼호점,전남,영암군,신선도,1,0,0,신선도 호평 다수 (1건)
519978,장충동왕족발 영암삼호점,전남,영암군,위생_청결,1,0,0,위생_청결 호평 다수 (1건)
bbafbeb7680b,장충동왕족발 임실피자,전남,진도군,맛,1,0,0,맛 호평 다수 (1건)
bbafbeb7680b,장충동왕족발 임실피자,전남,진도군,신선도,1,0,0,신선도 호평 다수 (1건)
433766,장충동원조왕족발보쌈,광주,북구,맛,1,0,0,맛 호평 다수 (1건)
433766,장충동원조왕족발보쌈,광주,북구,신선도,1,0,0,신선도 호평 다수 (1건)
193478,장충상회 충장로점,광주,동구,맛,1,0,0,맛 호평 다수 (1건)
193478,장충상회 충장로점,광주,동구,신선도,1,0,0,신선도 호평 다수 (1건)
56971,장터 하당점,전남,목포시,서비스_친절도,1,0,0,서비스_친절도 호평 다수 (1건)
56971,장터 하당점,전남,목포시,분위기,1,0,0,분위기 호평 다수 (1건)
433769,장터,광주,동구,맛,1,0,0,맛 호평 다수 (1건)
433769,장터,광주,동구,신선도,1,0,0,신선도 호평 다수 (1건)
507776,장터국밥 선운점,광주,광산구,맛,1,0,0,맛 호평 다수 (1건)
433775|880205,장터국밥,광주,동구,맛,1,0,0,맛 호평 다수 (1건)
522722|896590,장터뚝배기,전남,해남군,맛,1,0,0,맛 호평 다수 (1건)
520254,장터반점,전남,완도군,맛,1,0,0,맛 호평 다수 (1건)
433778,장터백반,광주,서구,맛,1,0,0,맛 호평 다수 (1건)
433778,장터백반,광주,서구,신선도,1,0,0,신선도 호평 다수 (1건)
433780,장터뼈다귀해장국,광주,광산구,맛,1,0,0,맛 호평 다수 (1건)
57255b97a7bd,장터뼈따귀해장국,광주,광산구,맛,1,0,0,맛 호평 다수 (1건)
57255b97a7bd,장터뼈따귀해장국,광주,광산구,신선도,1,0,0,신선도 호평 다수 (1건)
433781,장터식육식당,광주,서구,맛,1,0,0,맛 호평 다수 (1건)
433781,장터식육식당,광주,서구,신선도,1,0,0,신선도 호평 다수 (1건)
433782,장터원조식당,광주,광산구,맛,1,0,0,맛 호평 다수 (1건)
433782,장터원조식당,광주,광산구,서비스_친절도,1,0,0,서비스_친절도 호평 다수 (1건)
521630|895933,장터칼국수,전남,장성군,신선도,1,0,0,신선도 호평 다수 (1건)
519018|895309,장터털보식당,전남,무안군,신선도,1,0,0,신선도 호평 다수 (1건)
519018|895309,장터털보식당,전남,무안군,분위기,1,0,0,분위기 호평 다수 (1건)
501177,장터팥죽,광주,광산구,맛,1,0,0,맛 호평 다수 (1건)
433783,장터팥죽,광주,동구,맛,1,0,0,맛 호평 다수 (1건)
433783,장터팥죽,광주,동구,신선도,1,0,0,신선도 호평 다수 (1건)
522355|556377|896370,장터해장국,전남,함평군,신선도,1,0,0,신선도 호평 다수 (1건)
433785,장판대패삼겹,광주,남구,맛,1,0,0,맛 호평 다수 (1건)
433785,장판대패삼겹,광주,남구,신선도,1,0,0,신선도 호평 다수 (1건)
521864,장평관,전남,장흥군,신선도,1,0,0,신선도 호평 다수 (1건)
521988|896165,장평반점,전남,장흥군,신선도,1,0,0,신선도 호평 다수 (1건)
433786|880206,장풍화로,광주,서구,맛,1,0,0,맛 호평 다수 (1건)
521873|522022|896086|896183,장흥 화끈한한우,전남,장흥군,신선도,1,0,0,신선도 호평 다수 (1건)
433791,장흥밥집,광주,남구,맛,1,0,0,맛 호평 다수 (1건)
433791,장흥밥집,광주,남구,서비스_친절도,1,0,0,서비스_친절도 호평 다수 (1건)
433792,장흥수산 광주직영점,광주,북구,맛,1,0,0,맛 호평 다수 (1건)
433792,장흥수산 광주직영점,광주,북구,신선도,1,0,0,신선도 호평 다수 (1건)
522056|896206,장흥일등한우식당,전남,장흥군,맛,1,0,0,맛 호평 다수 (1건)
522056|896206,장흥일등한우식당,전남,장흥군,신선도,1,0,0,신선도 호평 다수 (1건)
193506,장흥한우 첨단점,광주,북구,신선도,1,0,0,신선도 호평 다수 (1건)
521843,장흥한우프라자,전남,장흥군,신선도,1,0,0,신선도 호평 다수 (1건)
522016,장흥한우협회농업회사법인,전남,장흥군,맛,1,0,0,맛 호평 다수 (1건)
522016,장흥한우협회농업회사법인,전남,장흥군,신선도,1,0,0,신선도 호평 다수 (1건)
433788,장흥횟집,광주,광산구,맛,1,0,0,맛 호평 다수 (1건)
433788,장흥횟집,광주,광산구,신선도,1,0,0,신선도 호평 다수 (1건)
522669,재마산장,전남,해남군,맛,1,0,0,맛 호평 다수 (1건)
522669,재마산장,전남,해남군,신선도,1,0,0,신선도 호평 다수 (1건)
433800,재주당 동명점,광주,동구,맛,1,0,0,맛 호평 다수 (1건)
433800,재주당 동명점,광주,동구,분위기,1,0,0,분위기 호평 다수 (1건)
433802,재주당 본점,광주,북구,분위기,1,0,0,분위기 호평 다수 (1건)
5330c34880dc,잭슨피자 첨단 시리단길점,광주,광산구,맛,1,0,0,맛 호평 다수 (1건)
5330c34880dc,잭슨피자 첨단 시리단길점,광주,광산구,신선도,1,0,0,신선도 호평 다수 (1건)
5330c34880dc,잭슨피자 첨단 시리단길점,광주,광산구,분위기,1,0,0,분위기 호평 다수 (1건)
433805,잭슨피자 첨단점,광주,광산구,신선도,1,0,0,신선도 호평 다수 (1건)
433805,잭슨피자 첨단점,광주,광산구,서비스_친절도,1,0,0,서비스_친절도 호평 다수 (1건)
e62604cea837,저기요&제주갈비 광주쌍촌동,광주,서구,신선도,1,0,0,신선도 호평 다수 (1건)
e62604cea837,저기요&제주갈비 광주쌍촌동,광주,서구,서비스_친절도,1,0,0,서비스_친절도 호평 다수 (1건)
e62604cea837,저기요&제주갈비 광주쌍촌동,광주,서구,분위기,1,0,0,분위기 호평 다수 (1건)
433810,저녁술상,광주,광산구,맛,1,0,0,맛 호평 다수 (1건)
433810,저녁술상,광주,광산구,분위기,1,0,0,분위기 호평 다수 (1건)
517770,저두맛집,전남,강진군,신선도,1,0,0,신선도 호평 다수 (1건)
517770,저두맛집,전남,강진군,양,1,0,0,양 호평 다수 (1건)
517770,저두맛집,전남,강진군,서비스_친절도,1,0,0,서비스_친절도 호평 다수 (1건)
433812,저세상김치찌개,광주,북구,맛,1,0,0,맛 호평 다수 (1건)
433812,저세상김치찌개,광주,북구,신선도,1,0,0,신선도 호평 다수 (1건)
ad58bd2500b2,저세상찌개,광주,북구,맛,1,0,0,맛 호평 다수 (1건)
ad58bd2500b2,저세상찌개,광주,북구,신선도,1,0,0,신선도 호평 다수 (1건)
423713,저스트라이크유,광주,남구,맛,1,0,0,맛 호평 다수 (1건)
423713,저스트라이크유,광주,남구,신선도,1,0,0,신선도 호평 다수 (1건)
423713,저스트라이크유,광주,남구,분위기,1,0,0,분위기 호평 다수 (1건)
433814,저스트텐동 동명점,광주,동구,맛,1,0,0,맛 호평 다수 (1건)
433814,저스트텐동 동명점,광주,동구,위생_청결,1,0,0,위생_청결 호평 다수 (1건)
433814,저스트텐동 동명점,광주,동구,서비스_친절도,1,0,0,서비스_친절도 호평 다수 (1건)
432222,저팔계,광주,서구,맛,1,0,0,맛 호평 다수 (1건)
432222,저팔계,광주,서구,신선도,1,0,0,신선도 호평 다수 (1건)
433818,저팔계왕족발,광주,북구,맛,1,0,0,맛 호평 다수 (1건)
433818,저팔계왕족발,광주,북구,가격,1,0,0,가격 호평 다수 (1건)
433820,전to전,광주,광산구,맛,1,0,0,맛 호평 다수 (1건)
433820,전to전,광주,광산구,분위기,1,0,0,분위기 호평 다수 (1건)
433822,전가복마라탕,광주,북구,양,1,0,0,양 호평 다수 (1건)
433823,전골나라,광주,광산구,신선도,1,0,0,신선도 호평 다수 (1건)
433825,전국3대치킨오성통닭 광주서구점,광주,서구,접근성_웨이팅,1,0,0,접근성_웨이팅 호평 다수 (1건)
433825,전국3대치킨오성통닭 광주서구점,광주,서구,맛,1,0,0,맛 호평 다수 (1건)
433825,전국3대치킨오성통닭 광주서구점,광주,서구,분위기,1,0,0,분위기 호평 다수 (1건)
433827,전국민여러분,광주,남구,맛,1,0,0,맛 호평 다수 (1건)
433827,전국민여러분,광주,남구,분위기,1,0,0,분위기 호평 다수 (1건)
434867,전대 쭈군,광주,북구,맛,1,0,0,맛 호평 다수 (1건)
434867,전대 쭈군,광주,북구,재방문의사,1,0,0,재방문의사 호평 다수 (1건)
433839,전대분식,광주,북구,신선도,1,0,0,신선도 호평 다수 (1건)
433856|961645,전라도 전집,광주,광산구,맛,1,0,0,맛 호평 다수 (1건)
433856|961645,전라도 전집,광주,광산구,신선도,1,0,0,신선도 호평 다수 (1건)
433842,전라도감자탕,광주,광산구,맛,1,0,0,맛 호평 다수 (1건)
433842,전라도감자탕,광주,광산구,신선도,1,0,0,신선도 호평 다수 (1건)
193558|879666,전라도맛집,광주,남구,신선도,1,0,0,신선도 호평 다수 (1건)
433846,전라도밥상,광주,서구,맛,1,0,0,맛 호평 다수 (1건)
433846,전라도밥상,광주,서구,신선도,1,0,0,신선도 호평 다수 (1건)
433849,전라도아구,광주,광산구,맛,1,0,0,맛 호평 다수 (1건)
433849,전라도아구,광주,광산구,신선도,1,0,0,신선도 호평 다수 (1건)
433853,전라도이야기 첨단점,광주,광산구,맛,1,0,0,맛 호평 다수 (1건)
433850,전라도이야기,광주,광산구,신선도,1,0,0,신선도 호평 다수 (1건)
433852,전라도이야기오치점,광주,북구,맛,1,0,0,맛 호평 다수 (1건)
433852,전라도이야기오치점,광주,북구,신선도,1,0,0,신선도 호평 다수 (1건)
433855,전라도인삼튀김,광주,광산구,맛,1,0,0,맛 호평 다수 (1건)
433855,전라도인삼튀김,광주,광산구,신선도,1,0,0,신선도 호평 다수 (1건)
433858|434554,전라도탕,광주,북구,맛,1,0,0,맛 호평 다수 (1건)
433858|434554,전라도탕,광주,북구,신선도,1,0,0,신선도 호평 다수 (1건)
433858|434554,전라도탕,광주,북구,분위기,1,0,0,분위기 호평 다수 (1건)
433859,전만이,광주,광산구,맛,1,0,0,맛 호평 다수 (1건)
433859,전만이,광주,광산구,신선도,1,0,0,신선도 호평 다수 (1건)
433859,전만이,광주,광산구,신선도,1,0,0,신선도 호평 다수 (1건)
193574|433860,전복낙지전문점,광주,북구,맛,1,0,0,맛 호평 다수 (1건)
193574|433860,전복낙지전문점,광주,북구,신선도,1,0,0,신선도 호평 다수 (1건)
193575|433861,전복명가 광주본점,광주,서구,신선도,1,0,0,신선도 호평 다수 (1건)
193575|433861,전복명가광주본점,광주,서구,맛,1,0,0,맛 호평 다수 (1건)
193575|433861,전복명가광주본점,광주,서구,신선도,1,0,0,신선도 호평 다수 (1건)
193575|433861,전복명가광주본점,광주,서구,분위기,1,0,0,분위기 호평 다수 (1건)
519832|895807,전복순 전통순대국밥,전남,영광군,신선도,1,0,0,신선도 호평 다수 (1건)
193576|193577|433862,전복이랑죽이랑,광주,서구,접근성_웨이팅,1,0,0,접근성_웨이팅 호평 다수 (1건)
193578|433864|879667|880207,전복이랑하누랑,광주,남구,맛,1,0,0,맛 호평 다수 (1건)
56973|880521,전복장터,전남,목포시,맛,1,0,0,맛 호평 다수 (1건)
193581,전부,광주,동구,맛,1,0,0,맛 호평 다수 (1건)
193581,전부,광주,동구,신선도,1,0,0,신선도 호평 다수 (1건)
1283ae534fb7,전설의김또깡고깃집,전남,나주시,맛,1,0,0,맛 호평 다수 (1건)
1283ae534fb7,전설의김또깡고깃집,전남,나주시,신선도,1,0,0,신선도 호평 다수 (1건)
193585|433871,전설의녹두주막,광주,동구,맛,1,0,0,맛 호평 다수 (1건)
193586|433872,전수성찬,광주,서구,맛,1,0,0,맛 호평 다수 (1건)
193587|433873,전승규 감자탕이야기,광주,북구,접근성_웨이팅,1,0,0,접근성_웨이팅 호평 다수 (1건)
433874,전승규감자탕이야기,광주,광산구,맛,1,0,0,맛 호평 다수 (1건)
433874,전승규감자탕이야기,광주,광산구,서비스_친절도,1,0,0,서비스_친절도 호평 다수 (1건)
193588,전승규감자탕이야기,광주,광산구,맛,1,0,0,맛 호평 다수 (1건)
193588,전승규감자탕이야기,광주,광산구,양,1,0,0,양 호평 다수 (1건)
193588,전승규감자탕이야기,광주,광산구,서비스_친절도,1,0,0,서비스_친절도 호평 다수 (1건)
193590|433876,전어랑숭어랑,광주,북구,신선도,1,0,0,신선도 호평 다수 (1건)
193590|433876,전어랑숭어랑,광주,북구,서비스_친절도,1,0,0,서비스_친절도 호평 다수 (1건)
193590|433876,전어랑숭어랑,광주,북구,분위기,1,0,0,분위기 호평 다수 (1건)
522275|896329,전여친,전남,진도군,맛,1,0,0,맛 호평 다수 (1건)
522275|896329,전여친,전남,진도군,신선도,1,0,0,신선도 호평 다수 (1건)
518449,전원가든,전남,구례군,맛,1,0,0,맛 호평 다수 (1건)
518449,전원가든,전남,구례군,신선도,1,0,0,신선도 호평 다수 (1건)
56975,전원가든,전남,구례군,맛,1,0,0,맛 호평 다수 (1건)
56975,전원가든,전남,구례군,신선도,1,0,0,신선도 호평 다수 (1건)
193591|433877,전원왕족발 학동점,광주,동구,신선도,1,0,0,신선도 호평 다수 (1건)
193596|433882,전원일기,광주,광산구,분위기,1,0,0,분위기 호평 다수 (1건)
522972|896763,전원회관,전남,화순군,맛,1,0,0,맛 호평 다수 (1건)
193597|433883,전이랑막걸리랑,광주,서구,신선도,1,0,0,신선도 호평 다수 (1건)
519472|895649,전장포항구식당,전남,신안군,맛,1,0,0,맛 호평 다수 (1건)
519472|895649,전장포항구식당,전남,신안군,신선도,1,0,0,신선도 호평 다수 (1건)
522610|896513,전주24시 늘조은콩나물국밥,전남,해남군,맛,1,0,0,맛 호평 다수 (1건)
522610|896513,전주24시 늘조은콩나물국밥,전남,해남군,접근성_웨이팅,1,0,0,접근성_웨이팅 호평 다수 (1건)
428421|433895,전주24시 참편한 콩나물 국밥,광주,남구,맛,1,0,0,맛 호평 다수 (1건)
428421|433895,전주24시 참편한 콩나물 국밥,광주,남구,신선도,1,0,0,신선도 호평 다수 (1건)
428421|433895,전주24시 참편한 콩나물 국밥,광주,남구,접근성_웨이팅,1,0,0,접근성_웨이팅 호평 다수 (1건)
193601|433887,전주24시더조은콩나물국밥 본점,광주,서구,맛,1,0,0,맛 호평 다수 (1건)
193601|433887,전주24시더조은콩나물국밥 본점,광주,서구,신선도,1,0,0,신선도 호평 다수 (1건)
433894,전주24시참편한39콩나물국밥,광주,광산구,분위기,1,0,0,분위기 호평 다수 (1건)
521805|896042,전주24시참편한콩나물국밥,전남,장성군,맛,1,0,0,맛 호평 다수 (1건)
521805|896042,전주24시참편한콩나물국밥,전남,장성군,신선도,1,0,0,신선도 호평 다수 (1건)
521595|895904,전주전통식당,전남,장성군,신선도,1,0,0,신선도 호평 다수 (1건)
521969|896153,전주콩나루콩나물국밥 장흥점,전남,장흥군,신선도,1,0,0,신선도 호평 다수 (1건)
518998|895294,전주콩나물국밥 콩주발,전남,무안군,신선도,1,0,0,신선도 호평 다수 (1건)
433903|880209,전주콩나물국밥,광주,남구,맛,1,0,0,맛 호평 다수 (1건)
517875,전주콩나물국밥유명한집,전남,강진군,맛,1,0,0,맛 호평 다수 (1건)
517875,전주콩나물국밥유명한집,전남,강진군,신선도,1,0,0,신선도 호평 다수 (1건)
433909,전철우빨강냉면,광주,서구,신선도,1,0,0,신선도 호평 다수 (1건)
433909,전철우빨강냉면,광주,서구,분위기,1,0,0,분위기 호평 다수 (1건)
433910,전통나주곰탕,전남,광양시,맛,1,0,0,맛 호평 다수 (1건)
433910,전통나주곰탕,광주,서구,맛,1,0,0,맛 호평 다수 (1건)
22d323fac271,전통만두,광주,북구,맛,1,0,0,맛 호평 다수 (1건)
433916,전통순대,광주,북구,맛,1,0,0,맛 호평 다수 (1건)
433916,전통순대,광주,북구,신선도,1,0,0,신선도 호평 다수 (1건)
433916,전통순대,광주,북구,접근성_웨이팅,1,0,0,접근성_웨이팅 호평 다수 (1건)
433918,전통순대국밥(화담),광주,동구,맛,1,0,0,맛 호평 다수 (1건)
433918,전통순대국밥(화담),광주,동구,신선도,1,0,0,신선도 호평 다수 (1건)
433917,전통순대국밥,광주,서구,맛,1,0,0,맛 호평 다수 (1건)
433917,전통순대국밥,광주,서구,신선도,1,0,0,신선도 호평 다수 (1건)
433917,전통순대국밥,광주,서구,서비스_친절도,1,0,0,서비스_친절도 호평 다수 (1건)
433917,전통순대국밥,광주,서구,재방문의사,1,0,0,재방문의사 호평 다수 (1건)
9c44d6edcc7f,전통순대국밥화담,광주,동구,맛,1,0,0,맛 호평 다수 (1건)
9c44d6edcc7f,전통순대국밥화담,광주,동구,신선도,1,0,0,신선도 호평 다수 (1건)
9c44d6edcc7f,전통순대국밥화담,광주,동구,분위기,1,0,0,분위기 호평 다수 (1건)
193633|433919,전통시골손두부,광주,북구,맛,1,0,0,맛 호평 다수 (1건)
193633|433919,전통시골손두부,광주,북구,신선도,1,0,0,신선도 호평 다수 (1건)
189154|193634|429518|433920,전통시장국밥,광주,북구,맛,1,0,0,맛 호평 다수 (1건)
189154|193634|429518|433920,전통시장국밥,광주,북구,신선도,1,0,0,신선도 호평 다수 (1건)
193638|433924,전통창평국밥,광주,남구,신선도,1,0,0,신선도 호평 다수 (1건)
4a1390419dfd,전통항아리보쌈,전남,나주시,신선도,0,1,0,신선도 언급 (1건)
523443|837248,절굿대달토끼,전남,나주시,맛,1,0,0,맛 호평 다수 (1건)
523443|837248,절굿대달토끼,전남,나주시,분위기,1,0,0,분위기 호평 다수 (1건)
db1704196ee0,절라도,전남,담양군,맛,1,0,0,맛 호평 다수 (1건)
db1704196ee0,절라도,전남,담양군,신선도,1,0,0,신선도 호평 다수 (1건)
db1704196ee0,절라도,전남,담양군,분위기,1,0,0,분위기 호평 다수 (1건)
518131,점암반점,전남,고흥군,맛,1,0,0,맛 호평 다수 (1건)
193652,정 참치상회,광주,북구,신선도,1,0,0,신선도 호평 다수 (1건)
193652,정 참치상회,광주,북구,가격,1,0,0,가격 호평 다수 (1건)
518906,정,전남,무안군,맛,1,0,0,맛 호평 다수 (1건)
518906,정,전남,무안군,분위기,1,0,0,분위기 호평 다수 (1건)
193651,정,광주,광산구,맛,1,0,0,맛 호평 다수 (1건)
193651,정,광주,광산구,분위기,1,0,0,분위기 호평 다수 (1건)
433940,정가네,광주,서구,맛,1,0,0,맛 호평 다수 (1건)
433940,정가네,광주,서구,신선도,1,0,0,신선도 호평 다수 (1건)
433941,정가네가마솥오리탕,광주,서구,맛,1,0,0,맛 호평 다수 (1건)
433942,정가네감자탕국밥,광주,서구,신선도,1,0,0,신선도 호평 다수 (1건)
193657|433943,정가네김밥,광주,북구,맛,1,0,0,맛 호평 다수 (1건)
193657|433943,정가네김밥,광주,북구,신선도,1,0,0,신선도 호평 다수 (1건)
433939,정가네김치찌개,광주,광산구,맛,1,0,0,맛 호평 다수 (1건)
433939,정가네김치찌개,광주,광산구,신선도,1,0,0,신선도 호평 다수 (1건)
193658|433944,정가네나주곰탕,광주,북구,맛,1,0,0,맛 호평 다수 (1건)
193658|433944,정가네나주곰탕,광주,북구,신선도,1,0,0,신선도 호평 다수 (1건)
519415|895611,정가네백반뷔페,전남,신안군,신선도,1,0,0,신선도 호평 다수 (1건)
193659|433945,정가네생삼겹,광주,광산구,신선도,1,0,0,신선도 호평 다수 (1건)
7391e5d0e82c,정가네숯불갈비,광주,광산구,맛,1,0,0,맛 호평 다수 (1건)
7391e5d0e82c,정가네숯불갈비,광주,광산구,신선도,1,0,0,신선도 호평 다수 (1건)
193661|433947,정가네숯불구이,광주,광산구,신선도,1,0,0,신선도 호평 다수 (1건)
193662|433948,정가네옹기맛,광주,서구,맛,1,0,0,맛 호평 다수 (1건)
193663|433949|880210,정가네왕순대,광주,광산구,맛,1,0,0,맛 호평 다수 (1건)
519157|895414,정가네원조꼬막회관,전남,보성군,맛,1,0,0,맛 호평 다수 (1건)
519157|895414,정가네원조꼬막회관,전남,보성군,신선도,1,0,0,신선도 호평 다수 (1건)
56979,정가네원조꼬막회관,전남,보성군,맛,1,0,0,맛 호평 다수 (1건)
56979,정가네원조꼬막회관,전남,보성군,신선도,1,0,0,신선도 호평 다수 (1건)
433951,정가네초밥,광주,광산구,맛,1,0,0,맛 호평 다수 (1건)
433951,정가네초밥,광주,광산구,신선도,1,0,0,신선도 호평 다수 (1건)
193665,정가네초밥,광주,광산구,맛,1,0,0,맛 호평 다수 (1건)
193665,정가네초밥,광주,광산구,신선도,1,0,0,신선도 호평 다수 (1건)
193665,정가네초밥,광주,광산구,가격,1,0,0,가격 호평 다수 (1건)
518963|895267,정가네촌닭숯불구이,전남,무안군,접근성_웨이팅,1,0,0,접근성_웨이팅 호평 다수 (1건)
522012,정가네한방족발보쌈,전남,장흥군,맛,1,0,0,맛 호평 다수 (1건)
522012,정가네한방족발보쌈,전남,장흥군,위생_청결,1,0,0,위생_청결 호평 다수 (1건)
522012,정가네한방족발보쌈,전남,장흥군,분위기,1,0,0,분위기 호평 다수 (1건)
193669|433955,정가왕만두 문흥점,광주,북구,맛,1,0,0,맛 호평 다수 (1건)
193673,정가왕만두 양산점,광주,북구,맛,1,0,0,맛 호평 다수 (1건)
193674|433960,정가왕만두 일곡점,광주,북구,맛,1,0,0,맛 호평 다수 (1건)
193674|433960,정가왕만두 일곡점,광주,북구,분위기,1,0,0,분위기 호평 다수 (1건)
1ad8b00fd1fb,정가왕만두 풍암본점,광주,서구,맛,1,0,0,맛 호평 다수 (1건)
1ad8b00fd1fb,정가왕만두 풍암본점,광주,서구,신선도,1,0,0,신선도 호평 다수 (1건)
193680|433965|880211,정광석항아리보쌈 계림점,광주,동구,분위기,1,0,0,분위기 호평 다수 (1건)
837064,정광석항아리보쌈 나주점,전남,나주시,맛,1,0,0,맛 호평 다수 (1건)
837064,정광석항아리보쌈 나주점,전남,나주시,신선도,1,0,0,신선도 호평 다수 (1건)
193681,정광석항아리보쌈 매월점,광주,서구,맛,1,0,0,맛 호평 다수 (1건)
515629|880400,정광석항아리보쌈 첨단점,광주,광산구,분위기,1,0,0,분위기 호평 다수 (1건)
515629|880400,정광석항아리보쌈 첨단점,광주,광산구,접근성_웨이팅,1,0,0,접근성_웨이팅 호평 다수 (1건)
521719|895991,정광석항아리보쌈,전남,장성군,맛,1,0,0,맛 호평 다수 (1건)
193677,정광석항아리보쌈,광주,서구,위생_청결,1,0,0,위생_청결 호평 다수 (1건)
193677,정광석항아리보쌈,광주,서구,서비스_친절도,1,0,0,서비스_친절도 호평 다수 (1건)
193677,정광석항아리보쌈,광주,서구,분위기,1,0,0,분위기 호평 다수 (1건)
193684|433969,정구네식당,광주,광산구,맛,1,0,0,맛 호평 다수 (1건)
193684|433969,정구네식당,광주,광산구,분위기,1,0,0,분위기 호평 다수 (1건)
eec5c443e1ab,정글북 광주금동,광주,동구,신선도,1,0,0,신선도 호평 다수 (1건)
eec5c443e1ab,정글북 광주금동,광주,동구,분위기,1,0,0,분위기 호평 다수 (1건)
e891118b16ca,정글북,광주,동구,맛,1,0,0,맛 호평 다수 (1건)
e891118b16ca,정글북,광주,동구,분위기,1,0,0,분위기 호평 다수 (1건)
521974|896156,정남진갈치전문점,전남,장흥군,신선도,1,0,0,신선도 호평 다수 (1건)
433971,정남진장흥한우 첨단점,광주,광산구,맛,1,0,0,맛 호평 다수 (1건)
433970,정남진장흥한우,광주,북구,접근성_웨이팅,1,0,0,접근성_웨이팅 호평 다수 (1건)
521998|896170,정남진전망대횟집,전남,장흥군,맛,1,0,0,맛 호평 다수 (1건)
521998|896170,정남진전망대횟집,전남,장흥군,신선도,1,0,0,신선도 호평 다수 (1건)
521998|896170,정남진전망대횟집,전남,장흥군,분위기,1,0,0,분위기 호평 다수 (1건)
521857|896075,정남진코뚜레한우,전남,장흥군,서비스_친절도,1,0,0,서비스_친절도 호평 다수 (1건)
521857|896075,정남진코뚜레한우,전남,장흥군,재방문의사,1,0,0,재방문의사 호평 다수 (1건)
518079,정다운식당,전남,고흥군,맛,1,0,0,맛 호평 다수 (1건)
518079,정다운식당,전남,고흥군,분위기,1,0,0,분위기 호평 다수 (1건)
515626|880397,정담 칼국수&샤브샤브 수완지구점,광주,광산구,맛,1,0,0,맛 호평 다수 (1건)
519225|895469,정담,전남,보성군,맛,1,0,0,맛 호평 다수 (1건)
519225|895469,정담,전남,보성군,신선도,1,0,0,신선도 호평 다수 (1건)
433974,정담,광주,서구,신선도,1,0,0,신선도 호평 다수 (1건)
433974,정담,광주,서구,분위기,1,0,0,분위기 호평 다수 (1건)
433976,정담푸드,광주,광산구,맛,1,0,0,맛 호평 다수 (1건)
433976,정담푸드,광주,광산구,신선도,1,0,0,신선도 호평 다수 (1건)
433976,정담푸드,광주,광산구,접근성_웨이팅,1,0,0,접근성_웨이팅 호평 다수 (1건)
433976,정담푸드,광주,광산구,맛,1,0,0,맛 호평 다수 (1건)
433976,정담푸드,광주,광산구,신선도,1,0,0,신선도 호평 다수 (1건)
433976,정담푸드,광주,광산구,분위기,1,0,0,분위기 호평 다수 (1건)
522567|896482,정든가,전남,해남군,맛,1,0,0,맛 호평 다수 (1건)
522567|896482,정든가,전남,해남군,신선도,1,0,0,신선도 호평 다수 (1건)
433980,정든밥상,광주,서구,맛,1,0,0,맛 호평 다수 (1건)
518212,정든보리밥뷔페,전남,고흥군,맛,1,0,0,맛 호평 다수 (1건)
518212,정든보리밥뷔페,전남,고흥군,분위기,1,0,0,분위기 호평 다수 (1건)
517908,정든횟집,전남,강진군,맛,1,0,0,맛 호평 다수 (1건)
517908,정든횟집,전남,강진군,신선도,1,0,0,신선도 호평 다수 (1건)
517908,정든횟집,전남,강진군,양,1,0,0,양 호평 다수 (1건)
517467,정락회관,전남,순천시,맛,1,0,0,맛 호평 다수 (1건)
517467,정락회관,전남,순천시,서비스_친절도,1,0,0,서비스_친절도 호평 다수 (1건)
433981,정류장,광주,서구,서비스_친절도,1,0,0,서비스_친절도 호평 다수 (1건)
433982,정림이네,광주,남구,맛,1,0,0,맛 호평 다수 (1건)
433983,정명관,광주,광산구,서비스_친절도,1,0,0,서비스_친절도 호평 다수 (1건)
193701,정무마라탕 금호점,광주,서구,맛,1,0,0,맛 호평 다수 (1건)
193701,정무마라탕 금호점,광주,서구,신선도,1,0,0,신선도 호평 다수 (1건)
420633,정성가득 김식당,광주,광산구,신선도,1,0,0,신선도 호평 다수 (1건)
3c2dfe032022,정성김밥,전남,목포시,신선도,1,0,0,신선도 호평 다수 (1건)
433993,정성담은,광주,남구,맛,1,0,0,맛 호평 다수 (1건)
433993,정성담은,광주,남구,신선도,1,0,0,신선도 호평 다수 (1건)
433993,정성담은,광주,남구,접근성_웨이팅,1,0,0,접근성_웨이팅 호평 다수 (1건)
433994,정성반점,광주,북구,맛,1,0,0,맛 호평 다수 (1건)
433995,정성식당,광주,광산구,맛,1,0,0,맛 호평 다수 (1건)
433995,정성식당,광주,광산구,신선도,1,0,0,신선도 호평 다수 (1건)
433995,정성식당,광주,광산구,분위기,1,0,0,분위기 호평 다수 (1건)
433996|880213,정성애국밥,광주,북구,맛,1,0,0,맛 호평 다수 (1건)
433996|880213,정성애국밥,광주,북구,신선도,1,0,0,신선도 호평 다수 (1건)
434000,정성조림,광주,광산구,맛,1,0,0,맛 호평 다수 (1건)
434000,정성조림,광주,광산구,신선도,1,0,0,신선도 호평 다수 (1건)
428824,정성참치 초밥,광주,서구,신선도,1,0,0,신선도 호평 다수 (1건)
428824,정성참치 초밥,광주,서구,위생_청결,1,0,0,위생_청결 호평 다수 (1건)
56982,정성한우촌,전남,해남군,맛,1,0,0,맛 호평 다수 (1건)
56982,정성한우촌,전남,해남군,서비스_친절도,1,0,0,서비스_친절도 호평 다수 (1건)
56982,정성한우촌,전남,해남군,분위기,1,0,0,분위기 호평 다수 (1건)
434004,정순교낙원정갈비 광주본점,광주,광산구,맛,1,0,0,맛 호평 다수 (1건)
434004,정순교낙원정갈비 광주본점,광주,광산구,신선도,1,0,0,신선도 호평 다수 (1건)
434005,정스런김밥집,광주,북구,분위기,1,0,0,분위기 호평 다수 (1건)
434006,정스트하우스,광주,서구,맛,1,0,0,맛 호평 다수 (1건)
434006,정스트하우스,광주,서구,접근성_웨이팅,1,0,0,접근성_웨이팅 호평 다수 (1건)
193728,정식도시락,광주,광산구,신선도,1,0,0,신선도 호평 다수 (1건)
522204|896290,정심이네국밥,전남,진도군,맛,1,0,0,맛 호평 다수 (1건)
522204|896290,정심이네국밥,전남,진도군,양,1,0,0,양 호평 다수 (1건)
434012,정씨부엌,광주,광산구,맛,1,0,0,맛 호평 다수 (1건)
434012,정씨부엌,광주,광산구,신선도,1,0,0,신선도 호평 다수 (1건)
434012,정씨부엌,광주,광산구,분위기,1,0,0,분위기 호평 다수 (1건)
434014|880215,정안식육식당,광주,서구,신선도,1,0,0,신선도 호평 다수 (1건)
434015,정애네집,광주,동구,맛,1,0,0,맛 호평 다수 (1건)
434016,정애추어탕,광주,남구,신선도,1,0,0,신선도 호평 다수 (1건)
434018,정연이네밥상,광주,광산구,맛,1,0,0,맛 호평 다수 (1건)
434018,정연이네밥상,광주,광산구,분위기,1,0,0,분위기 호평 다수 (1건)
434019,정열식당,광주,동구,맛,1,0,0,맛 호평 다수 (1건)
517569,정우굴구이,전남,여수시,맛,1,0,0,맛 호평 다수 (1건)
517569,정우굴구이,전남,여수시,신선도,1,0,0,신선도 호평 다수 (1건)
434024,정원일루이스,광주,동구,분위기,1,0,0,분위기 호평 다수 (1건)
521594|895903,정읍식당,전남,장성군,맛,1,0,0,맛 호평 다수 (1건)
434028,정이가대박갈비,광주,광산구,신선도,1,0,0,신선도 호평 다수 (1건)
434028,정이가대박갈비,광주,광산구,접근성_웨이팅,1,0,0,접근성_웨이팅 호평 다수 (1건)
a95453bf0bf1,정인선생태야생태 풍암본점,광주,서구,신선도,1,0,0,신선도 호평 다수 (1건)
434031,정인초밥,광주,서구,맛,1,0,0,맛 호평 다수 (1건)
434031,정인초밥,광주,서구,신선도,1,0,0,신선도 호평 다수 (1건)
434031,정인초밥,광주,서구,서비스_친절도,1,0,0,서비스_친절도 호평 다수 (1건)
434031,정인초밥,광주,서구,분위기,1,0,0,분위기 호평 다수 (1건)
519453,정일품식당,전남,신안군,신선도,1,0,0,신선도 호평 다수 (1건)
518089,정일품정육식당,전남,고흥군,신선도,1,0,0,신선도 호평 다수 (1건)
518089,정일품정육식당,전남,고흥군,접근성_웨이팅,1,0,0,접근성_웨이팅 호평 다수 (1건)
37e368bc592d,정자나무,전남,나주시,맛,1,0,0,맛 호평 다수 (1건)
519492|895663,정자네횟집,전남,신안군,신선도,1,0,0,신선도 호평 다수 (1건)
434034,정지숙의김밥스토리,광주,광산구,신선도,1,0,0,신선도 호평 다수 (1건)
434035,정지현의부춘정,광주,광산구,접근성_웨이팅,1,0,0,접근성_웨이팅 호평 다수 (1건)
517468,정직유부 순천신대점,전남,순천시,신선도,1,0,0,신선도 호평 다수 (1건)
517468,정직유부 순천신대점,전남,순천시,서비스_친절도,1,0,0,서비스_친절도 호평 다수 (1건)
193754,정직한보쌈 용봉직영점,광주,북구,맛,1,0,0,맛 호평 다수 (1건)
193754,정직한보쌈 용봉직영점,광주,북구,신선도,1,0,0,신선도 호평 다수 (1건)
434042,정짜,광주,서구,맛,1,0,0,맛 호평 다수 (1건)
434042,정짜,광주,서구,서비스_친절도,1,0,0,서비스_친절도 호평 다수 (1건)
434044,정초밥,광주,남구,신선도,1,0,0,신선도 호평 다수 (1건)
434045,정통집 전남대점,광주,북구,신선도,1,0,0,신선도 호평 다수 (1건)
434046,정통한방삼계탕,광주,광산구,서비스_친절도,1,0,0,서비스_친절도 호평 다수 (1건)
434047,정평왕족발,광주,서구,가격,1,0,0,가격 호평 다수 (1건)
434047,정평왕족발,광주,서구,접근성_웨이팅,1,0,0,접근성_웨이팅 호평 다수 (1건)
522717|540192|896586,정희네왕갈비탕,전남,해남군,신선도,1,0,0,신선도 호평 다수 (1건)
522717|540192|896586,정희네왕갈비탕,전남,해남군,분위기,1,0,0,분위기 호평 다수 (1건)
434058,정희네이모,광주,북구,맛,1,0,0,맛 호평 다수 (1건)
434058,정희네이모,광주,북구,서비스_친절도,1,0,0,서비스_친절도 호평 다수 (1건)
434058,정희네이모,광주,북구,분위기,1,0,0,분위기 호평 다수 (1건)
434059,정희스넥,광주,북구,맛,1,0,0,맛 호평 다수 (1건)
434059,정희스넥,광주,북구,분위기,1,0,0,분위기 호평 다수 (1건)
518749|895139,제롬이네,전남,담양군,맛,1,0,0,맛 호평 다수 (1건)
518749|895139,제롬이네,전남,담양군,신선도,1,0,0,신선도 호평 다수 (1건)
519314|895540,제석꼬막회관,전남,보성군,접근성_웨이팅,1,0,0,접근성_웨이팅 호평 다수 (1건)
434890,제왕,광주,남구,맛,1,0,0,맛 호평 다수 (1건)
434890,제왕,광주,남구,서비스_친절도,1,0,0,서비스_친절도 호평 다수 (1건)
193789,제육대가 광주남구점,광주,남구,맛,1,0,0,맛 호평 다수 (1건)
193789,제육대가 광주남구점,광주,남구,신선도,1,0,0,신선도 호평 다수 (1건)
193792,제육대가 첨단점,광주,북구,분위기,1,0,0,분위기 호평 다수 (1건)
193790,제육대가,광주,북구,맛,1,0,0,맛 호평 다수 (1건)
193790,제육대가,광주,북구,신선도,1,0,0,신선도 호평 다수 (1건)
193791,제육대가쭈대가 쌍촌점,광주,서구,맛,1,0,0,맛 호평 다수 (1건)
193791,제육대가쭈대가 쌍촌점,광주,서구,분위기,1,0,0,분위기 호평 다수 (1건)
434084,제이비,광주,서구,맛,1,0,0,맛 호평 다수 (1건)
434108,제이케이푸드,광주,서구,맛,1,0,0,맛 호평 다수 (1건)
434108,제이케이푸드,광주,서구,신선도,1,0,0,신선도 호평 다수 (1건)
436378,제이콥하우스,광주,남구,맛,1,0,0,맛 호평 다수 (1건)
434109,제이크,광주,서구,분위기,1,0,0,분위기 호평 다수 (1건)
434109,제이크,광주,서구,접근성_웨이팅,1,0,0,접근성_웨이팅 호평 다수 (1건)
434114,제일곱창숯불구이,광주,남구,맛,1,0,0,맛 호평 다수 (1건)
434114,제일곱창숯불구이,광주,남구,신선도,1,0,0,신선도 호평 다수 (1건)
434127|55184|961646,제일반점,광주,동구,접근성_웨이팅,1,0,0,접근성_웨이팅 호평 다수 (1건)
193836,제일수산포차,광주,광산구,맛,1,0,0,맛 호평 다수 (1건)
193836,제일수산포차,광주,광산구,신선도,1,0,0,신선도 호평 다수 (1건)
193835,제일수산회쎈타,광주,남구,맛,1,0,0,맛 호평 다수 (1건)
193835,제일수산회쎈타,광주,남구,신선도,1,0,0,신선도 호평 다수 (1건)
434123,제일식육식당,광주,서구,신선도,1,0,0,신선도 호평 다수 (1건)
434124,제일아구찜,광주,북구,신선도,1,0,0,신선도 호평 다수 (1건)
434126,제일전집,광주,북구,맛,1,0,0,맛 호평 다수 (1건)
363529|434157|521040,제주 올레 껍데기,광주,서구,분위기,1,0,0,분위기 호평 다수 (1건)
434132,제주도그릴 광주수완점,광주,광산구,신선도,1,0,0,신선도 호평 다수 (1건)
434134,제주도그릴 특상 풍암점,광주,서구,신선도,1,0,0,신선도 호평 다수 (1건)
434135,제주도바다,광주,서구,신선도,1,0,0,신선도 호평 다수 (1건)
434136,제주도새기맛집,광주,광산구,신선도,1,0,0,신선도 호평 다수 (1건)
434137,제주도세기마을 본점,광주,서구,맛,1,0,0,맛 호평 다수 (1건)
434138,제주도세기마을,광주,북구,신선도,1,0,0,신선도 호평 다수 (1건)
193856,제주도흑돼지 흑돈명가,광주,서구,신선도,1,0,0,신선도 호평 다수 (1건)
434141,제주돈미촌,광주,광산구,맛,1,0,0,맛 호평 다수 (1건)
434141,제주돈미촌,광주,광산구,신선도,1,0,0,신선도 호평 다수 (1건)
422742|434143,제주돈회관 첨단점,광주,광산구,서비스_친절도,1,0,0,서비스_친절도 호평 다수 (1건)
434145,제주바다 광주상무점,광주,서구,맛,1,0,0,맛 호평 다수 (1건)
434145,제주바다 광주상무점,광주,서구,신선도,1,0,0,신선도 호평 다수 (1건)
434150,제주생갈비,광주,남구,분위기,1,0,0,분위기 호평 다수 (1건)
ebec424f3b23,제주섬마을,전남,목포시,가격,1,0,0,가격 호평 다수 (1건)
193868,제주세호해장국 광주첨단점,광주,광산구,맛,1,0,0,맛 호평 다수 (1건)
193868,제주세호해장국 광주첨단점,광주,광산구,신선도,1,0,0,신선도 호평 다수 (1건)
193868,제주세호해장국 광주첨단점,광주,광산구,양,1,0,0,양 호평 다수 (1건)
434152,제주세호해장국 상무직영점,광주,서구,맛,1,0,0,맛 호평 다수 (1건)
434152,제주세호해장국 상무직영점,광주,서구,접근성_웨이팅,1,0,0,접근성_웨이팅 호평 다수 (1건)
434153,제주세호해장국 수완점,광주,광산구,맛,1,0,0,맛 호평 다수 (1건)
434154,제주스 롯데아울렛광주수완점,광주,광산구,맛,1,0,0,맛 호평 다수 (1건)
517802,제주예일갈비,전남,강진군,맛,1,0,0,맛 호평 다수 (1건)
434155,제주오롯이,광주,광산구,맛,1,0,0,맛 호평 다수 (1건)
434156,제주오메오메,광주,남구,신선도,1,0,0,신선도 호평 다수 (1건)
55185,제주오메오메,광주,남구,접근성_웨이팅,1,0,0,접근성_웨이팅 호평 다수 (1건)
363529|434157|521040,제주올레껍데기,광주,서구,맛,1,0,0,맛 호평 다수 (1건)
363529|434157|521040,제주올레껍데기,광주,서구,가격,1,0,0,가격 호평 다수 (1건)
363529|434157|521040,제주올레껍데기,광주,서구,양,1,0,0,양 호평 다수 (1건)
434158,제주올레돈,광주,광산구,맛,1,0,0,맛 호평 다수 (1건)
434158,제주올레돈,광주,광산구,신선도,1,0,0,신선도 호평 다수 (1건)
187414|427813,제주은갈치,광주,광산구,신선도,1,0,0,신선도 호평 다수 (1건)
434159,제주은희네해장국 광주상무점,광주,서구,맛,1,0,0,맛 호평 다수 (1건)
522179,제주촌갈비,전남,진도군,서비스_친절도,1,0,0,서비스_친절도 호평 다수 (1건)
522179,제주촌갈비,전남,진도군,접근성_웨이팅,1,0,0,접근성_웨이팅 호평 다수 (1건)
434160,제주토담마을도야지생고기촌,광주,북구,신선도,1,0,0,신선도 호평 다수 (1건)
434162,제주통아구찜,광주,서구,접근성_웨이팅,1,0,0,접근성_웨이팅 호평 다수 (1건)
434163,제주포크,광주,광산구,맛,1,0,0,맛 호평 다수 (1건)
434163,제주포크,광주,광산구,신선도,1,0,0,신선도 호평 다수 (1건)
434166,제주화산석오치본점,광주,북구,맛,1,0,0,맛 호평 다수 (1건)
434166,제주화산석오치본점,광주,북구,신선도,1,0,0,신선도 호평 다수 (1건)
434168,제주흑돈애 풍암점,광주,서구,맛,1,0,0,맛 호평 다수 (1건)
434168,제주흑돈애 풍암점,광주,서구,신선도,1,0,0,신선도 호평 다수 (1건)
434168,제주흑돈애 풍암점,광주,서구,분위기,1,0,0,분위기 호평 다수 (1건)
434170,제주흑돈파티 운암2호점,광주,북구,신선도,1,0,0,신선도 호평 다수 (1건)
434171,제주흑돼지,광주,광산구,신선도,1,0,0,신선도 호평 다수 (1건)
434174,제주흙돈마을,광주,북구,맛,1,0,0,맛 호평 다수 (1건)
434174,제주흙돈마을,광주,북구,분위기,1,0,0,분위기 호평 다수 (1건)
837039,제줏간 나주혁신도시점,전남,나주시,분위기,1,0,0,분위기 호평 다수 (1건)
434176,제줏간 쌍촌점,광주,서구,맛,1,0,0,맛 호평 다수 (1건)
434176,제줏간 쌍촌점,광주,서구,서비스_친절도,1,0,0,서비스_친절도 호평 다수 (1건)
434176,제줏간 쌍촌점,광주,서구,분위기,1,0,0,분위기 호평 다수 (1건)
193892,제줏간 용봉점,광주,북구,맛,1,0,0,맛 호평 다수 (1건)
193892,제줏간 용봉점,광주,북구,서비스_친절도,1,0,0,서비스_친절도 호평 다수 (1건)
193892,제줏간 용봉점,광주,북구,분위기,1,0,0,분위기 호평 다수 (1건)
434177,제줏간 첨단점,광주,광산구,맛,1,0,0,맛 호평 다수 (1건)
434177,제줏간 첨단점,광주,광산구,서비스_친절도,1,0,0,서비스_친절도 호평 다수 (1건)
434177,제줏간 첨단점,광주,광산구,분위기,1,0,0,분위기 호평 다수 (1건)
434178,제줏간 하남점,광주,광산구,맛,1,0,0,맛 호평 다수 (1건)
434178,제줏간 하남점,광주,광산구,서비스_친절도,1,0,0,서비스_친절도 호평 다수 (1건)
434178,제줏간 하남점,광주,광산구,분위기,1,0,0,분위기 호평 다수 (1건)
523018|896790,제줏간 화순점,전남,화순군,맛,1,0,0,맛 호평 다수 (1건)
523018|896790,제줏간 화순점,전남,화순군,서비스_친절도,1,0,0,서비스_친절도 호평 다수 (1건)
518705|895114,제크와 새우 칼국수,전남,담양군,맛,1,0,0,맛 호평 다수 (1건)
518705|895114,제크와 새우 칼국수,전남,담양군,신선도,1,0,0,신선도 호평 다수 (1건)
193899,제트,광주,북구,맛,1,0,0,맛 호평 다수 (1건)
193899,제트,광주,북구,서비스_친절도,1,0,0,서비스_친절도 호평 다수 (1건)
193899,제트,광주,북구,분위기,1,0,0,분위기 호평 다수 (1건)
521598,젠시오 장성호점,전남,장성군,서비스_친절도,1,0,0,서비스_친절도 호평 다수 (1건)
521598,젠시오 장성호점,전남,장성군,분위기,1,0,0,분위기 호평 다수 (1건)
193903,젠시오,광주,광산구,맛,1,0,0,맛 호평 다수 (1건)
434188,젠틀바,광주,광산구,맛,1,0,0,맛 호평 다수 (1건)
434188,젠틀바,광주,광산구,분위기,1,0,0,분위기 호평 다수 (1건)
519424|895620,젬마수산,전남,신안군,신선도,1,0,0,신선도 호평 다수 (1건)
193908,젭스,광주,북구,맛,1,0,0,맛 호평 다수 (1건)
518979|895278,조가네갑오징어 남악신도시점,전남,무안군,서비스_친절도,1,0,0,서비스_친절도 호평 다수 (1건)
518979|895278,조가네갑오징어 남악신도시점,전남,무안군,분위기,1,0,0,분위기 호평 다수 (1건)
518542,조가네짬뽕,전남,구례군,맛,1,0,0,맛 호평 다수 (1건)
518542,조가네짬뽕,전남,구례군,신선도,1,0,0,신선도 호평 다수 (1건)
522996|896778,조개까는꼼장어,전남,화순군,신선도,1,0,0,신선도 호평 다수 (1건)
4c19c28a80f2,조개까는삼촌,전남,광양시,신선도,1,0,0,신선도 호평 다수 (1건)
517629,조개까는세상,전남,여수시,신선도,1,0,0,신선도 호평 다수 (1건)
517629,조개까는세상,전남,여수시,가격,1,0,0,가격 호평 다수 (1건)
517629,조개까는세상,전남,여수시,위생_청결,1,0,0,위생_청결 호평 다수 (1건)
517629,조개까는세상,전남,여수시,서비스_친절도,1,0,0,서비스_친절도 호평 다수 (1건)
434194,조개까는오빠,광주,광산구,신선도,1,0,0,신선도 호평 다수 (1건)
9d7501be72f7,조개까는인생,전남,목포시,맛,1,0,0,맛 호평 다수 (1건)
9d7501be72f7,조개까는인생,전남,목포시,신선도,1,0,0,신선도 호평 다수 (1건)
9d7501be72f7,조개까는인생,전남,목포시,양,1,0,0,양 호평 다수 (1건)
434195|961647,조개까는자리,광주,광산구,맛,1,0,0,맛 호평 다수 (1건)
434195|961647,조개까는자리,광주,광산구,신선도,1,0,0,신선도 호평 다수 (1건)
515997,조개랑새우랑,광주,서구,맛,1,0,0,맛 호평 다수 (1건)
515997,조개랑새우랑,광주,서구,신선도,1,0,0,신선도 호평 다수 (1건)
193913,조개왕,광주,광산구,신선도,1,0,0,신선도 호평 다수 (1건)
193913,조개왕,광주,광산구,위생_청결,1,0,0,위생_청결 호평 다수 (1건)
436966,조개쿤,광주,남구,분위기,1,0,0,분위기 호평 다수 (1건)
193915,조금나루맛집,광주,북구,맛,1,0,0,맛 호평 다수 (1건)
193915,조금나루맛집,광주,북구,신선도,1,0,0,신선도 호평 다수 (1건)
62a995e14f66,조대 인아웃,광주,동구,맛,1,0,0,맛 호평 다수 (1건)
434201,조도바다,광주,서구,맛,1,0,0,맛 호평 다수 (1건)
434201,조도바다,광주,서구,신선도,1,0,0,신선도 호평 다수 (1건)
520096,조미화곱창,전남,영암군,신선도,1,0,0,신선도 호평 다수 (1건)
434205,조봉순국밥 동천점,광주,서구,접근성_웨이팅,1,0,0,접근성_웨이팅 호평 다수 (1건)
434206|434209,조봉순상무국밥 전대점,광주,북구,가격,1,0,0,가격 호평 다수 (1건)
434206|434209,조봉순상무국밥 전대점,광주,북구,분위기,1,0,0,분위기 호평 다수 (1건)
434210,조봉순상무국밥,광주,남구,신선도,1,0,0,신선도 호평 다수 (1건)
434210,조봉순상무국밥,광주,남구,접근성_웨이팅,1,0,0,접근성_웨이팅 호평 다수 (1건)
434208|880217,조봉순상무국밥노대점,광주,남구,맛,1,0,0,맛 호평 다수 (1건)
434208|880217,조봉순상무국밥노대점,광주,남구,접근성_웨이팅,1,0,0,접근성_웨이팅 호평 다수 (1건)
434213,조봉순상무국밥본점별관,광주,서구,맛,1,0,0,맛 호평 다수 (1건)
193929,조봉순상무국밥일곡점,광주,북구,맛,1,0,0,맛 호평 다수 (1건)
193929,조봉순상무국밥일곡점,광주,북구,서비스_친절도,1,0,0,서비스_친절도 호평 다수 (1건)
193929,조봉순상무국밥일곡점,광주,북구,분위기,1,0,0,분위기 호평 다수 (1건)
434211,조봉순상무국밥하남수완점,광주,광산구,맛,1,0,0,맛 호평 다수 (1건)
434218,조봉순암뽕순대국,광주,남구,맛,1,0,0,맛 호평 다수 (1건)
434218,조봉순암뽕순대국,광주,남구,신선도,1,0,0,신선도 호평 다수 (1건)
434226,조선 숯불치킨 상무쌍촌점,광주,서구,맛,1,0,0,맛 호평 다수 (1건)
434226,조선 숯불치킨 상무쌍촌점,광주,서구,신선도,1,0,0,신선도 호평 다수 (1건)
7d9645cc651f,조선별관,전남,순천시,맛,1,0,0,맛 호평 다수 (1건)
7d9645cc651f,조선별관,전남,순천시,신선도,1,0,0,신선도 호평 다수 (1건)
434225,조선뼈다귀집 본점,광주,동구,분위기,1,0,0,분위기 호평 다수 (1건)
434225,조선뼈다귀집 본점,광주,동구,접근성_웨이팅,1,0,0,접근성_웨이팅 호평 다수 (1건)
434228,조선용삼이대패삼겹,광주,서구,맛,1,0,0,맛 호평 다수 (1건)
517596,조선제일국밥 본점,전남,여수시,접근성_웨이팅,1,0,0,접근성_웨이팅 호평 다수 (1건)
517741,조선제일국밥,전남,강진군,맛,1,0,0,맛 호평 다수 (1건)
434233,조선짬뽕 수완점,광주,광산구,맛,1,0,0,맛 호평 다수 (1건)
434233,조선짬뽕 수완점,광주,광산구,신선도,1,0,0,신선도 호평 다수 (1건)
434233,조선짬뽕 수완점,광주,광산구,접근성_웨이팅,1,0,0,접근성_웨이팅 호평 다수 (1건)
434234,조선짬뽕 전대본점,광주,북구,맛,1,0,0,맛 호평 다수 (1건)
434234,조선짬뽕 전대본점,광주,북구,신선도,1,0,0,신선도 호평 다수 (1건)
434235,조선짬뽕 첨단점,광주,광산구,맛,1,0,0,맛 호평 다수 (1건)
434232,조선짬뽕,광주,서구,맛,1,0,0,맛 호평 다수 (1건)
517635,조선피자,전남,여수시,분위기,1,0,0,분위기 호평 다수 (1건)
434241,조선화로집 광주첨단점,광주,광산구,맛,1,0,0,맛 호평 다수 (1건)
434238,조선화로집 금호점,광주,서구,분위기,1,0,0,분위기 호평 다수 (1건)
522667|896558,조선화로집 해남점,전남,해남군,맛,1,0,0,맛 호평 다수 (1건)
519321|895545,조성식당,전남,보성군,접근성_웨이팅,1,0,0,접근성_웨이팅 호평 다수 (1건)
434243,조아,광주,서구,맛,1,0,0,맛 호평 다수 (1건)
434243,조아,광주,서구,분위기,1,0,0,분위기 호평 다수 (1건)
434244,조아조아,광주,남구,맛,1,0,0,맛 호평 다수 (1건)
520220,조약도 흑염소 식당,전남,완도군,신선도,1,0,0,신선도 호평 다수 (1건)
434249,조양치킨,광주,북구,신선도,1,0,0,신선도 호평 다수 (1건)
434250,조우,광주,북구,맛,1,0,0,맛 호평 다수 (1건)
434254|880218,조은고기직판장,광주,남구,맛,1,0,0,맛 호평 다수 (1건)
434254|880218,조은고기직판장,광주,남구,가격,1,0,0,가격 호평 다수 (1건)
434254|880218,조은고기직판장,광주,남구,접근성_웨이팅,1,0,0,접근성_웨이팅 호평 다수 (1건)
434255,조은국밥,광주,남구,맛,1,0,0,맛 호평 다수 (1건)
434255,조은국밥,광주,남구,신선도,1,0,0,신선도 호평 다수 (1건)
434255,조은국밥,광주,남구,분위기,1,0,0,분위기 호평 다수 (1건)
401976|434257,조은날숯불갈비선운점,광주,광산구,서비스_친절도,1,0,0,서비스_친절도 호평 다수 (1건)
401976|434257,조은날숯불갈비선운점,광주,광산구,분위기,1,0,0,분위기 호평 다수 (1건)
521928|896130,조은막창,전남,장흥군,신선도,1,0,0,신선도 호평 다수 (1건)
519243|895485,조은생각,전남,보성군,맛,1,0,0,맛 호평 다수 (1건)
434265,조이분식,광주,북구,맛,1,0,0,맛 호평 다수 (1건)
434265,조이분식,광주,북구,신선도,1,0,0,신선도 호평 다수 (1건)
434265,조이분식,광주,북구,접근성_웨이팅,1,0,0,접근성_웨이팅 호평 다수 (1건)
434268,조이풀,광주,동구,맛,1,0,0,맛 호평 다수 (1건)
434268,조이풀,광주,동구,신선도,1,0,0,신선도 호평 다수 (1건)
434268,조이풀,광주,동구,접근성_웨이팅,1,0,0,접근성_웨이팅 호평 다수 (1건)
434270,조이하우스,광주,남구,맛,1,0,0,맛 호평 다수 (1건)
434278,족발 공작소,광주,동구,맛,1,0,0,맛 호평 다수 (1건)
434278,족발 공작소,광주,동구,분위기,1,0,0,분위기 호평 다수 (1건)
434279,족발마을,광주,북구,맛,1,0,0,맛 호평 다수 (1건)
522693,족발슈퍼 해남점,전남,해남군,맛,1,0,0,맛 호평 다수 (1건)
522693,족발슈퍼 해남점,전남,해남군,가격,1,0,0,가격 호평 다수 (1건)
434282,족발쏘시지,광주,광산구,맛,1,0,0,맛 호평 다수 (1건)
194002,족발야시장 쌍촌점,광주,서구,신선도,1,0,0,신선도 호평 다수 (1건)
194002,족발야시장 쌍촌점,광주,서구,위생_청결,1,0,0,위생_청결 호평 다수 (1건)
434289,족발이땡기는날 양산점,광주,북구,위생_청결,1,0,0,위생_청결 호평 다수 (1건)
194008,족발이땡기는날 진월점,광주,남구,신선도,1,0,0,신선도 호평 다수 (1건)
434294,족발창고 쌍촌점,광주,서구,맛,0,1,0,맛 언급 (1건)
434294,족발창고 쌍촌점,광주,서구,신선도,0,1,0,신선도 언급 (1건)
194015,족발창고 운남불꽃남자점,광주,광산구,맛,1,0,0,맛 호평 다수 (1건)
434296,족발창고,광주,남구,맛,1,0,0,맛 호평 다수 (1건)
434296,족발창고,광주,남구,분위기,1,0,0,분위기 호평 다수 (1건)
434277,족발파전국수,광주,서구,맛,1,0,0,맛 호평 다수 (1건)
697ec58de254,족보있는순대국,전남,나주시,맛,1,0,0,맛 호평 다수 (1건)
697ec58de254,족보있는순대국,전남,나주시,신선도,1,0,0,신선도 호평 다수 (1건)
194004,족에빠진날,광주,남구,맛,1,0,0,맛 호평 다수 (1건)
194004,족에빠진날,광주,남구,신선도,1,0,0,신선도 호평 다수 (1건)
517831,족장의 하루,전남,강진군,맛,1,0,0,맛 호평 다수 (1건)
517831,족장의 하루,전남,강진군,신선도,1,0,0,신선도 호평 다수 (1건)
517831,족장의 하루,전남,강진군,접근성_웨이팅,1,0,0,접근성_웨이팅 호평 다수 (1건)
434301,존가네 광주 방림점,광주,남구,접근성_웨이팅,1,0,0,접근성_웨이팅 호평 다수 (1건)
f353cbbe69a1,존가네 광주첨단점,광주,광산구,맛,1,0,0,맛 호평 다수 (1건)
f353cbbe69a1,존가네 광주첨단점,광주,광산구,신선도,1,0,0,신선도 호평 다수 (1건)
f353cbbe69a1,존가네 광주첨단점,광주,광산구,서비스_친절도,1,0,0,서비스_친절도 호평 다수 (1건)
434303,존스와이프,광주,남구,맛,1,0,0,맛 호평 다수 (1건)
434303,존스와이프,광주,남구,신선도,1,0,0,신선도 호평 다수 (1건)
434303,존스와이프,광주,남구,위생_청결,1,0,0,위생_청결 호평 다수 (1건)
434304,존앤마리아,광주,동구,맛,1,0,0,맛 호평 다수 (1건)
434304,존앤마리아,광주,동구,분위기,1,0,0,분위기 호평 다수 (1건)
434307,종가아귀찜,광주,북구,맛,1,0,0,맛 호평 다수 (1건)
434307,종가아귀찜,광주,북구,신선도,1,0,0,신선도 호평 다수 (1건)
434314|521804|55186,종가집 설렁탕,광주,서구,맛,1,0,0,맛 호평 다수 (1건)
434314|521804|55186,종가집 설렁탕,광주,서구,분위기,1,0,0,분위기 호평 다수 (1건)
434311,종가집돌솥과추어탕,광주,서구,맛,1,0,0,맛 호평 다수 (1건)
434311,종가집돌솥과추어탕,광주,서구,접근성_웨이팅,1,0,0,접근성_웨이팅 호평 다수 (1건)
429645,종가집떡갈비,광주,광산구,맛,1,0,0,맛 호평 다수 (1건)
434313,종가집생태탕,광주,광산구,신선도,1,0,0,신선도 호평 다수 (1건)
434315,종가집추어탕,광주,서구,가격,1,0,0,가격 호평 다수 (1건)
434315,종가집추어탕,광주,서구,서비스_친절도,1,0,0,서비스_친절도 호평 다수 (1건)
434316,종가집추어탕보쌈,광주,서구,맛,1,0,0,맛 호평 다수 (1건)
434316,종가집추어탕보쌈,광주,서구,신선도,1,0,0,신선도 호평 다수 (1건)
434316,종가집추어탕보쌈,광주,서구,서비스_친절도,1,0,0,서비스_친절도 호평 다수 (1건)
434316,종가집추어탕보쌈,광주,서구,분위기,1,0,0,분위기 호평 다수 (1건)
434317|880219,종가집콩나물국밥,광주,서구,맛,1,0,0,맛 호평 다수 (1건)
434319,종가한우촌식육식당,광주,북구,신선도,1,0,0,신선도 호평 다수 (1건)
434319,종가한우촌식육식당,광주,북구,분위기,1,0,0,분위기 호평 다수 (1건)
520207,종로김밥 전남완도점,전남,완도군,신선도,1,0,0,신선도 호평 다수 (1건)
432329|434320,종로우미관 본점,광주,남구,신선도,1,0,0,신선도 호평 다수 (1건)
434323,종로전집 월계점,광주,광산구,신선도,1,0,0,신선도 호평 다수 (1건)
434323,종로전집 월계점,광주,광산구,접근성_웨이팅,1,0,0,접근성_웨이팅 호평 다수 (1건)
434324|961648,종로전집,광주,서구,신선도,1,0,0,신선도 호평 다수 (1건)
434325,종순이네,광주,북구,신선도,1,0,0,신선도 호평 다수 (1건)
434325,종순이네,광주,북구,분위기,1,0,0,분위기 호평 다수 (1건)
519903,종원식육식당,전남,영암군,맛,1,0,0,맛 호평 다수 (1건)
519903,종원식육식당,전남,영암군,신선도,1,0,0,신선도 호평 다수 (1건)
56983,종점모텔식당,전남,여수시,맛,1,0,0,맛 호평 다수 (1건)
56983,종점모텔식당,전남,여수시,분위기,1,0,0,분위기 호평 다수 (1건)
4ac58de3db9b,종점산장,전남,진도군,신선도,1,0,0,신선도 호평 다수 (1건)
434331,종점식당,광주,남구,맛,1,0,0,맛 호평 다수 (1건)
434331,종점식당,광주,남구,신선도,1,0,0,신선도 호평 다수 (1건)
434337,좋은고기한우직판장,광주,북구,맛,1,0,0,맛 호평 다수 (1건)
515798|961761,좋은국밥 본점,광주,동구,분위기,1,0,0,분위기 호평 다수 (1건)
194058,좋은국밥 주월점,광주,남구,맛,1,0,0,맛 호평 다수 (1건)
194058,좋은국밥 주월점,광주,남구,서비스_친절도,1,0,0,서비스_친절도 호평 다수 (1건)
422449,좋은날좋은떡,광주,북구,맛,1,0,0,맛 호평 다수 (1건)
422449,좋은날좋은떡,광주,북구,신선도,1,0,0,신선도 호평 다수 (1건)
517631,좋은마차,전남,여수시,맛,1,0,0,맛 호평 다수 (1건)
517631,좋은마차,전남,여수시,분위기,1,0,0,분위기 호평 다수 (1건)
434348,좋은분식,광주,서구,맛,1,0,0,맛 호평 다수 (1건)
434349,좋은사람들,광주,광산구,신선도,1,0,0,신선도 호평 다수 (1건)
434351|880220,좋은식당,광주,광산구,신선도,1,0,0,신선도 호평 다수 (1건)
434351|880220,좋은식당,광주,광산구,분위기,1,0,0,분위기 호평 다수 (1건)
522136|896252,좋은자리,전남,진도군,맛,1,0,0,맛 호평 다수 (1건)
522136|896252,좋은자리,전남,진도군,서비스_친절도,1,0,0,서비스_친절도 호평 다수 (1건)
434354,좋은친구,광주,광산구,맛,1,0,0,맛 호평 다수 (1건)
434354,좋은친구,광주,광산구,분위기,1,0,0,분위기 호평 다수 (1건)
434358,좋은포크,광주,남구,맛,1,0,0,맛 호평 다수 (1건)
434271,죠인쉐프뉴욕 광주첨단점,광주,북구,분위기,1,0,0,분위기 호평 다수 (1건)
434274,죠커바,광주,광산구,맛,1,0,0,맛 호평 다수 (1건)
434274,죠커바,광주,광산구,분위기,1,0,0,분위기 호평 다수 (1건)
434367,주가,광주,동구,맛,1,0,0,맛 호평 다수 (1건)
434367,주가,광주,동구,분위기,1,0,0,분위기 호평 다수 (1건)
434370,주곰탕,광주,남구,분위기,1,0,0,분위기 호평 다수 (1건)
434372,주관,광주,서구,맛,1,0,0,맛 호평 다수 (1건)
434372,주관,광주,서구,분위기,1,0,0,분위기 호평 다수 (1건)
434377,주당,광주,서구,맛,1,0,0,맛 호평 다수 (1건)
434377,주당,광주,서구,신선도,1,0,0,신선도 호평 다수 (1건)
434378,주당천하,광주,서구,가격,1,0,0,가격 호평 다수 (1건)
434378,주당천하,광주,서구,접근성_웨이팅,1,0,0,접근성_웨이팅 호평 다수 (1건)
515878|961829,주디마리,광주,북구,맛,1,0,0,맛 호평 다수 (1건)
515878|961829,주디마리,광주,북구,신선도,1,0,0,신선도 호평 다수 (1건)
434380,주락,광주,광산구,맛,1,0,0,맛 호평 다수 (1건)
434383,주막,광주,광산구,맛,1,0,0,맛 호평 다수 (1건)
434383,주막,광주,광산구,신선도,1,0,0,신선도 호평 다수 (1건)
522764|896613,주막식당,전남,해남군,신선도,1,0,0,신선도 호평 다수 (1건)
434387,주먹밥이야기,광주,동구,신선도,1,0,0,신선도 호평 다수 (1건)
434389,주미네국밥,광주,동구,양,1,0,0,양 호평 다수 (1건)
434392,주부9단,광주,서구,맛,1,0,0,맛 호평 다수 (1건)
434392,주부9단,광주,서구,신선도,1,0,0,신선도 호평 다수 (1건)
434392,주부9단,광주,서구,분위기,1,0,0,분위기 호평 다수 (1건)
434395,주생야삼,광주,광산구,맛,1,0,0,맛 호평 다수 (1건)
434395,주생야삼,광주,광산구,신선도,1,0,0,신선도 호평 다수 (1건)
434396,주선돈마을,광주,동구,맛,1,0,0,맛 호평 다수 (1건)
434396,주선돈마을,광주,동구,신선도,1,0,0,신선도 호평 다수 (1건)
b6c69fc0dcb9,주암해물손칼국수,전남,순천시,맛,1,0,0,맛 호평 다수 (1건)
b6c69fc0dcb9,주암해물손칼국수,전남,순천시,신선도,1,0,0,신선도 호평 다수 (1건)
434428,주연이네부엌,광주,북구,맛,1,0,0,맛 호평 다수 (1건)
434428,주연이네부엌,광주,북구,신선도,1,0,0,신선도 호평 다수 (1건)
434428,주연이네부엌,광주,북구,접근성_웨이팅,1,0,0,접근성_웨이팅 호평 다수 (1건)
434431,주월동순대국밥,광주,남구,맛,1,0,0,맛 호평 다수 (1건)
434431,주월동순대국밥,광주,남구,양,1,0,0,양 호평 다수 (1건)
434433,주유소기사식당,광주,광산구,맛,1,0,0,맛 호평 다수 (1건)
515988|961927,주인의주방 상무점,광주,서구,가격,1,0,0,가격 호평 다수 (1건)
521043,주작가,광주,서구,맛,1,0,0,맛 호평 다수 (1건)
434438,주작상회,광주,서구,맛,1,0,0,맛 호평 다수 (1건)
434445,주짱,광주,동구,맛,1,0,0,맛 호평 다수 (1건)
434445,주짱,광주,동구,신선도,1,0,0,신선도 호평 다수 (1건)
522437,주포수산,전남,함평군,맛,1,0,0,맛 호평 다수 (1건)
522437,주포수산,전남,함평군,신선도,1,0,0,신선도 호평 다수 (1건)
434448,주향문,광주,북구,분위기,1,0,0,분위기 호평 다수 (1건)
532829,죽녹원 착한맛집,전남,담양군,신선도,1,0,0,신선도 호평 다수 (1건)
532829,죽녹원 착한맛집,전남,담양군,분위기,1,0,0,분위기 호평 다수 (1건)
532828,죽녹원봉국수,전남,담양군,맛,1,0,0,맛 호평 다수 (1건)
532828,죽녹원봉국수,전남,담양군,신선도,1,0,0,신선도 호평 다수 (1건)
532828,죽녹원봉국수,전남,담양군,분위기,1,0,0,분위기 호평 다수 (1건)
532830,죽녹원첫집식당,전남,담양군,맛,1,0,0,맛 호평 다수 (1건)
532830,죽녹원첫집식당,전남,담양군,신선도,1,0,0,신선도 호평 다수 (1건)
fef2f621bf2f,죽동가든,전남,나주시,신선도,1,0,0,신선도 호평 다수 (1건)
56984,죽림원가든,전남,담양군,맛,1,0,0,맛 호평 다수 (1건)
434455,죽림정,광주,북구,맛,1,0,0,맛 호평 다수 (1건)
434455,죽림정,광주,북구,분위기,1,0,0,분위기 호평 다수 (1건)
434456,죽마고우,광주,광산구,맛,1,0,0,맛 호평 다수 (1건)
432867|434457,죽사랑김밥사랑광주점,광주,동구,가격,1,0,0,가격 호평 다수 (1건)
432867|434457,죽사랑김밥사랑광주점,광주,동구,서비스_친절도,1,0,0,서비스_친절도 호평 다수 (1건)
518665,죽순닭국수,전남,담양군,맛,1,0,0,맛 호평 다수 (1건)
518665,죽순닭국수,전남,담양군,신선도,1,0,0,신선도 호평 다수 (1건)
518187,죽이요,전남,고흥군,서비스_친절도,1,0,0,서비스_친절도 호평 다수 (1건)
518187,죽이요,전남,고흥군,접근성_웨이팅,1,0,0,접근성_웨이팅 호평 다수 (1건)
434473,죽향,광주,북구,서비스_친절도,1,0,0,서비스_친절도 호평 다수 (1건)
434474,죽향골,광주,북구,신선도,1,0,0,신선도 호평 다수 (1건)
434478,준영이네반찬,광주,광산구,맛,0,1,0,맛 언급 (1건)
434478,준영이네반찬,광주,광산구,서비스_친절도,0,1,0,서비스_친절도 언급 (1건)
434479,준이네식당,광주,동구,맛,1,0,0,맛 호평 다수 (1건)
434480|880221,준초밥,광주,남구,신선도,1,0,0,신선도 호평 다수 (1건)
434482,줄돈받을돈,광주,서구,신선도,1,0,0,신선도 호평 다수 (1건)
434482,줄돈받을돈,광주,서구,분위기,1,0,0,분위기 호평 다수 (1건)
434485,줄벼락 봉선점,광주,남구,맛,1,0,0,맛 호평 다수 (1건)
434485,줄벼락 봉선점,광주,남구,분위기,1,0,0,분위기 호평 다수 (1건)
434486,줄벼락 수완점,광주,광산구,맛,1,0,0,맛 호평 다수 (1건)
434486,줄벼락 수완점,광주,광산구,신선도,1,0,0,신선도 호평 다수 (1건)
434491,줄벼락운암점,광주,북구,분위기,1,0,0,분위기 호평 다수 (1건)
518986|895283,중식당 모란,전남,무안군,접근성_웨이팅,1,0,0,접근성_웨이팅 호평 다수 (1건)
440019,중식당 후,광주,북구,맛,1,0,0,맛 호평 다수 (1건)
521888|896099,중식당시월,전남,장흥군,신선도,1,0,0,신선도 호평 다수 (1건)
521888|896099,중식당시월,전남,장흥군,서비스_친절도,1,0,0,서비스_친절도 호평 다수 (1건)
434506,중앙교,광주,동구,접근성_웨이팅,1,0,0,접근성_웨이팅 호평 다수 (1건)
519610|895737,중앙국밥,전남,신안군,맛,1,0,0,맛 호평 다수 (1건)
519610|895737,중앙국밥,전남,신안군,신선도,1,0,0,신선도 호평 다수 (1건)
194231,중앙닭갈비 전대점,광주,북구,서비스_친절도,1,0,0,서비스_친절도 호평 다수 (1건)
194232,중앙닭갈비 충장점,광주,동구,신선도,1,0,0,신선도 호평 다수 (1건)
194232,중앙닭갈비 충장점,광주,동구,분위기,1,0,0,분위기 호평 다수 (1건)
522622|896523,중앙닭집,전남,해남군,분위기,1,0,0,분위기 호평 다수 (1건)
519521|895682,중앙반점,전남,신안군,맛,1,0,0,맛 호평 다수 (1건)
519521|895682,중앙반점,전남,신안군,신선도,1,0,0,신선도 호평 다수 (1건)
519521|895682,중앙반점,전남,신안군,접근성_웨이팅,1,0,0,접근성_웨이팅 호평 다수 (1건)
434510,중앙수산,광주,북구,신선도,1,0,0,신선도 호평 다수 (1건)
194230,중앙식당,광주,광산구,맛,1,0,0,맛 호평 다수 (1건)
434513,중앙통닭,광주,광산구,맛,1,0,0,맛 호평 다수 (1건)
434514,중앙회센타 풍암점,광주,서구,맛,1,0,0,맛 호평 다수 (1건)
434514,중앙회센타 풍암점,광주,서구,신선도,1,0,0,신선도 호평 다수 (1건)
56985|880522,중앙횟집,전남,목포시,신선도,1,0,0,신선도 호평 다수 (1건)
56985|880522,중앙횟집,전남,목포시,서비스_친절도,1,0,0,서비스_친절도 호평 다수 (1건)
60ad8fa082ac,중앙휴게실,전남,목포시,맛,1,0,0,맛 호평 다수 (1건)
60ad8fa082ac,중앙휴게실,전남,목포시,양,1,0,0,양 호평 다수 (1건)
434515,중원최고루,광주,북구,맛,1,0,0,맛 호평 다수 (1건)
434515,중원최고루,광주,북구,서비스_친절도,1,0,0,서비스_친절도 호평 다수 (1건)
434518,중화가정 조선대학교점,광주,동구,맛,1,0,0,맛 호평 다수 (1건)
434518,중화가정 조선대학교점,광주,동구,접근성_웨이팅,1,0,0,접근성_웨이팅 호평 다수 (1건)
434524,중화반점칭칭,광주,북구,서비스_친절도,1,0,0,서비스_친절도 호평 다수 (1건)
434524,중화반점칭칭,광주,북구,분위기,1,0,0,분위기 호평 다수 (1건)
430049,중화요리 아리산,광주,동구,접근성_웨이팅,1,0,0,접근성_웨이팅 호평 다수 (1건)
521634|895936,중화요리 티엔,전남,장성군,맛,1,0,0,맛 호평 다수 (1건)
521634|895936,중화요리 티엔,전남,장성군,접근성_웨이팅,1,0,0,접근성_웨이팅 호평 다수 (1건)
430110,중화요리아서원,광주,북구,맛,1,0,0,맛 호평 다수 (1건)
435934,중화요리전문점 칭따오,광주,남구,맛,1,0,0,맛 호평 다수 (1건)
438053,중화요리포청천,광주,광산구,맛,1,0,0,맛 호평 다수 (1건)
95c3fd7b2d7a,중화포차,전남,목포시,맛,1,0,0,맛 호평 다수 (1건)
95c3fd7b2d7a,중화포차,전남,목포시,신선도,1,0,0,신선도 호평 다수 (1건)
434529,중흥레포츠클럽 식당,광주,서구,맛,1,0,0,맛 호평 다수 (1건)
434529,중흥레포츠클럽 식당,광주,서구,분위기,1,0,0,분위기 호평 다수 (1건)
519190|895437,중흥식당,전남,보성군,서비스_친절도,1,0,0,서비스_친절도 호평 다수 (1건)
519190|895437,중흥식당,전남,보성군,분위기,1,0,0,분위기 호평 다수 (1건)
62791389ec7a,쥬땜므마담,전남,나주시,분위기,1,0,0,분위기 호평 다수 (1건)
7954273c5211,쥬스앤샐러드,광주,북구,맛,1,0,0,맛 호평 다수 (1건)
7954273c5211,쥬스앤샐러드,광주,북구,신선도,1,0,0,신선도 호평 다수 (1건)
434542,즐겁게 떡볶이,광주,서구,맛,1,0,0,맛 호평 다수 (1건)
434542,즐겁게 떡볶이,광주,서구,신선도,1,0,0,신선도 호평 다수 (1건)
523365,즐겨찾기과일가게,전남,나주시,맛,1,0,0,맛 호평 다수 (1건)
523365,즐겨찾기과일가게,전남,나주시,신선도,1,0,0,신선도 호평 다수 (1건)
521995,즐겨찾기스믄,전남,장흥군,맛,1,0,0,맛 호평 다수 (1건)
519418|895614,증도황궁짜장,전남,신안군,분위기,1,0,0,분위기 호평 다수 (1건)
434546,증심사중앙식당,광주,동구,서비스_친절도,1,0,0,서비스_친절도 호평 다수 (1건)
194270|879669,증심사중앙식당충장점,광주,동구,맛,1,0,0,맛 호평 다수 (1건)
194270|879669,증심사중앙식당충장점,광주,동구,신선도,1,0,0,신선도 호평 다수 (1건)
515937|961881,지구상사 상무점,광주,서구,신선도,1,0,0,신선도 호평 다수 (1건)
434550,지글보글식당,광주,북구,맛,1,0,0,맛 호평 다수 (1건)
434550,지글보글식당,광주,북구,신선도,1,0,0,신선도 호평 다수 (1건)
434552,지글보글연탄구이,광주,북구,맛,1,0,0,맛 호평 다수 (1건)
194276,지글지글,광주,서구,신선도,1,0,0,신선도 호평 다수 (1건)
517689,지노한우,전남,여수시,가격,1,0,0,가격 호평 다수 (1건)
434560,지누네국수&찌개,광주,남구,접근성_웨이팅,1,0,0,접근성_웨이팅 호평 다수 (1건)
519607|895734,지다네일번지음식점,전남,신안군,서비스_친절도,1,0,0,서비스_친절도 호평 다수 (1건)
519411|895607,지도횟집,전남,신안군,신선도,1,0,0,신선도 호평 다수 (1건)
434571,지란지교,광주,동구,맛,1,0,0,맛 호평 다수 (1건)
434571,지란지교,광주,동구,접근성_웨이팅,1,0,0,접근성_웨이팅 호평 다수 (1건)
434570,지란지교를꿈꾸며,광주,서구,분위기,1,0,0,분위기 호평 다수 (1건)
518459,지리각식당,전남,구례군,맛,1,0,0,맛 호평 다수 (1건)
518459,지리각식당,전남,구례군,양,1,0,0,양 호평 다수 (1건)
518225,지리산가는길,전남,곡성군,맛,1,0,0,맛 호평 다수 (1건)
56987|880524,지리산갈비촌,전남,구례군,맛,1,0,0,맛 호평 다수 (1건)
56987|880524,지리산갈비촌,전남,구례군,신선도,1,0,0,신선도 호평 다수 (1건)
518615,지리산면옥,전남,구례군,신선도,1,0,0,신선도 호평 다수 (1건)
188706,지리산순한한우 한우프라자,광주,북구,가격,1,0,0,가격 호평 다수 (1건)
518608,지리산식당,전남,구례군,신선도,1,0,0,신선도 호평 다수 (1건)
56989|880525,지리산이대순두부,전남,구례군,신선도,1,0,0,신선도 호평 다수 (1건)
518640,지리산한우직판장,전남,구례군,신선도,1,0,0,신선도 호평 다수 (1건)
434573,지리산흑돼지,광주,광산구,맛,1,0,0,맛 호평 다수 (1건)
434573,지리산흑돼지,광주,광산구,신선도,1,0,0,신선도 호평 다수 (1건)
518440,지리산흑돼지구이,전남,구례군,맛,1,0,0,맛 호평 다수 (1건)
518440,지리산흑돼지구이,전남,구례군,가격,1,0,0,가격 호평 다수 (1건)
518440,지리산흑돼지구이,전남,구례군,서비스_친절도,1,0,0,서비스_친절도 호평 다수 (1건)
434576,지민이네,광주,북구,맛,1,0,0,맛 호평 다수 (1건)
434579,지산골온천보리밥,광주,동구,맛,1,0,0,맛 호평 다수 (1건)
434579,지산골온천보리밥,광주,동구,양,1,0,0,양 호평 다수 (1건)
433718|434580,지산낙원,광주,동구,분위기,1,0,0,분위기 호평 다수 (1건)
434582,지산청과,광주,동구,신선도,1,0,0,신선도 호평 다수 (1건)
521500,지수네 식당,전남,완도군,신선도,1,0,0,신선도 호평 다수 (1건)
521500,지수네 식당,전남,완도군,위생_청결,1,0,0,위생_청결 호평 다수 (1건)
521500,지수네 식당,전남,완도군,서비스_친절도,1,0,0,서비스_친절도 호평 다수 (1건)
434587,지실골,광주,광산구,맛,1,0,0,맛 호평 다수 (1건)
434591,지업사횟집,광주,북구,맛,1,0,0,맛 호평 다수 (1건)
434618|880222,지영식당,광주,동구,맛,1,0,0,맛 호평 다수 (1건)
519534,지오네,전남,신안군,맛,1,0,0,맛 호평 다수 (1건)
519534,지오네,전남,신안군,신선도,1,0,0,신선도 호평 다수 (1건)
434619,지오식육식당,광주,광산구,맛,1,0,0,맛 호평 다수 (1건)
434619,지오식육식당,광주,광산구,가격,1,0,0,가격 호평 다수 (1건)
434623,지원곱창전골,광주,동구,분위기,1,0,0,분위기 호평 다수 (1건)
434626,지원통닭,광주,동구,맛,1,0,0,맛 호평 다수 (1건)
434626,지원통닭,광주,동구,신선도,1,0,0,신선도 호평 다수 (1건)
515842|961801,지은초밥,광주,동구,맛,1,0,0,맛 호평 다수 (1건)
515842|961801,지은초밥,광주,동구,신선도,1,0,0,신선도 호평 다수 (1건)
515842|961801,지은초밥,광주,동구,접근성_웨이팅,1,0,0,접근성_웨이팅 호평 다수 (1건)
537686,지인,전남,장성군,신선도,1,0,0,신선도 호평 다수 (1건)
537686,지인,전남,장성군,서비스_친절도,1,0,0,서비스_친절도 호평 다수 (1건)
434632,지인사랑채,광주,서구,접근성_웨이팅,1,0,0,접근성_웨이팅 호평 다수 (1건)
518552,지정환피자 구례점,전남,구례군,맛,1,0,0,맛 호평 다수 (1건)
518552,지정환피자 구례점,전남,구례군,신선도,1,0,0,신선도 호평 다수 (1건)
518552,지정환피자 구례점,전남,구례군,서비스_친절도,1,0,0,서비스_친절도 호평 다수 (1건)
518552,지정환피자 구례점,전남,구례군,분위기,1,0,0,분위기 호평 다수 (1건)
519815,지정환피자 영광점,전남,영광군,맛,1,0,0,맛 호평 다수 (1건)
434639,지지빠,광주,북구,신선도,1,0,0,신선도 호평 다수 (1건)
517626,지지전골마당,전남,여수시,맛,1,0,0,맛 호평 다수 (1건)
434653,지팡이,광주,북구,맛,1,0,0,맛 호평 다수 (1건)
434655,지하식당,광주,서구,분위기,1,0,0,분위기 호평 다수 (1건)
434656,지현풍천장어직판장,광주,광산구,신선도,1,0,0,신선도 호평 다수 (1건)
434656,지현풍천장어직판장,광주,광산구,분위기,1,0,0,분위기 호평 다수 (1건)
434659,직심,광주,서구,맛,1,0,0,맛 호평 다수 (1건)
434659,직심,광주,서구,신선도,1,0,0,신선도 호평 다수 (1건)
186360,직화볶음찜닭 볶찜 광주상무점,광주,서구,신선도,1,0,0,신선도 호평 다수 (1건)
426171,직화삼겹직구삼 백운점,광주,남구,맛,1,0,0,맛 호평 다수 (1건)
426171,직화삼겹직구삼 백운점,광주,남구,신선도,1,0,0,신선도 호평 다수 (1건)
426172,직화삼겹직구삼 쌍촌점,광주,서구,맛,1,0,0,맛 호평 다수 (1건)
426172,직화삼겹직구삼 쌍촌점,광주,서구,신선도,1,0,0,신선도 호평 다수 (1건)
434663,직화찜닭 볶찜 광주백운점,광주,남구,맛,1,0,0,맛 호평 다수 (1건)
426774,직화찜닭 볶찜 광주상무점,광주,서구,신선도,1,0,0,신선도 호평 다수 (1건)
434664,직화찜닭 볶찜 광주수완점,광주,광산구,맛,1,0,0,맛 호평 다수 (1건)
434664,직화찜닭 볶찜 광주수완점,광주,광산구,접근성_웨이팅,1,0,0,접근성_웨이팅 호평 다수 (1건)
522512|896449,진고개가든,전남,함평군,신선도,1,0,0,신선도 호평 다수 (1건)
434674,진고래아구찜해물찜 남구점,광주,남구,신선도,1,0,0,신선도 호평 다수 (1건)
434674,진고래아구찜해물찜 남구점,광주,남구,양,1,0,0,양 호평 다수 (1건)
434675|880225,진고집동해동태탕 상무점,광주,서구,신선도,1,0,0,신선도 호평 다수 (1건)
434675|880225,진고집동해동태탕 상무점,광주,서구,접근성_웨이팅,1,0,0,접근성_웨이팅 호평 다수 (1건)
434676,진곡구내식당,광주,광산구,분위기,1,0,0,분위기 호평 다수 (1건)
434677,진곡나주곰탕,광주,광산구,맛,1,0,0,맛 호평 다수 (1건)
429872|434678,진곡식당,광주,광산구,맛,1,0,0,맛 호평 다수 (1건)
429872|434678,진곡식당,광주,광산구,서비스_친절도,1,0,0,서비스_친절도 호평 다수 (1건)
434679,진곡푸드,광주,광산구,맛,1,0,0,맛 호평 다수 (1건)
434680,진국족발,광주,광산구,맛,1,0,0,맛 호평 다수 (1건)
434680,진국족발,광주,광산구,신선도,1,0,0,신선도 호평 다수 (1건)
521734|896000,진남맴생이탕,전남,장성군,맛,1,0,0,맛 호평 다수 (1건)
836780,진남식당 낙지꽃게탕,전남,여수시,접근성_웨이팅,1,0,0,접근성_웨이팅 호평 다수 (1건)
56990|880526|881550,진남횟집 돌산본점,전남,여수시,위생_청결,1,0,0,위생_청결 호평 다수 (1건)
56990|880526|881550,진남횟집 돌산본점,전남,여수시,서비스_친절도,1,0,0,서비스_친절도 호평 다수 (1건)
517537,진남횟집 물회 하모샤브샤브 돌산본점,전남,여수시,위생_청결,1,0,0,위생_청결 호평 다수 (1건)
517537,진남횟집 물회 하모샤브샤브 돌산본점,전남,여수시,서비스_친절도,1,0,0,서비스_친절도 호평 다수 (1건)
434682,진다리우동집,광주,남구,맛,1,0,0,맛 호평 다수 (1건)
434682,진다리우동집,광주,남구,서비스_친절도,1,0,0,서비스_친절도 호평 다수 (1건)
434682,진다리우동집,광주,남구,분위기,1,0,0,분위기 호평 다수 (1건)
56991|880527,진달래식당,전남,순천시,신선도,1,0,0,신선도 호평 다수 (1건)
522129|896247,진도 양푼이 동태탕,전남,진도군,맛,1,0,0,맛 호평 다수 (1건)
522097|896226,진도 흑염소,전남,진도군,맛,1,0,0,맛 호평 다수 (1건)
434686|880226,진도국밥,광주,동구,맛,1,0,0,맛 호평 다수 (1건)
518631,진도리닭도리탕 구례점,전남,구례군,분위기,1,0,0,분위기 호평 다수 (1건)
434687,진도리닭도리탕 본점,광주,남구,신선도,1,0,0,신선도 호평 다수 (1건)
522132|896249,진도밤바다,전남,진도군,맛,1,0,0,맛 호평 다수 (1건)
522132|896249,진도밤바다,전남,진도군,신선도,1,0,0,신선도 호평 다수 (1건)
522132|896249,진도밤바다,전남,진도군,분위기,1,0,0,분위기 호평 다수 (1건)
187971|434688,진도섬마을,광주,동구,신선도,1,0,0,신선도 호평 다수 (1건)
522240|896312,진도소고기대파국,전남,진도군,신선도,1,0,0,신선도 호평 다수 (1건)
522158|896263,진도아리랑회센터,전남,진도군,맛,1,0,0,맛 호평 다수 (1건)
522158|896263,진도아리랑회센터,전남,진도군,신선도,1,0,0,신선도 호평 다수 (1건)
522158|896263,진도아리랑회센터,전남,진도군,분위기,1,0,0,분위기 호평 다수 (1건)
434690,진도통닭,광주,광산구,맛,1,0,0,맛 호평 다수 (1건)
434690,진도통닭,광주,광산구,신선도,1,0,0,신선도 호평 다수 (1건)
522155|896261,진도향,전남,진도군,맛,1,0,0,맛 호평 다수 (1건)
522155|896261,진도향,전남,진도군,신선도,1,0,0,신선도 호평 다수 (1건)
522155|896261,진도향,전남,진도군,가격,1,0,0,가격 호평 다수 (1건)
522278,진도호시,전남,진도군,맛,1,0,0,맛 호평 다수 (1건)
494617|494976|880387,진도회관,광주,동구,맛,1,0,0,맛 호평 다수 (1건)
494617|494976|880387,진도회관,광주,동구,분위기,1,0,0,분위기 호평 다수 (1건)
522299|896338,진도휴게소스낵바,전남,진도군,맛,1,0,0,맛 호평 다수 (1건)
522299|896338,진도휴게소스낵바,전남,진도군,신선도,1,0,0,신선도 호평 다수 (1건)
522299|896338,진도휴게소스낵바,전남,진도군,서비스_친절도,1,0,0,서비스_친절도 호평 다수 (1건)
522299|896338,진도휴게소스낵바,전남,진도군,분위기,1,0,0,분위기 호평 다수 (1건)
434697,진미,광주,남구,맛,1,0,0,맛 호평 다수 (1건)
434701,진미국밥,전남,나주시,맛,1,0,0,맛 호평 다수 (1건)
434701,진미국밥,전남,나주시,신선도,1,0,0,신선도 호평 다수 (1건)
522353|896369,진미복집,전남,함평군,맛,1,0,0,맛 호평 다수 (1건)
522353|896369,진미복집,전남,함평군,신선도,1,0,0,신선도 호평 다수 (1건)
434706,진미소머리국밥,광주,동구,신선도,1,0,0,신선도 호평 다수 (1건)
434706,진미소머리국밥,광주,동구,분위기,1,0,0,분위기 호평 다수 (1건)
434708,진미숯불닭갈비,광주,북구,맛,1,0,0,맛 호평 다수 (1건)
522741|896602,진미식육식당,전남,해남군,맛,1,0,0,맛 호평 다수 (1건)
522741|896602,진미식육식당,전남,해남군,신선도,1,0,0,신선도 호평 다수 (1건)
522741|896602,진미식육식당,전남,해남군,접근성_웨이팅,1,0,0,접근성_웨이팅 호평 다수 (1건)
81321|837031,진미아구전문,전남,나주시,맛,1,0,0,맛 호평 다수 (1건)
81321|837031,진미아구전문,전남,나주시,신선도,1,0,0,신선도 호평 다수 (1건)
434717,진미원,광주,북구,신선도,1,0,0,신선도 호평 다수 (1건)
434721,진미탕집,광주,북구,맛,1,0,0,맛 호평 다수 (1건)
434721,진미탕집,광주,북구,신선도,1,0,0,신선도 호평 다수 (1건)
434722,진미팥죽 양산점,광주,북구,맛,1,0,0,맛 호평 다수 (1건)
434722,진미팥죽 양산점,광주,북구,위생_청결,1,0,0,위생_청결 호평 다수 (1건)
434722,진미팥죽 양산점,광주,북구,분위기,1,0,0,분위기 호평 다수 (1건)
519856|895821,진미향,전남,영광군,맛,1,0,0,맛 호평 다수 (1건)
519856|895821,진미향,전남,영광군,위생_청결,1,0,0,위생_청결 호평 다수 (1건)
56992|880528,진미횟집,전남,완도군,맛,1,0,0,맛 호평 다수 (1건)
56992|880528,진미횟집,전남,완도군,신선도,1,0,0,신선도 호평 다수 (1건)
522483|896435,진부령황태&은하식당,전남,함평군,신선도,1,0,0,신선도 호평 다수 (1건)
522483|896435,진부령황태&은하식당,전남,함평군,접근성_웨이팅,1,0,0,접근성_웨이팅 호평 다수 (1건)
515743|961715,진부령황태고을,광주,남구,맛,1,0,0,맛 호평 다수 (1건)
434728,진분식,광주,동구,맛,1,0,0,맛 호평 다수 (1건)
434728,진분식,광주,동구,서비스_친절도,1,0,0,서비스_친절도 호평 다수 (1건)
434728,진분식,광주,동구,분위기,1,0,0,분위기 호평 다수 (1건)
434729,진블루,광주,동구,접근성_웨이팅,1,0,0,접근성_웨이팅 호평 다수 (1건)
0611338af89d,진삼겹,광주,서구,신선도,1,0,0,신선도 호평 다수 (1건)
517777,진선미식당,전남,강진군,신선도,1,0,0,신선도 호평 다수 (1건)
521903|896111,진선식육식당,전남,장흥군,신선도,1,0,0,신선도 호평 다수 (1건)
434731,진성수가,광주,광산구,서비스_친절도,1,0,0,서비스_친절도 호평 다수 (1건)
434733,진성오리촌,광주,동구,맛,1,0,0,맛 호평 다수 (1건)
434736,진성회관,광주,광산구,맛,1,0,0,맛 호평 다수 (1건)
56993|880529,진솔통닭,전남,해남군,맛,1,0,0,맛 호평 다수 (1건)
56993|880529,진솔통닭,전남,해남군,신선도,1,0,0,신선도 호평 다수 (1건)
56993|880529,진솔통닭,전남,해남군,서비스_친절도,1,0,0,서비스_친절도 호평 다수 (1건)
434741,진숯불갈비,광주,동구,맛,1,0,0,맛 호평 다수 (1건)
434742,진스가든,광주,남구,신선도,1,0,0,신선도 호평 다수 (1건)
434743|55188,진스통,광주,동구,접근성_웨이팅,1,0,0,접근성_웨이팅 호평 다수 (1건)
55189|879447,진식당,광주,북구,신선도,1,0,0,신선도 호평 다수 (1건)
55189|879447,진식당,광주,북구,분위기,1,0,0,분위기 호평 다수 (1건)
434749,진실한밥상,광주,북구,신선도,1,0,0,신선도 호평 다수 (1건)
434753|629972,진심을담다,광주,북구,맛,1,0,0,맛 호평 다수 (1건)
434753|629972,진심을담다,광주,북구,서비스_친절도,1,0,0,서비스_친절도 호평 다수 (1건)
520065,진씨네,전남,영암군,신선도,1,0,0,신선도 호평 다수 (1건)
520065,진씨네,전남,영암군,접근성_웨이팅,1,0,0,접근성_웨이팅 호평 다수 (1건)
434758,진영통닭,광주,서구,맛,1,0,0,맛 호평 다수 (1건)
434758,진영통닭,광주,서구,신선도,1,0,0,신선도 호평 다수 (1건)
434759,진영팥죽,광주,광산구,맛,1,0,0,맛 호평 다수 (1건)
3c32e231abdb,진우네집국수,전남,담양군,신선도,1,0,0,신선도 호평 다수 (1건)
434763,진우네한우곱창 금호본점,광주,서구,맛,1,0,0,맛 호평 다수 (1건)
434763,진우네한우곱창 금호본점,광주,서구,신선도,1,0,0,신선도 호평 다수 (1건)
434763,진우네한우곱창 금호본점,광주,서구,서비스_친절도,1,0,0,서비스_친절도 호평 다수 (1건)
434763,진우네한우곱창 금호본점,광주,서구,접근성_웨이팅,1,0,0,접근성_웨이팅 호평 다수 (1건)
434765,진우한우곱창 풍암점,광주,서구,맛,1,0,0,맛 호평 다수 (1건)
434765,진우한우곱창 풍암점,광주,서구,위생_청결,1,0,0,위생_청결 호평 다수 (1건)
434766,진월대패삼겹살,광주,남구,신선도,1,0,0,신선도 호평 다수 (1건)
434770,진월통닭,광주,남구,신선도,1,0,0,신선도 호평 다수 (1건)
434771,진월통아구찜,광주,남구,맛,1,0,0,맛 호평 다수 (1건)
434771,진월통아구찜,광주,남구,신선도,1,0,0,신선도 호평 다수 (1건)
56994,진이맛집,전남,목포시,맛,1,0,0,맛 호평 다수 (1건)
56994,진이맛집,전남,목포시,신선도,1,0,0,신선도 호평 다수 (1건)
434775,진제골연탄구이,광주,남구,맛,1,0,0,맛 호평 다수 (1건)
434775,진제골연탄구이,광주,남구,신선도,1,0,0,신선도 호평 다수 (1건)
434778,진주냉면 수완점,광주,광산구,신선도,1,0,0,신선도 호평 다수 (1건)
56995|880530,진주명가,전남,광양시,신선도,1,0,0,신선도 호평 다수 (1건)
522796|896631,진주정,전남,화순군,맛,1,0,0,맛 호평 다수 (1건)
434782,진주황포냉면,광주,북구,맛,1,0,0,맛 호평 다수 (1건)
434782,진주황포냉면,광주,북구,신선도,1,0,0,신선도 호평 다수 (1건)
434787,진짜밥,광주,광산구,맛,1,0,0,맛 호평 다수 (1건)
425073,진짜배기 명태촌 광주풍암점,광주,서구,신선도,1,0,0,신선도 호평 다수 (1건)
434789|880230,진하수산,광주,서구,신선도,1,0,0,신선도 호평 다수 (1건)
434794,진흥 불고기,광주,서구,맛,1,0,0,맛 호평 다수 (1건)
434794,진흥 불고기,광주,서구,접근성_웨이팅,1,0,0,접근성_웨이팅 호평 다수 (1건)
532837,진흥간이음식점,전남,담양군,맛,1,0,0,맛 호평 다수 (1건)
434796,짐키친 광주첨단점,광주,광산구,접근성_웨이팅,1,0,0,접근성_웨이팅 호평 다수 (1건)
434797,짐키친 상무점,광주,서구,맛,1,0,0,맛 호평 다수 (1건)
434799,집뜰,광주,북구,맛,1,0,0,맛 호평 다수 (1건)
500389,집밥뚝딱 학동점,광주,동구,맛,1,0,0,맛 호평 다수 (1건)
500389,집밥뚝딱 학동점,광주,동구,가격,1,0,0,가격 호평 다수 (1건)
434803,집밥의혁명,광주,북구,신선도,1,0,0,신선도 호평 다수 (1건)
434803,집밥의혁명,광주,북구,분위기,1,0,0,분위기 호평 다수 (1건)
434804,집밥전문백반,광주,남구,맛,1,0,0,맛 호평 다수 (1건)
434804,집밥전문백반,광주,남구,신선도,1,0,0,신선도 호평 다수 (1건)
434806,집밥한끼,광주,광산구,맛,1,0,0,맛 호평 다수 (1건)
434806,집밥한끼,광주,광산구,분위기,1,0,0,분위기 호평 다수 (1건)
523089|896847,징검다리,전남,광양시,맛,1,0,0,맛 호평 다수 (1건)
434814,짚봉통닭,광주,남구,분위기,1,0,0,분위기 호평 다수 (1건)
434815,짚신매운갈비찜 광주유스퀘어점,광주,서구,맛,1,0,0,맛 호평 다수 (1건)
434815,짚신매운갈비찜 광주유스퀘어점,광주,서구,신선도,1,0,0,신선도 호평 다수 (1건)
434819,짜글이돼지찌개,광주,북구,맛,0,1,0,맛 언급 (1건)
434820,짜앤짬탕수육,광주,동구,가격,1,0,0,가격 호평 다수 (1건)
434821,짜이라이,광주,남구,신선도,1,0,0,신선도 호평 다수 (1건)
434821,짜이라이,광주,남구,분위기,1,0,0,분위기 호평 다수 (1건)
517744,짜장꽃,전남,강진군,맛,1,0,0,맛 호평 다수 (1건)
520230,짜장보고,전남,완도군,신선도,1,0,0,신선도 호평 다수 (1건)
e85ed0b41785,짜홍,광주,서구,맛,1,0,0,맛 호평 다수 (1건)
e85ed0b41785,짜홍,광주,서구,신선도,1,0,0,신선도 호평 다수 (1건)
434824,짝태와통골뱅이,광주,북구,맛,1,0,0,맛 호평 다수 (1건)
434824,짝태와통골뱅이,광주,북구,신선도,1,0,0,신선도 호평 다수 (1건)
434824,짝태와통골뱅이,광주,북구,분위기,1,0,0,분위기 호평 다수 (1건)
434825,짝태패밀리 광주문흥점,광주,북구,맛,1,0,0,맛 호평 다수 (1건)
522460|896423,짝태패밀리 함평점,전남,함평군,맛,1,0,0,맛 호평 다수 (1건)
434830,짬뽕과손님 상무점,광주,서구,접근성_웨이팅,1,0,0,접근성_웨이팅 호평 다수 (1건)
434831|501179,짬뽕과손님,광주,광산구,맛,1,0,0,맛 호평 다수 (1건)
434834,짬뽕관 광주수완점,광주,광산구,맛,1,0,0,맛 호평 다수 (1건)
434834,짬뽕관 광주수완점,광주,광산구,위생_청결,1,0,0,위생_청결 호평 다수 (1건)
428570,짬뽕대가,광주,광산구,맛,1,0,0,맛 호평 다수 (1건)
428570,짬뽕대가,광주,광산구,신선도,1,0,0,신선도 호평 다수 (1건)
428570,짬뽕대가,광주,광산구,분위기,1,0,0,분위기 호평 다수 (1건)
434836,짬뽕대마왕,광주,광산구,맛,1,0,0,맛 호평 다수 (1건)
434836,짬뽕대마왕,광주,광산구,신선도,1,0,0,신선도 호평 다수 (1건)
434838,짬뽕에미치다,광주,광산구,맛,1,0,0,맛 호평 다수 (1건)
520070,짬뽕의달인,전남,영암군,서비스_친절도,1,0,0,서비스_친절도 호평 다수 (1건)
520070,짬뽕의달인,전남,영암군,분위기,1,0,0,분위기 호평 다수 (1건)
434842,짬뽕천하,광주,광산구,신선도,1,0,0,신선도 호평 다수 (1건)
402708,짱 도시락,광주,광산구,맛,1,0,0,맛 호평 다수 (1건)
402708,짱 도시락,광주,광산구,신선도,1,0,0,신선도 호평 다수 (1건)
434844|880235,짱구,광주,북구,맛,1,0,0,맛 호평 다수 (1건)
517613,짱구네간장게장,전남,여수시,맛,1,0,0,맛 호평 다수 (1건)
434853,짱닭치킨 전남대점,광주,북구,맛,1,0,0,맛 호평 다수 (1건)
402708,짱도시락,광주,광산구,맛,1,0,0,맛 호평 다수 (1건)
402708,짱도시락,광주,광산구,신선도,1,0,0,신선도 호평 다수 (1건)
519433|895627,짱뚱이네식당,전남,신안군,맛,1,0,0,맛 호평 다수 (1건)
519433|895627,짱뚱이네식당,전남,신안군,신선도,1,0,0,신선도 호평 다수 (1건)
522039|896196,짱베트남쌀국수,전남,장흥군,신선도,1,0,0,신선도 호평 다수 (1건)
524177,쨈과크림,전남,강진군,맛,1,0,0,맛 호평 다수 (1건)
198935|439119,쨍하고해뜰날,광주,서구,맛,1,0,0,맛 호평 다수 (1건)
198935|439119,쨍하고해뜰날,광주,서구,신선도,1,0,0,신선도 호평 다수 (1건)
324065b7161d,쪼끼쪼끼,전남,여수시,신선도,1,0,0,신선도 호평 다수 (1건)
324065b7161d,쪼끼쪼끼,전남,여수시,서비스_친절도,1,0,0,서비스_친절도 호평 다수 (1건)
434861,쪼아저씨네파스타,광주,동구,서비스_친절도,0,1,0,서비스_친절도 언급 (1건)
434862,쪽갈비대장,광주,광산구,맛,1,0,0,맛 호평 다수 (1건)
2af610a2914b,쫄면주는삼겹본능 광주첨단점,광주,북구,맛,1,0,0,맛 호평 다수 (1건)
2af610a2914b,쫄면주는삼겹본능 광주첨단점,광주,북구,신선도,1,0,0,신선도 호평 다수 (1건)
434865,쫄쫄한곱창,광주,북구,맛,1,0,0,맛 호평 다수 (1건)
434865,쫄쫄한곱창,광주,북구,신선도,1,0,0,신선도 호평 다수 (1건)
434866,쫑e 부대찌개,광주,북구,맛,1,0,0,맛 호평 다수 (1건)
517722,쫑포 피자수퍼,전남,여수시,맛,1,0,0,맛 호평 다수 (1건)
517722,쫑포 피자수퍼,전남,여수시,분위기,1,0,0,분위기 호평 다수 (1건)
517722,쫑포 피자수퍼,전남,여수시,접근성_웨이팅,1,0,0,접근성_웨이팅 호평 다수 (1건)
434868,쭈꾸미도사 광주구시청점,광주,동구,분위기,1,0,0,분위기 호평 다수 (1건)
434870,쭈꾸미도사 광주용봉점,광주,북구,맛,1,0,0,맛 호평 다수 (1건)
434869,쭈꾸미도사 진월점,광주,남구,접근성_웨이팅,1,0,0,접근성_웨이팅 호평 다수 (1건)
dab403a72439,쭈꾸미사랑,전남,화순군,맛,1,0,0,맛 호평 다수 (1건)
dab403a72439,쭈꾸미사랑,전남,화순군,신선도,1,0,0,신선도 호평 다수 (1건)
434871|880236,쭈꾸미잡스,광주,동구,재방문의사,1,0,0,재방문의사 호평 다수 (1건)
434872,쭈꾸미총각,광주,광산구,맛,1,0,0,맛 호평 다수 (1건)
fd432a4dd592,쭈꾸쭈꾸,광주,광산구,맛,1,0,0,맛 호평 다수 (1건)
fd432a4dd592,쭈꾸쭈꾸,광주,광산구,신선도,1,0,0,신선도 호평 다수 (1건)
434875,쭈란,광주,북구,맛,1,0,0,맛 호평 다수 (1건)
434875,쭈란,광주,북구,가격,1,0,0,가격 호평 다수 (1건)
434875,쭈란,광주,북구,서비스_친절도,1,0,0,서비스_친절도 호평 다수 (1건)
434877,쭈마담 남구점,광주,남구,맛,1,0,0,맛 호평 다수 (1건)
434877,쭈마담 남구점,광주,남구,서비스_친절도,1,0,0,서비스_친절도 호평 다수 (1건)
515914|961859,쭈마담 용봉직영점,광주,북구,맛,1,0,0,맛 호평 다수 (1건)
434878,쭈마담 첨단양산점,광주,북구,신선도,1,0,0,신선도 호평 다수 (1건)
434880,쭈막,광주,동구,맛,1,0,0,맛 호평 다수 (1건)
434882,쭈사장 본점,광주,서구,신선도,1,0,0,신선도 호평 다수 (1건)
434884,쭈사장 하남점,광주,광산구,신선도,1,0,0,신선도 호평 다수 (1건)
434884,쭈사장 하남점,광주,광산구,서비스_친절도,1,0,0,서비스_친절도 호평 다수 (1건)
434887,쭉심 상무점,광주,서구,맛,1,0,0,맛 호평 다수 (1건)
434892,찐,광주,북구,맛,1,0,0,맛 호평 다수 (1건)
434892,찐,광주,북구,서비스_친절도,1,0,0,서비스_친절도 호평 다수 (1건)
523251,찐찹쌀수제꽈배기,전남,광양시,맛,1,0,0,맛 호평 다수 (1건)
434898,찐한사골국밥,광주,북구,위생_청결,1,0,0,위생_청결 호평 다수 (1건)
522767,찜꽁찜닭 해남점,전남,해남군,신선도,1,0,0,신선도 호평 다수 (1건)
522767,찜꽁찜닭 해남점,전남,해남군,서비스_친절도,1,0,0,서비스_친절도 호평 다수 (1건)
522767,찜꽁찜닭 해남점,전남,해남군,분위기,1,0,0,분위기 호평 다수 (1건)
434900,찜닭 시키면 치킨도 간다 찜꽁찜닭 첨단점,광주,북구,맛,1,0,0,맛 호평 다수 (1건)
434902,찜선생,광주,북구,맛,1,0,0,맛 호평 다수 (1건)
434905,찡찡꼬마김밥 계림점,광주,동구,신선도,1,0,0,신선도 호평 다수 (1건)
434907,찡찡꼬마김밥 본촌양산점,광주,북구,맛,1,0,0,맛 호평 다수 (1건)
434907,찡찡꼬마김밥 본촌양산점,광주,북구,신선도,1,0,0,신선도 호평 다수 (1건)
434907,찡찡꼬마김밥 본촌양산점,광주,북구,분위기,1,0,0,분위기 호평 다수 (1건)
434912,찡찡꼬마김밥 상무중앙점,광주,서구,맛,1,0,0,맛 호평 다수 (1건)
434912,찡찡꼬마김밥 상무중앙점,광주,서구,신선도,1,0,0,신선도 호평 다수 (1건)
434908,찡찡꼬마김밥 선운점,광주,광산구,맛,1,0,0,맛 호평 다수 (1건)
434908,찡찡꼬마김밥 선운점,광주,광산구,신선도,1,0,0,신선도 호평 다수 (1건)
434917,찡찡꼬마김밥 하남점,광주,광산구,맛,1,0,0,맛 호평 다수 (1건)
434917,찡찡꼬마김밥 하남점,광주,광산구,신선도,1,0,0,신선도 호평 다수 (1건)
434915|880240,찡찡꼬마김밥 화정점,광주,서구,신선도,1,0,0,신선도 호평 다수 (1건)
434915|880240,찡찡꼬마김밥 화정점,광주,서구,접근성_웨이팅,1,0,0,접근성_웨이팅 호평 다수 (1건)
434914|880239,찡찡꼬마김밥,광주,동구,신선도,1,0,0,신선도 호평 다수 (1건)
434914|880239,찡찡꼬마김밥,광주,동구,접근성_웨이팅,1,0,0,접근성_웨이팅 호평 다수 (1건)
434916,찡찡꼬마김밥수완점,광주,광산구,맛,1,0,0,맛 호평 다수 (1건)
434916,찡찡꼬마김밥수완점,광주,광산구,신선도,1,0,0,신선도 호평 다수 (1건)
523465,차다림,전남,나주시,맛,1,0,0,맛 호평 다수 (1건)
523465,차다림,전남,나주시,분위기,1,0,0,분위기 호평 다수 (1건)
0026042fca56,차도리가든,전남,광양시,맛,1,0,0,맛 호평 다수 (1건)
0026042fca56,차도리가든,전남,광양시,신선도,1,0,0,신선도 호평 다수 (1건)
434923,차돌집,광주,서구,맛,1,0,0,맛 호평 다수 (1건)
434923,차돌집,광주,서구,접근성_웨이팅,1,0,0,접근성_웨이팅 호평 다수 (1건)
434924,차돌풍 첨단점,광주,광산구,가격,1,0,0,가격 호평 다수 (1건)
434927,차여사 백숙,광주,북구,맛,1,0,0,맛 호평 다수 (1건)
523567,차오르다,전남,목포시,맛,1,0,0,맛 호평 다수 (1건)
523567,차오르다,전남,목포시,신선도,1,0,0,신선도 호평 다수 (1건)
519186|895434,차이나고,전남,보성군,분위기,1,0,0,분위기 호평 다수 (1건)
518323,차이나궁,전남,곡성군,맛,1,0,0,맛 호평 다수 (1건)
518323,차이나궁,전남,곡성군,서비스_친절도,1,0,0,서비스_친절도 호평 다수 (1건)
517748,차이나루,전남,강진군,위생_청결,1,0,0,위생_청결 호평 다수 (1건)
517748,차이나루,전남,강진군,서비스_친절도,1,0,0,서비스_친절도 호평 다수 (1건)
519240|895483,차이나연경,전남,보성군,맛,1,0,0,맛 호평 다수 (1건)
521763|896015,차이나해물왕짬뽕,전남,장성군,신선도,1,0,0,신선도 호평 다수 (1건)
522931|896737,차이홍,전남,화순군,맛,1,0,0,맛 호평 다수 (1건)
522931|896737,차이홍,전남,화순군,신선도,1,0,0,신선도 호평 다수 (1건)
434934,차장금 김치찌개 삼겹살,광주,광산구,맛,1,0,0,맛 호평 다수 (1건)
434936,차차네,광주,광산구,맛,1,0,0,맛 호평 다수 (1건)
515623|880394,차차룸 첨단점,광주,광산구,맛,1,0,0,맛 호평 다수 (1건)
515623|880394,차차룸 첨단점,광주,광산구,서비스_친절도,1,0,0,서비스_친절도 호평 다수 (1건)
515623|880394,차차룸 첨단점,광주,광산구,분위기,1,0,0,분위기 호평 다수 (1건)
434937,차차룸,광주,북구,신선도,1,0,0,신선도 호평 다수 (1건)
434937,차차룸,광주,북구,서비스_친절도,1,0,0,서비스_친절도 호평 다수 (1건)
6ddcaa4dea0b,차칸튀김,광주,북구,맛,1,0,0,맛 호평 다수 (1건)
6ddcaa4dea0b,차칸튀김,광주,북구,신선도,1,0,0,신선도 호평 다수 (1건)
519357|895569,차향가득한집,전남,보성군,가격,1,0,0,가격 호평 다수 (1건)
523647,차휴,전남,목포시,접근성_웨이팅,1,0,0,접근성_웨이팅 호평 다수 (1건)
434942,착한국수,광주,북구,맛,1,0,0,맛 호평 다수 (1건)
434942,착한국수,광주,북구,가격,1,0,0,가격 호평 다수 (1건)
434942,착한국수,광주,북구,양,1,0,0,양 호평 다수 (1건)
434949,착한닭갈비와 부대찌개 선운점,광주,광산구,맛,1,0,0,맛 호평 다수 (1건)
434949,착한닭갈비와 부대찌개 선운점,광주,광산구,신선도,1,0,0,신선도 호평 다수 (1건)
434949,착한닭갈비와 부대찌개 선운점,광주,광산구,양,1,0,0,양 호평 다수 (1건)
517858,착한돼지식육식당,전남,강진군,맛,1,0,0,맛 호평 다수 (1건)
517858,착한돼지식육식당,전남,강진군,서비스_친절도,1,0,0,서비스_친절도 호평 다수 (1건)
517858,착한돼지식육식당,전남,강진군,분위기,1,0,0,분위기 호평 다수 (1건)
fa9ff58adfe7,착한밥상뷔폐,광주,서구,맛,1,0,0,맛 호평 다수 (1건)
fa9ff58adfe7,착한밥상뷔폐,광주,서구,분위기,1,0,0,분위기 호평 다수 (1건)
198721,착한밥집 한식뷔페,광주,북구,신선도,1,0,0,신선도 호평 다수 (1건)
434946,착한분식,광주,북구,맛,1,0,0,맛 호평 다수 (1건)
434946,착한분식,광주,북구,신선도,1,0,0,신선도 호평 다수 (1건)
434946,착한분식,광주,북구,분위기,1,0,0,분위기 호평 다수 (1건)
434948,착한오리참숯불구이,광주,북구,맛,1,0,0,맛 호평 다수 (1건)
434948,착한오리참숯불구이,광주,북구,신선도,1,0,0,신선도 호평 다수 (1건)
434948,착한오리참숯불구이,광주,북구,가격,1,0,0,가격 호평 다수 (1건)
718295242310,착한쭝식 여수점,전남,여수시,서비스_친절도,1,0,0,서비스_친절도 호평 다수 (1건)
71c816fc48b2,착한쭝식 화순점,전남,화순군,맛,1,0,0,맛 호평 다수 (1건)
71c816fc48b2,착한쭝식 화순점,전남,화순군,신선도,1,0,0,신선도 호평 다수 (1건)
434955,착한참치,광주,서구,가격,1,0,0,가격 호평 다수 (1건)
522938|896743,착한초밥,전남,화순군,맛,1,0,0,맛 호평 다수 (1건)
522938|896743,착한초밥,전남,화순군,신선도,1,0,0,신선도 호평 다수 (1건)
0e1cf16a07f3,착한해물,광주,북구,신선도,1,0,0,신선도 호평 다수 (1건)
434962,찬이네칼국수팥죽전문점,광주,서구,맛,1,0,0,맛 호평 다수 (1건)
434964,찬찬찬7890라이브,광주,북구,맛,1,0,0,맛 호평 다수 (1건)
517937,찬찬통삼겹살,전남,강진군,맛,1,0,0,맛 호평 다수 (1건)
517937,찬찬통삼겹살,전남,강진군,신선도,1,0,0,신선도 호평 다수 (1건)
517937,찬찬통삼겹살,전남,강진군,양,1,0,0,양 호평 다수 (1건)
434968,참김밥 본점,광주,북구,맛,1,0,0,맛 호평 다수 (1건)
434968,참김밥 본점,광주,북구,신선도,1,0,0,신선도 호평 다수 (1건)
434970|880241,참나무집가든,광주,광산구,맛,1,0,0,맛 호평 다수 (1건)
434970|880241,참나무집가든,광주,광산구,분위기,1,0,0,분위기 호평 다수 (1건)
434972,참돈까스,광주,광산구,신선도,1,0,0,신선도 호평 다수 (1건)
434973,참마포갈매기 선운점,광주,광산구,맛,1,0,0,맛 호평 다수 (1건)
434973,참마포갈매기 선운점,광주,광산구,분위기,1,0,0,분위기 호평 다수 (1건)
434975,참맛김밥,광주,남구,맛,1,0,0,맛 호평 다수 (1건)
434975,참맛김밥,광주,남구,신선도,1,0,0,신선도 호평 다수 (1건)
434977,참맛나주곰탕,광주,북구,맛,1,0,0,맛 호평 다수 (1건)
434977,참맛나주곰탕,광주,북구,신선도,1,0,0,신선도 호평 다수 (1건)
434979,참맛집,광주,서구,신선도,1,0,0,신선도 호평 다수 (1건)
434981,참뫼,광주,동구,맛,1,0,0,맛 호평 다수 (1건)
434981,참뫼,광주,동구,신선도,1,0,0,신선도 호평 다수 (1건)
434981,참뫼,광주,동구,분위기,1,0,0,분위기 호평 다수 (1건)
434982,참미가정,광주,북구,신선도,1,0,0,신선도 호평 다수 (1건)
522835|896661,참본가,전남,화순군,신선도,1,0,0,신선도 호평 다수 (1건)
518195,참빛횟집,전남,고흥군,신선도,1,0,0,신선도 호평 다수 (1건)
518835|895177,참사랑해물칼국수,전남,담양군,신선도,1,0,0,신선도 호평 다수 (1건)
522783|896622,참숯가마 팔당원조칼제비칼국수 도곡점,전남,화순군,서비스_친절도,1,0,0,서비스_친절도 호평 다수 (1건)
522783|896622,참숯가마 팔당원조칼제비칼국수 도곡점,전남,화순군,접근성_웨이팅,1,0,0,접근성_웨이팅 호평 다수 (1건)
434995,참숯갈비,광주,북구,맛,1,0,0,맛 호평 다수 (1건)
434995,참숯갈비,광주,북구,신선도,1,0,0,신선도 호평 다수 (1건)
434993,참숯갈비마을,광주,동구,맛,1,0,0,맛 호평 다수 (1건)
434993,참숯갈비마을,광주,동구,신선도,1,0,0,신선도 호평 다수 (1건)
d0eb715343ec,참숯골갈비,전남,담양군,맛,1,0,0,맛 호평 다수 (1건)
d0eb715343ec,참숯골갈비,전남,담양군,서비스_친절도,1,0,0,서비스_친절도 호평 다수 (1건)
d0eb715343ec,참숯골갈비,전남,담양군,분위기,1,0,0,분위기 호평 다수 (1건)
60f91be88ced,참숯구이고기세상,광주,남구,신선도,1,0,0,신선도 호평 다수 (1건)
422028,참숯나라닭굽는마을,광주,북구,서비스_친절도,1,0,0,서비스_친절도 호평 다수 (1건)
434998,참숯돈돼지,광주,광산구,맛,1,0,0,맛 호평 다수 (1건)
434998,참숯돈돼지,광주,광산구,신선도,1,0,0,신선도 호평 다수 (1건)
434998,참숯돈돼지,광주,광산구,분위기,1,0,0,분위기 호평 다수 (1건)
434999,참숯불생선구이,광주,북구,신선도,1,0,0,신선도 호평 다수 (1건)
434999,참숯불생선구이,광주,북구,접근성_웨이팅,1,0,0,접근성_웨이팅 호평 다수 (1건)
435000,참숯불에꾸운닭,광주,서구,신선도,1,0,0,신선도 호평 다수 (1건)
435000,참숯불에꾸운닭,광주,서구,분위기,1,0,0,분위기 호평 다수 (1건)
435002,참숯에돈구이광주본점,광주,북구,맛,1,0,0,맛 호평 다수 (1건)
435002,참숯에돈구이광주본점,광주,북구,신선도,1,0,0,신선도 호평 다수 (1건)
519081|895356,참숯족발,전남,무안군,맛,1,0,0,맛 호평 다수 (1건)
519081|895356,참숯족발,전남,무안군,신선도,1,0,0,신선도 호평 다수 (1건)
f44540c3aced,참숯집,전남,나주시,분위기,1,0,0,분위기 호평 다수 (1건)
435004,참숯총각,광주,북구,맛,1,0,0,맛 호평 다수 (1건)
435004,참숯총각,광주,북구,신선도,1,0,0,신선도 호평 다수 (1건)
435004,참숯총각,광주,북구,접근성_웨이팅,1,0,0,접근성_웨이팅 호평 다수 (1건)
521492|895841,참숯한우완도갈비살,전남,완도군,신선도,1,0,0,신선도 호평 다수 (1건)
521492|895841,참숯한우완도갈비살,전남,완도군,분위기,1,0,0,분위기 호평 다수 (1건)
432724|435006,참스민첨단점,광주,광산구,맛,1,0,0,맛 호평 다수 (1건)
518156,참식당,전남,고흥군,맛,1,0,0,맛 호평 다수 (1건)
435009,참옻나무촌닭,광주,북구,맛,1,0,0,맛 호평 다수 (1건)
435009,참옻나무촌닭,광주,북구,신선도,1,0,0,신선도 호평 다수 (1건)
435010,참이맛감자탕 금호점,광주,서구,맛,1,0,0,맛 호평 다수 (1건)
435010,참이맛감자탕 금호점,광주,서구,신선도,1,0,0,신선도 호평 다수 (1건)
435010,참이맛감자탕 금호점,광주,서구,서비스_친절도,1,0,0,서비스_친절도 호평 다수 (1건)
435011,참일능이,광주,광산구,맛,1,0,0,맛 호평 다수 (1건)
57000,참일능이버섯백숙,전남,해남군,맛,1,0,0,맛 호평 다수 (1건)
57000,참일능이버섯백숙,전남,해남군,신선도,1,0,0,신선도 호평 다수 (1건)
7b778162136a,참족발,전남,나주시,맛,1,0,0,맛 호평 다수 (1건)
7b778162136a,참족발,전남,나주시,서비스_친절도,1,0,0,서비스_친절도 호평 다수 (1건)
435013,참존고기,광주,광산구,신선도,1,0,0,신선도 호평 다수 (1건)
435013,참존고기,광주,광산구,서비스_친절도,1,0,0,서비스_친절도 호평 다수 (1건)
572c0caa3c46,참좋은신안횟집,전남,신안군,맛,1,0,0,맛 호평 다수 (1건)
572c0caa3c46,참좋은신안횟집,전남,신안군,신선도,1,0,0,신선도 호평 다수 (1건)
435020,참참돌족,광주,서구,맛,1,0,0,맛 호평 다수 (1건)
435021,참참생돈구이,광주,서구,신선도,1,0,0,신선도 호평 다수 (1건)
435021,참참생돈구이,광주,서구,접근성_웨이팅,1,0,0,접근성_웨이팅 호평 다수 (1건)
435023|880242,참치가,광주,서구,맛,1,0,0,맛 호평 다수 (1건)
435023|880242,참치가,광주,서구,신선도,1,0,0,신선도 호평 다수 (1건)
07a26c7a3db5,참치골,전남,목포시,신선도,1,0,0,신선도 호평 다수 (1건)
522844,참치꾼,전남,화순군,신선도,1,0,0,신선도 호평 다수 (1건)
435025,참치락,광주,광산구,맛,1,0,0,맛 호평 다수 (1건)
435025,참치락,광주,광산구,신선도,1,0,0,신선도 호평 다수 (1건)
435027,참치뱃살,광주,광산구,가격,1,0,0,가격 호평 다수 (1건)
435029,참치연구소 이정우,광주,광산구,가격,1,0,0,가격 호평 다수 (1건)
435031,참치작업실,광주,광산구,신선도,1,0,0,신선도 호평 다수 (1건)
435032,참치창고,광주,광산구,맛,1,0,0,맛 호평 다수 (1건)
435032,참치창고,광주,광산구,신선도,1,0,0,신선도 호평 다수 (1건)
435044,창고1974 금호직영점,광주,서구,분위기,1,0,0,분위기 호평 다수 (1건)
187924|435042,창고1974 선운점,광주,광산구,분위기,1,0,0,분위기 호평 다수 (1건)
435045,창고1974 효천1지구점,광주,남구,위생_청결,1,0,0,위생_청결 호평 다수 (1건)
435045,창고1974 효천1지구점,광주,남구,서비스_친절도,1,0,0,서비스_친절도 호평 다수 (1건)
55190|879448,창고1974,광주,남구,맛,1,0,0,맛 호평 다수 (1건)
435057,창평국밥밀냉면,광주,동구,맛,1,0,0,맛 호평 다수 (1건)
435057,창평국밥밀냉면,광주,동구,양,1,0,0,양 호평 다수 (1건)
518780|895155,창평두레맛집,전남,담양군,맛,1,0,0,맛 호평 다수 (1건)
532840,창평손만두,전남,담양군,서비스_친절도,1,0,0,서비스_친절도 호평 다수 (1건)
519952,창평순대국밥,전남,영암군,신선도,1,0,0,신선도 호평 다수 (1건)
435061,창평시장국밥 첨단점,광주,광산구,맛,1,0,0,맛 호평 다수 (1건)
435061,창평시장국밥 첨단점,광주,광산구,신선도,1,0,0,신선도 호평 다수 (1건)
435064,창평시장국밥,광주,북구,맛,1,0,0,맛 호평 다수 (1건)
435064,창평시장국밥,광주,북구,신선도,1,0,0,신선도 호평 다수 (1건)
435068,창평전현숙국밥 두암점,광주,북구,맛,1,0,0,맛 호평 다수 (1건)
435068,창평전현숙국밥 두암점,광주,북구,분위기,1,0,0,분위기 호평 다수 (1건)
522839|896664,창평전현숙국밥화순점,전남,화순군,맛,1,0,0,맛 호평 다수 (1건)
522839|896664,창평전현숙국밥화순점,전남,화순군,신선도,1,0,0,신선도 호평 다수 (1건)
435073,창평진국밥,광주,동구,맛,1,0,0,맛 호평 다수 (1건)
435073,창평진국밥,광주,동구,신선도,1,0,0,신선도 호평 다수 (1건)
518867,창평한우암소고깃집,전남,담양군,접근성_웨이팅,1,0,0,접근성_웨이팅 호평 다수 (1건)
435079,채가떡볶이앤김밥,광주,서구,맛,1,0,0,맛 호평 다수 (1건)
435102,채움,광주,서구,신선도,1,0,0,신선도 호평 다수 (1건)
435102,채움,광주,서구,접근성_웨이팅,1,0,0,접근성_웨이팅 호평 다수 (1건)
435104,채움늘,광주,북구,맛,1,0,0,맛 호평 다수 (1건)
435105,채움푸드,광주,북구,서비스_친절도,1,0,0,서비스_친절도 호평 다수 (1건)
435107,책과생활,광주,동구,맛,1,0,0,맛 호평 다수 (1건)
435107,책과생활,광주,동구,분위기,1,0,0,분위기 호평 다수 (1건)
435113,챙길 밥 운암동천점,광주,북구,맛,1,0,0,맛 호평 다수 (1건)
435113,챙길 밥 운암동천점,광주,북구,신선도,1,0,0,신선도 호평 다수 (1건)
435116,챠이하우스 본점,광주,북구,맛,1,0,0,맛 호평 다수 (1건)
435116,챠이하우스 본점,광주,북구,분위기,1,0,0,분위기 호평 다수 (1건)
435141,처제밥상,광주,광산구,맛,1,0,0,맛 호평 다수 (1건)
435141,처제밥상,광주,광산구,신선도,1,0,0,신선도 호평 다수 (1건)
190111,천가상회,광주,광산구,맛,1,0,0,맛 호평 다수 (1건)
190111,천가상회,광주,광산구,신선도,1,0,0,신선도 호평 다수 (1건)
435142,천관산암소한우식육식당,광주,서구,맛,1,0,0,맛 호평 다수 (1건)
435142,천관산암소한우식육식당,광주,서구,서비스_친절도,1,0,0,서비스_친절도 호평 다수 (1건)
435142,천관산암소한우식육식당,광주,서구,접근성_웨이팅,1,0,0,접근성_웨이팅 호평 다수 (1건)
518477,천궁,전남,구례군,서비스_친절도,1,0,0,서비스_친절도 호평 다수 (1건)
435144,천년마을영광모싯잎송편,광주,광산구,접근성_웨이팅,1,0,0,접근성_웨이팅 호평 다수 (1건)
428664,천년의맛,광주,북구,신선도,1,0,0,신선도 호평 다수 (1건)
435149,천년지기식당,광주,서구,맛,1,0,0,맛 호평 다수 (1건)
435153,천리향 본점,광주,서구,맛,1,0,0,맛 호평 다수 (1건)
435153,천리향 본점,광주,서구,신선도,1,0,0,신선도 호평 다수 (1건)
435155,천마리만마리산내들축산,광주,광산구,신선도,1,0,0,신선도 호평 다수 (1건)
532842,천변사골곰탕,전남,담양군,맛,1,0,0,맛 호평 다수 (1건)
435162,천사곱창 광주첨단점,광주,광산구,서비스_친절도,1,0,0,서비스_친절도 호평 다수 (1건)
517426,천사곱창 순천조례점,전남,순천시,위생_청결,1,0,0,위생_청결 호평 다수 (1건)
519526,천사대교무지개식당,전남,신안군,맛,1,0,0,맛 호평 다수 (1건)
519428,천사섬 퍼플 회타운,전남,신안군,분위기,1,0,0,분위기 호평 다수 (1건)
519406|895602,천사신안아구찜,전남,신안군,맛,1,0,0,맛 호평 다수 (1건)
519406|895602,천사신안아구찜,전남,신안군,신선도,1,0,0,신선도 호평 다수 (1건)
519565,천사왕꽈배기,전남,신안군,맛,1,0,0,맛 호평 다수 (1건)
a3734a5b7fba,천사의섬,전남,나주시,신선도,1,0,0,신선도 호평 다수 (1건)
a3734a5b7fba,천사의섬,전남,나주시,서비스_친절도,1,0,0,서비스_친절도 호평 다수 (1건)
519465,천사횟집,전남,신안군,맛,1,0,0,맛 호평 다수 (1건)
519465,천사횟집,전남,신안군,신선도,1,0,0,신선도 호평 다수 (1건)
435164,천석골국밥,전남,나주시,맛,1,0,0,맛 호평 다수 (1건)
435164,천석골국밥,전남,나주시,신선도,1,0,0,신선도 호평 다수 (1건)
435165,천석골국밥광주점,광주,광산구,분위기,1,0,0,분위기 호평 다수 (1건)
522438|896415,천석궁국밥손순대,전남,함평군,신선도,1,0,0,신선도 호평 다수 (1건)
435167,천수민물장어 오치점,광주,북구,맛,1,0,0,맛 호평 다수 (1건)
435167,천수민물장어 오치점,광주,북구,신선도,1,0,0,신선도 호평 다수 (1건)
435168|880247,천수민물장어,광주,북구,신선도,1,0,0,신선도 호평 다수 (1건)
435169,천수반점,광주,북구,맛,1,0,0,맛 호평 다수 (1건)
435169,천수반점,광주,북구,접근성_웨이팅,1,0,0,접근성_웨이팅 호평 다수 (1건)
435173,천왕족발,광주,남구,맛,1,0,0,맛 호평 다수 (1건)
435173,천왕족발,광주,남구,위생_청결,1,0,0,위생_청결 호평 다수 (1건)
435173,천왕족발,광주,남구,서비스_친절도,1,0,0,서비스_친절도 호평 다수 (1건)
435173,천왕족발,광주,남구,접근성_웨이팅,1,0,0,접근성_웨이팅 호평 다수 (1건)
432791|435175,천인국밥,광주,광산구,신선도,1,0,0,신선도 호평 다수 (1건)
435176,천일국밥왕족발,광주,남구,맛,1,0,0,맛 호평 다수 (1건)
435176,천일국밥왕족발,광주,남구,신선도,1,0,0,신선도 호평 다수 (1건)
57002|880531,천일식당,전남,해남군,맛,1,0,0,맛 호평 다수 (1건)
435178,천자문,광주,광산구,서비스_친절도,1,0,0,서비스_친절도 호평 다수 (1건)
435178,천자문,광주,광산구,접근성_웨이팅,1,0,0,접근성_웨이팅 호평 다수 (1건)
435179,천자물회 광주본점,광주,북구,맛,1,0,0,맛 호평 다수 (1건)
435179,천자물회 광주본점,광주,북구,신선도,1,0,0,신선도 호평 다수 (1건)
520232,천지가 전복,전남,완도군,신선도,1,0,0,신선도 호평 다수 (1건)
520232,천지가 전복,전남,완도군,가격,1,0,0,가격 호평 다수 (1건)
520232,천지가 전복,전남,완도군,분위기,1,0,0,분위기 호평 다수 (1건)
522429|896411,천지관,전남,함평군,맛,1,0,0,맛 호평 다수 (1건)
522429|896411,천지관,전남,함평군,분위기,1,0,0,분위기 호평 다수 (1건)
520085,천지막창,전남,영암군,맛,1,0,0,맛 호평 다수 (1건)
435181|880248,천지메기탕,광주,서구,맛,1,0,0,맛 호평 다수 (1건)
435181|880248,천지메기탕,광주,서구,신선도,1,0,0,신선도 호평 다수 (1건)
435181|880248,천지메기탕,광주,서구,양,1,0,0,양 호평 다수 (1건)
519992,천지식육음식점,전남,영암군,서비스_친절도,1,0,0,서비스_친절도 호평 다수 (1건)
522055|896205,천지인,전남,장흥군,분위기,1,0,0,분위기 호평 다수 (1건)
435187,천지차이나,광주,서구,신선도,1,0,0,신선도 호평 다수 (1건)
521960|896148,천추 남원 추어탕,전남,장흥군,신선도,1,0,0,신선도 호평 다수 (1건)
521960|896148,천추 남원 추어탕,전남,장흥군,접근성_웨이팅,1,0,0,접근성_웨이팅 호평 다수 (1건)
435197,천하수산 주월점,광주,남구,가격,1,0,0,가격 호평 다수 (1건)
d83318d4804d,천하수산활어직판장,전남,나주시,신선도,1,0,0,신선도 호평 다수 (1건)
d83318d4804d,천하수산활어직판장,전남,나주시,가격,1,0,0,가격 호평 다수 (1건)
435198,천하왕김밥,광주,북구,맛,1,0,0,맛 호평 다수 (1건)
435198,천하왕김밥,광주,북구,신선도,1,0,0,신선도 호평 다수 (1건)
435199,천하한방왕족발보쌈,광주,북구,신선도,1,0,0,신선도 호평 다수 (1건)
435199,천하한방왕족발보쌈,광주,북구,위생_청결,1,0,0,위생_청결 호평 다수 (1건)
435202,천하회관,광주,북구,맛,1,0,0,맛 호평 다수 (1건)
435202,천하회관,광주,북구,분위기,1,0,0,분위기 호평 다수 (1건)
30019accdb85,천하회수산포장,광주,북구,맛,1,0,0,맛 호평 다수 (1건)
30019accdb85,천하회수산포장,광주,북구,신선도,1,0,0,신선도 호평 다수 (1건)
518087,천해횟집,전남,고흥군,신선도,1,0,0,신선도 호평 다수 (1건)
518087,천해횟집,전남,고흥군,위생_청결,1,0,0,위생_청결 호평 다수 (1건)
435205,천향푸드2호점,광주,남구,맛,1,0,0,맛 호평 다수 (1건)
435205,천향푸드2호점,광주,남구,신선도,1,0,0,신선도 호평 다수 (1건)
435204,천향푸드,광주,북구,맛,1,0,0,맛 호평 다수 (1건)
435204,천향푸드,광주,북구,신선도,1,0,0,신선도 호평 다수 (1건)
515695|880456,철길부산집 광주첨단점,광주,광산구,맛,1,0,0,맛 호평 다수 (1건)
515695|880456,철길부산집 광주첨단점,광주,광산구,분위기,1,0,0,분위기 호평 다수 (1건)
435207,철길부산집 광주하남점,광주,광산구,서비스_친절도,1,0,0,서비스_친절도 호평 다수 (1건)
435210,철따라맛집,광주,북구,서비스_친절도,1,0,0,서비스_친절도 호평 다수 (1건)
517491,철뚝집 조례점,전남,순천시,가격,1,0,0,가격 호평 다수 (1건)
522379|896387,철성가든,전남,함평군,맛,1,0,0,맛 호평 다수 (1건)
435212,철수네밥상,광주,남구,맛,1,0,0,맛 호평 다수 (1건)
435212,철수네밥상,광주,남구,가격,1,0,0,가격 호평 다수 (1건)
435216,철이네숯불구이,광주,서구,맛,1,0,0,맛 호평 다수 (1건)
435216,철이네숯불구이,광주,서구,신선도,1,0,0,신선도 호평 다수 (1건)
435220,철주네식육식당,광주,서구,가격,1,0,0,가격 호평 다수 (1건)
520032,철판요리전문점,전남,영암군,맛,1,0,0,맛 호평 다수 (1건)
435223,철호와 미자,광주,서구,분위기,1,0,0,분위기 호평 다수 (1건)
425412,첨단 문광,광주,광산구,맛,1,0,0,맛 호평 다수 (1건)
425412,첨단 문광,광주,광산구,재방문의사,1,0,0,재방문의사 호평 다수 (1건)
198373|438567,첨단 필링돈까스,광주,북구,맛,1,0,0,맛 호평 다수 (1건)
198373|438567,첨단 필링돈까스,광주,북구,신선도,1,0,0,신선도 호평 다수 (1건)
429818|515658|880425,첨단 한우돌곱창,광주,광산구,맛,1,0,0,맛 호평 다수 (1건)
435229,첨단강원도코다리찜,광주,광산구,맛,1,0,0,맛 호평 다수 (1건)
435229,첨단강원도코다리찜,광주,광산구,신선도,1,0,0,신선도 호평 다수 (1건)
435230,첨단골가든,광주,북구,맛,1,0,0,맛 호평 다수 (1건)
435230,첨단골가든,광주,북구,신선도,1,0,0,신선도 호평 다수 (1건)
435230,첨단골가든,광주,북구,재방문의사,1,0,0,재방문의사 호평 다수 (1건)
435232,첨단골회관,광주,광산구,맛,1,0,0,맛 호평 다수 (1건)
435232,첨단골회관,광주,광산구,신선도,1,0,0,신선도 호평 다수 (1건)
435232,첨단골회관,광주,광산구,재방문의사,1,0,0,재방문의사 호평 다수 (1건)
435235,첨단공원국밥 월계점,광주,광산구,서비스_친절도,1,0,0,서비스_친절도 호평 다수 (1건)
435236|440760,첨단대박집,광주,광산구,맛,1,0,0,맛 호평 다수 (1건)
435236|440760,첨단대박집,광주,광산구,접근성_웨이팅,1,0,0,접근성_웨이팅 호평 다수 (1건)
435251,첨단돌솥감자탕 동림점,광주,북구,맛,1,0,0,맛 호평 다수 (1건)
435251,첨단돌솥감자탕 동림점,광주,북구,양,1,0,0,양 호평 다수 (1건)
435252,첨단돌솥감자탕 두암점,광주,북구,맛,1,0,0,맛 호평 다수 (1건)
435252,첨단돌솥감자탕 두암점,광주,북구,양,1,0,0,양 호평 다수 (1건)
435253,첨단돌솥감자탕 수완장덕점,광주,광산구,맛,1,0,0,맛 호평 다수 (1건)
435253,첨단돌솥감자탕 수완장덕점,광주,광산구,접근성_웨이팅,1,0,0,접근성_웨이팅 호평 다수 (1건)
435239,첨단돌솥감자탕 쌍촌점,광주,서구,분위기,1,0,0,분위기 호평 다수 (1건)
515778|961743,첨단돌솥감자탕서동점,광주,남구,맛,1,0,0,맛 호평 다수 (1건)
515778|961743,첨단돌솥감자탕서동점,광주,남구,신선도,1,0,0,신선도 호평 다수 (1건)
435257,첨단생복집,광주,광산구,분위기,1,0,0,분위기 호평 다수 (1건)
435261,첨단솥뚜껑삼겹살,광주,광산구,맛,1,0,0,맛 호평 다수 (1건)
435264,첨단신락원,광주,광산구,서비스_친절도,1,0,0,서비스_친절도 호평 다수 (1건)
435267,첨단약흑염소가든,광주,광산구,맛,1,0,0,맛 호평 다수 (1건)
435267,첨단약흑염소가든,광주,광산구,분위기,1,0,0,분위기 호평 다수 (1건)
435273,첨단진부령황태마당,광주,광산구,맛,1,0,0,맛 호평 다수 (1건)
435273,첨단진부령황태마당,광주,광산구,신선도,1,0,0,신선도 호평 다수 (1건)
435275,첨단회관,광주,광산구,분위기,1,0,0,분위기 호평 다수 (1건)
426541,첨단회소주방,광주,광산구,맛,1,0,0,맛 호평 다수 (1건)
0283c8252043,청과휴게실,광주,동구,맛,1,0,0,맛 호평 다수 (1건)
0283c8252043,청과휴게실,광주,동구,신선도,1,0,0,신선도 호평 다수 (1건)
518288,청국장과흑두부,전남,곡성군,맛,1,0,0,맛 호평 다수 (1건)
518288,청국장과흑두부,전남,곡성군,접근성_웨이팅,1,0,0,접근성_웨이팅 호평 다수 (1건)
435285,청기와가든,광주,광산구,맛,1,0,0,맛 호평 다수 (1건)
435285,청기와가든,광주,광산구,신선도,1,0,0,신선도 호평 다수 (1건)
435285,청기와가든,광주,광산구,분위기,1,0,0,분위기 호평 다수 (1건)
195031|435303,청년대패,광주,서구,신선도,1,0,0,신선도 호평 다수 (1건)
195032|435304|880249,청년떡볶이 광주백운점,광주,남구,서비스_친절도,1,0,0,서비스_친절도 호평 다수 (1건)
519332|895553,청년부대찌개&닭갈비 보성점,전남,보성군,맛,1,0,0,맛 호평 다수 (1건)
519332|895553,청년부대찌개&닭갈비 보성점,전남,보성군,접근성_웨이팅,1,0,0,접근성_웨이팅 호평 다수 (1건)
6b8f9df9f741,청년순대국 광양점,전남,광양시,신선도,1,0,0,신선도 호평 다수 (1건)
195038|435310,청년연어,광주,북구,신선도,1,0,0,신선도 호평 다수 (1건)
427084,청년찌개 수완점,광주,광산구,신선도,1,0,0,신선도 호평 다수 (1건)
427084,청년찌개 수완점,광주,광산구,위생_청결,1,0,0,위생_청결 호평 다수 (1건)
518379,청년챌린지마켓,전남,곡성군,맛,1,0,0,맛 호평 다수 (1건)
435316,청년통닭,광주,북구,맛,1,0,0,맛 호평 다수 (1건)
435316,청년통닭,광주,북구,신선도,1,0,0,신선도 호평 다수 (1건)
435327,청다롱,광주,북구,서비스_친절도,1,0,0,서비스_친절도 호평 다수 (1건)
435327,청다롱,광주,북구,분위기,1,0,0,분위기 호평 다수 (1건)
435333,청담계절맛집,광주,서구,신선도,1,0,0,신선도 호평 다수 (1건)
515765|961734,청담동 마녀김밥 진월점,광주,남구,신선도,1,0,0,신선도 호평 다수 (1건)
424139|435336,청담동마녀김밥 첨단점,광주,북구,신선도,1,0,0,신선도 호평 다수 (1건)
435330,청담돼지구이,광주,서구,맛,1,0,0,맛 호평 다수 (1건)
435330,청담돼지구이,광주,서구,신선도,1,0,0,신선도 호평 다수 (1건)
435330,청담돼지구이,광주,서구,서비스_친절도,1,0,0,서비스_친절도 호평 다수 (1건)
519135|895399,청담이상 목포남악점,전남,무안군,맛,1,0,0,맛 호평 다수 (1건)
519135|895399,청담이상 목포남악점,전남,무안군,신선도,1,0,0,신선도 호평 다수 (1건)
195073,청담피자 광주첨단점,광주,광산구,서비스_친절도,1,0,0,서비스_친절도 호평 다수 (1건)
435346,청도,광주,남구,맛,1,0,0,맛 호평 다수 (1건)
435346,청도,광주,남구,신선도,1,0,0,신선도 호평 다수 (1건)
435347,청돈,광주,광산구,맛,1,0,0,맛 호평 다수 (1건)
195080|435352,청림정,광주,서구,분위기,1,0,0,분위기 호평 다수 (1건)
195081|435353,청림흑돈맛촌,광주,남구,신선도,1,0,0,신선도 호평 다수 (1건)
195081|435353,청림흑돈맛촌,광주,남구,서비스_친절도,1,0,0,서비스_친절도 호평 다수 (1건)
57003,청마루식당,전남,보성군,위생_청결,1,0,0,위생_청결 호평 다수 (1건)
57003,청마루식당,전남,보성군,서비스_친절도,1,0,0,서비스_친절도 호평 다수 (1건)
195084|435356,청명식당,광주,서구,맛,1,0,0,맛 호평 다수 (1건)
195084|435356,청명식당,광주,서구,접근성_웨이팅,1,0,0,접근성_웨이팅 호평 다수 (1건)
195085|435357|880250,청명아구찜,광주,북구,맛,1,0,0,맛 호평 다수 (1건)
195085|435357|880250,청명아구찜,광주,북구,신선도,1,0,0,신선도 호평 다수 (1건)
195086|435358,청명회관,광주,남구,맛,1,0,0,맛 호평 다수 (1건)
195086|435358,청명회관,광주,남구,신선도,1,0,0,신선도 호평 다수 (1건)
195086|435358,청명회관,광주,남구,분위기,1,0,0,분위기 호평 다수 (1건)
520011,청미국밥,전남,영암군,맛,1,0,0,맛 호평 다수 (1건)
520011,청미국밥,전남,영암군,신선도,1,0,0,신선도 호평 다수 (1건)
195097|435369,청산돌솥밥삼계탕,광주,서구,맛,1,0,0,맛 호평 다수 (1건)
195097|435369,청산돌솥밥삼계탕,광주,서구,신선도,1,0,0,신선도 호평 다수 (1건)
521519|895857,청산토방,전남,완도군,맛,1,0,0,맛 호평 다수 (1건)
57004,청석골칡냉면,전남,해남군,신선도,1,0,0,신선도 호평 다수 (1건)
57004,청석골칡냉면,전남,해남군,분위기,1,0,0,분위기 호평 다수 (1건)
195100|435372,청솔가든,광주,북구,서비스_친절도,1,0,0,서비스_친절도 호평 다수 (1건)
195101|435373|880251,청솔가마솥,광주,광산구,맛,1,0,0,맛 호평 다수 (1건)
195101|435373|880251,청솔가마솥,광주,광산구,신선도,1,0,0,신선도 호평 다수 (1건)
425479,청솔회관 미가,광주,남구,신선도,1,0,0,신선도 호평 다수 (1건)
195107|435379,청송반점,광주,북구,맛,1,0,0,맛 호평 다수 (1건)
195107|435379,청송반점,광주,북구,신선도,1,0,0,신선도 호평 다수 (1건)
195108|435380,청송회관,광주,서구,분위기,1,0,0,분위기 호평 다수 (1건)
521882|896093,청송횟집,전남,장흥군,맛,1,0,0,맛 호평 다수 (1건)
521882|896093,청송횟집,전남,장흥군,신선도,1,0,0,신선도 호평 다수 (1건)
521882|896093,청송횟집,전남,장흥군,분위기,1,0,0,분위기 호평 다수 (1건)
195110|435382,청수민물장어,광주,서구,맛,1,0,0,맛 호평 다수 (1건)
517453,청수정,전남,순천시,분위기,1,0,0,분위기 호평 다수 (1건)
195109|435381,청수참치,광주,서구,신선도,1,0,0,신선도 호평 다수 (1건)
521742|896003,청암가든,전남,장성군,맛,1,0,0,맛 호평 다수 (1건)
521742|896003,청암가든,전남,장성군,신선도,1,0,0,신선도 호평 다수 (1건)
435391,청양일초수완쭈꾸미,광주,광산구,맛,1,0,0,맛 호평 다수 (1건)
435391,청양일초수완쭈꾸미,광주,광산구,신선도,1,0,0,신선도 호평 다수 (1건)
518439,청와대,전남,구례군,서비스_친절도,1,0,0,서비스_친절도 호평 다수 (1건)
435403,청우수산,광주,북구,신선도,1,0,0,신선도 호평 다수 (1건)
435403,청우수산,광주,북구,분위기,1,0,0,분위기 호평 다수 (1건)
518698|895109,청운식당,전남,담양군,맛,1,0,0,맛 호평 다수 (1건)
518698|895109,청운식당,전남,담양군,분위기,1,0,0,분위기 호평 다수 (1건)
435407,청원낙지전문점,광주,서구,맛,1,0,0,맛 호평 다수 (1건)
435407,청원낙지전문점,광주,서구,신선도,1,0,0,신선도 호평 다수 (1건)
435408,청원모밀 수완점,광주,광산구,접근성_웨이팅,1,0,0,접근성_웨이팅 호평 다수 (1건)
435409,청원모밀 첨단점,광주,광산구,신선도,1,0,0,신선도 호평 다수 (1건)
435406,청원모밀 하남점,광주,광산구,맛,1,0,0,맛 호평 다수 (1건)
435406,청원모밀 하남점,광주,광산구,신선도,1,0,0,신선도 호평 다수 (1건)
435412,청원모밀,광주,서구,맛,1,0,0,맛 호평 다수 (1건)
435412,청원모밀,광주,서구,신선도,1,0,0,신선도 호평 다수 (1건)
435412,청원모밀,광주,서구,접근성_웨이팅,1,0,0,접근성_웨이팅 호평 다수 (1건)
435405,청원식당,광주,남구,분위기,1,0,0,분위기 호평 다수 (1건)
435417,청자,광주,서구,맛,1,0,0,맛 호평 다수 (1건)
435417,청자,광주,서구,서비스_친절도,1,0,0,서비스_친절도 호평 다수 (1건)
517749|517947,청자골식당,전남,강진군,맛,1,0,0,맛 호평 다수 (1건)
517749|517947,청자골식당,전남,강진군,신선도,1,0,0,신선도 호평 다수 (1건)
517971,청자골회센터,전남,강진군,맛,1,0,0,맛 호평 다수 (1건)
517866,청자골회타운,전남,강진군,서비스_친절도,1,0,0,서비스_친절도 호평 다수 (1건)
517866,청자골회타운,전남,강진군,분위기,1,0,0,분위기 호평 다수 (1건)
57008,청자식당,전남,순천시,신선도,1,0,0,신선도 호평 다수 (1건)
57008,청자식당,전남,순천시,분위기,1,0,0,분위기 호평 다수 (1건)
049c3a99f00f,청정게장촌,전남,여수시,접근성_웨이팅,1,0,0,접근성_웨이팅 호평 다수 (1건)
435495,청정수산,광주,서구,맛,1,0,0,맛 호평 다수 (1건)
435495,청정수산,광주,서구,신선도,1,0,0,신선도 호평 다수 (1건)
435496,청정한농식육식당,광주,북구,신선도,1,0,0,신선도 호평 다수 (1건)
435499,청주 수완점,광주,광산구,분위기,1,0,0,분위기 호평 다수 (1건)
77fa29984f6f,청주본가 광양점,전남,광양시,맛,1,0,0,맛 호평 다수 (1건)
435500,청죽골한우식육식당,광주,북구,맛,1,0,0,맛 호평 다수 (1건)
435555,청춘,광주,북구,맛,1,0,0,맛 호평 다수 (1건)
435555,청춘,광주,북구,신선도,1,0,0,신선도 호평 다수 (1건)
435555,청춘,광주,북구,분위기,1,0,0,분위기 호평 다수 (1건)
523206,청춘간식,전남,광양시,맛,1,0,0,맛 호평 다수 (1건)
523206,청춘간식,전남,광양시,서비스_친절도,1,0,0,서비스_친절도 호평 다수 (1건)
435520,청춘감성쌀핫도그 광주상무점,광주,서구,맛,1,0,0,맛 호평 다수 (1건)
435520,청춘감성쌀핫도그 광주상무점,광주,서구,신선도,1,0,0,신선도 호평 다수 (1건)
435521,청춘골뱅이싸롱,광주,광산구,맛,1,0,0,맛 호평 다수 (1건)
435523,청춘길20번지 조대점,광주,동구,맛,1,0,0,맛 호평 다수 (1건)
435523,청춘길20번지 조대점,광주,동구,분위기,1,0,0,분위기 호평 다수 (1건)
435523,청춘길20번지 조대점,광주,동구,접근성_웨이팅,1,0,0,접근성_웨이팅 호평 다수 (1건)
524066|837013,청춘당 찹쌀꽈배기 본점,전남,여수시,맛,1,0,0,맛 호평 다수 (1건)
518073,청춘당꽈배기 녹동점,전남,고흥군,신선도,1,0,0,신선도 호평 다수 (1건)
524166|837015,청춘당꽈배기 웅천점,전남,여수시,신선도,1,0,0,신선도 호평 다수 (1건)
523105,청춘당찹쌀꽈배기 광양읍점,전남,광양시,맛,1,0,0,맛 호평 다수 (1건)
523105,청춘당찹쌀꽈배기 광양읍점,전남,광양시,신선도,1,0,0,신선도 호평 다수 (1건)
435527,청춘대패 매곡점,광주,북구,신선도,1,0,0,신선도 호평 다수 (1건)
435527,청춘대패 매곡점,광주,북구,서비스_친절도,1,0,0,서비스_친절도 호평 다수 (1건)
435528|880258,청춘덮밥,광주,동구,분위기,1,0,0,분위기 호평 다수 (1건)
435530,청춘뚝배기 아시아문화전당점,광주,동구,신선도,1,0,0,신선도 호평 다수 (1건)
435530,청춘뚝배기 아시아문화전당점,광주,동구,접근성_웨이팅,1,0,0,접근성_웨이팅 호평 다수 (1건)
435533,청춘불패,광주,북구,맛,1,0,0,맛 호평 다수 (1건)
435533,청춘불패,광주,북구,서비스_친절도,1,0,0,서비스_친절도 호평 다수 (1건)
435533,청춘불패,광주,북구,분위기,1,0,0,분위기 호평 다수 (1건)
435534,청춘뼈해장국,광주,광산구,맛,1,0,0,맛 호평 다수 (1건)
435534,청춘뼈해장국,광주,광산구,접근성_웨이팅,1,0,0,접근성_웨이팅 호평 다수 (1건)
435535,청춘샌드위치,광주,서구,맛,1,0,0,맛 호평 다수 (1건)
435535,청춘샌드위치,광주,서구,신선도,1,0,0,신선도 호평 다수 (1건)
435536,청춘소주방,광주,광산구,맛,1,0,0,맛 호평 다수 (1건)
435536,청춘소주방,광주,광산구,신선도,1,0,0,신선도 호평 다수 (1건)
435538,청춘얼큰이 봉선점,광주,남구,맛,1,0,0,맛 호평 다수 (1건)
435539,청춘얼큰이 수완점,광주,광산구,신선도,1,0,0,신선도 호평 다수 (1건)
435539,청춘얼큰이 수완점,광주,광산구,분위기,1,0,0,분위기 호평 다수 (1건)
435540,청춘얼큰이,광주,북구,맛,1,0,0,맛 호평 다수 (1건)
435550|880259,청춘을적신다,광주,서구,맛,1,0,0,맛 호평 다수 (1건)
435550|880259,청춘을적신다,광주,서구,신선도,1,0,0,신선도 호평 다수 (1건)
435550|880259,청춘을적신다,광주,서구,분위기,1,0,0,분위기 호평 다수 (1건)
519519|895680,청춘족발,전남,신안군,신선도,1,0,0,신선도 호평 다수 (1건)
435559,청출어람,광주,서구,위생_청결,1,0,0,위생_청결 호평 다수 (1건)
435564|961650,청하회관,광주,동구,신선도,1,0,0,신선도 호평 다수 (1건)
518410,청학,전남,곡성군,맛,1,0,0,맛 호평 다수 (1건)
194553c16ca7,청학동,전남,나주시,위생_청결,1,0,0,위생_청결 호평 다수 (1건)
194553c16ca7,청학동,전남,나주시,서비스_친절도,1,0,0,서비스_친절도 호평 다수 (1건)
435566,청학동숯불갈비,광주,북구,가격,1,0,0,가격 호평 다수 (1건)
435566,청학동숯불갈비,광주,북구,서비스_친절도,1,0,0,서비스_친절도 호평 다수 (1건)
522220|896298,청해대복식당,전남,진도군,맛,1,0,0,맛 호평 다수 (1건)
522220|896298,청해대복식당,전남,진도군,신선도,1,0,0,신선도 호평 다수 (1건)
57009,청해일식,전남,순천시,맛,1,0,0,맛 호평 다수 (1건)
57009,청해일식,전남,순천시,신선도,1,0,0,신선도 호평 다수 (1건)
435570,청해정,광주,북구,분위기,1,0,0,분위기 호평 다수 (1건)
518130,청해정육식당,전남,고흥군,서비스_친절도,1,0,0,서비스_친절도 호평 다수 (1건)
435572,청해진세꼬시,광주,남구,맛,1,0,0,맛 호평 다수 (1건)
435572,청해진세꼬시,광주,남구,신선도,1,0,0,신선도 호평 다수 (1건)
435051,청해진회센타,광주,북구,맛,1,0,0,맛 호평 다수 (1건)
435051,청해진회센타,광주,북구,신선도,1,0,0,신선도 호평 다수 (1건)
521814|896049,청해횟집,전남,장성군,신선도,1,0,0,신선도 호평 다수 (1건)
435575,청화반점,광주,서구,맛,1,0,0,맛 호평 다수 (1건)
435575,청화반점,광주,서구,신선도,1,0,0,신선도 호평 다수 (1건)
522122,청화식당,전남,진도군,신선도,1,0,0,신선도 호평 다수 (1건)
7486a1920c7b,체리쉬 파스타,광주,서구,맛,1,0,0,맛 호평 다수 (1건)
7486a1920c7b,체리쉬 파스타,광주,서구,신선도,1,0,0,신선도 호평 다수 (1건)
519338|895557,체리원,전남,보성군,신선도,1,0,0,신선도 호평 다수 (1건)
9fb7fa307197,초가네장어구이 목포점,전남,목포시,맛,1,0,0,맛 호평 다수 (1건)
435593,초가집 보쌈족발,광주,남구,신선도,1,0,0,신선도 호평 다수 (1건)
435594|435595,초당순두부,광주,북구,맛,1,0,0,맛 호평 다수 (1건)
435594|435595,초당순두부,광주,북구,신선도,1,0,0,신선도 호평 다수 (1건)
521572|895889,초동순두부,전남,장성군,맛,1,0,0,맛 호평 다수 (1건)
421580,초록에녹차유황오리 쌍촌점,광주,서구,맛,1,0,0,맛 호평 다수 (1건)
421580,초록에녹차유황오리 쌍촌점,광주,서구,서비스_친절도,1,0,0,서비스_친절도 호평 다수 (1건)
435598,초록에보성녹돈 직영점,광주,광산구,맛,1,0,0,맛 호평 다수 (1건)
435599,초록집,전남,나주시,맛,1,0,0,맛 호평 다수 (1건)
435599,초록집,전남,나주시,분위기,1,0,0,분위기 호평 다수 (1건)
522751,초롱야식소주방,전남,해남군,맛,1,0,0,맛 호평 다수 (1건)
522751,초롱야식소주방,전남,해남군,신선도,1,0,0,신선도 호평 다수 (1건)
435605,초밥대통령 광주양산점,광주,북구,신선도,1,0,0,신선도 호평 다수 (1건)
435608,초밥대통령 광주장덕점,광주,광산구,맛,1,0,0,맛 호평 다수 (1건)
435608,초밥대통령 광주장덕점,광주,광산구,신선도,1,0,0,신선도 호평 다수 (1건)
435612,초밥만드는사람들 서영대점,광주,북구,신선도,1,0,0,신선도 호평 다수 (1건)
517424,초밥시대,전남,순천시,맛,1,0,0,맛 호평 다수 (1건)
522121|896241,초밥집,전남,진도군,맛,1,0,0,맛 호평 다수 (1건)
522121|896241,초밥집,전남,진도군,신선도,1,0,0,신선도 호평 다수 (1건)
522121|896241,초밥집,전남,진도군,서비스_친절도,1,0,0,서비스_친절도 호평 다수 (1건)
435619,초밥참치,광주,남구,맛,1,0,0,맛 호평 다수 (1건)
435619,초밥참치,광주,남구,신선도,1,0,0,신선도 호평 다수 (1건)
518752,초벌,전남,담양군,가격,1,0,0,가격 호평 다수 (1건)
518752,초벌,전남,담양군,분위기,1,0,0,분위기 호평 다수 (1건)
435620,초선,광주,북구,맛,1,0,0,맛 호평 다수 (1건)
435620,초선,광주,북구,신선도,1,0,0,신선도 호평 다수 (1건)
435620,초선,광주,북구,분위기,1,0,0,분위기 호평 다수 (1건)
520105,초수동순두부,전남,영암군,신선도,1,0,0,신선도 호평 다수 (1건)
435621,초승달,광주,남구,신선도,1,0,0,신선도 호평 다수 (1건)
435622,초승달커리,광주,남구,맛,1,0,0,맛 호평 다수 (1건)
435622,초승달커리,광주,남구,분위기,1,0,0,분위기 호평 다수 (1건)
435623,초심푸줏간,광주,광산구,맛,1,0,0,맛 호평 다수 (1건)
435623,초심푸줏간,광주,광산구,분위기,1,0,0,분위기 호평 다수 (1건)
435627,초연,광주,북구,맛,1,0,0,맛 호평 다수 (1건)
435627,초연,광주,북구,서비스_친절도,1,0,0,서비스_친절도 호평 다수 (1건)
435627,초연,광주,북구,분위기,1,0,0,분위기 호평 다수 (1건)
57011|880533,초원복집,전남,여수시,접근성_웨이팅,1,0,0,접근성_웨이팅 호평 다수 (1건)
518247,초원숯불갈비,전남,곡성군,맛,1,0,0,맛 호평 다수 (1건)
518247,초원숯불갈비,전남,곡성군,신선도,1,0,0,신선도 호평 다수 (1건)
518247,초원숯불갈비,전남,곡성군,서비스_친절도,1,0,0,서비스_친절도 호평 다수 (1건)
518247,초원숯불갈비,전남,곡성군,분위기,1,0,0,분위기 호평 다수 (1건)
435635,초원양갈비,광주,광산구,신선도,1,0,0,신선도 호평 다수 (1건)
521745,초원의 집,전남,장성군,신선도,1,0,0,신선도 호평 다수 (1건)
521745,초원의 집,전남,장성군,서비스_친절도,1,0,0,서비스_친절도 호평 다수 (1건)
435636,초원참숯구이,광주,광산구,맛,1,0,0,맛 호평 다수 (1건)
435636,초원참숯구이,광주,광산구,신선도,1,0,0,신선도 호평 다수 (1건)
435637|880262,초원칡냉면,광주,서구,서비스_친절도,1,0,0,서비스_친절도 호평 다수 (1건)
432484,초원팥죽,광주,북구,맛,1,0,0,맛 호평 다수 (1건)
432484,초원팥죽,광주,북구,신선도,1,0,0,신선도 호평 다수 (1건)
519812,초원한우,전남,영광군,맛,1,0,0,맛 호평 다수 (1건)
519812,초원한우,전남,영광군,신선도,1,0,0,신선도 호평 다수 (1건)
435638,초원한우돈,광주,광산구,맛,1,0,0,맛 호평 다수 (1건)
435643,초이찌,광주,북구,맛,1,0,0,맛 호평 다수 (1건)
435643,초이찌,광주,북구,신선도,1,0,0,신선도 호평 다수 (1건)
435644,초정,광주,동구,맛,1,0,0,맛 호평 다수 (1건)
435644,초정,광주,동구,분위기,1,0,0,분위기 호평 다수 (1건)
435649,초현숯불구이,광주,북구,맛,1,0,0,맛 호평 다수 (1건)
435649,초현숯불구이,광주,북구,신선도,1,0,0,신선도 호평 다수 (1건)
520028,촌구석,전남,영암군,신선도,1,0,0,신선도 호평 다수 (1건)
520028,촌구석,전남,영암군,분위기,1,0,0,분위기 호평 다수 (1건)
435661,촌닭이 두마리 본촌점,광주,북구,맛,1,0,0,맛 호평 다수 (1건)
435661,촌닭이 두마리 본촌점,광주,북구,신선도,1,0,0,신선도 호평 다수 (1건)
518151,촌닭이두마리 고흥시장점,전남,고흥군,맛,1,0,0,맛 호평 다수 (1건)
518151,촌닭이두마리 고흥시장점,전남,고흥군,위생_청결,1,0,0,위생_청결 호평 다수 (1건)
518593,촌닭이두마리 구례점,전남,구례군,맛,1,0,0,맛 호평 다수 (1건)
518593,촌닭이두마리 구례점,전남,구례군,신선도,1,0,0,신선도 호평 다수 (1건)
518593,촌닭이두마리 구례점,전남,구례군,양,1,0,0,양 호평 다수 (1건)
435663,촌닭이두마리 일곡점,광주,북구,맛,1,0,0,맛 호평 다수 (1건)
435664,촌닭이두마리 흑석점,광주,광산구,맛,1,0,0,맛 호평 다수 (1건)
435654|435656,촌닭이두마리,광주,서구,맛,1,0,0,맛 호평 다수 (1건)
435654|435656,촌닭이두마리,광주,서구,신선도,1,0,0,신선도 호평 다수 (1건)
435654|435656,촌닭이두마리,광주,서구,서비스_친절도,1,0,0,서비스_친절도 호평 다수 (1건)
435670,촌애 산닭구이 상무점,광주,서구,신선도,1,0,0,신선도 호평 다수 (1건)
5385d69cec37,총각숯불구이,광주,북구,맛,1,0,0,맛 호평 다수 (1건)
5385d69cec37,총각숯불구이,광주,북구,신선도,1,0,0,신선도 호평 다수 (1건)
5385d69cec37,총각숯불구이,광주,북구,분위기,1,0,0,분위기 호평 다수 (1건)
521521|895858,최가네손맛족발,전남,완도군,신선도,1,0,0,신선도 호평 다수 (1건)
521521|895858,최가네손맛족발,전남,완도군,서비스_친절도,1,0,0,서비스_친절도 호평 다수 (1건)
435674,최가네왕뼈돌솥감자탕,광주,서구,맛,1,0,0,맛 호평 다수 (1건)
435674,최가네왕뼈돌솥감자탕,광주,서구,신선도,1,0,0,신선도 호평 다수 (1건)
435117,최가네추어탕,광주,북구,맛,1,0,0,맛 호평 다수 (1건)
435117,최가네추어탕,광주,북구,신선도,1,0,0,신선도 호평 다수 (1건)
435675,최가당족발보쌈,광주,북구,신선도,1,0,0,신선도 호평 다수 (1건)
435677,최가박당,광주,서구,맛,1,0,0,맛 호평 다수 (1건)
435677,최가박당,광주,서구,신선도,1,0,0,신선도 호평 다수 (1건)
437921,최강족발,광주,남구,신선도,1,0,0,신선도 호평 다수 (1건)
435681,최고김밥 본점,광주,북구,맛,1,0,0,맛 호평 다수 (1건)
435683,최고당돈가스 동명점,광주,동구,신선도,0,1,0,신선도 언급 (1건)
435686,최고루짜장각 신창점,광주,광산구,맛,1,0,0,맛 호평 다수 (1건)
46cc8ea2cc8d,최동민양푼갈비 광양중마점,전남,광양시,맛,1,0,0,맛 호평 다수 (1건)
46cc8ea2cc8d,최동민양푼갈비 광양중마점,전남,광양시,신선도,1,0,0,신선도 호평 다수 (1건)
46cc8ea2cc8d,최동민양푼갈비 광양중마점,전남,광양시,분위기,1,0,0,분위기 호평 다수 (1건)
435691,최부자국밥,광주,서구,맛,1,0,0,맛 호평 다수 (1건)
435691,최부자국밥,광주,서구,신선도,1,0,0,신선도 호평 다수 (1건)
435692,최석규족발전문점,광주,광산구,맛,1,0,0,맛 호평 다수 (1건)
435692,최석규족발전문점,광주,광산구,분위기,1,0,0,분위기 호평 다수 (1건)
435695,최씨부엌족발,광주,북구,맛,1,0,0,맛 호평 다수 (1건)
435695,최씨부엌족발,광주,북구,신선도,1,0,0,신선도 호평 다수 (1건)
435699,최진국감자탕 본점,광주,광산구,신선도,1,0,0,신선도 호평 다수 (1건)
435702,추닭집 본촌점,광주,북구,맛,1,0,0,맛 호평 다수 (1건)
435702,추닭집 본촌점,광주,북구,접근성_웨이팅,1,0,0,접근성_웨이팅 호평 다수 (1건)
520239,추섬활어회식당,전남,완도군,맛,1,0,0,맛 호평 다수 (1건)
520239,추섬활어회식당,전남,완도군,신선도,1,0,0,신선도 호평 다수 (1건)
4ea9d6b46325,추스쿱 광주백운점,광주,남구,맛,1,0,0,맛 호평 다수 (1건)
521821|896054,추암골산장,전남,장성군,맛,1,0,0,맛 호평 다수 (1건)
435708|880264,추어가남원추어탕,광주,광산구,신선도,1,0,0,신선도 호평 다수 (1건)
419858,추어탕끓이는집 광한루,광주,동구,분위기,1,0,0,분위기 호평 다수 (1건)
523032|896801,추어탕한그릇,전남,화순군,맛,1,0,0,맛 호평 다수 (1건)
523032|896801,추어탕한그릇,전남,화순군,신선도,1,0,0,신선도 호평 다수 (1건)
523032|896801,추어탕한그릇,전남,화순군,분위기,1,0,0,분위기 호평 다수 (1건)
912e3dbd57e4,추억과우정,광주,서구,맛,1,0,0,맛 호평 다수 (1건)
912e3dbd57e4,추억과우정,광주,서구,신선도,1,0,0,신선도 호평 다수 (1건)
518882|895205,추월당,전남,담양군,맛,1,0,0,맛 호평 다수 (1건)
518882|895205,추월당,전남,담양군,분위기,1,0,0,분위기 호평 다수 (1건)
435725,추카추카쌍촌점,광주,서구,맛,1,0,0,맛 호평 다수 (1건)
198785|438971,축협한우프라자,광주,북구,신선도,1,0,0,신선도 호평 다수 (1건)
198785|438971,축협한우프라자,광주,북구,서비스_친절도,1,0,0,서비스_친절도 호평 다수 (1건)
435726,춘광,광주,남구,맛,1,0,0,맛 호평 다수 (1건)
435730,춘부집 광주산수점,광주,동구,맛,1,0,0,맛 호평 다수 (1건)
435730,춘부집 광주산수점,광주,동구,분위기,1,0,0,분위기 호평 다수 (1건)
435729,춘부집 문화전당점,광주,동구,맛,1,0,0,맛 호평 다수 (1건)
435729,춘부집 문화전당점,광주,동구,신선도,1,0,0,신선도 호평 다수 (1건)
435731,춘부집,광주,북구,신선도,1,0,0,신선도 호평 다수 (1건)
435731,춘부집,광주,북구,서비스_친절도,1,0,0,서비스_친절도 호평 다수 (1건)
435736,춘자 왕만두,광주,광산구,신선도,1,0,0,신선도 호평 다수 (1건)
435735,춘자네밥상,광주,광산구,맛,1,0,0,맛 호평 다수 (1건)
435734,춘자생태탕,광주,동구,신선도,1,0,0,신선도 호평 다수 (1건)
518622,춘짜장,전남,구례군,맛,1,0,0,맛 호평 다수 (1건)
518622,춘짜장,전남,구례군,양,1,0,0,양 호평 다수 (1건)
435738,춘천닭갈비막국수,광주,서구,신선도,1,0,0,신선도 호평 다수 (1건)
435739,춘천모닭갈비,광주,광산구,맛,1,0,0,맛 호평 다수 (1건)
435740,춘천숯불닭갈비,광주,남구,맛,1,0,0,맛 호평 다수 (1건)
435741,춘천일번지닭갈비,광주,북구,맛,1,0,0,맛 호평 다수 (1건)
435741,춘천일번지닭갈비,광주,북구,신선도,1,0,0,신선도 호평 다수 (1건)
435741,춘천일번지닭갈비,광주,북구,가격,1,0,0,가격 호평 다수 (1건)
435741,춘천일번지닭갈비,광주,북구,양,1,0,0,양 호평 다수 (1건)
435742,춘천집닭갈비,광주,광산구,신선도,1,0,0,신선도 호평 다수 (1건)
435748,춘향,광주,서구,신선도,1,0,0,신선도 호평 다수 (1건)
435754,춤추는오돌뼈,광주,남구,맛,1,0,0,맛 호평 다수 (1건)
435758,충만치킨 광주오치점,광주,북구,서비스_친절도,1,0,0,서비스_친절도 호평 다수 (1건)
d7493a536481,충만치킨 용봉점,광주,북구,맛,1,0,0,맛 호평 다수 (1건)
d7493a536481,충만치킨 용봉점,광주,북구,양,1,0,0,양 호평 다수 (1건)
521661|895954,충만치킨 장성점,전남,장성군,맛,1,0,0,맛 호평 다수 (1건)
521661|895954,충만치킨 장성점,전남,장성군,양,1,0,0,양 호평 다수 (1건)
521661|895954,충만치킨 장성점,전남,장성군,서비스_친절도,1,0,0,서비스_친절도 호평 다수 (1건)
435759,충만치킨 풍암점,광주,서구,맛,1,0,0,맛 호평 다수 (1건)
435759,충만치킨 풍암점,광주,서구,양,1,0,0,양 호평 다수 (1건)
522378|896386,충만치킨 함평점,전남,함평군,맛,1,0,0,맛 호평 다수 (1건)
435762,충무수산,광주,서구,맛,1,0,0,맛 호평 다수 (1건)
435762,충무수산,광주,서구,신선도,1,0,0,신선도 호평 다수 (1건)
435767,충장빈대떡집,광주,동구,신선도,1,0,0,신선도 호평 다수 (1건)
435768,충장상회,광주,북구,신선도,1,0,0,신선도 호평 다수 (1건)
435768,충장상회,광주,북구,접근성_웨이팅,1,0,0,접근성_웨이팅 호평 다수 (1건)
435769,충장설렁탕,광주,동구,맛,1,0,0,맛 호평 다수 (1건)
435769,충장설렁탕,광주,동구,신선도,1,0,0,신선도 호평 다수 (1건)
435769,충장설렁탕,광주,동구,접근성_웨이팅,1,0,0,접근성_웨이팅 호평 다수 (1건)
480598,충장정,광주,동구,맛,1,0,0,맛 호평 다수 (1건)
57015,취락식당,전남,장흥군,맛,1,0,0,맛 호평 다수 (1건)
435772,취중진담,광주,북구,맛,1,0,0,맛 호평 다수 (1건)
435772,취중진담,광주,북구,분위기,1,0,0,분위기 호평 다수 (1건)
435773,취중천국,광주,북구,맛,1,0,0,맛 호평 다수 (1건)
435773,취중천국,광주,북구,분위기,1,0,0,분위기 호평 다수 (1건)
435774,취하고싶은 밤,광주,서구,맛,1,0,0,맛 호평 다수 (1건)
435774,취하고싶은 밤,광주,서구,분위기,1,0,0,분위기 호평 다수 (1건)
518889|895211,취향루,전남,담양군,맛,1,0,0,맛 호평 다수 (1건)
518889|895211,취향루,전남,담양군,분위기,1,0,0,분위기 호평 다수 (1건)
435781,취향원,광주,광산구,맛,1,0,0,맛 호평 다수 (1건)
435781,취향원,광주,광산구,서비스_친절도,1,0,0,서비스_친절도 호평 다수 (1건)
435783,취화선쌍촌본점,광주,서구,신선도,1,0,0,신선도 호평 다수 (1건)
435785,츄러스,광주,광산구,맛,1,0,0,맛 호평 다수 (1건)
435785,츄러스,광주,광산구,접근성_웨이팅,1,0,0,접근성_웨이팅 호평 다수 (1건)
435789,츄샐러드,광주,광산구,신선도,1,0,0,신선도 호평 다수 (1건)
520103,츄츄봉봉 돈까스집,전남,영암군,맛,1,0,0,맛 호평 다수 (1건)
520103,츄츄봉봉 돈까스집,전남,영암군,신선도,1,0,0,신선도 호평 다수 (1건)
435791,츠츠허허 오치점,광주,북구,맛,1,0,0,맛 호평 다수 (1건)
435791,츠츠허허 오치점,광주,북구,접근성_웨이팅,1,0,0,접근성_웨이팅 호평 다수 (1건)
cfd3d8b6d760,츠츠허허,전남,순천시,맛,1,0,0,맛 호평 다수 (1건)
cfd3d8b6d760,츠츠허허,전남,순천시,신선도,1,0,0,신선도 호평 다수 (1건)
188239|428628|435794,치고야 광주소촌점,광주,광산구,맛,1,0,0,맛 호평 다수 (1건)
188239|428628|435794,치고야 광주소촌점,광주,광산구,분위기,1,0,0,분위기 호평 다수 (1건)
435795,치교치밥&치킨 광주첨단점,광주,광산구,맛,1,0,0,맛 호평 다수 (1건)
435795,치교치밥&치킨 광주첨단점,광주,광산구,접근성_웨이팅,1,0,0,접근성_웨이팅 호평 다수 (1건)
435797,치르메스치킨 광주두암점,광주,북구,위생_청결,1,0,0,위생_청결 호평 다수 (1건)
430542,치르메스치킨 광주양산점,광주,북구,위생_청결,1,0,0,위생_청결 호평 다수 (1건)
f323e82c2dd4,치순이통닭 금호점,광주,서구,맛,1,0,0,맛 호평 다수 (1건)
2ab15b499c15,치순이통닭 양산점,광주,북구,맛,1,0,0,맛 호평 다수 (1건)
2ab15b499c15,치순이통닭 양산점,광주,북구,양,1,0,0,양 호평 다수 (1건)
435801,치순이통닭 풍암점,광주,서구,맛,1,0,0,맛 호평 다수 (1건)
435801,치순이통닭 풍암점,광주,서구,접근성_웨이팅,1,0,0,접근성_웨이팅 호평 다수 (1건)
435802,치순이통닭 하남2지구점,광주,광산구,맛,1,0,0,맛 호평 다수 (1건)
519467,치요남치킨 신안지도점,전남,신안군,맛,1,0,0,맛 호평 다수 (1건)
519467,치요남치킨 신안지도점,전남,신안군,신선도,1,0,0,신선도 호평 다수 (1건)
435804,치주고고 풍암점,광주,서구,신선도,1,0,0,신선도 호평 다수 (1건)
435804,치주고고 풍암점,광주,서구,서비스_친절도,1,0,0,서비스_친절도 호평 다수 (1건)
183500,치즈앤도우,광주,서구,맛,1,0,0,맛 호평 다수 (1건)
183500,치즈앤도우,광주,서구,신선도,1,0,0,신선도 호평 다수 (1건)
435806,치킨계닭발 봉선점,광주,남구,맛,1,0,0,맛 호평 다수 (1건)
435809,치킨과피자연구소 쌍촌점,광주,서구,가격,1,0,0,가격 호평 다수 (1건)
435811,치킨더갈릭,광주,서구,맛,1,0,0,맛 호평 다수 (1건)
435811,치킨더갈릭,광주,서구,분위기,1,0,0,분위기 호평 다수 (1건)
5c39a5235b65,치킨더홈 광주첨단점,광주,북구,맛,1,0,0,맛 호평 다수 (1건)
5c39a5235b65,치킨더홈 광주첨단점,광주,북구,신선도,1,0,0,신선도 호평 다수 (1건)
b9ef2c984aec,치킨마루 광주내방주공점,광주,서구,맛,1,0,0,맛 호평 다수 (1건)
b9ef2c984aec,치킨마루 광주내방주공점,광주,서구,신선도,1,0,0,신선도 호평 다수 (1건)
b9ef2c984aec,치킨마루 광주내방주공점,광주,서구,서비스_친절도,1,0,0,서비스_친절도 호평 다수 (1건)
424188|435817,치킨마루 오치점,광주,북구,접근성_웨이팅,1,0,0,접근성_웨이팅 호평 다수 (1건)
45e16d7d0303,치킨마루 하남점,광주,광산구,맛,1,0,0,맛 호평 다수 (1건)
45e16d7d0303,치킨마루 하남점,광주,광산구,신선도,1,0,0,신선도 호평 다수 (1건)
45e16d7d0303,치킨마루 하남점,광주,광산구,위생_청결,1,0,0,위생_청결 호평 다수 (1건)
45e16d7d0303,치킨마루 하남점,광주,광산구,분위기,1,0,0,분위기 호평 다수 (1건)
522898|896714,치킨매니아 화순점,전남,화순군,접근성_웨이팅,1,0,0,접근성_웨이팅 호평 다수 (1건)
69db6419dba0,치킨먹고팔자피자 신창수완점,광주,광산구,맛,1,0,0,맛 호평 다수 (1건)
69db6419dba0,치킨먹고팔자피자 신창수완점,광주,광산구,서비스_친절도,1,0,0,서비스_친절도 호평 다수 (1건)
4accf875495a,치킨먹고팔자피자 치평점,광주,서구,맛,1,0,0,맛 호평 다수 (1건)
4accf875495a,치킨먹고팔자피자 치평점,광주,서구,위생_청결,1,0,0,위생_청결 호평 다수 (1건)
435826,치킨밴드,광주,북구,신선도,1,0,0,신선도 호평 다수 (1건)
435826,치킨밴드,광주,북구,위생_청결,1,0,0,위생_청결 호평 다수 (1건)
435826,치킨밴드,광주,북구,서비스_친절도,1,0,0,서비스_친절도 호평 다수 (1건)
522072,치킨벨,전남,장흥군,맛,1,0,0,맛 호평 다수 (1건)
522072,치킨벨,전남,장흥군,신선도,1,0,0,신선도 호평 다수 (1건)
522072,치킨벨,전남,장흥군,위생_청결,1,0,0,위생_청결 호평 다수 (1건)
3861c1d55d20,치킨보급소 방림점,광주,남구,맛,1,0,0,맛 호평 다수 (1건)
3d468ec14cf3,치킨아이 매곡점,광주,북구,맛,1,0,0,맛 호평 다수 (1건)
3d468ec14cf3,치킨아이 매곡점,광주,북구,신선도,1,0,0,신선도 호평 다수 (1건)
b529af82bba8,치킨아이 양산점,광주,북구,맛,1,0,0,맛 호평 다수 (1건)
b529af82bba8,치킨아이 양산점,광주,북구,신선도,1,0,0,신선도 호평 다수 (1건)
435831,치킨아이 일곡점,광주,북구,신선도,1,0,0,신선도 호평 다수 (1건)
8581f4805760,치킨아이 하남점,광주,광산구,맛,1,0,0,맛 호평 다수 (1건)
8581f4805760,치킨아이 하남점,광주,광산구,분위기,1,0,0,분위기 호평 다수 (1건)
521825|896056,치킨아이상무대점,전남,장성군,신선도,1,0,0,신선도 호평 다수 (1건)
435834,치킨아이운암점,광주,북구,서비스_친절도,0,1,0,서비스_친절도 언급 (1건)
435837,치킨엔타코,광주,북구,맛,1,0,0,맛 호평 다수 (1건)
520199,치킨의민족 노화도점,전남,완도군,맛,1,0,0,맛 호평 다수 (1건)
521802|896040,치킨인류 장성점,전남,장성군,신선도,1,0,0,신선도 호평 다수 (1건)
521802|896040,치킨인류 장성점,전남,장성군,서비스_친절도,1,0,0,서비스_친절도 호평 다수 (1건)
521802|896040,치킨인류 장성점,전남,장성군,접근성_웨이팅,1,0,0,접근성_웨이팅 호평 다수 (1건)
435840,치킨인류 주월점,광주,남구,맛,1,0,0,맛 호평 다수 (1건)
435840,치킨인류 주월점,광주,남구,신선도,1,0,0,신선도 호평 다수 (1건)
435841,치킨인류문흥점,광주,북구,맛,1,0,0,맛 호평 다수 (1건)
435841,치킨인류문흥점,광주,북구,신선도,1,0,0,신선도 호평 다수 (1건)
b5fe9bdf6e5a,치킨퐁 광주백운점,광주,남구,맛,1,0,0,맛 호평 다수 (1건)
b5fe9bdf6e5a,치킨퐁 광주백운점,광주,남구,분위기,1,0,0,분위기 호평 다수 (1건)
9173fc2b1102,치킨퐁 하남점,광주,광산구,맛,1,0,0,맛 호평 다수 (1건)
9173fc2b1102,치킨퐁 하남점,광주,광산구,신선도,1,0,0,신선도 호평 다수 (1건)
421914,치킨하우스&달구,광주,북구,가격,1,0,0,가격 호평 다수 (1건)
435871,치파오 금남점,광주,동구,맛,1,0,0,맛 호평 다수 (1건)
7c09a295396d,친구네분식,전남,여수시,맛,1,0,0,맛 호평 다수 (1건)
521683|895968,친구야,전남,장성군,맛,1,0,0,맛 호평 다수 (1건)
521683|895968,친구야,전남,장성군,분위기,1,0,0,분위기 호평 다수 (1건)
435884,친구야술한잔,광주,남구,맛,1,0,0,맛 호평 다수 (1건)
435883,친구야친구,광주,서구,맛,1,0,0,맛 호평 다수 (1건)
435883,친구야친구,광주,서구,분위기,1,0,0,분위기 호평 다수 (1건)
435885,친구야한잔,광주,광산구,맛,1,0,0,맛 호평 다수 (1건)
435885,친구야한잔,광주,광산구,서비스_친절도,1,0,0,서비스_친절도 호평 다수 (1건)
435885,친구야한잔,광주,광산구,접근성_웨이팅,1,0,0,접근성_웨이팅 호평 다수 (1건)
435889,친구통닭&호프 쌍촌점,광주,서구,맛,1,0,0,맛 호평 다수 (1건)
435888,친구통닭,광주,남구,신선도,1,0,0,신선도 호평 다수 (1건)
435888,친구통닭,광주,남구,위생_청결,1,0,0,위생_청결 호평 다수 (1건)
435887,친구통닭노대점,광주,남구,맛,1,0,0,맛 호평 다수 (1건)
435887,친구통닭노대점,광주,남구,분위기,1,0,0,분위기 호평 다수 (1건)
435877,친구통닭앤호프 진월점,광주,남구,맛,1,0,0,맛 호평 다수 (1건)
435877,친구통닭앤호프 진월점,광주,남구,분위기,1,0,0,분위기 호평 다수 (1건)
518246,친정엄마네,전남,곡성군,신선도,1,0,0,신선도 호평 다수 (1건)
3f00e021c801,친정집,전남,구례군,맛,1,0,0,맛 호평 다수 (1건)
3f00e021c801,친정집,전남,구례군,분위기,1,0,0,분위기 호평 다수 (1건)
435892,친한친구,광주,서구,서비스_친절도,1,0,0,서비스_친절도 호평 다수 (1건)
435892,친한친구,광주,서구,분위기,1,0,0,분위기 호평 다수 (1건)
435894,칠공강호매운닭날개구이,광주,광산구,신선도,1,0,0,신선도 호평 다수 (1건)
435896,칠구네양림점,광주,남구,맛,1,0,0,맛 호평 다수 (1건)
435896,칠구네양림점,광주,남구,신선도,1,0,0,신선도 호평 다수 (1건)
435896,칠구네양림점,광주,남구,분위기,1,0,0,분위기 호평 다수 (1건)
439636,칠구치킨 홈플러스하남점,광주,광산구,맛,1,0,0,맛 호평 다수 (1건)
435903,칠복계,광주,동구,맛,1,0,0,맛 호평 다수 (1건)
435903,칠복계,광주,동구,접근성_웨이팅,1,0,0,접근성_웨이팅 호평 다수 (1건)
435904,칠봉이짬뽕,광주,광산구,신선도,1,0,0,신선도 호평 다수 (1건)
435904,칠봉이짬뽕,광주,광산구,서비스_친절도,1,0,0,서비스_친절도 호평 다수 (1건)
435911|880268,칠분통닭 운암점,광주,북구,맛,1,0,0,맛 호평 다수 (1건)
435905,칠분통닭두암점,광주,동구,맛,1,0,0,맛 호평 다수 (1건)
435909,칠분통닭연제점,광주,북구,맛,1,0,0,맛 호평 다수 (1건)
435909,칠분통닭연제점,광주,북구,양,1,0,0,양 호평 다수 (1건)
435909,칠분통닭연제점,광주,북구,분위기,1,0,0,분위기 호평 다수 (1건)
435910,칠분통닭운남점,광주,광산구,맛,1,0,0,맛 호평 다수 (1건)
435912,칠분통닭하남점,광주,광산구,맛,1,0,0,맛 호평 다수 (1건)
435912,칠분통닭하남점,광주,광산구,신선도,1,0,0,신선도 호평 다수 (1건)
435913,칠산바다,광주,남구,맛,1,0,0,맛 호평 다수 (1건)
435913,칠산바다,광주,남구,신선도,1,0,0,신선도 호평 다수 (1건)
435920,칠우대패삼겹살  상무점,광주,서구,분위기,1,0,0,분위기 호평 다수 (1건)
7d1fa9cdd21f,칠우대패삼겹살 선운점,광주,광산구,맛,1,0,0,맛 호평 다수 (1건)
435915,칠우대패삼겹살 수완점,광주,광산구,신선도,1,0,0,신선도 호평 다수 (1건)
29b058dd5249,칠우대패삼겹살 신가점,광주,광산구,맛,1,0,0,맛 호평 다수 (1건)
518805|895165,칠우대패삼겹살,전남,담양군,맛,1,0,0,맛 호평 다수 (1건)
518805|895165,칠우대패삼겹살,전남,담양군,양,1,0,0,양 호평 다수 (1건)
1a78fc7f57c9,칠우대패삼겹살하남점,광주,광산구,맛,1,0,0,맛 호평 다수 (1건)
1a78fc7f57c9,칠우대패삼겹살하남점,광주,광산구,서비스_친절도,1,0,0,서비스_친절도 호평 다수 (1건)
1a78fc7f57c9,칠우대패삼겹살하남점,광주,광산구,분위기,1,0,0,분위기 호평 다수 (1건)
435926,칠우불고기 본점,광주,동구,맛,1,0,0,맛 호평 다수 (1건)
435927,칠우불고기 용봉점,광주,북구,맛,1,0,0,맛 호평 다수 (1건)
435927,칠우불고기 용봉점,광주,북구,분위기,1,0,0,분위기 호평 다수 (1건)
435928,칠원면옥,광주,서구,신선도,1,0,0,신선도 호평 다수 (1건)
435928,칠원면옥,광주,서구,위생_청결,1,0,0,위생_청결 호평 다수 (1건)
435928,칠원면옥,광주,서구,분위기,1,0,0,분위기 호평 다수 (1건)
522246,칠전사슴농장,전남,진도군,맛,1,0,0,맛 호평 다수 (1건)
522246,칠전사슴농장,전남,진도군,신선도,1,0,0,신선도 호평 다수 (1건)
522902|896717,칠충로81,전남,화순군,분위기,1,0,0,분위기 호평 다수 (1건)
435933,칭구친구,광주,북구,맛,1,0,0,맛 호평 다수 (1건)
435933,칭구친구,광주,북구,분위기,1,0,0,분위기 호평 다수 (1건)
435935,칭찬 각화점,광주,북구,맛,1,0,0,맛 호평 다수 (1건)
435935,칭찬 각화점,광주,북구,분위기,1,0,0,분위기 호평 다수 (1건)
520183,칭찬,전남,완도군,맛,1,0,0,맛 호평 다수 (1건)
520183,칭찬,전남,완도군,신선도,1,0,0,신선도 호평 다수 (1건)
519319|895543,칭하오,전남,보성군,신선도,1,0,0,신선도 호평 다수 (1건)
519319|895543,칭하오,전남,보성군,접근성_웨이팅,1,0,0,접근성_웨이팅 호평 다수 (1건)
435936,카니발7080라이브,광주,서구,맛,1,0,0,맛 호평 다수 (1건)
435936,카니발7080라이브,광주,서구,분위기,1,0,0,분위기 호평 다수 (1건)
435937,카도쉬,광주,광산구,분위기,1,0,0,분위기 호평 다수 (1건)
435945,카라카라 두암점,광주,북구,맛,1,0,0,맛 호평 다수 (1건)
435945,카라카라 두암점,광주,북구,신선도,1,0,0,신선도 호평 다수 (1건)
435945,카라카라 두암점,광주,북구,분위기,1,0,0,분위기 호평 다수 (1건)
435940,카라카라 신암점,광주,북구,맛,1,0,0,맛 호평 다수 (1건)
435940,카라카라 신암점,광주,북구,신선도,1,0,0,신선도 호평 다수 (1건)
99c1ad5c16f7,카라카라 중흥본점,광주,북구,맛,1,0,0,맛 호평 다수 (1건)
99c1ad5c16f7,카라카라 중흥본점,광주,북구,신선도,1,0,0,신선도 호평 다수 (1건)
435942,카라카라 화정점,광주,서구,신선도,1,0,0,신선도 호평 다수 (1건)
435942,카라카라 화정점,광주,서구,분위기,1,0,0,분위기 호평 다수 (1건)
435944,카라카라대촌,광주,광산구,맛,1,0,0,맛 호평 다수 (1건)
435947,카레나이스,광주,광산구,맛,1,0,0,맛 호평 다수 (1건)
435947,카레나이스,광주,광산구,분위기,1,0,0,분위기 호평 다수 (1건)
435954,카모,광주,동구,접근성_웨이팅,1,0,0,접근성_웨이팅 호평 다수 (1건)
435961,카스광장,광주,북구,맛,1,0,0,맛 호평 다수 (1건)
435962,카스타운 전대전문점,광주,북구,맛,1,0,0,맛 호평 다수 (1건)
435962,카스타운 전대전문점,광주,북구,신선도,1,0,0,신선도 호평 다수 (1건)
516c28d436b0,카엔,광주,남구,맛,1,0,0,맛 호평 다수 (1건)
516c28d436b0,카엔,광주,남구,분위기,1,0,0,분위기 호평 다수 (1건)
435967,카이저,광주,서구,맛,1,0,0,맛 호평 다수 (1건)
435967,카이저,광주,서구,분위기,1,0,0,분위기 호평 다수 (1건)
435969|516020|961951,카인드 오브,광주,광산구,분위기,1,0,0,분위기 호평 다수 (1건)
435970,카짱수제돈까스 광천점,광주,서구,맛,1,0,0,맛 호평 다수 (1건)
435970,카짱수제돈까스 광천점,광주,서구,신선도,1,0,0,신선도 호평 다수 (1건)
435971,카츠앤맘 전대점,광주,북구,맛,1,0,0,맛 호평 다수 (1건)
dac82a3417cc,카츠야끼,전남,목포시,맛,1,0,0,맛 호평 다수 (1건)
adc6821d9b72,카츠카랩,전남,순천시,맛,1,0,0,맛 호평 다수 (1건)
435972,카치와,광주,동구,맛,1,0,0,맛 호평 다수 (1건)
435972,카치와,광주,동구,신선도,1,0,0,신선도 호평 다수 (1건)
7c0e4f74a744,카쿠메이긴자,광주,북구,신선도,1,0,0,신선도 호평 다수 (1건)
435981,카툰스토리 진월점,광주,남구,맛,1,0,0,맛 호평 다수 (1건)
435981,카툰스토리 진월점,광주,남구,분위기,1,0,0,분위기 호평 다수 (1건)
435982,카패동심,광주,동구,맛,1,0,0,맛 호평 다수 (1건)
435982,카패동심,광주,동구,서비스_친절도,1,0,0,서비스_친절도 호평 다수 (1건)
9e85896ea06e,카포바이재호,광주,북구,맛,1,0,0,맛 호평 다수 (1건)
9e85896ea06e,카포바이재호,광주,북구,신선도,1,0,0,신선도 호평 다수 (1건)
9e85896ea06e,카포바이재호,광주,북구,분위기,1,0,0,분위기 호평 다수 (1건)
187796,카헤티,광주,남구,분위기,1,0,0,분위기 호평 다수 (1건)
436455,칸느,광주,서구,분위기,1,0,0,분위기 호평 다수 (1건)
436457|515934|961878,칸세이스시 상무본점,광주,서구,접근성_웨이팅,1,0,0,접근성_웨이팅 호평 다수 (1건)
436456,칸세이스시,광주,남구,서비스_친절도,1,0,0,서비스_친절도 호평 다수 (1건)
436457|515934|961878,칸세이스시상무본점,광주,서구,접근성_웨이팅,1,0,0,접근성_웨이팅 호평 다수 (1건)
436459,칼국수이야기,광주,북구,맛,1,0,0,맛 호평 다수 (1건)
436459,칼국수이야기,광주,북구,신선도,1,0,0,신선도 호평 다수 (1건)
436460|880280,칼국수한마당 쌍암지점,광주,광산구,맛,1,0,0,맛 호평 다수 (1건)
436460|880280,칼국수한마당 쌍암지점,광주,광산구,신선도,1,0,0,신선도 호평 다수 (1건)
70f125ddfaf3,캄파니아,광주,동구,맛,1,0,0,맛 호평 다수 (1건)
70f125ddfaf3,캄파니아,광주,동구,신선도,1,0,0,신선도 호평 다수 (1건)
522728|896593,캐빈레스토랑,전남,해남군,신선도,1,0,0,신선도 호평 다수 (1건)
522728|896593,캐빈레스토랑,전남,해남군,분위기,1,0,0,분위기 호평 다수 (1건)
436472,캐쥬얼식당수완점,광주,광산구,신선도,1,0,0,신선도 호평 다수 (1건)
436472,캐쥬얼식당수완점,광주,광산구,서비스_친절도,1,0,0,서비스_친절도 호평 다수 (1건)
854d0cb023ef,캔데이,광주,남구,맛,1,0,0,맛 호평 다수 (1건)
854d0cb023ef,캔데이,광주,남구,신선도,1,0,0,신선도 호평 다수 (1건)
519326|895548,캔들스토리,전남,보성군,분위기,1,0,0,분위기 호평 다수 (1건)
436478,캔모아 충장로2호점,광주,동구,접근성_웨이팅,1,0,0,접근성_웨이팅 호평 다수 (1건)
436481,캠토,광주,동구,서비스_친절도,1,0,0,서비스_친절도 호평 다수 (1건)
436481,캠토,광주,동구,분위기,1,0,0,분위기 호평 다수 (1건)
436484,캠프,광주,동구,서비스_친절도,1,0,0,서비스_친절도 호평 다수 (1건)
436492,캬베츠,광주,동구,맛,1,0,0,맛 호평 다수 (1건)
436492,캬베츠,광주,동구,신선도,1,0,0,신선도 호평 다수 (1건)
436491,캬소주한잔,광주,북구,맛,1,0,0,맛 호평 다수 (1건)
436491,캬소주한잔,광주,북구,신선도,1,0,0,신선도 호평 다수 (1건)
522098,커빙5,전남,진도군,맛,1,0,0,맛 호평 다수 (1건)
522098,커빙5,전남,진도군,신선도,1,0,0,신선도 호평 다수 (1건)
3798d0b2768c,컨츄리꼬꼬,광주,북구,맛,1,0,0,맛 호평 다수 (1건)
3798d0b2768c,컨츄리꼬꼬,광주,북구,신선도,1,0,0,신선도 호평 다수 (1건)
3798d0b2768c,컨츄리꼬꼬,광주,북구,분위기,1,0,0,분위기 호평 다수 (1건)
517355,컨트리맨즈 순천점,전남,순천시,가격,1,0,0,가격 호평 다수 (1건)
517355,컨트리맨즈 순천점,전남,순천시,서비스_친절도,1,0,0,서비스_친절도 호평 다수 (1건)
adae982f8152,컬투치킨&피자 평동점,광주,광산구,신선도,1,0,0,신선도 호평 다수 (1건)
b1dde16acd05,컴피,광주,북구,맛,1,0,0,맛 호평 다수 (1건)
b1dde16acd05,컴피,광주,북구,신선도,1,0,0,신선도 호평 다수 (1건)
523979|836935,컵넛 여수학동점,전남,여수시,맛,1,0,0,맛 호평 다수 (1건)
523979|836935,컵넛 여수학동점,전남,여수시,서비스_친절도,1,0,0,서비스_친절도 호평 다수 (1건)
523979|836935,컵넛 여수학동점,전남,여수시,분위기,1,0,0,분위기 호평 다수 (1건)
436794,케냐 교대점,광주,북구,맛,1,0,0,맛 호평 다수 (1건)
436794,케냐 교대점,광주,북구,분위기,1,0,0,분위기 호평 다수 (1건)
430112|436796,케리부엌,광주,동구,맛,1,0,0,맛 호평 다수 (1건)
430112|436796,케리부엌,광주,동구,신선도,1,0,0,신선도 호평 다수 (1건)
430112|436796,케리부엌,광주,동구,분위기,1,0,0,분위기 호평 다수 (1건)
95d8a4e93fdd,케이족발보쌈,광주,서구,맛,1,0,0,맛 호평 다수 (1건)
95d8a4e93fdd,케이족발보쌈,광주,서구,신선도,1,0,0,신선도 호평 다수 (1건)
95d8a4e93fdd,케이족발보쌈,광주,서구,양,1,0,0,양 호평 다수 (1건)
929102bde38b,케이팝7080라이브,광주,광산구,맛,1,0,0,맛 호평 다수 (1건)
436824,켈러 상무점,광주,서구,맛,1,0,0,맛 호평 다수 (1건)
436828,코끼리김밥,광주,북구,신선도,1,0,0,신선도 호평 다수 (1건)
436829,코끼리뒷다리,광주,광산구,맛,1,0,0,맛 호평 다수 (1건)
436831,코끼리샐러드&그릭요거트,광주,북구,신선도,1,0,0,신선도 호평 다수 (1건)
436832,코끼리생막창,광주,광산구,맛,1,0,0,맛 호평 다수 (1건)
436832,코끼리생막창,광주,광산구,신선도,1,0,0,신선도 호평 다수 (1건)
436832,코끼리생막창,광주,광산구,접근성_웨이팅,1,0,0,접근성_웨이팅 호평 다수 (1건)
436833,코끼리손짜장 두암점,광주,북구,맛,1,0,0,맛 호평 다수 (1건)
436833,코끼리손짜장 두암점,광주,북구,신선도,1,0,0,신선도 호평 다수 (1건)
436833,코끼리손짜장 두암점,광주,북구,서비스_친절도,1,0,0,서비스_친절도 호평 다수 (1건)
436833,코끼리손짜장 두암점,광주,북구,분위기,1,0,0,분위기 호평 다수 (1건)
436826,코끼리손짜장 문흥점,광주,북구,신선도,1,0,0,신선도 호평 다수 (1건)
440021,코끼리아구찜,광주,서구,맛,1,0,0,맛 호평 다수 (1건)
440021,코끼리아구찜,광주,서구,신선도,1,0,0,신선도 호평 다수 (1건)
440021,코끼리아구찜,광주,서구,분위기,1,0,0,분위기 호평 다수 (1건)
436834,코끼리아구찜,광주,광산구,양,1,0,0,양 호평 다수 (1건)
436840,코너613,광주,동구,맛,1,0,0,맛 호평 다수 (1건)
436840,코너613,광주,동구,신선도,1,0,0,신선도 호평 다수 (1건)
436840,코너613,광주,동구,분위기,1,0,0,분위기 호평 다수 (1건)
523282,코너더베이크샵,전남,나주시,맛,1,0,0,맛 호평 다수 (1건)
436841,코너베이크샵,광주,동구,맛,1,0,0,맛 호평 다수 (1건)
436841,코너베이크샵,광주,동구,분위기,1,0,0,분위기 호평 다수 (1건)
436842,코너스톤,광주,서구,맛,1,0,0,맛 호평 다수 (1건)
436842,코너스톤,광주,서구,신선도,1,0,0,신선도 호평 다수 (1건)
436847,코다리사랑,광주,서구,맛,1,0,0,맛 호평 다수 (1건)
436847,코다리사랑,광주,서구,신선도,1,0,0,신선도 호평 다수 (1건)
436849,코뚜레맛집,광주,서구,신선도,1,0,0,신선도 호평 다수 (1건)
428820|436850,코람데오,광주,북구,맛,1,0,0,맛 호평 다수 (1건)
428820|436850,코람데오,광주,북구,신선도,1,0,0,신선도 호평 다수 (1건)
436851,코레아경양식 수완점,광주,광산구,신선도,1,0,0,신선도 호평 다수 (1건)
519196,코리아나돈가스전문점,전남,보성군,맛,1,0,0,맛 호평 다수 (1건)
519196,코리아나돈가스전문점,전남,보성군,신선도,1,0,0,신선도 호평 다수 (1건)
519196,코리아나돈가스전문점,전남,보성군,서비스_친절도,1,0,0,서비스_친절도 호평 다수 (1건)
432597,코리안떡갈비,광주,남구,맛,1,0,0,맛 호평 다수 (1건)
515993|961930,코모랩,광주,서구,신선도,1,0,0,신선도 호평 다수 (1건)
515993|961930,코모랩,광주,서구,분위기,1,0,0,분위기 호평 다수 (1건)
515745|961717,코벤트마켓 봉선점,광주,남구,맛,1,0,0,맛 호평 다수 (1건)
515745|961717,코벤트마켓 봉선점,광주,남구,신선도,1,0,0,신선도 호평 다수 (1건)
515745|961717,코벤트마켓 봉선점,광주,남구,분위기,1,0,0,분위기 호평 다수 (1건)
436866,코봉이,광주,동구,맛,1,0,0,맛 호평 다수 (1건)
436866,코봉이,광주,동구,신선도,1,0,0,신선도 호평 다수 (1건)
436866,코봉이,광주,동구,분위기,1,0,0,분위기 호평 다수 (1건)
517298,코우텐동,전남,순천시,맛,1,0,0,맛 호평 다수 (1건)
517298,코우텐동,전남,순천시,재방문의사,1,0,0,재방문의사 호평 다수 (1건)
521907|896114,코지,전남,장흥군,맛,1,0,0,맛 호평 다수 (1건)
517792,코코모,전남,강진군,신선도,1,0,0,신선도 호평 다수 (1건)
b17efc95b2ba,코코샤브 광주상무점,광주,서구,맛,1,0,0,맛 호평 다수 (1건)
b17efc95b2ba,코코샤브 광주상무점,광주,서구,신선도,1,0,0,신선도 호평 다수 (1건)
517716,코코야,전남,여수시,신선도,1,0,0,신선도 호평 다수 (1건)
517716,코코야,전남,여수시,분위기,1,0,0,분위기 호평 다수 (1건)
436885,코코포크무한리필고기파티,광주,광산구,맛,1,0,0,맛 호평 다수 (1건)
436885,코코포크무한리필고기파티,광주,광산구,신선도,1,0,0,신선도 호평 다수 (1건)
436885,코코포크무한리필고기파티,광주,광산구,양,1,0,0,양 호평 다수 (1건)
bf4259f5cf31,코코피트,광주,광산구,분위기,0,0,1,분위기 불만 존재 (1건)
436887,코코하이랜드2,광주,서구,서비스_친절도,1,0,0,서비스_친절도 호평 다수 (1건)
436887,코코하이랜드2,광주,서구,분위기,1,0,0,분위기 호평 다수 (1건)
523086,코코호도 광양중동점,전남,광양시,신선도,1,0,0,신선도 호평 다수 (1건)
523086,코코호도 광양중동점,전남,광양시,분위기,1,0,0,분위기 호평 다수 (1건)
523379,코코호도 나주혁신점,전남,나주시,신선도,0,1,0,신선도 언급 (1건)
436889,코코호도 수완점,광주,광산구,맛,1,0,0,맛 호평 다수 (1건)
436889,코코호도 수완점,광주,광산구,분위기,1,0,0,분위기 호평 다수 (1건)
436894,코튼테라스,광주,남구,맛,1,0,0,맛 호평 다수 (1건)
436894,코튼테라스,광주,남구,신선도,1,0,0,신선도 호평 다수 (1건)
436894,코튼테라스,광주,남구,분위기,1,0,0,분위기 호평 다수 (1건)
436895,코펜하겐,광주,서구,맛,1,0,0,맛 호평 다수 (1건)
436895,코펜하겐,광주,서구,접근성_웨이팅,1,0,0,접근성_웨이팅 호평 다수 (1건)
436896,코피발리,광주,북구,분위기,1,0,0,분위기 호평 다수 (1건)
b32b0cb67b07,콤파스,광주,남구,맛,1,0,0,맛 호평 다수 (1건)
521790|896033,콩까러가세,전남,장성군,신선도,1,0,0,신선도 호평 다수 (1건)
436911,콩달래,광주,광산구,맛,1,0,0,맛 호평 다수 (1건)
436911,콩달래,광주,광산구,분위기,1,0,0,분위기 호평 다수 (1건)
436913,콩두레콩나물국밥,광주,북구,맛,1,0,0,맛 호평 다수 (1건)
436913,콩두레콩나물국밥,광주,북구,신선도,1,0,0,신선도 호평 다수 (1건)
436913,콩두레콩나물국밥,광주,북구,분위기,1,0,0,분위기 호평 다수 (1건)
436914,콩마니꼬마김밥 본점,광주,남구,맛,1,0,0,맛 호평 다수 (1건)
74e1d3ffef28,콩마니꼬마김밥,광주,광산구,맛,1,0,0,맛 호평 다수 (1건)
74e1d3ffef28,콩마니꼬마김밥,광주,광산구,신선도,1,0,0,신선도 호평 다수 (1건)
74e1d3ffef28,콩마니꼬마김밥,광주,광산구,서비스_친절도,1,0,0,서비스_친절도 호평 다수 (1건)
74e1d3ffef28,콩마니꼬마김밥,광주,광산구,분위기,1,0,0,분위기 호평 다수 (1건)
436916,콩밭,광주,서구,맛,1,0,0,맛 호평 다수 (1건)
436917,콩볶는아저씨로스팅하우스,광주,북구,맛,1,0,0,맛 호평 다수 (1건)
436917,콩볶는아저씨로스팅하우스,광주,북구,신선도,1,0,0,신선도 호평 다수 (1건)
517838,콩불 강진점,전남,강진군,맛,1,0,0,맛 호평 다수 (1건)
515857|961814,콩불 광주충장로점,광주,동구,신선도,1,0,0,신선도 호평 다수 (1건)
515857|961814,콩불 광주충장로점,광주,동구,맛,1,0,0,맛 호평 다수 (1건)
520250,콩불 완도점,전남,완도군,맛,1,0,0,맛 호평 다수 (1건)
520250,콩불 완도점,전남,완도군,가격,1,0,0,가격 호평 다수 (1건)
515931|961876,콩불 전남대점,광주,북구,맛,1,0,0,맛 호평 다수 (1건)
521629|895932,콩사랑,전남,장성군,위생_청결,1,0,0,위생_청결 호평 다수 (1건)
521629|895932,콩사랑,전남,장성군,서비스_친절도,1,0,0,서비스_친절도 호평 다수 (1건)
436922,콩새치맥,광주,남구,분위기,1,0,0,분위기 호평 다수 (1건)
6479d42fc9bf,콩샌 광주봉선점,광주,남구,맛,1,0,0,맛 호평 다수 (1건)
39c9bd375c59,콩샌 우산점,광주,북구,맛,1,0,0,맛 호평 다수 (1건)
39c9bd375c59,콩샌 우산점,광주,북구,신선도,1,0,0,신선도 호평 다수 (1건)
39c9bd375c59,콩샌 우산점,광주,북구,분위기,1,0,0,분위기 호평 다수 (1건)
436928,콩숙이 꼬마김밥,광주,서구,맛,1,0,0,맛 호평 다수 (1건)
436928,콩숙이 꼬마김밥,광주,서구,신선도,1,0,0,신선도 호평 다수 (1건)
436928,콩숙이꼬마김밥,광주,광산구,맛,1,0,0,맛 호평 다수 (1건)
436928,콩숙이꼬마김밥,광주,광산구,신선도,1,0,0,신선도 호평 다수 (1건)
436659,콩이네,광주,북구,서비스_친절도,0,1,0,서비스_친절도 언급 (1건)
436931,콩이네전집,광주,서구,맛,1,0,0,맛 호평 다수 (1건)
436931,콩이네전집,광주,서구,신선도,1,0,0,신선도 호평 다수 (1건)
436934,콩테,광주,동구,접근성_웨이팅,1,0,0,접근성_웨이팅 호평 다수 (1건)
436935,콩툰 광주 첨단2지구점,광주,북구,분위기,1,0,0,분위기 호평 다수 (1건)
436935,콩툰 광주 첨단2지구점,광주,북구,접근성_웨이팅,1,0,0,접근성_웨이팅 호평 다수 (1건)
436938,콩하우스 쌍촌점,광주,서구,맛,1,0,0,맛 호평 다수 (1건)
436938,콩하우스 쌍촌점,광주,서구,분위기,1,0,0,분위기 호평 다수 (1건)
436939,콩하우스,광주,북구,맛,1,0,0,맛 호평 다수 (1건)
518950|895256,쿠끼리상점,전남,무안군,맛,1,0,0,맛 호평 다수 (1건)
436944,쿠데타,광주,광산구,분위기,1,0,0,분위기 호평 다수 (1건)
436944,쿠데타,광주,광산구,접근성_웨이팅,1,0,0,접근성_웨이팅 호평 다수 (1건)
517384,쿠로몬,전남,순천시,신선도,1,0,0,신선도 호평 다수 (1건)
436946,쿠로시로,광주,동구,맛,1,0,0,맛 호평 다수 (1건)
436946,쿠로시로,광주,동구,신선도,1,0,0,신선도 호평 다수 (1건)
436946,쿠로시로,광주,동구,접근성_웨이팅,1,0,0,접근성_웨이팅 호평 다수 (1건)
436947|880294,쿠마,광주,서구,신선도,1,0,0,신선도 호평 다수 (1건)
436947|880294,쿠마,광주,서구,서비스_친절도,1,0,0,서비스_친절도 호평 다수 (1건)
436949,쿠마키친 봉선점,광주,남구,맛,1,0,0,맛 호평 다수 (1건)
e094b4842c2c,쿠아밸런스,광주,남구,신선도,1,0,0,신선도 호평 다수 (1건)
436953,쿠우쿠우 광주상무점,광주,서구,맛,1,0,0,맛 호평 다수 (1건)
436953,쿠우쿠우 광주상무점,광주,서구,신선도,1,0,0,신선도 호평 다수 (1건)
436954,쿠우쿠우 광주첨단점,광주,광산구,맛,1,0,0,맛 호평 다수 (1건)
436954,쿠우쿠우 광주첨단점,광주,광산구,신선도,1,0,0,신선도 호평 다수 (1건)
436954,쿠우쿠우 광주첨단점,광주,광산구,서비스_친절도,1,0,0,서비스_친절도 호평 다수 (1건)
517401,쿠우쿠우 순천점,전남,순천시,신선도,1,0,0,신선도 호평 다수 (1건)
517682,쿠우쿠우 여수점,전남,여수시,맛,1,0,0,맛 호평 다수 (1건)
517682,쿠우쿠우 여수점,전남,여수시,신선도,1,0,0,신선도 호평 다수 (1건)
518930|880628|895239,쿠크닉,전남,무안군,맛,1,0,0,맛 호평 다수 (1건)
518930|880628|895239,쿠크닉,전남,무안군,신선도,1,0,0,신선도 호평 다수 (1건)
435360|436933,쿡폴리 청미장,광주,동구,맛,1,0,0,맛 호평 다수 (1건)
435360|436933,쿡폴리 청미장,광주,동구,신선도,1,0,0,신선도 호평 다수 (1건)
5b248dca904a,쿡폴리 콩집,광주,동구,맛,1,0,0,맛 호평 다수 (1건)
5b248dca904a,쿡폴리 콩집,광주,동구,신선도,1,0,0,신선도 호평 다수 (1건)
436967,쿤스트,전남,순천시,맛,1,0,0,맛 호평 다수 (1건)
436967,쿤스트,전남,순천시,분위기,1,0,0,분위기 호평 다수 (1건)
436970,쿵푸티 광주유스퀘어점,광주,서구,맛,1,0,0,맛 호평 다수 (1건)
f7c1a42d6b27,쿵푸티 전대정문점,광주,북구,맛,1,0,0,맛 호평 다수 (1건)
f7c1a42d6b27,쿵푸티 전대정문점,광주,북구,신선도,1,0,0,신선도 호평 다수 (1건)
f7c1a42d6b27,쿵푸티 전대정문점,광주,북구,서비스_친절도,1,0,0,서비스_친절도 호평 다수 (1건)
f7c1a42d6b27,쿵푸티 전대정문점,광주,북구,분위기,1,0,0,분위기 호평 다수 (1건)
522687|896568,쿵푸판다마라탕,전남,해남군,맛,1,0,0,맛 호평 다수 (1건)
524015|836933,쿼프,전남,여수시,신선도,1,0,0,신선도 호평 다수 (1건)
9d2bd4f7f662,퀴즈노스 광주쌍촌점,광주,서구,맛,1,0,0,맛 호평 다수 (1건)
9d2bd4f7f662,퀴즈노스 광주쌍촌점,광주,서구,분위기,1,0,0,분위기 호평 다수 (1건)
836938|880664,퀸스트리트,전남,여수시,맛,1,0,0,맛 호평 다수 (1건)
436985,퀸즈다이어리,광주,남구,맛,1,0,0,맛 호평 다수 (1건)
436985,퀸즈다이어리,광주,남구,분위기,1,0,0,분위기 호평 다수 (1건)
105f58ecfda2,퀸즈테이블,광주,남구,맛,1,0,0,맛 호평 다수 (1건)
105f58ecfda2,퀸즈테이블,광주,남구,신선도,1,0,0,신선도 호평 다수 (1건)
105f58ecfda2,퀸즈테이블,광주,남구,분위기,1,0,0,분위기 호평 다수 (1건)
436994,크라비앙코 광주지산동,광주,동구,분위기,1,0,0,분위기 호평 다수 (1건)
817a7ae1126f,크라비앙코,광주,동구,맛,1,0,0,맛 호평 다수 (1건)
817a7ae1126f,크라비앙코,광주,동구,분위기,1,0,0,분위기 호평 다수 (1건)
523795|836363,크라상점 순천호수공원점,전남,순천시,서비스_친절도,0,1,0,서비스_친절도 언급 (1건)
516334,크라상점 용봉점,광주,북구,맛,1,0,0,맛 호평 다수 (1건)
516334,크라상점 용봉점,광주,북구,신선도,1,0,0,신선도 호평 다수 (1건)
516334,크라상점 용봉점,광주,북구,분위기,1,0,0,분위기 호평 다수 (1건)
ec4de29ded93,크래버대게나라 광주상무점,광주,서구,서비스_친절도,1,0,0,서비스_친절도 호평 다수 (1건)
516108,크랙베이글,광주,남구,맛,1,0,0,맛 호평 다수 (1건)
516108,크랙베이글,광주,남구,분위기,1,0,0,분위기 호평 다수 (1건)
515791|961754,크램드밀,광주,동구,분위기,1,0,0,분위기 호평 다수 (1건)
515791|961754,크램드밀,광주,동구,접근성_웨이팅,1,0,0,접근성_웨이팅 호평 다수 (1건)
437018,크레마오치점,광주,북구,맛,0,1,0,맛 언급 (1건)
437018,크레마오치점,광주,북구,신선도,0,1,0,신선도 언급 (1건)
437018,크레마오치점,광주,북구,분위기,0,1,0,분위기 언급 (1건)
437020,크레이지덕 진월점,광주,남구,맛,1,0,0,맛 호평 다수 (1건)
437020,크레이지덕 진월점,광주,남구,신선도,1,0,0,신선도 호평 다수 (1건)
437021,크레이지미트,광주,북구,맛,1,0,0,맛 호평 다수 (1건)
437021,크레이지미트,광주,북구,신선도,1,0,0,신선도 호평 다수 (1건)
524091|836987,크렘하우스,전남,여수시,신선도,1,0,0,신선도 호평 다수 (1건)
518272,크로크루,전남,곡성군,맛,1,0,0,맛 호평 다수 (1건)
501186,크리미,광주,광산구,맛,1,0,0,맛 호평 다수 (1건)
437029,크리스마스자몽빛고을여성병원점,광주,북구,맛,1,0,0,맛 호평 다수 (1건)
437029,크리스마스자몽빛고을여성병원점,광주,북구,분위기,1,0,0,분위기 호평 다수 (1건)
539476,크리스피크림 곡성기차마을휴게소(논산방향),전남,곡성군,맛,1,0,0,맛 호평 다수 (1건)
3d3ecf8e66ed,크림바바,광주,광산구,맛,1,0,0,맛 호평 다수 (1건)
3d3ecf8e66ed,크림바바,광주,광산구,분위기,1,0,0,분위기 호평 다수 (1건)
437035,크림슨,광주,동구,맛,1,0,0,맛 호평 다수 (1건)
437035,크림슨,광주,동구,신선도,1,0,0,신선도 호평 다수 (1건)
437035,크림슨,광주,동구,분위기,1,0,0,분위기 호평 다수 (1건)
539497,크피집,전남,담양군,맛,1,0,0,맛 호평 다수 (1건)
539497,크피집,전남,담양군,분위기,1,0,0,분위기 호평 다수 (1건)
437037,큰나무집,광주,북구,신선도,1,0,0,신선도 호평 다수 (1건)
437037,큰나무집,광주,북구,분위기,1,0,0,분위기 호평 다수 (1건)
437038,큰남자돼지구이,광주,남구,맛,1,0,0,맛 호평 다수 (1건)
437038,큰남자돼지구이,광주,남구,신선도,1,0,0,신선도 호평 다수 (1건)
434922|437039,큰대문집,광주,광산구,맛,1,0,0,맛 호평 다수 (1건)
434922|437039,큰대문집,광주,광산구,분위기,1,0,0,분위기 호평 다수 (1건)
437040,큰마당횟집 광주봉선동,광주,남구,신선도,1,0,0,신선도 호평 다수 (1건)
dab17576ca59,큰마당횟집,광주,남구,맛,1,0,0,맛 호평 다수 (1건)
dab17576ca59,큰마당횟집,광주,남구,신선도,1,0,0,신선도 호평 다수 (1건)
437045,큰맛회생선구이,광주,북구,접근성_웨이팅,0,1,0,접근성_웨이팅 언급 (1건)
437046,큰바다대구탕,광주,남구,신선도,1,0,0,신선도 호평 다수 (1건)
437047,큰뼈본가 문흥점,광주,북구,맛,1,0,0,맛 호평 다수 (1건)
437047,큰뼈본가 문흥점,광주,북구,양,1,0,0,양 호평 다수 (1건)
517962,큰샘골,전남,강진군,맛,1,0,0,맛 호평 다수 (1건)
437048,큰손식육식당,광주,광산구,맛,1,0,0,맛 호평 다수 (1건)
518343,큰손탕집,전남,곡성군,맛,1,0,0,맛 호평 다수 (1건)
518343,큰손탕집,전남,곡성군,신선도,1,0,0,신선도 호평 다수 (1건)
518343,큰손탕집,전남,곡성군,분위기,1,0,0,분위기 호평 다수 (1건)
437051,큰엄마연탄구이,광주,북구,맛,1,0,0,맛 호평 다수 (1건)
437051,큰엄마연탄구이,광주,북구,신선도,1,0,0,신선도 호평 다수 (1건)
437053,큰집감자탕뼈찜 첨단점,광주,광산구,맛,1,0,0,맛 호평 다수 (1건)
437055,큰집나주곰탕,광주,서구,맛,1,0,0,맛 호평 다수 (1건)
437055,큰집나주곰탕,광주,서구,신선도,1,0,0,신선도 호평 다수 (1건)
522358|896373,큰집나주곰탕,전남,함평군,맛,1,0,0,맛 호평 다수 (1건)
522358|896373,큰집나주곰탕,전남,함평군,양,1,0,0,양 호평 다수 (1건)
516005|961938,큰집닭강정 상무점,광주,서구,맛,1,0,0,맛 호평 다수 (1건)
516005|961938,큰집닭강정 상무점,광주,서구,위생_청결,1,0,0,위생_청결 호평 다수 (1건)
437058,큰집닭강정 풍암점,광주,서구,가격,1,0,0,가격 호평 다수 (1건)
437058,큰집닭강정 풍암점,광주,서구,서비스_친절도,1,0,0,서비스_친절도 호평 다수 (1건)
437058,큰집닭강정 풍암점,광주,서구,가격,1,0,0,가격 호평 다수 (1건)
437052,큰집오리탕추어탕,광주,서구,맛,1,0,0,맛 호평 다수 (1건)
437052,큰집오리탕추어탕,광주,서구,신선도,1,0,0,신선도 호평 다수 (1건)
437052,큰집오리탕추어탕,광주,서구,서비스_친절도,1,0,0,서비스_친절도 호평 다수 (1건)
437061,큰집진국밥,광주,북구,신선도,1,0,0,신선도 호평 다수 (1건)
57017,큰집한우촌,전남,순천시,맛,1,0,0,맛 호평 다수 (1건)
57017,큰집한우촌,전남,순천시,신선도,1,0,0,신선도 호평 다수 (1건)
437062,클라드카카,광주,남구,분위기,1,0,0,분위기 호평 다수 (1건)
1795699e671f,클라우드9,광주,광산구,분위기,1,0,0,분위기 호평 다수 (1건)
437066,클라인,광주,북구,맛,1,0,0,맛 호평 다수 (1건)
437066,클라인,광주,북구,신선도,1,0,0,신선도 호평 다수 (1건)
e2a0660a3250,클로이키친,광주,동구,분위기,1,0,0,분위기 호평 다수 (1건)
517306,키레이,전남,순천시,신선도,1,0,0,신선도 호평 다수 (1건)
517306,키레이,전남,순천시,분위기,1,0,0,분위기 호평 다수 (1건)
437078,키작은요리사,광주,서구,분위기,1,0,0,분위기 호평 다수 (1건)
437081,키치키치,광주,광산구,분위기,1,0,0,분위기 호평 다수 (1건)
437081,키치키치,광주,광산구,분위기,1,0,0,분위기 호평 다수 (1건)
57018|880537,키친205 함평본점,전남,함평군,신선도,1,0,0,신선도 호평 다수 (1건)
437084,키친기연,광주,서구,분위기,1,0,0,분위기 호평 다수 (1건)
437088,키친디벨롭,광주,북구,신선도,1,0,0,신선도 호평 다수 (1건)
437097,킬블랙,광주,북구,신선도,1,0,0,신선도 호평 다수 (1건)
418766,킹수산,광주,동구,신선도,1,0,0,신선도 호평 다수 (1건)
437105,킹스꼬마김밥 상무점,광주,서구,맛,1,0,0,맛 호평 다수 (1건)
437105,킹스꼬마김밥 상무점,광주,서구,신선도,1,0,0,신선도 호평 다수 (1건)
437105,킹스꼬마김밥 상무점,광주,서구,분위기,1,0,0,분위기 호평 다수 (1건)
437106,킹스꼬마김밥 송정점,광주,광산구,맛,1,0,0,맛 호평 다수 (1건)
437106,킹스꼬마김밥 송정점,광주,광산구,신선도,1,0,0,신선도 호평 다수 (1건)
437106,킹스꼬마김밥 송정점,광주,광산구,서비스_친절도,1,0,0,서비스_친절도 호평 다수 (1건)
437106,킹스꼬마김밥 송정점,광주,광산구,분위기,1,0,0,분위기 호평 다수 (1건)
437107,킹스꼬마김밥 오치점,광주,북구,신선도,1,0,0,신선도 호평 다수 (1건)
437108,킹스꼬마김밥 효천점,광주,남구,신선도,1,0,0,신선도 호평 다수 (1건)
437108,킹스꼬마김밥 효천점,광주,남구,분위기,1,0,0,분위기 호평 다수 (1건)
2acdaa5d63f3,킹스타피자 곡성점,전남,곡성군,맛,1,0,0,맛 호평 다수 (1건)
2acdaa5d63f3,킹스타피자 곡성점,전남,곡성군,신선도,1,0,0,신선도 호평 다수 (1건)
518497,킹스타피자 구례점,전남,구례군,신선도,1,0,0,신선도 호평 다수 (1건)
437117,킹스핫도그보건대점,광주,광산구,맛,1,0,0,맛 호평 다수 (1건)
437117,킹스핫도그보건대점,광주,광산구,신선도,1,0,0,신선도 호평 다수 (1건)
437117,킹스핫도그보건대점,광주,광산구,위생_청결,1,0,0,위생_청결 호평 다수 (1건)
437117,킹스핫도그보건대점,광주,광산구,분위기,1,0,0,분위기 호평 다수 (1건)
437119,킹콩,광주,서구,맛,1,0,0,맛 호평 다수 (1건)
437119,킹콩,광주,서구,신선도,1,0,0,신선도 호평 다수 (1건)
437119,킹콩,광주,서구,분위기,1,0,0,분위기 호평 다수 (1건)
437120,킹콩떡볶이 광주하남공원점,광주,광산구,맛,1,0,0,맛 호평 다수 (1건)
437120,킹콩떡볶이 광주하남공원점,광주,광산구,신선도,1,0,0,신선도 호평 다수 (1건)
522222|896300,킹콩떡볶이 진도점,전남,진도군,맛,1,0,0,맛 호평 다수 (1건)
437122,킹콩부대찌개 광주각화점,광주,북구,맛,1,0,0,맛 호평 다수 (1건)
437122,킹콩부대찌개 광주각화점,광주,북구,신선도,1,0,0,신선도 호평 다수 (1건)
437124,킹콩부대찌개 광주첨단월계점,광주,광산구,맛,1,0,0,맛 호평 다수 (1건)
437124,킹콩부대찌개 광주첨단월계점,광주,광산구,신선도,1,0,0,신선도 호평 다수 (1건)
437121|880296,킹콩부대찌개 광주화정점,광주,서구,맛,1,0,0,맛 호평 다수 (1건)
9c1e3b8c63d9,킹콩부대찌개 나주혁신도시점,전남,나주시,맛,1,0,0,맛 호평 다수 (1건)
9c1e3b8c63d9,킹콩부대찌개 나주혁신도시점,전남,나주시,신선도,1,0,0,신선도 호평 다수 (1건)
519887,킹콩부대찌개 영암삼호점,전남,영암군,맛,1,0,0,맛 호평 다수 (1건)
519887,킹콩부대찌개 영암삼호점,전남,영암군,신선도,1,0,0,신선도 호평 다수 (1건)
437127,킹피쉬,광주,서구,신선도,1,0,0,신선도 호평 다수 (1건)
437129,타노시미,광주,서구,신선도,1,0,0,신선도 호평 다수 (1건)
437129,타노시미,광주,서구,분위기,1,0,0,분위기 호평 다수 (1건)
437130,타루,광주,광산구,분위기,0,1,0,분위기 언급 (1건)
4b60586c1cd0,타르트팜수완점 광주수완동,광주,광산구,맛,1,0,0,맛 호평 다수 (1건)
095d2be11167,타이밍,광주,북구,맛,1,0,0,맛 호평 다수 (1건)
095d2be11167,타이밍,광주,북구,분위기,1,0,0,분위기 호평 다수 (1건)
437151,타코박스 광산점,광주,광산구,맛,1,0,0,맛 호평 다수 (1건)
437151,타코박스 광산점,광주,광산구,신선도,1,0,0,신선도 호평 다수 (1건)
437151,타코박스 광산점,광주,광산구,분위기,1,0,0,분위기 호평 다수 (1건)
4d2fe72fc59f,타코센세,광주,북구,신선도,0,1,0,신선도 언급 (1건)
4d2fe72fc59f,타코센세,광주,북구,서비스_친절도,0,1,0,서비스_친절도 언급 (1건)
196904|437153,타코야키앤분식,광주,서구,신선도,1,0,0,신선도 호평 다수 (1건)
196905|437154,타코초,광주,동구,맛,1,0,0,맛 호평 다수 (1건)
196905|437154,타코초,광주,동구,신선도,1,0,0,신선도 호평 다수 (1건)
196905|437154,타코초,광주,동구,분위기,1,0,0,분위기 호평 다수 (1건)
196907|437156,탄,광주,남구,맛,1,0,0,맛 호평 다수 (1건)
196909|437158,탈,광주,서구,신선도,1,0,0,신선도 호평 다수 (1건)
00a796cadedd,탑쌀피자 두암점,광주,북구,맛,1,0,0,맛 호평 다수 (1건)
00a796cadedd,탑쌀피자 두암점,광주,북구,신선도,1,0,0,신선도 호평 다수 (1건)
437172,탑쌀피자 방림점,광주,남구,맛,1,0,0,맛 호평 다수 (1건)
437172,탑쌀피자 방림점,광주,남구,신선도,1,0,0,신선도 호평 다수 (1건)
4c82c91942e3,탑쌀피자(두암점),광주,북구,맛,1,0,0,맛 호평 다수 (1건)
4c82c91942e3,탑쌀피자(두암점),광주,북구,신선도,1,0,0,신선도 호평 다수 (1건)
0d0682a9894c,탕이랑찜이랑,전남,신안군,신선도,1,0,0,신선도 호평 다수 (1건)
0d0682a9894c,탕이랑찜이랑,전남,신안군,양,1,0,0,양 호평 다수 (1건)
196947|437193,태극반점,광주,북구,서비스_친절도,1,0,0,서비스_친절도 호평 다수 (1건)
a09979f53124,태능갈비,광주,동구,맛,1,0,0,맛 호평 다수 (1건)
a09979f53124,태능갈비,광주,동구,신선도,1,0,0,신선도 호평 다수 (1건)
a09979f53124,태능갈비,광주,동구,서비스_친절도,1,0,0,서비스_친절도 호평 다수 (1건)
a09979f53124,태능갈비,광주,동구,분위기,1,0,0,분위기 호평 다수 (1건)
196951|437197,태능참숯불갈비,광주,서구,신선도,1,0,0,신선도 호평 다수 (1건)
196951|437197,태능참숯불갈비,광주,서구,분위기,1,0,0,분위기 호평 다수 (1건)
196953|437199,태령장작숯불구이,광주,북구,접근성_웨이팅,1,0,0,접근성_웨이팅 호평 다수 (1건)
196954|437200,태릉촌,광주,남구,신선도,1,0,0,신선도 호평 다수 (1건)
083ada37d83d,태리로제떡볶이&닭강정 수완점,광주,광산구,맛,1,0,0,맛 호평 다수 (1건)
1bfedaea899f,태리로제떡볶이&닭강정 하남점,광주,광산구,맛,1,0,0,맛 호평 다수 (1건)
196960|404664|437206|879483|879672|879709|880298,태백정,광주,남구,신선도,1,0,0,신선도 호평 다수 (1건)
196960|404664|437206|879483|879672|879709|880298,태백정,광주,남구,분위기,1,0,0,분위기 호평 다수 (1건)
196962|437208,태봉골마차,광주,북구,분위기,1,0,0,분위기 호평 다수 (1건)
196963|437209,태봉골식육식당,광주,북구,맛,1,0,0,맛 호평 다수 (1건)
196963|437209,태봉골식육식당,광주,북구,분위기,1,0,0,분위기 호평 다수 (1건)
196967|437213,태양손만두,광주,북구,신선도,1,0,0,신선도 호평 다수 (1건)
196969|437215,태양수산,광주,서구,신선도,1,0,0,신선도 호평 다수 (1건)
196969|437215,태양수산,광주,서구,위생_청결,1,0,0,위생_청결 호평 다수 (1건)
196969|437215,태양수산,광주,서구,분위기,1,0,0,분위기 호평 다수 (1건)
196971|437217|880299,태양식당,광주,북구,맛,1,0,0,맛 호평 다수 (1건)
196971|437217|880299,태양식당,광주,북구,신선도,1,0,0,신선도 호평 다수 (1건)
196973|437219|440162,태양의정원,광주,북구,분위기,1,0,0,분위기 호평 다수 (1건)
196974|437220,태양이네집,광주,서구,신선도,1,0,0,신선도 호평 다수 (1건)
196974|437220,태양이네집,광주,서구,양,1,0,0,양 호평 다수 (1건)
981b185c122d,태웅식당,전남,해남군,신선도,1,0,0,신선도 호평 다수 (1건)
981b185c122d,태웅식당,전남,해남군,분위기,1,0,0,분위기 호평 다수 (1건)
196980|437226,태원숯불갈비,광주,광산구,신선도,1,0,0,신선도 호평 다수 (1건)
8deeea124009,태원숯불구이,광주,서구,맛,1,0,0,맛 호평 다수 (1건)
8deeea124009,태원숯불구이,광주,서구,신선도,1,0,0,신선도 호평 다수 (1건)
8deeea124009,태원숯불구이,광주,서구,분위기,1,0,0,분위기 호평 다수 (1건)
196984|437230,태주상회,광주,서구,맛,1,0,0,맛 호평 다수 (1건)
196984|437230,태주상회,광주,서구,서비스_친절도,1,0,0,서비스_친절도 호평 다수 (1건)
196984|437230,태주상회,광주,서구,분위기,1,0,0,분위기 호평 다수 (1건)
196990|404697|424133|437236,태풍참치 2호점,광주,북구,맛,1,0,0,맛 호평 다수 (1건)
196990|404697|424133|437236,태풍참치 2호점,광주,북구,신선도,1,0,0,신선도 호평 다수 (1건)
196989|437233|437235,태풍참치,광주,북구,신선도,1,0,0,신선도 호평 다수 (1건)
517915,태화관중화요리,전남,강진군,맛,1,0,0,맛 호평 다수 (1건)
196998|437244|880300,태화반점,광주,광산구,서비스_친절도,1,0,0,서비스_친절도 호평 다수 (1건)
196995|437241,태화식당,광주,동구,맛,1,0,0,맛 호평 다수 (1건)
196995|437241,태화식당,광주,동구,서비스_친절도,1,0,0,서비스_친절도 호평 다수 (1건)
196995|437241,태화식당,광주,동구,분위기,1,0,0,분위기 호평 다수 (1건)
197000|437246,택이네조개전골 금호점,광주,서구,신선도,1,0,0,신선도 호평 다수 (1건)
196999|437245,택이네조개전골 상무점,광주,서구,맛,1,0,0,맛 호평 다수 (1건)
196999|437245,택이네조개전골 상무점,광주,서구,서비스_친절도,1,0,0,서비스_친절도 호평 다수 (1건)
197001|437247,택이네조개전골 수완점,광주,광산구,맛,1,0,0,맛 호평 다수 (1건)
197001|437247,택이네조개전골 수완점,광주,광산구,신선도,1,0,0,신선도 호평 다수 (1건)
197002|437248,택이네조개전골 효천점,광주,남구,맛,1,0,0,맛 호평 다수 (1건)
197002|437248,택이네조개전골 효천점,광주,남구,신선도,1,0,0,신선도 호평 다수 (1건)
197003|437249,탠저린,광주,북구,분위기,1,0,0,분위기 호평 다수 (1건)
197004|437250,탭하우스60,광주,서구,가격,1,0,0,가격 호평 다수 (1건)
197005|437251|55197,탱고아구찜,광주,북구,신선도,1,0,0,신선도 호평 다수 (1건)
197006|437252,탱자네,광주,동구,신선도,1,0,0,신선도 호평 다수 (1건)
197007|437253,탱자네가마솥감자탕,광주,북구,신선도,1,0,0,신선도 호평 다수 (1건)
197009|437255,터,광주,광산구,분위기,1,0,0,분위기 호평 다수 (1건)
197011,터머무름,광주,광산구,분위기,1,0,0,분위기 호평 다수 (1건)
197017|437262,털보하우스,광주,북구,맛,1,0,0,맛 호평 다수 (1건)
197017|437262,털보하우스,광주,북구,신선도,1,0,0,신선도 호평 다수 (1건)
2d1447bb3f88,테그42 광주광산점,광주,광산구,맛,1,0,0,맛 호평 다수 (1건)
2d1447bb3f88,테그42 광주광산점,광주,광산구,분위기,1,0,0,분위기 호평 다수 (1건)
197021|437266,테그42 광주두암점,광주,북구,신선도,1,0,0,신선도 호평 다수 (1건)
197025|437268|961661,테그42 광주효천점,광주,남구,위생_청결,1,0,0,위생_청결 호평 다수 (1건)
522099|896227,테그42 진도쏠비치점,전남,진도군,신선도,1,0,0,신선도 호평 다수 (1건)
197022,테그42광주신창점 광주신창동,광주,광산구,신선도,1,0,0,신선도 호평 다수 (1건)
197022,테그42광주신창점 광주신창동,광주,광산구,가격,1,0,0,가격 호평 다수 (1건)
197022,테그42광주신창점 광주신창동,광주,광산구,서비스_친절도,1,0,0,서비스_친절도 호평 다수 (1건)
197023,테그42광주용두점 광주용두동,광주,북구,맛,1,0,0,맛 호평 다수 (1건)
197023,테그42광주용두점 광주용두동,광주,북구,위생_청결,1,0,0,위생_청결 호평 다수 (1건)
197027|437270,테라스,광주,북구,분위기,1,0,0,분위기 호평 다수 (1건)
539404,테라스,전남,고흥군,맛,1,0,0,맛 호평 다수 (1건)
539404,테라스,전남,고흥군,분위기,1,0,0,분위기 호평 다수 (1건)
c1125ff657f9,테리로제떡볶이&닭강정 상무점,광주,서구,맛,1,0,0,맛 호평 다수 (1건)
55198,테스팅노트,광주,서구,맛,1,0,0,맛 호평 다수 (1건)
55198,테스팅노트,광주,서구,신선도,1,0,0,신선도 호평 다수 (1건)
197038,테스형,광주,남구,분위기,1,0,0,분위기 호평 다수 (1건)
c691020ed1af,테이트모던 광주마륵동,광주,서구,분위기,1,0,0,분위기 호평 다수 (1건)
197042|437283,테트리스찜닭 전남대점,광주,북구,맛,1,0,0,맛 호평 다수 (1건)
197045|437286,텍사스바,광주,동구,맛,1,0,0,맛 호평 다수 (1건)
197045|437286,텍사스바,광주,동구,분위기,1,0,0,분위기 호평 다수 (1건)
197046|437287,텐BAR,광주,서구,맛,1,0,0,맛 호평 다수 (1건)
197046|437287,텐BAR,광주,서구,분위기,1,0,0,분위기 호평 다수 (1건)
197077|437316,토마셀리 TOMASELLI 1호점,광주,광산구,신선도,1,0,0,신선도 호평 다수 (1건)
197079|437318,토마토도시락 용봉점,광주,북구,서비스_친절도,0,1,0,서비스_친절도 언급 (1건)
197081|437320,토메이스시,광주,동구,신선도,1,0,0,신선도 호평 다수 (1건)
197081|437320,토메이스시,광주,동구,분위기,1,0,0,분위기 호평 다수 (1건)
197083|437322,토모다찌,광주,북구,신선도,1,0,0,신선도 호평 다수 (1건)
197084|437323,토박이식당,광주,광산구,맛,1,0,0,맛 호평 다수 (1건)
197084|437323,토박이식당,광주,광산구,신선도,1,0,0,신선도 호평 다수 (1건)
197091|437330,토방 2호점,광주,북구,맛,1,0,0,맛 호평 다수 (1건)
197094|437333,토방,광주,남구,맛,1,0,0,맛 호평 다수 (1건)
197094|437333,토방,광주,남구,신선도,1,0,0,신선도 호평 다수 (1건)
197095|437329|437334,토방닭매운탕,광주,북구,맛,1,0,0,맛 호평 다수 (1건)
197095|437329|437334,토방닭매운탕,광주,북구,신선도,1,0,0,신선도 호평 다수 (1건)
197096|437335,토방마루,광주,광산구,신선도,1,0,0,신선도 호평 다수 (1건)
0b1176a71426,토부 광주장동,광주,동구,신선도,1,0,0,신선도 호평 다수 (1건)
197102|437340|879674|880301,토스트럭 광주공항점,광주,광산구,맛,1,0,0,맛 호평 다수 (1건)
197102|437340|879674|880301,토스트럭 광주공항점,광주,광산구,신선도,1,0,0,신선도 호평 다수 (1건)
197101|437339,토스트럭 광주하남점,광주,광산구,맛,1,0,0,맛 호평 다수 (1건)
197101|437339,토스트럭 광주하남점,광주,광산구,신선도,1,0,0,신선도 호평 다수 (1건)
197103|437341,토스트집,광주,북구,맛,1,0,0,맛 호평 다수 (1건)
197103|437341,토스트집,광주,북구,신선도,1,0,0,신선도 호평 다수 (1건)
45f6476fe12d,토종꺼먹돼지,전남,광양시,분위기,1,0,0,분위기 호평 다수 (1건)
197108|437344,토크 토크,광주,서구,맛,1,0,0,맛 호평 다수 (1건)
197108|437344,토크 토크,광주,서구,신선도,1,0,0,신선도 호평 다수 (1건)
197117|437351,토피,광주,서구,맛,1,0,0,맛 호평 다수 (1건)
197117|437351,토피,광주,서구,신선도,1,0,0,신선도 호평 다수 (1건)
791981b3ee64,토픽쌀피자 신가점,광주,광산구,신선도,1,0,0,신선도 호평 다수 (1건)
8312e3bc0de7,토픽쌀피자 운암점,광주,북구,신선도,1,0,0,신선도 호평 다수 (1건)
55b37d7fa7af,톰스톤 쌍촌점,광주,서구,맛,1,0,0,맛 호평 다수 (1건)
55b37d7fa7af,톰스톤 쌍촌점,광주,서구,신선도,1,0,0,신선도 호평 다수 (1건)
55b37d7fa7af,톰스톤 쌍촌점,광주,서구,분위기,1,0,0,분위기 호평 다수 (1건)
197128|437362,톰아저씨족발보쌈 본점,광주,서구,맛,1,0,0,맛 호평 다수 (1건)
197132,통나무가든 광주우산동,광주,광산구,맛,1,0,0,맛 호평 다수 (1건)
197132,통나무가든 광주우산동,광주,광산구,신선도,1,0,0,신선도 호평 다수 (1건)
57023,통나무식당,전남,순천시,맛,1,0,0,맛 호평 다수 (1건)
57023,통나무식당,전남,순천시,신선도,1,0,0,신선도 호평 다수 (1건)
57023,통나무식당,전남,순천시,접근성_웨이팅,1,0,0,접근성_웨이팅 호평 다수 (1건)
197134|437367,통나무집,광주,북구,분위기,1,0,0,분위기 호평 다수 (1건)
197137|437370,통닭생각,광주,광산구,맛,1,0,0,맛 호평 다수 (1건)
197137|437370,통닭생각,광주,광산구,서비스_친절도,1,0,0,서비스_친절도 호평 다수 (1건)
ee12a9885e61,통돼야지,광주,광산구,맛,1,0,0,맛 호평 다수 (1건)
ee12a9885e61,통돼야지,광주,광산구,신선도,1,0,0,신선도 호평 다수 (1건)
197139|437372,통돼지솥뚜껑,광주,서구,신선도,1,0,0,신선도 호평 다수 (1건)
57024|836811,통만두집,전남,여수시,접근성_웨이팅,1,0,0,접근성_웨이팅 호평 다수 (1건)
197140|437373,통발 전대상대점,광주,북구,서비스_친절도,1,0,0,서비스_친절도 호평 다수 (1건)
197141|437374,통배,광주,서구,신선도,1,0,0,신선도 호평 다수 (1건)
108008696daa,통불 광주수완점,광주,광산구,맛,1,0,0,맛 호평 다수 (1건)
108008696daa,통불 광주수완점,광주,광산구,서비스_친절도,1,0,0,서비스_친절도 호평 다수 (1건)
108008696daa,통불 광주수완점,광주,광산구,분위기,1,0,0,분위기 호평 다수 (1건)
197142,통불 광주쌍촌동,광주,서구,신선도,1,0,0,신선도 호평 다수 (1건)
197142,통불 광주쌍촌동,광주,서구,서비스_친절도,1,0,0,서비스_친절도 호평 다수 (1건)
197145,통불 광주용봉점,광주,북구,맛,1,0,0,맛 호평 다수 (1건)
197145,통불 광주용봉점,광주,북구,신선도,1,0,0,신선도 호평 다수 (1건)
197147|437379,통영굴밥,광주,광산구,맛,1,0,0,맛 호평 다수 (1건)
197147|437379,통영굴밥,광주,광산구,신선도,1,0,0,신선도 호평 다수 (1건)
197148|437380,통영굴밥상무점,광주,서구,신선도,1,0,0,신선도 호평 다수 (1건)
197148|437380,통영굴밥상무점,광주,서구,분위기,1,0,0,분위기 호평 다수 (1건)
197149|437381,통영굴밥일곡점,광주,북구,맛,1,0,0,맛 호평 다수 (1건)
197149|437381,통영굴밥일곡점,광주,북구,신선도,1,0,0,신선도 호평 다수 (1건)
1734d2728048,통일반점,광주,북구,맛,1,0,0,맛 호평 다수 (1건)
1734d2728048,통일반점,광주,북구,신선도,1,0,0,신선도 호평 다수 (1건)
197154|437386,통일통닭,광주,남구,맛,1,0,0,맛 호평 다수 (1건)
197155|437387,통족,광주,광산구,맛,1,0,0,맛 호평 다수 (1건)
197155|437387,통족,광주,광산구,서비스_친절도,1,0,0,서비스_친절도 호평 다수 (1건)
197157|437389,통큰경양식,광주,동구,신선도,1,0,0,신선도 호평 다수 (1건)
197157|437389,통큰경양식,광주,동구,분위기,1,0,0,분위기 호평 다수 (1건)
197158|437390|963326,통큰고기 참숯구이,광주,서구,맛,1,0,0,맛 호평 다수 (1건)
197160|437392,통큰돈가스,광주,동구,맛,1,0,0,맛 호평 다수 (1건)
197163|437395,통큰돼지 하남점,광주,광산구,신선도,1,0,0,신선도 호평 다수 (1건)
521949|896142,통큰무한삼겹 장흥점,전남,장흥군,신선도,1,0,0,신선도 호평 다수 (1건)
521949|896142,통큰무한삼겹 장흥점,전남,장흥군,서비스_친절도,1,0,0,서비스_친절도 호평 다수 (1건)
197168|437400,통큰아구찜,광주,서구,신선도,1,0,0,신선도 호평 다수 (1건)
197170,통큰오리착한삼겹,광주,광산구,맛,1,0,0,맛 호평 다수 (1건)
197171|437402,통큰왕짬뽕,광주,북구,맛,1,0,0,맛 호평 다수 (1건)
197171|437402,통큰왕짬뽕,광주,북구,양,1,0,0,양 호평 다수 (1건)
197171|437402,통큰왕짬뽕,광주,북구,분위기,1,0,0,분위기 호평 다수 (1건)
197172|437403,통큰장어&전복,광주,광산구,신선도,1,0,0,신선도 호평 다수 (1건)
197175|437406,통큰착한장어,광주,북구,맛,1,0,0,맛 호평 다수 (1건)
197175|437406,통큰착한장어,광주,북구,신선도,1,0,0,신선도 호평 다수 (1건)
197180|437411,통통불닭발,광주,북구,맛,1,0,0,맛 호평 다수 (1건)
197183|437414,통파이브 광주첨단점,광주,광산구,맛,1,0,0,맛 호평 다수 (1건)
197183|437414,통파이브 광주첨단점,광주,광산구,분위기,1,0,0,분위기 호평 다수 (1건)
197186|437417,투가이즈 치킨앤피자 광주양산점,광주,북구,맛,1,0,0,맛 호평 다수 (1건)
197186|437417,투가이즈 치킨앤피자 광주양산점,광주,북구,신선도,1,0,0,신선도 호평 다수 (1건)
197187|437418,투가이즈 치킨앤피자 광주용봉동,광주,북구,맛,1,0,0,맛 호평 다수 (1건)
197188|437419,투게더 각화점,광주,북구,맛,1,0,0,맛 호평 다수 (1건)
197188|437419,투게더 각화점,광주,북구,서비스_친절도,1,0,0,서비스_친절도 호평 다수 (1건)
197194|437433,투게더 대라수점,광주,광산구,맛,1,0,0,맛 호평 다수 (1건)
197194|437433,투게더 대라수점,광주,광산구,분위기,1,0,0,분위기 호평 다수 (1건)
197193|437424|437434,투게더 대우이안점,광주,북구,맛,1,0,0,맛 호평 다수 (1건)
197193|437424|437434,투게더 대우이안점,광주,북구,신선도,1,0,0,신선도 호평 다수 (1건)
437435,투게더 마재사랑점,광주,서구,맛,1,0,0,맛 호평 다수 (1건)
437435,투게더 마재사랑점,광주,서구,서비스_친절도,1,0,0,서비스_친절도 호평 다수 (1건)
437435,투게더 마재사랑점,광주,서구,분위기,1,0,0,분위기 호평 다수 (1건)
197218|437446,투게더 선운행복점,광주,광산구,맛,1,0,0,맛 호평 다수 (1건)
197218|437446,투게더 선운행복점,광주,광산구,신선도,1,0,0,신선도 호평 다수 (1건)
197219|437425|437447,투게더 소촌사랑점,광주,광산구,맛,1,0,0,맛 호평 다수 (1건)
197219|437425|437447,투게더 소촌사랑점,광주,광산구,신선도,1,0,0,신선도 호평 다수 (1건)
197201|437430,투게더 수완주공6차점,광주,광산구,신선도,1,0,0,신선도 호평 다수 (1건)
197198|437428|437438,투게더 연제힐스테이트점,광주,북구,분위기,1,0,0,분위기 호평 다수 (1건)
197221|437449,투게더 용두점,광주,북구,맛,1,0,0,맛 호평 다수 (1건)
197221|437449,투게더 용두점,광주,북구,신선도,1,0,0,신선도 호평 다수 (1건)
197199|437429,투게더 용산사랑점,광주,동구,맛,1,0,0,맛 호평 다수 (1건)
197199|437429,투게더 용산사랑점,광주,동구,분위기,1,0,0,분위기 호평 다수 (1건)
197224|437452,투게더 화정동 힐스테이트점,광주,서구,맛,1,0,0,맛 호평 다수 (1건)
3ac5452dc946,투게더 효천1지구점,광주,남구,맛,1,0,0,맛 호평 다수 (1건)
3ac5452dc946,투게더 효천1지구점,광주,남구,신선도,1,0,0,신선도 호평 다수 (1건)
197202|437431|437442,투게더 효천2지구점,광주,남구,맛,1,0,0,맛 호평 다수 (1건)
197202|437431|437442,투게더 효천2지구점,광주,남구,신선도,1,0,0,신선도 호평 다수 (1건)
437436,투게더,광주,북구,맛,1,0,0,맛 호평 다수 (1건)
437436,투게더,광주,북구,신선도,1,0,0,신선도 호평 다수 (1건)
437436,투게더,광주,북구,분위기,1,0,0,분위기 호평 다수 (1건)
197197|437427,투게더양산점,광주,북구,신선도,1,0,0,신선도 호평 다수 (1건)
437441,투게더진월행복점,광주,남구,서비스_친절도,1,0,0,서비스_친절도 호평 다수 (1건)
437441,투게더진월행복점,광주,남구,분위기,1,0,0,분위기 호평 다수 (1건)
197223|437451,투게더키친,광주,광산구,맛,1,0,0,맛 호평 다수 (1건)
197225|437453,투고,광주,서구,신선도,1,0,0,신선도 호평 다수 (1건)
197225|437453,투고,광주,서구,분위기,1,0,0,분위기 호평 다수 (1건)
437508,투덜이 운암점,광주,북구,맛,1,0,0,맛 호평 다수 (1건)
437509,투데이 무등3차점,광주,남구,맛,1,0,0,맛 호평 다수 (1건)
437509,투데이 무등3차점,광주,남구,신선도,1,0,0,신선도 호평 다수 (1건)
437509,투데이 무등3차점,광주,남구,서비스_친절도,1,0,0,서비스_친절도 호평 다수 (1건)
437509,투데이 무등3차점,광주,남구,분위기,1,0,0,분위기 호평 다수 (1건)
437512,투데이 월드컵점,광주,서구,신선도,1,0,0,신선도 호평 다수 (1건)
437512,투데이 월드컵점,광주,서구,서비스_친절도,1,0,0,서비스_친절도 호평 다수 (1건)
437512,투데이 월드컵점,광주,서구,분위기,1,0,0,분위기 호평 다수 (1건)
437511,투데이,광주,서구,맛,1,0,0,맛 호평 다수 (1건)
437511,투데이,광주,서구,신선도,1,0,0,신선도 호평 다수 (1건)
437541,투모아 삼호점,광주,북구,맛,1,0,0,맛 호평 다수 (1건)
437541,투모아 삼호점,광주,북구,신선도,1,0,0,신선도 호평 다수 (1건)
437541,투모아 삼호점,광주,북구,서비스_친절도,1,0,0,서비스_친절도 호평 다수 (1건)
437541,투모아 삼호점,광주,북구,분위기,1,0,0,분위기 호평 다수 (1건)
437527|437532|437537,투모아 상무2호점,광주,서구,맛,1,0,0,맛 호평 다수 (1건)
437538,투모아 쌍용예가점,광주,서구,맛,1,0,0,맛 호평 다수 (1건)
bbfa1a12cfba,투모아 자유시장점,전남,목포시,맛,1,0,0,맛 호평 다수 (1건)
d74a1c7be49e,투모아 풍암대박점,광주,서구,맛,1,0,0,맛 호평 다수 (1건)
d74a1c7be49e,투모아 풍암대박점,광주,서구,서비스_친절도,1,0,0,서비스_친절도 호평 다수 (1건)
d74a1c7be49e,투모아 풍암대박점,광주,서구,분위기,1,0,0,분위기 호평 다수 (1건)
437535,투모아마륵점,광주,서구,맛,1,0,0,맛 호평 다수 (1건)
437535,투모아마륵점,광주,서구,서비스_친절도,1,0,0,서비스_친절도 호평 다수 (1건)
437535,투모아마륵점,광주,서구,분위기,1,0,0,분위기 호평 다수 (1건)
437555,투모아소촌점,광주,광산구,맛,1,0,0,맛 호평 다수 (1건)
437555,투모아소촌점,광주,광산구,분위기,1,0,0,분위기 호평 다수 (1건)
437540,투모아용두주공점,광주,북구,맛,1,0,0,맛 호평 다수 (1건)
437540,투모아용두주공점,광주,북구,신선도,1,0,0,신선도 호평 다수 (1건)
437540,투모아용두주공점,광주,북구,분위기,1,0,0,분위기 호평 다수 (1건)
437542,투모아진월푸른길점,광주,남구,맛,1,0,0,맛 호평 다수 (1건)
437542,투모아진월푸른길점,광주,남구,분위기,1,0,0,분위기 호평 다수 (1건)
cabca6aaab43,투사랑 광주유촌동,광주,서구,맛,1,0,0,맛 호평 다수 (1건)
cabca6aaab43,투사랑 광주유촌동,광주,서구,분위기,1,0,0,분위기 호평 다수 (1건)
600066d98af7,투사랑 광주화정동,광주,서구,맛,1,0,0,맛 호평 다수 (1건)
600066d98af7,투사랑 광주화정동,광주,서구,신선도,1,0,0,신선도 호평 다수 (1건)
600066d98af7,투사랑 광주화정동,광주,서구,분위기,1,0,0,분위기 호평 다수 (1건)
437585,투사랑 구호전점,광주,북구,분위기,1,0,0,분위기 호평 다수 (1건)
437587|437594,투사랑 대자점,광주,북구,맛,1,0,0,맛 호평 다수 (1건)
437587|437594,투사랑 대자점,광주,북구,분위기,1,0,0,분위기 호평 다수 (1건)
197384|437598,투사랑 상일점,광주,서구,맛,1,0,0,맛 호평 다수 (1건)
197384|437598,투사랑 상일점,광주,서구,신선도,1,0,0,신선도 호평 다수 (1건)
437586,투사랑 신가점,광주,광산구,분위기,1,0,0,분위기 호평 다수 (1건)
197385,투사랑 쌍촌호대점,광주,서구,맛,1,0,0,맛 호평 다수 (1건)
197385,투사랑 쌍촌호대점,광주,서구,신선도,1,0,0,신선도 호평 다수 (1건)
197383,투사랑 양산호수점,광주,북구,맛,1,0,0,맛 호평 다수 (1건)
197387,투사랑 운남점,광주,광산구,맛,1,0,0,맛 호평 다수 (1건)
197387,투사랑 운남점,광주,광산구,신선도,1,0,0,신선도 호평 다수 (1건)
aa4089c27187,투사랑 운암벽산점,광주,북구,맛,1,0,0,맛 호평 다수 (1건)
aa4089c27187,투사랑 운암벽산점,광주,북구,분위기,1,0,0,분위기 호평 다수 (1건)
197395|437607,투사랑 운암우성점,광주,북구,신선도,1,0,0,신선도 호평 다수 (1건)
437589,투사랑 월산신우점,광주,남구,맛,1,0,0,맛 호평 다수 (1건)
437589,투사랑 월산신우점,광주,남구,신선도,1,0,0,신선도 호평 다수 (1건)
437589,투사랑 월산신우점,광주,남구,서비스_친절도,1,0,0,서비스_친절도 호평 다수 (1건)
197396|437608,투사랑 일곡점,광주,북구,맛,1,0,0,맛 호평 다수 (1건)
197396|437608,투사랑 일곡점,광주,북구,분위기,1,0,0,분위기 호평 다수 (1건)
437590,투사랑 임동대보점,광주,북구,맛,1,0,0,맛 호평 다수 (1건)
437590,투사랑 임동대보점,광주,북구,분위기,1,0,0,분위기 호평 다수 (1건)
197388,투사랑 첨단라인점,광주,광산구,맛,1,0,0,맛 호평 다수 (1건)
197393,투사랑 첨단정미점,광주,광산구,맛,1,0,0,맛 호평 다수 (1건)
197393,투사랑 첨단정미점,광주,광산구,신선도,1,0,0,신선도 호평 다수 (1건)
197398|437610,투사랑 풍암마재점,광주,서구,서비스_친절도,1,0,0,서비스_친절도 호평 다수 (1건)
197398|437610,투사랑 풍암마재점,광주,서구,재방문의사,1,0,0,재방문의사 호평 다수 (1건)
197374|437588|437593,투사랑(금호점),광주,광산구,맛,1,0,0,맛 호평 다수 (1건)
197374|437588|437593,투사랑(금호점),광주,광산구,신선도,1,0,0,신선도 호평 다수 (1건)
197391,투사랑,광주,광산구,신선도,1,0,0,신선도 호평 다수 (1건)
197391,투사랑,광주,광산구,분위기,1,0,0,분위기 호평 다수 (1건)
437570,투사랑동림점,광주,북구,맛,1,0,0,맛 호평 다수 (1건)
437574,투사랑산수점,광주,동구,맛,1,0,0,맛 호평 다수 (1건)
197389|437601,투사랑수완장자울점,광주,광산구,분위기,1,0,0,분위기 호평 다수 (1건)
437576|437596,투사랑우미린점,광주,광산구,맛,1,0,0,맛 호평 다수 (1건)
437576|437596,투사랑우미린점,광주,광산구,신선도,1,0,0,신선도 호평 다수 (1건)
197397|437609,투사랑풍암금호점,광주,서구,맛,1,0,0,맛 호평 다수 (1건)
197397|437609,투사랑풍암금호점,광주,서구,신선도,1,0,0,신선도 호평 다수 (1건)
197397|437609,투사랑풍암금호점,광주,서구,서비스_친절도,1,0,0,서비스_친절도 호평 다수 (1건)
437575,투사랑하남주공점,광주,광산구,분위기,1,0,0,분위기 호평 다수 (1건)
19ef06722368,투사랑학동조대점,광주,동구,맛,1,0,0,맛 호평 다수 (1건)
19ef06722368,투사랑학동조대점,광주,동구,신선도,1,0,0,신선도 호평 다수 (1건)
19ef06722368,투사랑학동조대점,광주,동구,분위기,1,0,0,분위기 호평 다수 (1건)
197402|437614,투세라,광주,서구,맛,1,0,0,맛 호평 다수 (1건)
197404|437616,투싼 내방점,광주,서구,맛,1,0,0,맛 호평 다수 (1건)
197404|437616,투싼 내방점,광주,서구,신선도,1,0,0,신선도 호평 다수 (1건)
197404|437616,투싼 내방점,광주,서구,분위기,1,0,0,분위기 호평 다수 (1건)
197409|437620,투싼 다사로움점,광주,광산구,신선도,1,0,0,신선도 호평 다수 (1건)
197412|437623,투싼 비엔날레점,광주,북구,맛,1,0,0,맛 호평 다수 (1건)
197412|437623,투싼 비엔날레점,광주,북구,신선도,1,0,0,신선도 호평 다수 (1건)
197405|197423|437617,투싼 빅마트점,광주,북구,신선도,1,0,0,신선도 호평 다수 (1건)
cac151496088,투싼 연산주공점,전남,목포시,신선도,1,0,0,신선도 호평 다수 (1건)
197424|437634,투싼 우산점,광주,광산구,맛,1,0,0,맛 호평 다수 (1건)
197424|437634,투싼 우산점,광주,광산구,신선도,1,0,0,신선도 호평 다수 (1건)
197422,투싼 운남점,광주,광산구,맛,1,0,0,맛 호평 다수 (1건)
197422,투싼 운남점,광주,광산구,신선도,1,0,0,신선도 호평 다수 (1건)
197414|437625,투싼 월곡점,광주,광산구,신선도,1,0,0,신선도 호평 다수 (1건)
197429|437639,투싼 일곡점,광주,북구,맛,1,0,0,맛 호평 다수 (1건)
197429|437639,투싼 일곡점,광주,북구,분위기,1,0,0,분위기 호평 다수 (1건)
197403|437615,투싼,전남,목포시,맛,1,0,0,맛 호평 다수 (1건)
197403|437615,투싼,전남,목포시,신선도,1,0,0,신선도 호평 다수 (1건)
197421,투싼꼬치구이 도산점,광주,광산구,신선도,1,0,0,신선도 호평 다수 (1건)
197420|437631,투싼꼬치구이대박점,광주,광산구,맛,1,0,0,맛 호평 다수 (1건)
197420|437631,투싼꼬치구이대박점,광주,광산구,신선도,1,0,0,신선도 호평 다수 (1건)
197427|437637,투싼꼬치구이전문점,광주,서구,신선도,1,0,0,신선도 호평 다수 (1건)
197407,투싼문흥2호점,광주,북구,신선도,1,0,0,신선도 호평 다수 (1건)
197410|437621,투싼신창호반점,광주,광산구,맛,1,0,0,맛 호평 다수 (1건)
197410|437621,투싼신창호반점,광주,광산구,신선도,1,0,0,신선도 호평 다수 (1건)
197411,투싼운천점,광주,서구,맛,1,0,0,맛 호평 다수 (1건)
197411,투싼운천점,광주,서구,신선도,1,0,0,신선도 호평 다수 (1건)
197416|437627,투싼학동점,광주,동구,신선도,1,0,0,신선도 호평 다수 (1건)
197476|437686,투존치킨 조선대점,광주,동구,맛,1,0,0,맛 호평 다수 (1건)
197480|437690,투투,광주,서구,분위기,1,0,0,분위기 호평 다수 (1건)
197483|437693,툴스돈카츠 신용점,광주,북구,신선도,1,0,0,신선도 호평 다수 (1건)
197483|437693,툴스돈카츠 신용점,광주,북구,분위기,1,0,0,분위기 호평 다수 (1건)
197484|437694,툴스돈카츠 오치점,광주,북구,맛,1,0,0,맛 호평 다수 (1건)
197484|437694,툴스돈카츠 오치점,광주,북구,신선도,1,0,0,신선도 호평 다수 (1건)
197485|437695,툴스돈카츠 운암점,광주,북구,신선도,1,0,0,신선도 호평 다수 (1건)
197485|437695,툴스돈카츠 운암점,광주,북구,분위기,1,0,0,분위기 호평 다수 (1건)
197486|437696,툴스돈카츠 월산점,광주,남구,맛,1,0,0,맛 호평 다수 (1건)
197486|437696,툴스돈카츠 월산점,광주,남구,신선도,1,0,0,신선도 호평 다수 (1건)
197492|437702,튀김&김밥하우스,광주,광산구,신선도,1,0,0,신선도 호평 다수 (1건)
197498|437707,트뤼포,광주,동구,맛,1,0,0,맛 호평 다수 (1건)
197498|437707,트뤼포,광주,동구,분위기,1,0,0,분위기 호평 다수 (1건)
197501|437710,트리쉐이드,광주,서구,신선도,1,0,0,신선도 호평 다수 (1건)
197501|437710,트리쉐이드,광주,서구,분위기,1,0,0,분위기 호평 다수 (1건)
197503|437712,트리애,광주,광산구,신선도,1,0,0,신선도 호평 다수 (1건)
57027|880541,튼실이네전복 하당점,전남,목포시,신선도,1,0,0,신선도 호평 다수 (1건)
197508|437717,티거훗타임쿠키 in동명,광주,동구,맛,1,0,0,맛 호평 다수 (1건)
197508|437717,티거훗타임쿠키 in동명,광주,동구,신선도,1,0,0,신선도 호평 다수 (1건)
197521|437730,티아라,광주,서구,신선도,1,0,0,신선도 호평 다수 (1건)
197521|437730,티아라,광주,서구,분위기,1,0,0,분위기 호평 다수 (1건)
197524|426503|437733,티앤,광주,동구,분위기,1,0,0,분위기 호평 다수 (1건)
437734|880309,티앤코,광주,서구,맛,1,0,0,맛 호평 다수 (1건)
437734|880309,티앤코,광주,서구,신선도,1,0,0,신선도 호평 다수 (1건)
437734|880309,티앤코,광주,서구,분위기,1,0,0,분위기 호평 다수 (1건)
426368|437736,티엔느,광주,북구,서비스_친절도,1,0,0,서비스_친절도 호평 다수 (1건)
426368|437736,티엔느,광주,북구,분위기,1,0,0,분위기 호평 다수 (1건)
197529|437738,티엔티음악꼬치바,광주,광산구,신선도,1,0,0,신선도 호평 다수 (1건)
197529|437738,티엔티음악꼬치바,광주,광산구,서비스_친절도,1,0,0,서비스_친절도 호평 다수 (1건)
437743,티이티디,광주,동구,맛,1,0,0,맛 호평 다수 (1건)
418842,티키타카,광주,동구,맛,1,0,0,맛 호평 다수 (1건)
418842,티키타카,광주,동구,신선도,1,0,0,신선도 호평 다수 (1건)
437746,티타세,광주,남구,분위기,1,0,0,분위기 호평 다수 (1건)
437750,티파라치,광주,서구,분위기,1,0,0,분위기 호평 다수 (1건)
197542|437751,티하리,광주,광산구,신선도,1,0,0,신선도 호평 다수 (1건)
197543|437752,틸트틸트,광주,동구,접근성_웨이팅,0,1,0,접근성_웨이팅 언급 (1건)
197544|437753,파니벨리,광주,동구,분위기,1,0,0,분위기 호평 다수 (1건)
197545|437754|437755,파더스김밥 광주김대중컨벤션센타점,광주,서구,맛,1,0,0,맛 호평 다수 (1건)
43ad45b9b06e,파더스김밥 파머스본점,전남,순천시,신선도,1,0,0,신선도 호평 다수 (1건)
197549|437758|439986,파도소리,광주,북구,맛,1,0,0,맛 호평 다수 (1건)
197549|437758|439986,파도소리,광주,북구,신선도,1,0,0,신선도 호평 다수 (1건)
197556|437765,파리에다녀온치킨 선운송정점,광주,광산구,신선도,1,0,0,신선도 호평 다수 (1건)
197561|437770,파스,광주,북구,맛,1,0,0,맛 호평 다수 (1건)
197561|437770,파스,광주,북구,분위기,1,0,0,분위기 호평 다수 (1건)
197587|437795,파스타17 첨단본점,광주,광산구,맛,1,0,0,맛 호평 다수 (1건)
197587|437795,파스타17 첨단본점,광주,광산구,신선도,1,0,0,신선도 호평 다수 (1건)
197589|437797,파스타랑돈가스랑,광주,광산구,맛,1,0,0,맛 호평 다수 (1건)
197591,파스타부오노 호남대점,광주,광산구,신선도,1,0,0,신선도 호평 다수 (1건)
197597|437805,파스타입니다 일곡점,광주,북구,신선도,1,0,0,신선도 호평 다수 (1건)
197597|437805,파스타입니다 일곡점,광주,북구,서비스_친절도,1,0,0,서비스_친절도 호평 다수 (1건)
197598|437806,파스타입니다 첨단점,광주,북구,신선도,1,0,0,신선도 호평 다수 (1건)
197594|437802,파스타입니다,광주,서구,신선도,1,0,0,신선도 호평 다수 (1건)
197594|437802,파스타입니다,광주,서구,분위기,1,0,0,분위기 호평 다수 (1건)
197601|437809,파스토보이 광주봉선점,광주,남구,맛,1,0,0,맛 호평 다수 (1건)
197601|437809,파스토보이 광주봉선점,광주,남구,서비스_친절도,1,0,0,서비스_친절도 호평 다수 (1건)
197590|437798,파스토보이 염주화정점,광주,서구,맛,1,0,0,맛 호평 다수 (1건)
197604|437812,파오,광주,북구,맛,1,0,0,맛 호평 다수 (1건)
197604|437812,파오,광주,북구,신선도,1,0,0,신선도 호평 다수 (1건)
197605|437813,파운데이 상무점,광주,서구,맛,1,0,0,맛 호평 다수 (1건)
197616|437824|437825|55199,파인트리,광주,남구,맛,1,0,0,맛 호평 다수 (1건)
197616|437824|437825|55199,파인트리,광주,남구,서비스_친절도,1,0,0,서비스_친절도 호평 다수 (1건)
197618|437826,파쿠야 봉선점,광주,남구,분위기,1,0,0,분위기 호평 다수 (1건)
197620|437828,파쿠야 화정점,광주,서구,분위기,1,0,0,분위기 호평 다수 (1건)
197631|437838,파티쥬빌리,광주,서구,맛,1,0,0,맛 호평 다수 (1건)
197631|437838,파티쥬빌리,광주,서구,신선도,1,0,0,신선도 호평 다수 (1건)
197645|437852,판다마라탕,광주,북구,신선도,1,0,0,신선도 호평 다수 (1건)
197646|437853,판도라,광주,서구,신선도,1,0,0,신선도 호평 다수 (1건)
197649|437856,판초밥,광주,남구,신선도,0,1,0,신선도 언급 (1건)
197649|437856,판초밥,광주,남구,가격,0,1,0,가격 언급 (1건)
197660|437867,팔당닭발 광주상무점,광주,서구,서비스_친절도,1,0,0,서비스_친절도 호평 다수 (1건)
197660|437867,팔당닭발 광주상무점,광주,서구,접근성_웨이팅,1,0,0,접근성_웨이팅 호평 다수 (1건)
197662|55200|879452,팔도강산,광주,동구,맛,1,0,0,맛 호평 다수 (1건)
197662|55200|879452,팔도강산,광주,동구,신선도,1,0,0,신선도 호평 다수 (1건)
197663|437870,팔도강산별관,광주,동구,맛,1,0,0,맛 호평 다수 (1건)
197663|437870,팔도강산별관,광주,동구,분위기,1,0,0,분위기 호평 다수 (1건)
197667|437874,팔도비빔밥,광주,북구,맛,1,0,0,맛 호평 다수 (1건)
197670|437877,팔도아구찜,광주,북구,맛,1,0,0,맛 호평 다수 (1건)
197671,팔도오돌뼈,광주,서구,맛,1,0,0,맛 호평 다수 (1건)
197672|437879,팔딱수산,광주,서구,맛,1,0,0,맛 호평 다수 (1건)
197672|437879,팔딱수산,광주,서구,신선도,1,0,0,신선도 호평 다수 (1건)
197673|437880,팔레스분식,광주,북구,분위기,1,0,0,분위기 호평 다수 (1건)
197675|437882,팔미낙지한마리수제비 광주월곡점,광주,광산구,서비스_친절도,1,0,0,서비스_친절도 호평 다수 (1건)
197675|437882,팔미낙지한마리수제비 광주월곡점,광주,광산구,접근성_웨이팅,1,0,0,접근성_웨이팅 호평 다수 (1건)
197681|437888,팔팔껍데기 첨단점,광주,광산구,신선도,1,0,0,신선도 호평 다수 (1건)
197680|437887,팔팔소곱창 수완점,광주,광산구,맛,1,0,0,맛 호평 다수 (1건)
197680|437887,팔팔소곱창 수완점,광주,광산구,신선도,1,0,0,신선도 호평 다수 (1건)
197682|437889,팔팔참숯구이,광주,광산구,맛,1,0,0,맛 호평 다수 (1건)
197694|437901,팥죽나라,광주,남구,서비스_친절도,1,0,0,서비스_친절도 호평 다수 (1건)
197695|437902,패대기 금호점,광주,서구,신선도,1,0,0,신선도 호평 다수 (1건)
197695|437902,패대기 금호점,광주,서구,접근성_웨이팅,1,0,0,접근성_웨이팅 호평 다수 (1건)
197698|437905,패대기 상무점,광주,서구,접근성_웨이팅,1,0,0,접근성_웨이팅 호평 다수 (1건)
197697|437904,패대기,광주,광산구,신선도,1,0,0,신선도 호평 다수 (1건)
197697|437904,패대기,광주,광산구,접근성_웨이팅,1,0,0,접근성_웨이팅 호평 다수 (1건)
197701,패밀리푸드,광주,서구,서비스_친절도,1,0,0,서비스_친절도 호평 다수 (1건)
197701,패밀리푸드,광주,서구,분위기,1,0,0,분위기 호평 다수 (1건)
197704|437910,패스트롤 전남대점,광주,북구,맛,1,0,0,맛 호평 다수 (1건)
197704|437910,패스트롤 전남대점,광주,북구,신선도,1,0,0,신선도 호평 다수 (1건)
197705|437911|437912,패스트롤 진월점,광주,남구,맛,1,0,0,맛 호평 다수 (1건)
197705|437911|437912,패스트롤 진월점,광주,남구,신선도,1,0,0,신선도 호평 다수 (1건)
437918,팬도로시 전남대공대7호관점,광주,북구,맛,1,0,0,맛 호평 다수 (1건)
197719|437925,팽이와꼬꼬,광주,북구,맛,1,0,0,맛 호평 다수 (1건)
197719|437925,팽이와꼬꼬,광주,북구,위생_청결,1,0,0,위생_청결 호평 다수 (1건)
0f724c8795af,퍼브로,광주,북구,맛,1,0,0,맛 호평 다수 (1건)
0f724c8795af,퍼브로,광주,북구,분위기,1,0,0,분위기 호평 다수 (1건)
197727|437933,퍼센트,광주,북구,맛,1,0,0,맛 호평 다수 (1건)
55202,퍼스트네팔 광주본점,광주,동구,가격,1,0,0,가격 호평 다수 (1건)
197731|437937,퍼플,광주,북구,맛,1,0,0,맛 호평 다수 (1건)
197731|437937,퍼플,광주,북구,신선도,1,0,0,신선도 호평 다수 (1건)
197731|437937,퍼플,광주,북구,서비스_친절도,1,0,0,서비스_친절도 호평 다수 (1건)
197731|437937,퍼플,광주,북구,분위기,1,0,0,분위기 호평 다수 (1건)
197749|437955,페가수스,광주,북구,신선도,1,0,0,신선도 호평 다수 (1건)
197749|437955,페가수스,광주,북구,분위기,1,0,0,분위기 호평 다수 (1건)
197767|437973,페퍼콘,광주,북구,맛,1,0,0,맛 호평 다수 (1건)
197767|437973,페퍼콘,광주,북구,서비스_친절도,1,0,0,서비스_친절도 호평 다수 (1건)
197767|437973,페퍼콘,광주,북구,분위기,1,0,0,분위기 호평 다수 (1건)
8e4c97737516,편안한횟집,전남,신안군,맛,1,0,0,맛 호평 다수 (1건)
8e4c97737516,편안한횟집,전남,신안군,신선도,1,0,0,신선도 호평 다수 (1건)
8e4c97737516,편안한횟집,전남,신안군,분위기,1,0,0,분위기 호평 다수 (1건)
197781|437987,평광,광주,동구,맛,1,0,0,맛 호평 다수 (1건)
197785|437991,평동나주곰탕,광주,광산구,신선도,1,0,0,신선도 호평 다수 (1건)
197785|437991,평동나주곰탕,광주,광산구,분위기,1,0,0,분위기 호평 다수 (1건)
438006,평화식당,광주,동구,맛,1,0,0,맛 호평 다수 (1건)
438006,평화식당,광주,동구,신선도,1,0,0,신선도 호평 다수 (1건)
438006,평화식당,광주,동구,분위기,1,0,0,분위기 호평 다수 (1건)
57028|880542,포도원회집,전남,목포시,신선도,1,0,0,신선도 호평 다수 (1건)
197833|438039,포아이니 광주화정점,광주,서구,신선도,1,0,0,신선도 호평 다수 (1건)
197858|438064,포항물회 서구농성점,광주,서구,신선도,1,0,0,신선도 호평 다수 (1건)
197858|438064,포항물회 서구농성점,광주,서구,분위기,1,0,0,분위기 호평 다수 (1건)
532775,포항물회,전남,담양군,신선도,1,0,0,신선도 호평 다수 (1건)
532775,포항물회,전남,담양군,양,1,0,0,양 호평 다수 (1건)
438107,푸드클럽,광주,북구,신선도,1,0,0,신선도 호평 다수 (1건)
438146,푸른공원국밥,광주,남구,맛,1,0,0,맛 호평 다수 (1건)
438146,푸른공원국밥,광주,남구,신선도,1,0,0,신선도 호평 다수 (1건)
197970,푸키키,광주,서구,맛,0,1,0,맛 언급 (1건)
197970,푸키키,광주,서구,신선도,0,1,0,신선도 언급 (1건)
17497fc4e8d6,품바식당,전남,무안군,맛,1,0,0,맛 호평 다수 (1건)
438199,풍경족발,광주,서구,신선도,1,0,0,신선도 호평 다수 (1건)
438199,풍경족발,광주,서구,분위기,1,0,0,분위기 호평 다수 (1건)
519475|895652,풍경치킨,전남,신안군,신선도,1,0,0,신선도 호평 다수 (1건)
438202,풍남옥 전대후문점,광주,북구,맛,1,0,0,맛 호평 다수 (1건)
438202,풍남옥 전대후문점,광주,북구,분위기,1,0,0,분위기 호평 다수 (1건)
198002|438206,풍년들었네,광주,광산구,신선도,1,0,0,신선도 호평 다수 (1건)
198004|438208,풍년막걸리,광주,광산구,맛,1,0,0,맛 호평 다수 (1건)
198004|438208,풍년막걸리,광주,광산구,신선도,1,0,0,신선도 호평 다수 (1건)
198005|438209,풍년미가,광주,광산구,서비스_친절도,1,0,0,서비스_친절도 호평 다수 (1건)
198009|438213,풍년식당,광주,북구,맛,1,0,0,맛 호평 다수 (1건)
198009|438213,풍년식당,광주,북구,신선도,1,0,0,신선도 호평 다수 (1건)
198009|438213,풍년식당,광주,북구,분위기,1,0,0,분위기 호평 다수 (1건)
198010|438214,풍년오리탕,광주,북구,맛,1,0,0,맛 호평 다수 (1건)
198011|438215,풍년주막,광주,광산구,가격,1,0,0,가격 호평 다수 (1건)
198001,풍년추어탕,광주,광산구,맛,1,0,0,맛 호평 다수 (1건)
198001,풍년추어탕,광주,광산구,신선도,1,0,0,신선도 호평 다수 (1건)
198013|438217,풍류랑,광주,북구,신선도,1,0,0,신선도 호평 다수 (1건)
198014|438218|879679,풍미,광주,남구,맛,1,0,0,맛 호평 다수 (1건)
198014|438218|879679,풍미,광주,남구,신선도,1,0,0,신선도 호평 다수 (1건)
198017|438221,풍미식당,광주,광산구,맛,1,0,0,맛 호평 다수 (1건)
198017|438221,풍미식당,광주,광산구,신선도,1,0,0,신선도 호평 다수 (1건)
198018|438222,풍미장어,광주,광산구,맛,1,0,0,맛 호평 다수 (1건)
198018|438222,풍미장어,광주,광산구,신선도,1,0,0,신선도 호평 다수 (1건)
57033|836240,풍미통닭,전남,순천시,맛,1,0,0,맛 호평 다수 (1건)
198021|438225,풍성,광주,남구,맛,1,0,0,맛 호평 다수 (1건)
198021|438225,풍성,광주,남구,신선도,1,0,0,신선도 호평 다수 (1건)
198025|438229,풍성한밥상,광주,북구,맛,1,0,0,맛 호평 다수 (1건)
198025|438229,풍성한밥상,광주,북구,신선도,1,0,0,신선도 호평 다수 (1건)
4992cc4ab24b,풍성한식당,광주,남구,신선도,1,0,0,신선도 호평 다수 (1건)
198031|438235,풍암 능이버섯백숙,광주,서구,신선도,1,0,0,신선도 호평 다수 (1건)
198027|438231,풍암1등한우식육식당,광주,서구,맛,1,0,0,맛 호평 다수 (1건)
198027|438231,풍암1등한우식육식당,광주,서구,신선도,1,0,0,신선도 호평 다수 (1건)
198029|438233,풍암골바다장어&계절락집,광주,서구,신선도,1,0,0,신선도 호평 다수 (1건)
198029|438233,풍암골바다장어&계절락집,광주,서구,분위기,1,0,0,분위기 호평 다수 (1건)
198033|438236,풍암돌판삼겹살,광주,서구,맛,1,0,0,맛 호평 다수 (1건)
198033|438236,풍암돌판삼겹살,광주,서구,양,1,0,0,양 호평 다수 (1건)
198033|438236,풍암돌판삼겹살,광주,서구,서비스_친절도,1,0,0,서비스_친절도 호평 다수 (1건)
198034|438237,풍암동두번째집 풍암2호점,광주,서구,맛,1,0,0,맛 호평 다수 (1건)
198034|438237,풍암동두번째집 풍암2호점,광주,서구,신선도,1,0,0,신선도 호평 다수 (1건)
198040|438243,풍암초밥,광주,서구,맛,1,0,0,맛 호평 다수 (1건)
198040|438243,풍암초밥,광주,서구,신선도,1,0,0,신선도 호평 다수 (1건)
198040|438243,풍암초밥,광주,서구,분위기,1,0,0,분위기 호평 다수 (1건)
198042|438245,풍어가,광주,광산구,맛,1,0,0,맛 호평 다수 (1건)
198042|438245,풍어가,광주,광산구,신선도,1,0,0,신선도 호평 다수 (1건)
198043|438246,풍영장,광주,광산구,신선도,1,0,0,신선도 호평 다수 (1건)
198046|438249,풍월가든,광주,광산구,분위기,1,0,0,분위기 호평 다수 (1건)
198047|438250,풍천민물장어하우스 양산점,광주,북구,신선도,1,0,0,신선도 호평 다수 (1건)
198049|438252|880316,풍천장어,광주,광산구,재방문의사,1,0,0,재방문의사 호평 다수 (1건)
198053|438256,풍호양꼬치 산수점,광주,동구,신선도,1,0,0,신선도 호평 다수 (1건)
419162,퓨전건널목마차,광주,남구,분위기,1,0,0,분위기 호평 다수 (1건)
198056|438259,퓨전영수부영통닭 전남대점,광주,북구,맛,1,0,0,맛 호평 다수 (1건)
438262,프라미스(PROMISE),광주,서구,맛,0,1,0,맛 언급 (1건)
438272,프랜드치킨,광주,북구,신선도,1,0,0,신선도 호평 다수 (1건)
198075|438277,프랭크수제치즈버거 광주수완점,광주,광산구,맛,1,0,0,맛 호평 다수 (1건)
198092|438294,프레드피자 광주서구점,광주,서구,맛,1,0,0,맛 호평 다수 (1건)
198092|438294,프레드피자 광주서구점,광주,서구,신선도,1,0,0,신선도 호평 다수 (1건)
198093|438295,프레드피자 수완하남점,광주,광산구,신선도,1,0,0,신선도 호평 다수 (1건)
198098|438300,프레시봉봉,광주,북구,맛,1,0,0,맛 호평 다수 (1건)
198098|438300,프레시봉봉,광주,북구,신선도,1,0,0,신선도 호평 다수 (1건)
198102,프레시팜,광주,광산구,맛,1,0,0,맛 호평 다수 (1건)
198102,프레시팜,광주,광산구,신선도,1,0,0,신선도 호평 다수 (1건)
516205|962094,프레이포유,광주,동구,맛,1,0,0,맛 호평 다수 (1건)
516205|962094,프레이포유,광주,동구,서비스_친절도,1,0,0,서비스_친절도 호평 다수 (1건)
516205|962094,프레이포유,광주,동구,분위기,1,0,0,분위기 호평 다수 (1건)
198104|438306,프로젝트광,광주,광산구,분위기,1,0,0,분위기 호평 다수 (1건)
198108|438310,프루체 과일소담촌 수완점,광주,광산구,신선도,0,1,0,신선도 언급 (1건)
198110|438312,프루체 봉선점,광주,남구,신선도,1,0,0,신선도 호평 다수 (1건)
198109|438311,프루체,광주,서구,맛,1,0,0,맛 호평 다수 (1건)
198109|438311,프루체,광주,서구,분위기,1,0,0,분위기 호평 다수 (1건)
5c66e6642c57,프리머,광주,북구,맛,1,0,0,맛 호평 다수 (1건)
5c66e6642c57,프리머,광주,북구,신선도,1,0,0,신선도 호평 다수 (1건)
198117|438319,프리어,광주,남구,신선도,1,0,0,신선도 호평 다수 (1건)
198117|438319,프리어,광주,남구,위생_청결,1,0,0,위생_청결 호평 다수 (1건)
198124|438326,플라워댄스,광주,동구,신선도,1,0,0,신선도 호평 다수 (1건)
198124|438326,플라워댄스,광주,동구,분위기,1,0,0,분위기 호평 다수 (1건)
198144|438346,플랜티 양산점,광주,북구,맛,1,0,0,맛 호평 다수 (1건)
198143|438345,플랜티,광주,북구,신선도,1,0,0,신선도 호평 다수 (1건)
198140|438342|880320,플랜티수완점,광주,광산구,맛,1,0,0,맛 호평 다수 (1건)
198140|438342|880320,플랜티수완점,광주,광산구,가격,1,0,0,가격 호평 다수 (1건)
198156|438358,플로라,광주,북구,맛,1,0,0,맛 호평 다수 (1건)
198169|694481,피굽남 광주운암동,광주,북구,맛,1,0,0,맛 호평 다수 (1건)
198169|694481,피굽남 광주운암동,광주,북구,신선도,1,0,0,신선도 호평 다수 (1건)
4b4c38cc7625,피굽남피자 & 유떡떡볶이,전남,영광군,맛,1,0,0,맛 호평 다수 (1건)
4b4c38cc7625,피굽남피자 & 유떡떡볶이,전남,영광군,신선도,1,0,0,신선도 호평 다수 (1건)
4b4c38cc7625,피굽남피자 & 유떡떡볶이,전남,영광군,양,1,0,0,양 호평 다수 (1건)
198174|438371,피굽남피자 광주5호점,광주,남구,위생_청결,1,0,0,위생_청결 호평 다수 (1건)
198175,피굽남피자 광주7호점,광주,남구,맛,1,0,0,맛 호평 다수 (1건)
198175,피굽남피자 광주7호점,광주,남구,신선도,1,0,0,신선도 호평 다수 (1건)
198171,피굽남피자광주2호점 광주장덕동,광주,광산구,맛,1,0,0,맛 호평 다수 (1건)
198171,피굽남피자광주2호점 광주장덕동,광주,광산구,신선도,1,0,0,신선도 호평 다수 (1건)
198171,피굽남피자광주2호점 광주장덕동,광주,광산구,양,1,0,0,양 호평 다수 (1건)
198171,피굽남피자광주2호점 광주장덕동,광주,광산구,분위기,1,0,0,분위기 호평 다수 (1건)
198173,피굽남피자광주4호점 광주연제동,광주,북구,맛,1,0,0,맛 호평 다수 (1건)
198173,피굽남피자광주4호점 광주연제동,광주,북구,신선도,1,0,0,신선도 호평 다수 (1건)
198170|438370,피굽남피자광주8호점,광주,광산구,맛,1,0,0,맛 호평 다수 (1건)
198170|438370,피굽남피자광주8호점,광주,광산구,신선도,1,0,0,신선도 호평 다수 (1건)
198180|438377,피그 오브 레전드 월곡점,광주,광산구,맛,1,0,0,맛 호평 다수 (1건)
198180|438377,피그 오브 레전드 월곡점,광주,광산구,신선도,1,0,0,신선도 호평 다수 (1건)
198185|438382,피렌체 조대본점,광주,동구,맛,1,0,0,맛 호평 다수 (1건)
198185|438382,피렌체 조대본점,광주,동구,신선도,1,0,0,신선도 호평 다수 (1건)
198187|438384|438385,피리야타이식당,광주,광산구,맛,1,0,0,맛 호평 다수 (1건)
198187|438384|438385,피리야타이식당,광주,광산구,신선도,1,0,0,신선도 호평 다수 (1건)
198194|438390,피쉬앤그릴 광주하남점,광주,광산구,분위기,1,0,0,분위기 호평 다수 (1건)
198196|438392,피쉬엔그릴 광주쌍촌점,광주,서구,신선도,1,0,0,신선도 호평 다수 (1건)
198215|438411|880323,피자가기가막혀 흑석점,광주,광산구,맛,1,0,0,맛 호평 다수 (1건)
198215|438411|880323,피자가기가막혀 흑석점,광주,광산구,신선도,1,0,0,신선도 호평 다수 (1건)
198215|438411|880323,피자가기가막혀 흑석점,광주,광산구,서비스_친절도,1,0,0,서비스_친절도 호평 다수 (1건)
198226|438422,피자는치즈빨 쌍촌점,광주,서구,가격,1,0,0,가격 호평 다수 (1건)
198233|438429,피자먹다 광주대점,광주,남구,맛,1,0,0,맛 호평 다수 (1건)
198233|438429,피자먹다 광주대점,광주,남구,가격,1,0,0,가격 호평 다수 (1건)
198235|438431,피자먹다 신창점,광주,광산구,가격,1,0,0,가격 호평 다수 (1건)
522091|896222,피자먹다 진도해양공원점,전남,진도군,가격,1,0,0,가격 호평 다수 (1건)
198237|438433,피자몰 NC충장점,광주,동구,맛,1,0,0,맛 호평 다수 (1건)
198237|438433,피자몰 NC충장점,광주,동구,서비스_친절도,1,0,0,서비스_친절도 호평 다수 (1건)
2b811fd07718,피자버거I.F.S,전남,순천시,맛,1,0,0,맛 호평 다수 (1건)
2b811fd07718,피자버거I.F.S,전남,순천시,신선도,1,0,0,신선도 호평 다수 (1건)
198238|438434,피자베이 전남대점,광주,북구,위생_청결,1,0,0,위생_청결 호평 다수 (1건)
198240|438436,피자브라더스 수완점,광주,광산구,맛,1,0,0,맛 호평 다수 (1건)
198243|438439,피자빅 롯데마트 월드컵점,광주,서구,신선도,1,0,0,신선도 호평 다수 (1건)
198285|438480,피자알리오,광주,광산구,신선도,1,0,0,신선도 호평 다수 (1건)
bd60ef5385ad,피자앙떼,전남,완도군,맛,1,0,0,맛 호평 다수 (1건)
bd60ef5385ad,피자앙떼,전남,완도군,신선도,1,0,0,신선도 호평 다수 (1건)
198297,피자앤치킨,광주,서구,신선도,1,0,0,신선도 호평 다수 (1건)
198298|438493,피자에꿈 상무점,광주,서구,신선도,1,0,0,신선도 호평 다수 (1건)
198301|438496,피자에꿈 서구점,광주,서구,맛,1,0,0,맛 호평 다수 (1건)
198301|438496,피자에꿈 서구점,광주,서구,신선도,1,0,0,신선도 호평 다수 (1건)
198301|438496,피자에꿈 서구점,광주,서구,분위기,1,0,0,분위기 호평 다수 (1건)
198299|438494,피자에꿈 오치점,광주,북구,서비스_친절도,1,0,0,서비스_친절도 호평 다수 (1건)
198300|438495,피자에꿈,광주,광산구,신선도,1,0,0,신선도 호평 다수 (1건)
198300|438495,피자에꿈,광주,광산구,분위기,1,0,0,분위기 호평 다수 (1건)
198306|438501|521716,피자지오,광주,서구,신선도,1,0,0,신선도 호평 다수 (1건)
198307|438502,피자치킨콜,광주,동구,서비스_친절도,1,0,0,서비스_친절도 호평 다수 (1건)
198311,피자탑 광주수완동,광주,광산구,맛,1,0,0,맛 호평 다수 (1건)
198311,피자탑 광주수완동,광주,광산구,위생_청결,1,0,0,위생_청결 호평 다수 (1건)
198322|438516,피자파는집 광주첨단점,광주,광산구,맛,1,0,0,맛 호평 다수 (1건)
198322|438516,피자파는집 광주첨단점,광주,광산구,신선도,1,0,0,신선도 호평 다수 (1건)
198323|438517|880332,피자풀 남구점,광주,남구,맛,1,0,0,맛 호평 다수 (1건)
198323|438517|880332,피자풀 남구점,광주,남구,신선도,1,0,0,신선도 호평 다수 (1건)
198330|438524|880333,피자프렌드,광주,서구,맛,1,0,0,맛 호평 다수 (1건)
198330|438524|880333,피자프렌드,광주,서구,신선도,1,0,0,신선도 호평 다수 (1건)
198333|438527,피자플래넷 광주 동구점,광주,동구,신선도,1,0,0,신선도 호평 다수 (1건)
198344|438538,피치콜,광주,북구,맛,1,0,0,맛 호평 다수 (1건)
198358|438552,핀치이태리,광주,광산구,신선도,1,0,0,신선도 호평 다수 (1건)
198358|438552,핀치이태리,광주,광산구,분위기,1,0,0,분위기 호평 다수 (1건)
198366|438560,필드키친,광주,남구,신선도,1,0,0,신선도 호평 다수 (1건)
198370|438564|879686,필로우요거트,광주,남구,신선도,1,0,0,신선도 호평 다수 (1건)
70d814c4d96a,필소굿,전남,장흥군,서비스_친절도,1,0,0,서비스_친절도 호평 다수 (1건)
70d814c4d96a,필소굿,전남,장흥군,분위기,1,0,0,분위기 호평 다수 (1건)
198383,핑핑,광주,서구,분위기,1,0,0,분위기 호평 다수 (1건)
198389|438583,하나비,광주,서구,맛,1,0,0,맛 호평 다수 (1건)
198389|438583,하나비,광주,서구,분위기,1,0,0,분위기 호평 다수 (1건)
198394|438588,하나식당,광주,광산구,맛,1,0,0,맛 호평 다수 (1건)
198394|438588,하나식당,광주,광산구,분위기,1,0,0,분위기 호평 다수 (1건)
198394|438588,하나식당,광주,광산구,접근성_웨이팅,1,0,0,접근성_웨이팅 호평 다수 (1건)
198395|438589,하나야 조대점,광주,동구,맛,1,0,0,맛 호평 다수 (1건)
198395|438589,하나야 조대점,광주,동구,신선도,1,0,0,신선도 호평 다수 (1건)
198400|438594,하남게장,광주,광산구,신선도,1,0,0,신선도 호평 다수 (1건)
198403|438597,하남낙지마당,광주,광산구,맛,1,0,0,맛 호평 다수 (1건)
198412|438606,하남우리식당,광주,광산구,맛,1,0,0,맛 호평 다수 (1건)
198413|438607,하남장수숯불갈비,광주,광산구,분위기,1,0,0,분위기 호평 다수 (1건)
198414,하남장수오리,광주,광산구,신선도,1,0,0,신선도 호평 다수 (1건)
198414,하남장수오리,광주,광산구,서비스_친절도,1,0,0,서비스_친절도 호평 다수 (1건)
198415|438608,하남촌,광주,광산구,맛,1,0,0,맛 호평 다수 (1건)
198415|438608,하남촌,광주,광산구,신선도,1,0,0,신선도 호평 다수 (1건)
198417|438610,하남팥죽,광주,광산구,신선도,1,0,0,신선도 호평 다수 (1건)
198420|438613,하남회관,광주,광산구,맛,1,0,0,맛 호평 다수 (1건)
198424|438617,하네미,광주,남구,맛,1,0,0,맛 호평 다수 (1건)
198424|438617,하네미,광주,남구,분위기,1,0,0,분위기 호평 다수 (1건)
198425|438618,하네초밥&참치연어,광주,북구,맛,1,0,0,맛 호평 다수 (1건)
198425|438618,하네초밥&참치연어,광주,북구,신선도,1,0,0,신선도 호평 다수 (1건)
198425|438618,하네초밥&참치연어,광주,북구,분위기,1,0,0,분위기 호평 다수 (1건)
198429|438621,하누맘 도산점,광주,광산구,맛,1,0,0,맛 호평 다수 (1건)
198429|438621,하누맘 도산점,광주,광산구,신선도,1,0,0,신선도 호평 다수 (1건)
198430,하누맘 수완점,광주,광산구,맛,1,0,0,맛 호평 다수 (1건)
198430,하누맘 수완점,광주,광산구,신선도,1,0,0,신선도 호평 다수 (1건)
198431|438623,하누세상,광주,광산구,맛,1,0,0,맛 호평 다수 (1건)
198431|438623,하누세상,광주,광산구,신선도,1,0,0,신선도 호평 다수 (1건)
537857,하늘마루정원,전남,담양군,신선도,1,0,0,신선도 호평 다수 (1건)
537857,하늘마루정원,전남,담양군,분위기,1,0,0,분위기 호평 다수 (1건)
198437|438629,하늘아래,광주,남구,신선도,1,0,0,신선도 호평 다수 (1건)
198437|438629,하늘아래,광주,남구,서비스_친절도,1,0,0,서비스_친절도 호평 다수 (1건)
198439|438631,하늘잔치,광주,광산구,신선도,1,0,0,신선도 호평 다수 (1건)
198440|438632,하늘채김밥분식,광주,북구,맛,1,0,0,맛 호평 다수 (1건)
198440|438632,하늘채김밥분식,광주,북구,분위기,1,0,0,분위기 호평 다수 (1건)
198442|438634,하늬분식,광주,남구,신선도,1,0,0,신선도 호평 다수 (1건)
198442|438634,하늬분식,광주,남구,분위기,1,0,0,분위기 호평 다수 (1건)
198443|438635,하당먹거리,광주,광산구,신선도,1,0,0,신선도 호평 다수 (1건)
a6cee3226b11,하도가,광주,광산구,서비스_친절도,1,0,0,서비스_친절도 호평 다수 (1건)
198448|438640,하라규동,광주,북구,신선도,1,0,0,신선도 호평 다수 (1건)
198451,하랑은 광주금호동,광주,서구,맛,1,0,0,맛 호평 다수 (1건)
198451,하랑은 광주금호동,광주,서구,신선도,1,0,0,신선도 호평 다수 (1건)
198451,하랑은 광주금호동,광주,서구,분위기,1,0,0,분위기 호평 다수 (1건)
198456|438647,하랑은 유스퀘어점,광주,서구,신선도,1,0,0,신선도 호평 다수 (1건)
198457|438648,하래회관,광주,북구,신선도,1,0,0,신선도 호평 다수 (1건)
425667,하루야스시 상무메이루즈점,광주,서구,신선도,1,0,0,신선도 호평 다수 (1건)
425667,하루야스시 상무메이루즈점,광주,서구,위생_청결,1,0,0,위생_청결 호평 다수 (1건)
198470,하루엔소쿠 광주동천점,광주,서구,가격,1,0,0,가격 호평 다수 (1건)
198470,하루엔소쿠 광주동천점,광주,서구,분위기,1,0,0,분위기 호평 다수 (1건)
198466|438657,하루엔소쿠 광주첨단신용점,광주,북구,신선도,1,0,0,신선도 호평 다수 (1건)
198468|438659|961566,하루엔소쿠 광주첨단점,광주,광산구,맛,1,0,0,맛 호평 다수 (1건)
198468|438659|961566,하루엔소쿠 광주첨단점,광주,광산구,신선도,1,0,0,신선도 호평 다수 (1건)
198468|438659|961566,하루엔소쿠 광주첨단점,광주,광산구,서비스_친절도,1,0,0,서비스_친절도 호평 다수 (1건)
198468|438659|961566,하루엔소쿠 광주첨단점,광주,광산구,분위기,1,0,0,분위기 호평 다수 (1건)
198469|438660,하루엔소쿠 광주피크닉몰점,광주,광산구,분위기,1,0,0,분위기 호평 다수 (1건)
198474|438664,하루연어,광주,북구,신선도,1,0,0,신선도 호평 다수 (1건)
198476|438666,하루키수필집,광주,동구,맛,1,0,0,맛 호평 다수 (1건)
198477|438667,하루한끼,광주,동구,신선도,1,0,0,신선도 호평 다수 (1건)
198486|438675,하림성,광주,북구,신선도,1,0,0,신선도 호평 다수 (1건)
198486|438675,하림성,광주,북구,위생_청결,1,0,0,위생_청결 호평 다수 (1건)
198486|438675,하림성,광주,북구,서비스_친절도,1,0,0,서비스_친절도 호평 다수 (1건)
429983,하마아구찜 상무점,광주,서구,맛,1,0,0,맛 호평 다수 (1건)
198489|438678,하마아구찜 수완점,광주,광산구,맛,1,0,0,맛 호평 다수 (1건)
198498|438687,하산국밥,광주,광산구,신선도,1,0,0,신선도 호평 다수 (1건)
198504|438693,하성장어,광주,남구,신선도,1,0,0,신선도 호평 다수 (1건)
198512|438701,하얀성,광주,서구,분위기,1,0,0,분위기 호평 다수 (1건)
57039,하얀집낙지전문점,전남,여수시,맛,1,0,0,맛 호평 다수 (1건)
57039,하얀집낙지전문점,전남,여수시,신선도,1,0,0,신선도 호평 다수 (1건)
198514|438703,하얼빈,광주,남구,신선도,1,0,0,신선도 호평 다수 (1건)
198516|438705,하오중화요리,광주,남구,분위기,1,0,0,분위기 호평 다수 (1건)
198517|438706,하오짱,광주,북구,서비스_친절도,1,0,0,서비스_친절도 호평 다수 (1건)
198518|438707,하오츠,광주,북구,맛,1,0,0,맛 호평 다수 (1건)
198520|438709,하오하오,광주,북구,맛,1,0,0,맛 호평 다수 (1건)
198520|438709,하오하오,광주,북구,분위기,1,0,0,분위기 호평 다수 (1건)
198521|438710,하와이 송정본점,광주,광산구,맛,1,0,0,맛 호평 다수 (1건)
519412|895608,하우리부일호횟집,전남,신안군,맛,1,0,0,맛 호평 다수 (1건)
519412|895608,하우리부일호횟집,전남,신안군,신선도,1,0,0,신선도 호평 다수 (1건)
198522,하우림식당,광주,북구,신선도,1,0,0,신선도 호평 다수 (1건)
198528|438717,하원재,광주,남구,분위기,1,0,0,분위기 호평 다수 (1건)
198529,하원푸드,광주,서구,맛,1,0,0,맛 호평 다수 (1건)
198529,하원푸드,광주,서구,신선도,1,0,0,신선도 호평 다수 (1건)
198535|438724,하이난 롯데아울렛광주월드컵점,광주,서구,맛,1,0,0,맛 호평 다수 (1건)
198535|438724,하이난 롯데아울렛광주월드컵점,광주,서구,서비스_친절도,1,0,0,서비스_친절도 호평 다수 (1건)
198535|438724,하이난 롯데아울렛광주월드컵점,광주,서구,분위기,1,0,0,분위기 호평 다수 (1건)
198536|438725,하이덮밥,광주,북구,맛,1,0,0,맛 호평 다수 (1건)
198536|438725,하이덮밥,광주,북구,신선도,1,0,0,신선도 호평 다수 (1건)
198538|438727,하이드로우,광주,서구,맛,1,0,0,맛 호평 다수 (1건)
198538|438727,하이드로우,광주,서구,분위기,1,0,0,분위기 호평 다수 (1건)
198538|438727,하이드로우,광주,서구,접근성_웨이팅,1,0,0,접근성_웨이팅 호평 다수 (1건)
198543|438732,하이샐러드씨,광주,북구,신선도,1,0,0,신선도 호평 다수 (1건)
198544|438733,하이스트리트,광주,동구,맛,1,0,0,맛 호평 다수 (1건)
198544|438733,하이스트리트,광주,동구,신선도,1,0,0,신선도 호평 다수 (1건)
198544|438733,하이스트리트,광주,동구,서비스_친절도,1,0,0,서비스_친절도 호평 다수 (1건)
82430cf2d3ad,하인즈버킷,전남,나주시,맛,1,0,0,맛 호평 다수 (1건)
198554|438743,하카야,광주,북구,신선도,1,0,0,신선도 호평 다수 (1건)
198554|438743,하카야,광주,북구,분위기,1,0,0,분위기 호평 다수 (1건)
198556|438745,하키하키 광주첨단점,광주,광산구,맛,1,0,0,맛 호평 다수 (1건)
198557|438746,하트도시락스토어,광주,북구,신선도,1,0,0,신선도 호평 다수 (1건)
198561|438750,하해가,광주,서구,가격,1,0,0,가격 호평 다수 (1건)
198564|438753,학교종이 땡땡땡,광주,광산구,맛,1,0,0,맛 호평 다수 (1건)
198564|438753,학교종이 땡땡땡,광주,광산구,신선도,1,0,0,신선도 호평 다수 (1건)
198564|438753,학교종이 땡땡땡,광주,광산구,서비스_친절도,1,0,0,서비스_친절도 호평 다수 (1건)
198565|438754,학동김밥,광주,동구,맛,1,0,0,맛 호평 다수 (1건)
198565|438754,학동김밥,광주,동구,신선도,1,0,0,신선도 호평 다수 (1건)
198566|438755,학동낙지다,광주,동구,맛,1,0,0,맛 호평 다수 (1건)
198566|438755,학동낙지다,광주,동구,신선도,1,0,0,신선도 호평 다수 (1건)
198567|438756,학동단호박죽,광주,동구,맛,1,0,0,맛 호평 다수 (1건)
198567|438756,학동단호박죽,광주,동구,신선도,1,0,0,신선도 호평 다수 (1건)
198568|438757,학동대패삼겹살,광주,동구,신선도,1,0,0,신선도 호평 다수 (1건)
198570|438759,학림골 전집,광주,남구,맛,1,0,0,맛 호평 다수 (1건)
198570|438759,학림골 전집,광주,남구,신선도,1,0,0,신선도 호평 다수 (1건)
198571|438760,학림만두국수,광주,동구,맛,1,0,0,맛 호평 다수 (1건)
198571|438760,학림만두국수,광주,동구,신선도,1,0,0,신선도 호평 다수 (1건)
198578|438766,학짬뽕,광주,남구,신선도,1,0,0,신선도 호평 다수 (1건)
198582|438771,한가람유부김밥 월곡점,광주,광산구,신선도,1,0,0,신선도 호평 다수 (1건)
198583|438772,한가족발,광주,북구,맛,1,0,0,맛 호평 다수 (1건)
198587|438776,한결식당,광주,서구,맛,1,0,0,맛 호평 다수 (1건)
198587|438776,한결식당,광주,서구,신선도,1,0,0,신선도 호평 다수 (1건)
198588|438777,한국,광주,북구,맛,1,0,0,맛 호평 다수 (1건)
198588|438777,한국,광주,북구,분위기,1,0,0,분위기 호평 다수 (1건)
198591,한국만두 봉선점,광주,남구,신선도,1,0,0,신선도 호평 다수 (1건)
198602|438791,한국별관 본점,광주,동구,맛,1,0,0,맛 호평 다수 (1건)
198603|438792,한국별관 신안점,광주,북구,맛,1,0,0,맛 호평 다수 (1건)
198603|438792,한국별관 신안점,광주,북구,서비스_친절도,1,0,0,서비스_친절도 호평 다수 (1건)
198606|438795,한국식육식당,광주,남구,신선도,1,0,0,신선도 호평 다수 (1건)
198606|438795,한국식육식당,광주,남구,분위기,1,0,0,분위기 호평 다수 (1건)
56022|880478,한국추어탕,전남,목포시,맛,1,0,0,맛 호평 다수 (1건)
56022|880478,한국추어탕,전남,목포시,신선도,1,0,0,신선도 호평 다수 (1건)
198614|438803|880347,한국회관,광주,서구,맛,1,0,0,맛 호평 다수 (1건)
198614|438803|880347,한국회관,광주,서구,신선도,1,0,0,신선도 호평 다수 (1건)
198616|438805,한기농장삼겹살,광주,서구,맛,1,0,0,맛 호평 다수 (1건)
198616|438805,한기농장삼겹살,광주,서구,신선도,1,0,0,신선도 호평 다수 (1건)
517941,한끼김밥,전남,강진군,신선도,1,0,0,신선도 호평 다수 (1건)
198619,한끼도시락,광주,북구,맛,1,0,0,맛 호평 다수 (1건)
198619,한끼도시락,광주,북구,신선도,1,0,0,신선도 호평 다수 (1건)
198618|438807,한끼버거,광주,광산구,맛,1,0,0,맛 호평 다수 (1건)
198618|438807,한끼버거,광주,광산구,신선도,1,0,0,신선도 호평 다수 (1건)
198626|438815,한끼의 행복,광주,광산구,신선도,1,0,0,신선도 호평 다수 (1건)
198722|438909,한끼한끼,광주,북구,신선도,1,0,0,신선도 호평 다수 (1건)
198629|438818,한남동 나른한 오후,광주,동구,맛,1,0,0,맛 호평 다수 (1건)
198630|438819,한남동두번째식탁 봉선본점,광주,남구,맛,1,0,0,맛 호평 다수 (1건)
198630|438819,한남동두번째식탁 봉선본점,광주,남구,분위기,1,0,0,분위기 호평 다수 (1건)
198632|438821,한남동한방통닭,광주,북구,신선도,1,0,0,신선도 호평 다수 (1건)
198632|438821,한남동한방통닭,광주,북구,서비스_친절도,1,0,0,서비스_친절도 호평 다수 (1건)
198636|438825,한돈연돈,광주,광산구,맛,1,0,0,맛 호평 다수 (1건)
198637|438826,한돈참숯꼬기,광주,광산구,맛,1,0,0,맛 호평 다수 (1건)
198639|438828,한들김밥,광주,남구,신선도,1,0,0,신선도 호평 다수 (1건)
198639|438828,한들김밥,광주,남구,양,1,0,0,양 호평 다수 (1건)
198649|438838,한마루,광주,서구,신선도,1,0,0,신선도 호평 다수 (1건)
198650|438839,한마음소주방,광주,북구,서비스_친절도,1,0,0,서비스_친절도 호평 다수 (1건)
198650|438839,한마음소주방,광주,북구,분위기,1,0,0,분위기 호평 다수 (1건)
198653,한마음식당,광주,광산구,신선도,1,0,0,신선도 호평 다수 (1건)
198654|438843,한마음정육식당 쌍촌점,광주,서구,맛,1,0,0,맛 호평 다수 (1건)
198654|438843,한마음정육식당 쌍촌점,광주,서구,신선도,1,0,0,신선도 호평 다수 (1건)
198655,한마음정육식당 월곡점,광주,광산구,맛,1,0,0,맛 호평 다수 (1건)
198655,한마음정육식당 월곡점,광주,광산구,신선도,1,0,0,신선도 호평 다수 (1건)
198655,한마음정육식당 월곡점,광주,광산구,서비스_친절도,1,0,0,서비스_친절도 호평 다수 (1건)
198656|438845,한마음찌개,광주,서구,맛,1,0,0,맛 호평 다수 (1건)
198658|438846,한맛,광주,서구,신선도,1,0,0,신선도 호평 다수 (1건)
198659|438847,한미정,광주,동구,맛,1,0,0,맛 호평 다수 (1건)
198663|438851|82184|360941|879460,한볼테기,광주,서구,신선도,1,0,0,신선도 호평 다수 (1건)
198663|438851|82184|360941|879460,한볼테기,광주,서구,분위기,1,0,0,분위기 호평 다수 (1건)
198664|438852|880350,한뼘,광주,동구,양,0,1,0,양 언급 (1건)
438855,한상밥상,광주,북구,맛,1,0,0,맛 호평 다수 (1건)
438855,한상밥상,광주,북구,분위기,1,0,0,분위기 호평 다수 (1건)
fc2cae32c549,한상차림 코다리명가 나주혁신점,전남,나주시,신선도,1,0,0,신선도 호평 다수 (1건)
198669|438857,한상차림,광주,서구,신선도,1,0,0,신선도 호평 다수 (1건)
198670|438858,한상차림족발 금호점,광주,서구,맛,1,0,0,맛 호평 다수 (1건)
198670|438858,한상차림족발 금호점,광주,서구,신선도,1,0,0,신선도 호평 다수 (1건)
198673|438861,한성숯불구이,광주,북구,맛,1,0,0,맛 호평 다수 (1건)
198673|438861,한성숯불구이,광주,북구,신선도,1,0,0,신선도 호평 다수 (1건)
198675|438863|880352,한성식육식당,광주,남구,신선도,1,0,0,신선도 호평 다수 (1건)
198675|438863|880352,한성식육식당,광주,남구,서비스_친절도,1,0,0,서비스_친절도 호평 다수 (1건)
198675|438863|880352,한성식육식당,광주,남구,분위기,1,0,0,분위기 호평 다수 (1건)
198676|438864,한성풍천장어&갈비,광주,광산구,신선도,1,0,0,신선도 호평 다수 (1건)
64b1a8e37f41,한성회관 광주금남로4가,광주,동구,신선도,1,0,0,신선도 호평 다수 (1건)
64b1a8e37f41,한성회관 광주금남로4가,광주,동구,분위기,1,0,0,분위기 호평 다수 (1건)
198681|438868,한솔도시락 조선대점,광주,동구,맛,1,0,0,맛 호평 다수 (1건)
198680|438867,한솔돌구이갈비,광주,북구,신선도,1,0,0,신선도 호평 다수 (1건)
198680|438867,한솔돌구이갈비,광주,북구,분위기,1,0,0,분위기 호평 다수 (1건)
57045,한솔횟집,전남,여수시,신선도,1,0,0,신선도 호평 다수 (1건)
198710|438897,한스델리 광주금호점,광주,서구,맛,1,0,0,맛 호평 다수 (1건)
198707|438894,한스델리 광주신가점,광주,광산구,맛,1,0,0,맛 호평 다수 (1건)
198707|438894,한스델리 광주신가점,광주,광산구,가격,1,0,0,가격 호평 다수 (1건)
198712|438899,한스스시,광주,북구,신선도,1,0,0,신선도 호평 다수 (1건)
198712|438899,한스스시,광주,북구,분위기,1,0,0,분위기 호평 다수 (1건)
198713|438900,한스식당,광주,남구,신선도,1,0,0,신선도 호평 다수 (1건)
198713|438900,한스식당,광주,남구,분위기,1,0,0,분위기 호평 다수 (1건)
198738|438925,한양옥,광주,광산구,분위기,1,0,0,분위기 호평 다수 (1건)
198773|438959,한우식육식당,광주,북구,분위기,1,0,0,분위기 호평 다수 (1건)
198775|438961,한우원,광주,광산구,서비스_친절도,1,0,0,서비스_친절도 호평 다수 (1건)
198775|438961,한우원,광주,광산구,분위기,1,0,0,분위기 호평 다수 (1건)
438991,한중양꼬치,광주,남구,위생_청결,1,0,0,위생_청결 호평 다수 (1건)
198849|439035,함지박숯불닭구이,광주,북구,맛,1,0,0,맛 호평 다수 (1건)
198853,함평왕대포,광주,남구,맛,1,0,0,맛 호평 다수 (1건)
198853,함평왕대포,광주,남구,분위기,1,0,0,분위기 호평 다수 (1건)
198858|439044,함평한우곰탕 화정점,광주,서구,맛,1,0,0,맛 호평 다수 (1건)
198859|439045,함평한우소머리국밥,광주,광산구,맛,1,0,0,맛 호평 다수 (1건)
198862|439048|439049,핫썬치킨 첨단점,광주,광산구,맛,1,0,0,맛 호평 다수 (1건)
198862|439048|439049,핫썬치킨 첨단점,광주,광산구,신선도,1,0,0,신선도 호평 다수 (1건)
198864|439050,핫한마라탕,광주,광산구,맛,1,0,0,맛 호평 다수 (1건)
198865|439051,항꾸네 조개구이,광주,서구,맛,1,0,0,맛 호평 다수 (1건)
198865|439051,항꾸네 조개구이,광주,서구,신선도,1,0,0,신선도 호평 다수 (1건)
198874|439060,항아리 삼국통일,광주,남구,맛,1,0,0,맛 호평 다수 (1건)
198871|439057,항아리보쌈 하남점,광주,광산구,신선도,1,0,0,신선도 호평 다수 (1건)
419851,항아리보쌈,광주,서구,맛,1,0,0,맛 호평 다수 (1건)
198876|439062,항아리아구찜,광주,서구,신선도,1,0,0,신선도 호평 다수 (1건)
198879|439065,해가,광주,서구,신선도,1,0,0,신선도 호평 다수 (1건)
198880|439066,해결사들상무점,광주,서구,신선도,1,0,0,신선도 호평 다수 (1건)
198880|439066,해결사들상무점,광주,서구,서비스_친절도,1,0,0,서비스_친절도 호평 다수 (1건)
198885|439071,해궁,광주,광산구,신선도,1,0,0,신선도 호평 다수 (1건)
198888|439074|879691,해남국밥,광주,남구,신선도,1,0,0,신선도 호평 다수 (1건)
198890|439076,해남소망식당 광주점,광주,서구,맛,1,0,0,맛 호평 다수 (1건)
198903|439088|961673,해남식당,광주,동구,맛,1,0,0,맛 호평 다수 (1건)
198898|439084,해남일번지,광주,동구,분위기,1,0,0,분위기 호평 다수 (1건)
198900|439086,해남장수촌닭,광주,광산구,맛,1,0,0,맛 호평 다수 (1건)
522608|896512,해남정육식당,전남,해남군,서비스_친절도,1,0,0,서비스_친절도 호평 다수 (1건)
198902|439087,해남진도식당,광주,동구,신선도,1,0,0,신선도 호평 다수 (1건)
198904|439089,해남집밥,광주,광산구,신선도,1,0,0,신선도 호평 다수 (1건)
198906|439091,해남한우집,광주,광산구,맛,1,0,0,맛 호평 다수 (1건)
198908|439093,해녀촌,광주,광산구,신선도,1,0,0,신선도 호평 다수 (1건)
198909|439094,해담수완점,광주,광산구,신선도,1,0,0,신선도 호평 다수 (1건)
198909|439094,해담수완점,광주,광산구,서비스_친절도,1,0,0,서비스_친절도 호평 다수 (1건)
198910|439095,해담아구찜,광주,남구,신선도,1,0,0,신선도 호평 다수 (1건)
198912|439097,해담촌,광주,북구,신선도,1,0,0,신선도 호평 다수 (1건)
198912|439097,해담촌,광주,북구,서비스_친절도,1,0,0,서비스_친절도 호평 다수 (1건)
198912|439097,해담촌,광주,북구,분위기,1,0,0,분위기 호평 다수 (1건)
198916|439101,해도지,광주,동구,신선도,1,0,0,신선도 호평 다수 (1건)
57050,해돋이횟집,전남,보성군,분위기,1,0,0,분위기 호평 다수 (1건)
198919|439104,해동가든,광주,남구,맛,1,0,0,맛 호평 다수 (1건)
198919|439104,해동가든,광주,남구,신선도,1,0,0,신선도 호평 다수 (1건)
198919|439104,해동가든,광주,남구,분위기,1,0,0,분위기 호평 다수 (1건)
57051,해동국밥,전남,순천시,신선도,1,0,0,신선도 호평 다수 (1건)
55205,해동활어,광주,서구,신선도,1,0,0,신선도 호평 다수 (1건)
198925|439110,해뜨는식당,광주,동구,분위기,1,0,0,분위기 호평 다수 (1건)
198931|439116,해뜨는집,광주,남구,맛,1,0,0,맛 호평 다수 (1건)
198931|439116,해뜨는집,광주,남구,신선도,1,0,0,신선도 호평 다수 (1건)
198941|439125,해뜰날 2호점,광주,북구,맛,1,0,0,맛 호평 다수 (1건)
198941|439125,해뜰날 2호점,광주,북구,신선도,1,0,0,신선도 호평 다수 (1건)
198941|439125,해뜰날 2호점,광주,북구,분위기,1,0,0,분위기 호평 다수 (1건)
198937|439121,해뜰날1호점 본점,광주,북구,맛,1,0,0,맛 호평 다수 (1건)
198937|439121,해뜰날1호점 본점,광주,북구,신선도,1,0,0,신선도 호평 다수 (1건)
198937|439121,해뜰날1호점 본점,광주,북구,양,1,0,0,양 호평 다수 (1건)
198939|439123,해뜰날,광주,서구,신선도,1,0,0,신선도 호평 다수 (1건)
57052,해뜰날포차식당,전남,목포시,맛,1,0,0,맛 호평 다수 (1건)
57052,해뜰날포차식당,전남,목포시,분위기,1,0,0,분위기 호평 다수 (1건)
198943|439127,해롱해롱,광주,북구,맛,1,0,0,맛 호평 다수 (1건)
198945|439129|879692,해림수산,광주,서구,신선도,1,0,0,신선도 호평 다수 (1건)
198946|439130,해마루,광주,남구,맛,1,0,0,맛 호평 다수 (1건)
198946|439130,해마루,광주,남구,신선도,1,0,0,신선도 호평 다수 (1건)
198946|439130,해마루,광주,남구,분위기,1,0,0,분위기 호평 다수 (1건)
198947|439131,해말금,광주,광산구,맛,1,0,0,맛 호평 다수 (1건)
198947|439131,해말금,광주,광산구,신선도,1,0,0,신선도 호평 다수 (1건)
198948|439132,해말금막창 학동점,광주,동구,맛,1,0,0,맛 호평 다수 (1건)
198948|439132,해말금막창 학동점,광주,동구,신선도,1,0,0,신선도 호평 다수 (1건)
198948|439132,해말금막창 학동점,광주,동구,분위기,1,0,0,분위기 호평 다수 (1건)
198949|439133,해말금막창전문점 본점,광주,남구,맛,1,0,0,맛 호평 다수 (1건)
7893735b194e,해무리 광주봉선동,광주,남구,신선도,1,0,0,신선도 호평 다수 (1건)
7893735b194e,해무리 광주봉선동,광주,남구,서비스_친절도,1,0,0,서비스_친절도 호평 다수 (1건)
198954|439137,해물나라찜탕,광주,광산구,신선도,1,0,0,신선도 호평 다수 (1건)
198957|439140,해물촌,광주,광산구,맛,1,0,0,맛 호평 다수 (1건)
198957|439140,해물촌,광주,광산구,신선도,1,0,0,신선도 호평 다수 (1건)
198958,해물칼국수 밀밭,광주,남구,신선도,1,0,0,신선도 호평 다수 (1건)
198961|439144,해미,광주,광산구,서비스_친절도,1,0,0,서비스_친절도 호평 다수 (1건)
198961|439144,해미,광주,광산구,분위기,1,0,0,분위기 호평 다수 (1건)
198963|439146,해미원,광주,광산구,신선도,1,0,0,신선도 호평 다수 (1건)
198964|439147,해미정,광주,북구,분위기,1,0,0,분위기 호평 다수 (1건)
198965|439148,해밀,광주,남구,신선도,1,0,0,신선도 호평 다수 (1건)
198970|439153,해방곱창 광주쌍촌점,광주,서구,신선도,1,0,0,신선도 호평 다수 (1건)
198971|439154,해방곱창전대점,광주,북구,신선도,1,0,0,신선도 호평 다수 (1건)
198972|439155,해방촌HBC고깃집,광주,남구,가격,1,0,0,가격 호평 다수 (1건)
198975|439158,해브트루,광주,북구,신선도,1,0,0,신선도 호평 다수 (1건)
198976|439159,해븐,광주,서구,맛,1,0,0,맛 호평 다수 (1건)
198976|439159,해븐,광주,서구,분위기,1,0,0,분위기 호평 다수 (1건)
198980|439163,해성 아구의신,광주,북구,신선도,1,0,0,신선도 호평 다수 (1건)
a51bbae05707,해성,전남,목포시,맛,1,0,0,맛 호평 다수 (1건)
a51bbae05707,해성,전남,목포시,분위기,1,0,0,분위기 호평 다수 (1건)
198979|439162,해성식당,광주,광산구,서비스_친절도,1,0,0,서비스_친절도 호평 다수 (1건)
198981|439164,해성정,광주,서구,맛,1,0,0,맛 호평 다수 (1건)
198981|439164,해성정,광주,서구,신선도,1,0,0,신선도 호평 다수 (1건)
198983,해성회관,광주,남구,신선도,1,0,0,신선도 호평 다수 (1건)
198985|439168,해송생복집,광주,서구,맛,1,0,0,맛 호평 다수 (1건)
198985|439168,해송생복집,광주,서구,신선도,1,0,0,신선도 호평 다수 (1건)
198986|439169,해수식당,광주,동구,맛,1,0,0,맛 호평 다수 (1건)
198989,해승 다슬기추어탕,광주,동구,신선도,1,0,0,신선도 호평 다수 (1건)
198990|439173,해신활어직판장,광주,서구,신선도,1,0,0,신선도 호평 다수 (1건)
198991|436846|439174,해실달실,광주,북구,맛,1,0,0,맛 호평 다수 (1건)
198992|439175,해안식당,광주,동구,서비스_친절도,1,0,0,서비스_친절도 호평 다수 (1건)
198995|439178,해양참치,광주,서구,신선도,1,0,0,신선도 호평 다수 (1건)
198996|439179,해어화,광주,북구,맛,1,0,0,맛 호평 다수 (1건)
198996|439179,해어화,광주,북구,신선도,1,0,0,신선도 호평 다수 (1건)
198998|439181,해오돈,광주,북구,맛,1,0,0,맛 호평 다수 (1건)
198998|439181,해오돈,광주,북구,신선도,1,0,0,신선도 호평 다수 (1건)
199000|439183,해오름,광주,서구,신선도,1,0,0,신선도 호평 다수 (1건)
199002|439185,해오름길식당,광주,북구,맛,1,0,0,맛 호평 다수 (1건)
517765,해오름식당,전남,강진군,가격,1,0,0,가격 호평 다수 (1건)
517765,해오름식당,전남,강진군,분위기,1,0,0,분위기 호평 다수 (1건)
199003|439186,해오름찜요리전문점,광주,북구,맛,1,0,0,맛 호평 다수 (1건)
199003|439186,해오름찜요리전문점,광주,북구,신선도,1,0,0,신선도 호평 다수 (1건)
199005|439188,해와달,광주,남구,맛,1,0,0,맛 호평 다수 (1건)
199005|439188,해와달,광주,남구,분위기,1,0,0,분위기 호평 다수 (1건)
439193,해장쿡 광주남구점,광주,남구,맛,1,0,0,맛 호평 다수 (1건)
439193,해장쿡 광주남구점,광주,남구,분위기,1,0,0,분위기 호평 다수 (1건)
199011|439194,해장쿡 광주서구점,광주,서구,맛,1,0,0,맛 호평 다수 (1건)
199011|439194,해장쿡 광주서구점,광주,서구,신선도,1,0,0,신선도 호평 다수 (1건)
199015|439198,해정,광주,서구,맛,1,0,0,맛 호평 다수 (1건)
199015|439198,해정,광주,서구,신선도,1,0,0,신선도 호평 다수 (1건)
199015|439198,해정,광주,서구,가격,1,0,0,가격 호평 다수 (1건)
199017|439200,해조대패삼겹살,광주,북구,신선도,1,0,0,신선도 호평 다수 (1건)
199018|439201,해질녘,광주,서구,분위기,1,0,0,분위기 호평 다수 (1건)
cc1e100958d1,해촌,전남,목포시,맛,1,0,0,맛 호평 다수 (1건)
cc1e100958d1,해촌,전남,목포시,신선도,1,0,0,신선도 호평 다수 (1건)
199025|439208,해태집 본점,광주,서구,분위기,1,0,0,분위기 호평 다수 (1건)
199257,해태집,광주,남구,맛,1,0,0,맛 호평 다수 (1건)
199257,해태집,광주,남구,서비스_친절도,1,0,0,서비스_친절도 호평 다수 (1건)
199257,해태집,광주,남구,분위기,1,0,0,분위기 호평 다수 (1건)
199026|424161|439209,해태촌구이마당,광주,북구,맛,1,0,0,맛 호평 다수 (1건)
199026|424161|439209,해태촌구이마당,광주,북구,신선도,1,0,0,신선도 호평 다수 (1건)
199028|439211,해피데이,광주,광산구,분위기,1,0,0,분위기 호평 다수 (1건)
199036|439219,해피오네푸드,광주,서구,서비스_친절도,1,0,0,서비스_친절도 호평 다수 (1건)
199044|439227,해피푸드,광주,북구,신선도,1,0,0,신선도 호평 다수 (1건)
199045|439228,해피하우스,광주,남구,맛,1,0,0,맛 호평 다수 (1건)
199045|439228,해피하우스,광주,남구,서비스_친절도,1,0,0,서비스_친절도 호평 다수 (1건)
199045|439228,해피하우스,광주,남구,분위기,1,0,0,분위기 호평 다수 (1건)
199047|439230,해화담,광주,서구,분위기,1,0,0,분위기 호평 다수 (1건)
520222,햇님팥죽,전남,완도군,신선도,1,0,0,신선도 호평 다수 (1건)
199056|439239,햇빛마을,광주,동구,신선도,1,0,0,신선도 호평 다수 (1건)
199056|439239,햇빛마을,광주,동구,서비스_친절도,1,0,0,서비스_친절도 호평 다수 (1건)
523020|896792,햇살과달빛,전남,화순군,맛,1,0,0,맛 호평 다수 (1건)
199059|439242,햇살마루,광주,광산구,신선도,1,0,0,신선도 호평 다수 (1건)
199060|439243,햇살왕만두,광주,광산구,신선도,1,0,0,신선도 호평 다수 (1건)
199085|439268,행복1번지 영양곰탕,광주,광산구,맛,1,0,0,맛 호평 다수 (1건)
199085|439268,행복1번지 영양곰탕,광주,광산구,양,1,0,0,양 호평 다수 (1건)
199067|439250,행복경양식,광주,동구,맛,1,0,0,맛 호평 다수 (1건)
199067|439250,행복경양식,광주,동구,신선도,1,0,0,신선도 호평 다수 (1건)
199069|439252,행복김밥,광주,서구,맛,1,0,0,맛 호평 다수 (1건)
199069|439252,행복김밥,광주,서구,신선도,1,0,0,신선도 호평 다수 (1건)
199069|439252,행복김밥,광주,서구,분위기,1,0,0,분위기 호평 다수 (1건)
199071|439254,행복담,광주,동구,분위기,1,0,0,분위기 호평 다수 (1건)
199073|199125|439256|439307,행복마차,광주,북구,맛,1,0,0,맛 호평 다수 (1건)
199082|439265|880358,행복식당,광주,동구,맛,1,0,0,맛 호평 다수 (1건)
199087,행복정,광주,북구,맛,1,0,0,맛 호평 다수 (1건)
199087,행복정,광주,북구,신선도,1,0,0,신선도 호평 다수 (1건)
199107,행복한 산책,광주,서구,서비스_친절도,1,0,0,서비스_친절도 호평 다수 (1건)
199107,행복한 산책,광주,서구,분위기,1,0,0,분위기 호평 다수 (1건)
199116,행복한꽈배기 화정점,광주,남구,맛,1,0,0,맛 호평 다수 (1건)
199116,행복한꽈배기 화정점,광주,남구,신선도,1,0,0,신선도 호평 다수 (1건)
199094|439277,행복한맛집,광주,광산구,맛,1,0,0,맛 호평 다수 (1건)
199094|439277,행복한맛집,광주,광산구,신선도,1,0,0,신선도 호평 다수 (1건)
199104|439286,행복한밥상,광주,북구,맛,1,0,0,맛 호평 다수 (1건)
199109|439291,행복한식당,광주,남구,맛,1,0,0,맛 호평 다수 (1건)
199109|439291,행복한식당,광주,남구,신선도,1,0,0,신선도 호평 다수 (1건)
199111|439293|439294,행복한임금님,광주,서구,분위기,1,0,0,분위기 호평 다수 (1건)
199114|439296,행복한짬뽕,광주,북구,맛,1,0,0,맛 호평 다수 (1건)
199114|439296,행복한짬뽕,광주,북구,신선도,1,0,0,신선도 호평 다수 (1건)
199114|439296,행복한짬뽕,광주,북구,분위기,1,0,0,분위기 호평 다수 (1건)
199115|439297,행복한찜닭 월곡점,광주,광산구,분위기,1,0,0,분위기 호평 다수 (1건)
199119|439301,행복한테이블,광주,북구,서비스_친절도,1,0,0,서비스_친절도 호평 다수 (1건)
199120|439302,행복한파랑새,광주,북구,서비스_친절도,1,0,0,서비스_친절도 호평 다수 (1건)
199134|436167|439316,행운분식 말바우점,광주,북구,신선도,0,1,0,신선도 언급 (1건)
199129|439311,행운분식,광주,남구,맛,1,0,0,맛 호평 다수 (1건)
199131|439313,행운소주방,광주,서구,맛,1,0,0,맛 호평 다수 (1건)
199132|439314,행운식당,광주,북구,신선도,1,0,0,신선도 호평 다수 (1건)
199133|439315,행운의식당,광주,북구,맛,1,0,0,맛 호평 다수 (1건)
199133|439315,행운의식당,광주,북구,신선도,1,0,0,신선도 호평 다수 (1건)
199135|439317,행운추어탕,광주,서구,맛,1,0,0,맛 호평 다수 (1건)
199135|439317,행운추어탕,광주,서구,신선도,1,0,0,신선도 호평 다수 (1건)
199140|439322,행파 선운점,광주,광산구,맛,1,0,0,맛 호평 다수 (1건)
522316|896345,향교가든,전남,진도군,분위기,1,0,0,분위기 호평 다수 (1건)
199146|439328,향긋한웰빙과일차,광주,서구,맛,1,0,0,맛 호평 다수 (1건)
199146|439328,향긋한웰빙과일차,광주,서구,신선도,1,0,0,신선도 호평 다수 (1건)
523009|540361|896785,향루빈관,전남,화순군,맛,1,0,0,맛 호평 다수 (1건)
836272|880603,향토정,전남,순천시,신선도,1,0,0,신선도 호평 다수 (1건)
436440,허니도우 양산점,광주,북구,신선도,1,0,0,신선도 호평 다수 (1건)
418752,허니비,광주,동구,맛,1,0,0,맛 호평 다수 (1건)
199208|439389,헤이즈99,광주,북구,맛,1,0,0,맛 호평 다수 (1건)
199208|439389,헤이즈99,광주,북구,서비스_친절도,1,0,0,서비스_친절도 호평 다수 (1건)
380011|879478,헬로통큰삼겹 광주상무점,광주,서구,맛,1,0,0,맛 호평 다수 (1건)
380011|879478,헬로통큰삼겹 광주상무점,광주,서구,신선도,1,0,0,신선도 호평 다수 (1건)
439415,현대오리탕,광주,북구,맛,1,0,0,맛 호평 다수 (1건)
439415,현대오리탕,광주,북구,접근성_웨이팅,1,0,0,접근성_웨이팅 호평 다수 (1건)
193619,현대옥 KTX광주송정역점,광주,광산구,신선도,1,0,0,신선도 호평 다수 (1건)
193619,현대옥 KTX광주송정역점,광주,광산구,분위기,1,0,0,분위기 호평 다수 (1건)
199240|439421,현대옥 광산우산점,광주,광산구,맛,1,0,0,맛 호평 다수 (1건)
424606,현미네국한그릇,광주,광산구,신선도,1,0,0,신선도 호평 다수 (1건)
199261|439442,현완단겸상추튀김 동명점,광주,동구,신선도,1,0,0,신선도 호평 다수 (1건)
439486,혜윰,광주,광산구,맛,1,0,0,맛 호평 다수 (1건)
439486,혜윰,광주,광산구,신선도,1,0,0,신선도 호평 다수 (1건)
439486,혜윰,광주,광산구,분위기,1,0,0,분위기 호평 다수 (1건)
522749|896606,호남감자탕,전남,해남군,맛,1,0,0,맛 호평 다수 (1건)
522749|896606,호남감자탕,전남,해남군,양,1,0,0,양 호평 다수 (1건)
ade4795408a7,호남로52,전남,목포시,맛,1,0,0,맛 호평 다수 (1건)
ade4795408a7,호남로52,전남,목포시,분위기,1,0,0,분위기 호평 다수 (1건)
439507,호대짱,광주,광산구,신선도,1,0,0,신선도 호평 다수 (1건)
7f1ceac0e0c5,호두미,광주,북구,신선도,1,0,0,신선도 호평 다수 (1건)
7f1ceac0e0c5,호두미,광주,북구,서비스_친절도,1,0,0,서비스_친절도 호평 다수 (1건)
439519,호맥,광주,남구,신선도,1,0,0,신선도 호평 다수 (1건)
57059,호반산장,전남,담양군,맛,1,0,0,맛 호평 다수 (1건)
57059,호반산장,전남,담양군,분위기,1,0,0,분위기 호평 다수 (1건)
518496,호우시절,전남,구례군,맛,1,0,0,맛 호평 다수 (1건)
439595,호호만두 운암점,광주,북구,맛,1,0,0,맛 호평 다수 (1건)
439595,호호만두 운암점,광주,북구,신선도,1,0,0,신선도 호평 다수 (1건)
439614,혼밥대왕 수완점,광주,광산구,맛,1,0,0,맛 호평 다수 (1건)
439614,혼밥대왕 수완점,광주,광산구,신선도,1,0,0,신선도 호평 다수 (1건)
439614,혼밥대왕 수완점,광주,광산구,가격,1,0,0,가격 호평 다수 (1건)
522103|896230,홍가네감자탕,전남,진도군,신선도,1,0,0,신선도 호평 다수 (1건)
516004|961937,홍대개미 상무점,광주,서구,맛,1,0,0,맛 호평 다수 (1건)
516004|961937,홍대개미 상무점,광주,서구,분위기,1,0,0,분위기 호평 다수 (1건)
517410,홍대개미 순천점,전남,순천시,맛,1,0,0,맛 호평 다수 (1건)
517410,홍대개미 순천점,전남,순천시,접근성_웨이팅,1,0,0,접근성_웨이팅 호평 다수 (1건)
439684,홍어장터,광주,서구,신선도,1,0,0,신선도 호평 다수 (1건)
439684,홍어장터,광주,서구,서비스_친절도,1,0,0,서비스_친절도 호평 다수 (1건)
439701,홍짜장 광주하남점,광주,광산구,맛,1,0,0,맛 호평 다수 (1건)
439701,홍짜장 광주하남점,광주,광산구,신선도,1,0,0,신선도 호평 다수 (1건)
515866|961822,화원짚불구이 용봉점,광주,북구,맛,1,0,0,맛 호평 다수 (1건)
515866|961822,화원짚불구이 용봉점,광주,북구,서비스_친절도,1,0,0,서비스_친절도 호평 다수 (1건)
517606,황금게장,전남,여수시,신선도,1,0,0,신선도 호평 다수 (1건)
439831,황금마차,광주,북구,위생_청결,1,0,0,위생_청결 호평 다수 (1건)
439831,황금마차,광주,북구,서비스_친절도,1,0,0,서비스_친절도 호평 다수 (1건)
a87526371780,황금어장민물장어,전남,나주시,신선도,1,0,0,신선도 호평 다수 (1건)
439856,황금치킨,광주,광산구,맛,1,0,0,맛 호평 다수 (1건)
519052|895332,황금코다리 무안점,전남,무안군,접근성_웨이팅,1,0,0,접근성_웨이팅 호평 다수 (1건)
439956,황토길,광주,광산구,신선도,1,0,0,신선도 호평 다수 (1건)
439958,황토방,광주,북구,맛,1,0,0,맛 호평 다수 (1건)
439958,황토방,광주,북구,신선도,1,0,0,신선도 호평 다수 (1건)
439958,황토방,광주,북구,분위기,1,0,0,분위기 호평 다수 (1건)
439959,황토생삼겹,광주,광산구,신선도,1,0,0,신선도 호평 다수 (1건)
439959,황토생삼겹,광주,광산구,분위기,1,0,0,분위기 호평 다수 (1건)
439993,횟집아저씨,광주,동구,맛,1,0,0,맛 호평 다수 (1건)
439993,횟집아저씨,광주,동구,신선도,1,0,0,신선도 호평 다수 (1건)
439999,효소먹은돼지,광주,광산구,맛,1,0,0,맛 호평 다수 (1건)
439999,효소먹은돼지,광주,광산구,신선도,1,0,0,신선도 호평 다수 (1건)
522011|896178,희숙이네 굴구이,전남,장흥군,신선도,1,0,0,신선도 호평 다수 (1건)
519026,희스피자,전남,무안군,맛,1,0,0,맛 호평 다수 (1건)
521828|896057,만나숯불갈비,전남,장흥군,서비스_친절도,1,0,0,서비스_친절도 호평 다수 (1건)
