poi_id,place,area,lat,lng,menu,address,phone,hours,closed_days,parking
182691,두마리양동시장통닭,광주,,,"후라이드치킨, 양념치킨",광주 남구 백운로 20,050-4454-6278,12:00-00:00,없음,없음
182692,두마리양동시장통닭,광주,,,"후라이드치킨, 양념치킨",광주 북구 서하로 295,062-251-8293,11:30-24:00,없음,있음
182693|423195,두찜 광주구시청점,광주,35.145415599722,126.918689,"로제닭발, 곰도리탕, 트러플크림찜닭, 불마왕불닭",광주 동구 문화전당로35번길 3-5,062-236-6342,11:00-23:00,없음,없음
182694,두찜 운암점,광주,,,"트러플크림찜닭, 불마왕불닭",광주 북구 금호로 1-1,062-511-2789,10:00~23:00,없음,없음
182695,두찜 광주두암점,광주,,,"로제찜닭, 불마왕불닭",광주 북구 군왕로 76,062-262-1008,11:00~23:00,없음,없음
182696,두찜 광주백운점,광주,,,"로제닭발, 트러플크림찜닭",광주 남구 백운로82번길 11,062-352-7282,10:00~01:30,없음,있음
182697|423199,두찜 광주상무1호점,광주,35.1441516,126.8565593,"트러플크림찜닭, 로제닭발, 불마왕불닭",광주 서구 운천로113번길 23,062-652-2722,11:00-23:00,없음,없음
182698,두찜 광주소촌점,광주,,,"로제닭발, 트러플크림찜닭",광주 광산구 소촌로 100 지하1층 112호,062-941-8685,11:00~23:00,없음,있음
182700,두찜 광주일곡점,광주,,,"로제닭발, 매꼼찜닭세티세트",광주 북구 송해로 33 두마리찜닭두찜 1층,0507-1418-0011,09:00~23:00,없음,없음
182701,두마리찜닭 두찜 지원점,광주,,,"빨간찜닭, 로제찜닭","광주 동구 학소로 97 (소태동, (1층))",062-226-8582,,,없음
182702,두찜 광주첨단1지구점,광주,,,"로제찜닭, 트러플크림찜닭",광주 광산구 첨단중앙로152번길 30 1층,0507-1367-9092,11:00~23:00,없음,없음
182703|423205,두찜 두마리찜닭 광주풍암점,광주,35.1220426,126.8650829,"트러플크림찜닭, 불마왕불닭",광주 서구 풍금로24번길 4 1층,0507-1478-7816,11:00-24:00,없음,없음
182704,두찜 광주화정점,광주,,,"트러플크림찜닭, 로제닭발",광주 서구 화운로175번길 3-1,062-372-7728,11:00-23:00,없음,없음
182705,두마리찜닭 광주효덕점,광주,,,"로제닭발, 트러플크림찜닭",광주 남구 서문대로627번길 9,0507-1330-3015,11:00~01:00,없음,있음
182706,두메산골 한방오리 닭,광주,,,"몸보신 한방 삼계탕, 소문난  한방 오리 백숙",광주 북구 면앙로 83 1층,0507-1315-5984,11:00-21:30,매주 월요일,있음
182709,두메하우스,광주,,,"한식, 양식",광주 광산구 앰코로 35 5층 501-1호,0507-1417-2101,11:30-22:00,"매주 일요일, 공휴일",있음
182710,두미엘,광주,,,"햄에그 샌드위치, 클럽 샌드위치",광주 광산구 풍영정길 39-7,0507-1330-6494,10:00~22:00,매주 일요일,있음
182714|423216,두번째로맛있는토스트집,광주,35.1187333,126.8982333,"계란토스트, 계란햄토스트",광주 남구 서문대로663번길 6,062-654-3774,10:00-23:30,없음,없음
182716|182719,두암골 설렁탕,광주,,,"설렁탕, 도가니탕",광주 북구 서방로107번길 88,062-262-0786,10:30-21:00,"첫째, 셋째 일요일, 공휴일",없음
182717,두암골국밥,광주,,,"머리국밥, 내장국밥",광주 북구 군왕로51번길 6,062-523-9882,10:30-21:00,매주 일요일,없음
182720,두암골세꼬시,광주,,,"세꼬시, 도다리",광주 북구 삼정로 98-1 1층,062-252-1600,17:00-24:00,매주 일요일,없음
182721,두암골전집,광주,,,"모둠전, 코다리찜",광주 북구 삼정로 71,0507-1339-4402,16:00-01:00,매주 일요일,있음
182722,두암골풍천장어,광주,,,"3미 풍천민물장어 1kg, 공기밥",광주 북구 밤실로167번길 2,062-251-1331,10:30-22:00,없음,없음
182723,스타벅스 광주두암타운점,광주,,,"블랙 글레이즈드 라떼, 그린 애플 캐모마일 티",광주 북구 삼정로 4,1522-3232,08:00-22:00,,있음
182726,식껍 두암동점,광주,,,"꼬들살, 치마살",광주 북구 밤실로 189 1층 식껍,0507-1330-4080,16:00-24:00,"매주 월요일, 공휴일",없음
182727,두암숯불갈비,광주,,,"돼지갈비, 물갈비",광주 북구 참판로 80,062-267-5648,,,없음
182728,굽네치킨 광주두암점,광주,,,"허니멜로, 갈릭마왕",광주 북구 삼정로 71 부영아파트 상가 104호,0504-3143-8387,12:00-24:00,없음,없음
182729,두암축산,광주,,,"한우 암소 생고기, 한우 암소 육회",광주 북구 삼정로 65,062-263-8592,11:00-21:30,없음,있음
182730,두암회포차,광주,,,"광어, 숭어",광주 북구 군왕로 69-1,062-512-5727,,,없음
182731,두접시바다장어,광주,,,"장어소금구이, 쪽갈비소금구이",광주 서구 상무대로 797-3,062-371-9296,17:00-01:00,매주 일요일,없음
182735,두찜 광주첨단2지구점,광주,,,"로제찜닭, 까만찜닭",광주 북구 첨단연신로91번길 44,062-574-2727,11:00~23:00,없음,있음
182736,두찜 광주봉선점,광주,,,"트러플크림찜닭, 불마왕불닭",광주 남구 봉선중앙로123번길 24,0504-111-8127,11:00-23:00,없음,없음
182737,두찜 광주수완점,광주,,,"빨간찜닭, 로제찜닭",광주 광산구 수완로50번길 34-4,062-951-6838,11:00-23:00,없음,없음
182738,두찜 광주오치점,광주,,,"트러플크림찜닭, 불마왕불닭",광주 북구 서하로 189 1-2층,062-265-1118,11:00-23:00,없음,없음
182739,두찜 광주송정점,광주,,,"트러플크림찜닭, 로제닭발",광주 광산구 송정로65번길 28 상가동105호,062-941-8777,11:00-23:00,없음,없음
182740,두찜 광주전남대점,광주,,,"빨간찜닭, 로제찜닭",광주 북구 우치로90번길 8-6,062-269-0595,11:00-23:00,없음,없음
182741,두찜월곡점 광주월곡동,광주,,,"빨간찜닭, 로제찜닭",광주 광산구 사암로340번길 43 101호,0507-1399-1404,11:00-23:00,없음,없음
182746,둘레길식당,광주,,,"김치찌개, 동태찌개",광주 북구 서방로 42,062-261-9921,10:00-22:00,"둘째, 넷째 일요일",없음
182749,둘마리깻잎순살치킨,광주,,,"순살후라이드, 순살양념치킨",광주 남구 천변좌로382번길 10,0507-1422-6971,14:00-02:00,없음,없음
182750,둘이아구낙지,광주,,,"아구찜, 장어탕",광주 북구 면앙로139번길 45,062-446-8090,,,있음
182754,둥지,광주,,,"맥주, 소주",광주 서구 상무연하로 27,062-384-6235,,,없음
182756,둥지식당,광주,,,"양푼이갈비, 제육볶음",광주 광산구 무진대로212번길 15,010-3640-6454,,,없음
182758,둥지해장국,광주,,,"감자탕, 제육볶음",광주 광산구 남동길30번길 48,062-941-7850,,,없음
182759,다정푸드 뒤집고,광주,,,"뒤집고 꽃삼겹, 뒤집고 꽃목살",광주 남구 백양로 159 2층,062-521-0000,16:00-22:00,매주 일요일,있음
182761,뒤파르크,광주,,,"명란아보카도비빔밥, 리코타 치즈 쉬림프 샐러드",광주 서구 시청로 27,0507-1445-8815,10:30~23:00,매주 일요일,있음
182762,뒷골목회포차,광주,,,"광어, 우럭",광주 광산구 남동길 8-2,062-941-0199,,,없음
182764,듀호텔브런치카페,광주,,,"아메리카노, 카페라떼",광주 서구 상무중앙로38번길 22 지하1층,0507-1491-9129,00:00-24:00,없음,있음
182765,드디어커피 조선대점,광주,,,"물감 미니 더치 커피, 아메리카노",광주 동구 지산로 5,010-2998-7858,07:00/07:30-21:00/22:00,없음,없음
182766|423264,연탄구이 드럼통,광주,35.1513956,126.85659019972,"해장라면, 냄비비빔밥, 통삼겹, 닭구이",광주 서구 운천로204번길 9,0507-1455-0180,17:00-05:00,없음,없음
182768,드로잉카페TONE,광주,,,"아메리카노, 아이스티",광주 북구 우치로 104-9 3층,0507-1366-1724,13:00-22:00,"매주 화요일, 공휴일",없음
182769,드로잉카페 톤 충장점,광주,,,"아메리카노, 아이스티",광주 동구 서석로7번길 6-29 2층,0507-1365-1724,13:00-22:00,매주 화요일,없음
182770,드로잉케이크,광주,,,"도시락케이크, 미니케이크",광주 서구 상무화원로17번길 4 1층,0507-1344-4207,,,있음
182772,드롭탑 광주경신여고사거리점,광주,,,"아메리카노, 카페라떼",광주 북구 금호로 35,062-511-1023,10:00-19:00/21:00,없음,있음
182773,드롭탑 매월점,광주,,,"아메리카노, 카페라떼",광주 서구 전평길 41 1층,062-373-4748,11:00-22:00,없음,있음
182774,드롭탑 광주진월점,광주,,,"아메리카노, 카페라떼",광주 남구 광복마을길 83,062-672-4555,10:00-01:00,없음,없음
182775,카페드롭탑 광주한국병원점,광주,,,"아메리카노, 카페라떼",광주 서구 월드컵4강로 223,062-380-3188,09:00/10:00-20:00/21:00,없음,있음
182776,드롭탑 광주금호점,광주,,,"아메리카노, 카페라떼",광주 서구 금화로 59,062-371-7776,08:00-24:00,없음,있음
182777,드롭탑 롯데마트월드컵점,광주,,,"아메리카노, 카페라떼",광주 서구 금화로 240 롯데마트월드컵점 3층,0507-1353-6556,10:00-20:00,없음,있음
182778,드롭탑 세정아울렛점,광주,,,"아메리카노, 카페라떼",광주 서구 상무대로 761,070-4006-7750,08:00-24:00,없음,없음
182779,카페드롭탑 광주쌍암공원점,광주,,,"아메리카노, 카페라떼",광주 광산구 첨단중앙로182번길 24,062-673-0230,10:00~21:30,없음,있음
182780,드롭탑 용봉점,광주,,,"아메리카노, 카페라떼",광주 북구 용봉택지로 51,062-524-4544,09:00 - 01:00,없음,있음
182781,드루와,광주,,,"맥주, 오뎅탕",광주 북구 면앙로121번길 96-2,062-251-3241,18:00 - 01:00,없음,없음
182782,드루와,광주,,,"바삭먹태, 짝태",광주 남구 월산로151번길 19 1층드루와,0507-1374-0789,18:00~02:00,매주 월요일,없음
182788,드림피자,광주,,,"치즈크러스트 불고기 피자, 리치골드 핫치킨 피자",광주 북구 서양로 100,062-524-5092,,,없음
182789,드링끄,광주,,,"매주, 옛날떡볶이",광주 서구 상무버들로 28 1층 드링끄,0507-1353-0778,,,없음
182792,드시락,광주,,,"도시락, 컵밥",광주 동구 중앙로196번길 29,062-228-1410,,,없음
182795,드커피,광주,,,"아메리카노, 헤이즐넛아메리카노",광주 광산구 장신로19번길 12 1층,0507-1314-8489,10:30/11:00 - 22:30,없음,없음
182796,득량만횟집,광주,,,"숭어, 광어",광주 북구 동문대로97번길 81,062-265-2452,11:00 - 23:00,없음,없음
182797,득량만횟집,광주,,,"활어회, 쭈꾸미",광주 동구 양림로 124-1,062-222-7666,10:00 - 24:00,,없음
182798,득량회무침,광주,,,"광어, 회덮밥",광주 북구 서하로 180,062-265-2774,,,없음
182800,듣는가게,광주,,,"소고기 관자전골, 무등산 모츠나베",광주 북구 중외길25번길 17 듣는가게,0507-1342-0543,17:00 - 02:00,없음,있음
182801,들국화,광주,,,"맥주, 오뎅탕",광주 서구 상무민주로 95,062-384-6070,,,없음
182802,들깨마을칼국수전문점,광주,,,"바지락칼국수, 들깨칼국수",광주 북구 용봉택지로 50,062-523-8789,11:20 - 21:00,없음,없음
182803|423301,들깨사랑칼국수전문,광주,35.149963361111,126.89024352778,"바지락칼국수, 들깨칼국수",광주 서구 화정로310번길 8,062-368-7773,,,없음
182804,들깨칼국수,광주,,,"들깨칼국수, 들깨 수제비",광주 서구 칠성로52번길 8,062-525-3639,09:00 - 21:00,없음,없음
182805,들꽃마루커피숍,광주,,,"아메리카노, 카페라떼",광주 서구 회재로 733,062-385-7088,,,없음
182807,들랑,광주,,,"레터링케이크, 쿠키",광주 서구 마륵로 114,010-3700-2205,12:00~19:30,"매주 일요일, 월요일",있음
182808,들로,광주,,,"아메리카노, 크림 그라탕",광주 남구 봉선1로 112,062-652-7040,09:00 - 22:00,없음,없음
182809,들에핀,광주,,,"카페라떼, 아메리카노",광주 북구 일곡로49번길 75 1층 들에핀,0507-1375-8802,09:00/10:00 - 16:00,없음,없음
182811,듬뿍치킨,광주,,,"후라이드치킨, 강정치킨",광주 북구 서방로160번길 11 1층,010-6700-9819,12:00/20:00 -01:00,"매주 월요일, 화요일, 수요일, 목요일",없음
182812|423310,등갈비대통령,광주,35.147107099722,126.8863017,"직화 생등갈비소금구이, 직화 반반 등갈비, 직화 생등갈비 소금구이 소, 직화 생등갈비 소금구이 중",광주 서구 군분로169번길 2 1층,062-252-3950,17:00 - 23:00,매주 일요일,없음
182813,등교생,광주,,,"비빔밥, 된장찌개",광주 서구 상일로14번길 5-10,070-8691-0540,,,없음
182814,등대바다,광주,,,"광어 연어회, 도미 연어회",광주 서구 풍금로38번길 27,0504-0999-0811,11:00 - 21:00,매주 월요일,없음
182815,등대아구찜,광주,,,"아구찜, 해물찜",광주 광산구 신가삼효로 43-1,0504-2015-0625,11:00~22:00,없음,있음
182816,등대회수산,광주,,,"우럭, 광어",광주 북구 동림용산로 31-5,062-514-9253,,,없음
182817,등뼈 산수동,광주,,,"간장 등뼈찜, 묵은지 등갈비찜",광주 동구 무등로 508 등뼈,062-222-6033,09:00 - 21:00,없음,없음
182818|182819,등뼈,광주,,,"감자탕, 묵은지 감자탕",광주 북구 중가로 59,062-515-8500,,없음,없음
182820,등뼈감자탕&등갈비,광주,,,"감자탕, 묵은지감자탕",광주 북구 동운로 234,0507-1421-6699,00:00 - 24:00,없음,있음
182821|423319,등뼈감자탕&등갈비 월산점,광주,35.1446619,126.8882057,"해장국돌솥밥, 감자탕",광주 남구 군분로 137,062-366-6002,00:00 - 24:00,없음,있음
182822|423320,등뼈감자탕 풍암점,광주,35.1221321,126.86431539972,"감자탕, 등갈비구이, 묵은지감자탕",광주 서구 풍금로 29 1층,0507-1369-8886,09:30 - 04:00 /23:00,없음,없음
182823,등뼈묵은지찜,광주,,,"등뼈묵은지찜, 녹차먹은 오리주물럭",광주 북구 중외길 32,062-571-2577,11:00 - 21:30,없음,있음
182824,등뼈부러지는날,광주,,,"감자탕, 묵은지감자탕",광주 광산구 수등로 261-6,062-956-8828,11:00 - 24:00,없음,없음
182825,등소평,광주,,,"짜장면, 짬뽕",광주 서구 월드컵4강로68번길 3,0504-0544-5832,10:00 - 20:30,없음,없음
182827,등촌,광주,,,"소고기샤브샤브정식, 버섯매운탕칼국수",광주 북구 서방로107번길 100,062-266-1100,11:00 - 22:00,없음,없음
182828,등촌,광주,,,"버섯매운탕샤브샤브세트, 칼국수",광주 서구 마륵로 23,062-371-8788,11:00 - 21:30,없음,있음
182829,등촌,광주,,,"소고기 샤브샤브, 왕만두",광주 광산구 임방울대로801번길 51,062-573-2878,11:00 - 22:00,없음,있음
182830,등촌,광주,,,"버섯 소고기 샤브 세트, 왕만두",광주 북구 우치로 142 등촌,062-269-9234,11:00 - 21:30,없음,있음
182831,등촌,광주,,,"샤브샤브코스, 맥주",광주 광산구 하남울로48번길 18 등촌,062-955-4311,11:30 - 21:30,공휴일,없음
182833|423330,등촌칼국수,광주,35.1475481,126.9182811,"등촌샤브샤브칼국수, 버섯매운탕칼국수",광주 동구 충장로 101-11,062-227-5574,10:30 - 22:00,없음,없음
182834,디그라브,광주,,,없음,광주 서구 상일로 2,062-385-2931,,,없음
182836,디디치킨  신가점,광주,,,"2마리 3가지맛 세트 오리지널+치즈볼5개, 1마리 3가지맛 세트오리지널+피자볼5개",광주 광산구 목련로394번길 74,062-959-9285,13:00 - 01:00,없음,없음
182837,디디치킨 첨단점,광주,,,"반반세트(2가지맛 선택), (2천원DC)3가지맛 세트 오리지날",광주 광산구 첨단내촌로 46,062-972-9979,11:30 - 24:00/01:00,없음,없음
182838,디디치킨 화정점,광주,,,"2마리 내 맘대로 3가지맛 세트, 트리플콤보 내 맘대로 3가지맛 세트",광주 서구 화운로 107,062-375-9285,,,없음
182839,디디치킨 백운점,광주,,,"1마리 내 맘대로 3가지맛세트, 2마리 내 맘대로 3가지맛세트",광주 남구 백운로82번길 4,062-652-9797,12:30 - 00:30,매주 월요일,없음
182840,디디치킨 양산점,광주,,,"청정마요치킨, 매직버터치킨",광주 북구 연양로 43-4,062-575-9285,11:00~01:00,없음,없음
182841,디디치킨 광주운암점,광주,,,"2마리치킨세트, 청양마요치킨",광주 북구 서강로66번길 27,0507-1433-8593,12:00~01:30,없음,없음
182844,디르디르,광주,,,"마카롱, 아메리카노",광주 광산구 첨단중앙로182번길 90 상가동 109호,0507-1386-6211,11:00 - 21:00,매주 월요일,없음
182846,Dbake,광주,,,"아메리칸 쿠키, 빅토리아 케이크",광주 광산구 신가삼효로 39,0507-1358-8760,12:00~20:00,매주 일요일,있음
182847,디비디디,광주,,,"아메리카노, 카페라떼",광주 동구 동계로12번길 3 1층 DBDD,0507-1375-5987,11:30 - 20:00,매주 월요일,없음
182851,디아썸,광주,,,"아메리카노, 카페라떼",광주 남구 효덕로 213,0507-1378-0924,,,없음
182855,디어거스트,광주,,,"커피번, 마메리카노",광주 서구 백일로 8-1,062-374-5335,10:00 - 23:00,없음,없음
182857,디어딥,광주,,,"딸기 에이드, 블루베리 에이드",광주 동구 제봉로 100-1 3층,0507-1362-8815,12:00~22:00,없음,있음
182858,디어마이케이크,광주,,,"쿠키, 케이크",광주 서구 상일로42번길 9-14,010-4614-7133,10:00 - 18:00,"매주 토요일, 일요일",없음
182859,디에센셜하우스 광주동명동,광주,,,"아메리카노, 카페라떼",광주 동구 동명로14번길 29,062-1000-0000,12:00 - 23:00,매주 월요일,없음
182863,듬,광주,,,"유린기 치킨, 맥주",광주 광산구 장신로 255 1층 듬,0507-1355-3182,18:00~02:00,매주 일요일,있음
182865,데이오프바이브,광주,,,"트러플라자냐, 클래식라자냐",광주 광산구 수완로10번길 100 1층 102호,0507-1312-6375,11:30~21:30,둘째 화요일,있음
182867,디오프,광주,,,"아메리카노, 카페라떼",광주 광산구 수완로50번길 45 1층,0507-1480-0916,12:00~22:00,매주 화요일,없음
182868,디잇,광주,,,"아메리카노, 카페라떼",광주 광산구 풍영로199번길 50,0507-1405-5170,10:00~22:00,없음,있음
182874,디저트39 전대점,광주,,,"커스타드, 화이트 초코 도쿄롤",광주 북구 호동로 12-8,062-268-2200,,,없음
182875,디저트39 광주봉선점,광주,,,"프리미엄 딸기라떼ICE (대용량), 아메리카노(대용량)(ICE 2샷)",광주 남구 봉선2로 38,062-682-0390,10:00 - 23:30,없음,없음
182876,디저트39 광주상무점,광주,,,"아메리카노, 브라우니",광주 서구 치평로 86 1층 106호,0507-1496-7808,08:00 - 21:40,없음,있음
182877,디저트39 광주수완점,광주,,,"커스타드 크로칸 슈, 우유크림 오믈렛1BOX (18ea)",광주 광산구 장신로 136 1층 102호,070-8648-3248,매일10:00 - 23:00,없음,있음
182878,디저트39 광주신창점,광주,,,"커스타드 크로칸 슈, 프리미엄 딸기라떼ICE (대용량)",광주 광산구 신창로 110-1,062-956-2661,,,없음
182879,디저트39 광주용산점,광주,,,"커스타드 크로칸 슈, 오믈렛",광주 동구 용산3길 17 109호,062-233-1139,09:00 - 22:00,없음,없음
182880|423376,디저트39 광주첨단점,광주,35.215465527778,126.84296416667,"프리미엄 도쿄롤(5색롤), 딸기라떼, 프리미엄 도쿄롤",광주 광산구 첨단중앙로 110 1층 108호,062-972-9300,10:00 - 22:00,없음,있음
182881,디저트39 광주효천점,광주,,,"프리미엄 딸기라떼, 아메리카노(대용량)(ICE 2샷)",광주 남구 효천2로가길 13-1,062-716-0039,10:00 - 01:30,없음,없음
182882,디저트39 진월남구점,광주,,,"아메리카노, 복숭아 아이스티 코코넛젤리",광주 남구 진월동 859-176,062-676-3339,10:00 - 22:00,없음,없음
182883,디저트39 첨단2지구점,광주,,,"녹차 도쿄롤, 커스타드",광주 북구 첨단연신로 105,062-573-2255,10:00 - 22:00,없음,없음
182884,동디저트39 광주충장점,광주,,,"버블 흑당 밀크티ICE (대용량), 치즈프로마쥬 딸기라떼ICE (대용량)",광주 동구 충장로안길 38 국제빌딩,062-233-3339,11:00 - 22:00,없음,없음
182885,디저트39 광주하남점,광주,,,"녹차 도쿄롤, 커스타드",광주 광산구 고봉로 53 107호,0507-1311-9561,10:00 - 22:00,없음,없음
182886,디저트카페 위,광주,,,"솔티카라멜라떼, 흑임자 브라우니",광주 광산구 임방울대로 316 나동 1층 5호,0507-1453-5528,10:00~18:00,"매주 일요일, 공휴일",있음
182887,디저트데이,광주,,,"마들롱, 크림브륄레",광주 북구 용봉로 3 1층,0507-1393-0254,11:00 - 19:00,"매주 토요일, 일요일",없음
182889,디저트카페 달달,광주,,,"라즈베리 쇼콜라 갸또, 바닐라라떼",광주 북구 송월로49번길 1 1층 카페 달달,0507-1380-9716,09:00 - 21:30,매주 일요일,없음
182890,디저트카페 블랑,광주,,,"아몬드 크림 라떼, 맥블랑",광주 서구 치평로 76,0507-1490-5590,09:00 - 23:00,없음,없음
182898,디피오레,광주,,,"에스프레소, 아메리카노",광주 동구 남문로753번길 20,062-225-7002,,,없음
182902,카페딜라이트,광주,,,"아메리카노, 바닐라라떼",광주 남구 효덕로 276,0507-1377-6669,10:00 - 21:00,매주 일요일,없음
182903,딜라이트베이크샵,광주,,,"당일케이크, 수제마카롱",광주 동구 필문대로 261 1층 딜라이트베이크샵,0507-1428-5730,12:00 - 22:00,매주 일요일,있음
182905,딜리바리1리터&정대왕카스테라,광주,,,"1리터 수제 딸심라떼, 수제 누텔라 생크림 쌀와플",광주 서구 상무오월로15번길 22 1층 딜리바리,0507-1453-0143,15:00 - 04:30,,없음
182906,딜리바리1리터&정 대왕카스테라 첨단점,광주,,,"수제 누텔라 생크림 쌀와플, 1리터 수제 딸기라떼",광주 광산구 첨단중앙로182번길 90 첨단대라수어썸씨티5차 상가동 108호(),062-971-8082,14:00 - 02:30,매주 월요일,있음
182908,딜리버리로우 첨단점,광주,,,"한식, 백반",광주 광산구 임방울대로826번길 19-27,062-974-9293,,,없음
182909,딜리버리키친 광주점,광주,,,"맥주, 치킨",광주 북구 용봉택지로 90-1,062-522-2537,,,없음
182913,딜리버리푸드,광주,,,다시마숙성 연어회,광주 북구 용주로 36-1 1층 딜리버리푸드,0507-1346-3491,,,없음
182915,딥그레이,광주,,,"돌체크림라떼, 생딸기라떼",광주 광산구 첨단중앙로124번길 37,0507-1356-9254,11:00~23:00,매주 월요일,있음
182916,딥다크커피,광주,,,"스트로베리 릴렉서, 아메리카노",광주 서구 상무오월로3번길 24-14 1층 DEEP DARK COFFEE,0507-1346-0341,12:00 - 24:00/02:00,매주 일요일,있음
182917,딥브라운,광주,,,"아메리카노, 카페라떼",광주 서구 풍금로 61,0507-1334-0205,,,없음
182918,딥시 커피 로스터스,광주,,,"브루잉커피, 딥시크림라테",광주 북구 당뫼로 7 1층,0507-1481-3415,10:00~19:00,매주 수요일,없음
182919,딥커피,광주,,,"아메리카노, 카페라떼",광주 광산구 단전둘레길 15 상가 108호 딥커피,010-8500-0059,,,없음
182920,따구네돼지 조대점,광주,,,"돼지찌개, 돼지불백",광주 동구 필문대로287번길 20,062-222-8789,11:00~24:00,공휴일,있음
182922,따담,광주,,,"진짜 수박주스, 생과일듬뿍 그릭요거트",광주 동구 동계천로85번길 6-2 1층,0507-1356-7851,11:00 - 21:00,매주 월요일,있음
182924,따뜻한식탁,광주,,,"칼집삼겹살, 제육볶음",광주 서구 상무연하로 72 101 102호 따뜻한식탁,0507-1348-5558,11:00 - 22:00,매주 일요일,있음
182926,따봉,광주,,,"삼겹살, 된장찌개",광주 서구 상일로54번길 3 호반3차 건너편,0507-1333-3717,16:00 - 02:00,"첫째, 셋째 일요일",없음
182927,따봉떡볶이,광주,,,"로제떡볶이 2~3인세트, 매콤 짬뽕 삘Feel 떡볶이",광주 북구 서방로 137-1 1층 두암동,062-263-8253,11:30 - 02:00,매주 화요일,있음
182928,따봉떡볶이 쌍촌점,광주,,,"떡볶이, 튀김",광주 서구 쌍촌로57번길 17 1층(쌍촌동),062-375-8253,,,없음
182929,따봉시래기 광주점,광주,,,시래기 차돌쌈,광주 서구 풍암중앙로91번길 4-41,062-367-1233,11:30 - 22:00,매주 일요일,있음
182930,따봉통닭,광주,,,"후라이드 치킨, 양념치킨",광주 서구 월산로235번길 10-3,062-364-2823,09:00/11:00 - 20:00,매주 월요일,없음
182931,따스한족발,광주,,,"왕족발, 불왕반반",광주 서구 상일로 11-1,0504-0544-8769,16:00~24:00,없음,없음
182933,딱밤,광주,,,"모듬어묵탕, 대패삽겹숙주볶음",광주 광산구 월곡중앙로25번길 23,0507-1340-9477,17:00 - 02:00,없음,없음
182934,딱좋아,광주,,,"조기매운탕, 동태매운탕",광주 서구 금부로95번길 10,062-374-8253,,매주 일요일,없음
182935,딱좋아국밥,광주,,,"모듬국밥, 부대찌개",광주 동구 무등로 424,062-232-2228,09:00 - 22:00,"첫째, 셋째 토요일",없음
182937,딱좋은 푸드,광주,,,"왕뼈우거지해장국, 등뼈우거지감자탕",광주 서구 월암신기길 188-3 1호,010-7243-5208,11:00 - 22:00,없음,없음
182941,딱한잔만,광주,,,"홍어회, 동동주",광주 북구 호동로75번길 16,062-268-2028,,,없음
182943,딴또꼬마김밥,광주,,,"김밥모듬셋트, 고추김밥",광주 북구 자미로 26,050-4454-1217,09:00 - 20:00,없음,없음
182944,딸고라떼,광주,,,"인절미크림라떼, 고양이발바닥 찹쌀와플",광주 광산구 장신로 280-16 딸고라떼,0507-1391-9133,11:00~23:00,공휴일,있음
182945,딸내미네호프,광주,,,"된장찌개, 삼겹살",광주 서구 월드컵4강로181번길 46,070-7514-0826,,,없음
182946,딸부자팥죽,광주,,,"팥죽, 감자수제비",광주 광산구 내상로 56-6,062-941-9299,,,없음
182947,땅끝마을,광주,,,"쭈꾸미볶음, 오징어볶음",광주 서구 금부로 111-1,062-371-8845,16:00 - 23:00,"둘째, 넷째 일요일",없음
182948|423443,땅끝뻘낙지,광주,35.147123499722,126.88654929972,"연포탕, 산낙지익비",광주 서구 군분로 170,062-361-6548,11:30 - 21:00,없음,없음
182949,땅땅치킨 쌍촌점,광주,,,"진리의 SET 3, SET 2",광주 서구 금부로95번길 26-18,062-382-9256,13:00~02:00,없음,없음
182950,땅땅치킨 광주공군기지점,광주,,,"땅땅불갈비, 불닭오븐치킨",광주 광산구 송도로114번길 53,062-942-9998,15:00 - 23:00,없음,없음
182951,땅스부대찌개 월곡점,광주,,,"오리지널 부대찌개, 베이컨 부대찌개",광주 광산구 월곡산정로 69-1,062-955-8599,10:00~21:00,없음,있음
182952|423447,땅스부대찌개효천점,광주,35.101388888889,126.87388888889,"오리지널 부대찌개, 모둠 부대찌개, 부대찌개, 땅스식혜 일회용냄비 세트",광주 남구 효천2로가길 9 1층 103호,0507-1404-4133,10:00 - 21:00,없음,없음
182956,땡겨,광주,,,"맥주, 오뎅탕",광주 북구 서하로245번길 29,062-251-1217,,,없음
182957,땡겨복돼지,광주,,,"항정살, 오겹살",광주 북구 어매마을길17번길 16,062-571-3433,,,없음
182959,땡기요 광주동구점,광주,,,"명태코다리조림, 갈치조림",광주 동구 필문대로191번길 5-29,0507-1337-0331,11:00 - 21:30,없음,있음
182960,땡순이포차,광주,,,백반,광주 남구 대남대로193번길 5-1,062-652-9131,,,없음
182961,땡스베이킹데이,광주,,,"프렌치 크로플, 누텔라 크로플",광주 동구 중앙로160번길 31,010-6442-9551,11:30~21:00,없음,없음
182963,동대문엽기떡볶이 첨단2지구점,광주,,,"엽기메뉴, 크림메뉴",광주 북구 첨단연신로107번길 29,062-572-8591,11:30~22:15,매주 월요일,있음
182964,땡초푸드 금호점,광주,,,"땡초꼬마김밥, 참치꼬마김밥",광주 서구 금화로 31 금호동 쌍용예가 만호마을,062-384-9894,08:00 - 20:00,없음,없음
182967,땡초푸드파이터 신창점,광주,,,"땡초 돼지 김치찌개, 극한 순두부찌개",광주 광산구 신창로86번길 3,062-955-2223,,,없음
182969,땡초푸드파이터 일곡본점,광주,,,"땡초떡볶이, 주먹김밥",광주 북구 송해로58번길 13-1,010-9141-7685,,,없음
182974,땡큐맘치킨 광주하남점,광주,,,"오리지날 베이크 치킨, 양념 베이크 치킨",광주 광산구 하남대로54번안길 114 1층,062-962-8892,13:00 - 24:00,매주 일요일,없음
182977,떡고,광주,,,"오지떡갈비, 왕떡치떡갈비",광주 북구 양산제로 109-7 1층 2호,0507-1404-7865,12:00 - 23:00,없음,없음
182978,떡군이네떡볶이 광주봉선점,광주,,,"국물떡볶이, 짜장떡볶이",광주 남구 봉선1로16번안길 20 1층,0507-1381-9841,11:00~23:00,,없음
182979,떡군이네떡볶이 광주수완점,광주,,,"억만배떡볶이, 순살떡볶이",광주 광산구 풍영로229번길 5 1층,062-951-8009,11:00 - 23:00,없음,없음
182980,떡군이네떡볶이광주화정점,광주,,,"로제떡볶이, 차돌우삼겹떡볶이",광주 서구 염화로 18 화정엘리체 107동 104호,062-383-0330,11:00 - 22:00,매주 화요일,있음
182981,떡군이네떡볶이쌍촌점,광주,,,"꾸덕 로제떡볶이, 국물떡볶이",광주 서구 월드컵4강로 209 상가1동 1층 103호,0507-1441-6799,11:00 - 02:00,매주 월요일,없음
182982,떡보의하루 광주상무점,광주,,,"답례떡, 한과",광주 서구 치평로 18 골든사우나,0507-1408-8567,,,있음
182983,떡볶당 광주수완점,광주,,,"콘치즈떡볶이, 불맛 떡볶이",광주 광산구 풍영로 219 1층 103호,062-954-1544,11:00 - 23:00,없음,있음
182984,떡볶당 동천점,광주,,,"로제파스타떡볶이, 불맛떡볶이",광주 서구 유림로98번길 41 1층 105호,0504-18487534,11:00 - 22:00,없음,없음
182985,떡볶당 광주주월점,광주,,,"불맛떡볶이, 로제파스타떡볶이",광주 남구 서문대로812번길 4-8 근린생활시설동 지409호,062-671-8181,11:00 - 23:00,"둘째, 넷째 목요일",없음
182987,떡볶이대통령,광주,,,"매운돈가스, 상추튀김",광주 북구 호동로 7,062-262-9191,10:00 - 22:30,매주 일요일,없음
182988,떡볶이대통령 운암점,광주,,,"치즈떡볶이, 태양초떡볶이",광주 북구 북문대로 96,062-525-5898,11:00 - 21:00,매주 일요일,없음
182989,떡볶이삼촌,광주,,,"엉클떡볶이, 그랜드순대",광주 서구 치평로 30,062-372-5771,10:00 - 21:00,매주 일요일,없음
182990|423485,떡볶이삼촌,광주,35.101944444444,126.88861111111,"떡볶이, 오뎅",광주 남구 효우2로26번길 29,0507-1402-0715,09:30 - 10:00,매주 일요일,없음
182991,떡볶이삼촌 광주봉선점,광주,,,"떡볶이, 찰순대",광주 남구 봉선로 158,062-682-5771,,,없음
182992,떡볶이잘하는집 떡참 광주첨단점,광주,,,"맵달국물떡볶이, 매콤로제떡볶이",광주 광산구 첨단내촌로70번길 6,0504-2015-1595,11:00 - 23:00,없음,없음
182993,떡볶이참잘하는집 떡참 광주구시청점,광주,,,"맵달국물떡볶이, 매콤로제떡볶이",광주 동구 문화전당로23번길 3 1층,062-222-6342,11:00~23:00,없음,있음
182994,떡볶이참잘하는집 떡참 광주금호점,광주,,,"맵달국물떡볶이, 매콤로제떡볶이",광주 서구 화개중앙로87번길 16-8,062-652-0100,11:30 - 02:00,없음,없음
182995,떡볶이참잘하는집 떡참 광주동천점,광주,,,"맵달국물떡볶이, 매콤로제떡볶이",광주 서구 유림로98번길 17,062-513-1341,11:00 - 23:00,매주 목요일,없음
182996,떡볶이참잘하는집 떡참 광주두암점,광주,,,"맵달국물떡볶이, 매콤로제떡볶이",광주 북구 서방로 169-2 1층,062-263-0703,11:00 - 23:00,없음,없음
182997,떡볶이참잘하는집 떡참 광주문흥점,광주,,,"맵달국물떡볶이, 매콤로제떡볶이",광주 북구 문산로 82,062-269-7003,11:00 - 23:00,없음,없음
182998,떡볶이참잘하는집떡참광주봉선점,광주,,,"떡순튀세트, 트러플 크림떡볶이",광주 남구 봉선중앙로124번길 1 1층,0504-2015-0662,11:00 - 23:00,없음,없음
182999,떡볶이참잘하는집 떡참 광주송정점,광주,,,"맵달국물떡볶이, 매콤로제떡볶이",광주 광산구 내상로15번길 16 1층,062-945-0305,11:00 - 23:00,없음,없음
183000,떡볶이참잘하는집 떡참 광주쌍촌점,광주,,,"맵달국물떡볶이, 매콤로제떡볶이",광주 서구 월드컵4강로226번길 6-14 1층,062-361-0100,11:00 - 23:00,없음,없음
183001,떡볶이참잘하는집 떡참 광주양산점,광주,,,"맵달국물떡볶이, 매콤로제떡볶이",광주 북구 양산로 40 1층,062-571-9495,11:00 - 23:00,없음,없음
183002,떡볶이참잘하는집떡참광주월곡점,광주,,,"맵달국물떡볶이, 매콤로제떡볶이",광주 광산구 산정공원로82번길 16 1층,062-955-3479,11:00 - 23:00,없음,없음
183003,떡볶이참잘하는집 떡참광주월산점,광주,,,"맵달국물떡볶이, 매콤로제떡볶이",광주 남구 대남대로 343-2,062-363-5656,11:00 - 23:00,없음,없음
183004,떡볶이참잘하는집 떡참 광주효덕점,광주,,,"맵달국물떡볶이, 매콤로제떡볶이",광주 남구 효덕로300번길 9,062-655-5666,11:00 - 23:00,없음,없음
183005,떡볶탕,광주,,,"떡볶이, 오뎅탕",광주 북구 서하로 418 문흥동 대주아파트,062-267-6769,,,없음
183006,떡부심떡볶이,광주,,,"추억의 쫄볶이, 명품 로제떡볶이",광주 북구 설죽로202번길 35,062-511-4847,11:00 - 23:40,매주 화요일,없음
183007,떡순이두마리치킨,광주,,,"순살 두마리 치킨, 순살 치즈뿌링클 치킨",광주 남구 효덕로 280 1층,062-653-9999,,,없음
183009,떡하니,광주,,,"답례떡, 백일떡",광주 북구 매곡로69번길 22-1 부림2차 상가,010-8642-7976,,,없음
183010,떳다 뼈해장국,광주,,,뼈 해장국,광주 광산구 임방울대로826번길 25 1층 114호,0507-1315-9865,11:00 - 21:00,매주 일요일,있음
183011,떳다포차,광주,,,"조기탕, 동태탕",광주 광산구 월곡중앙로 8,062-951-7879,,,없음
183012,떼구루루,광주,,,"아메리카노, 카페라떼",광주 동구 동계천로 137-13 2층,010-2462-7585,14:00/13:00~21:00,매주 화요일,있음
183017,또래꼬마김밥 광주1호점,광주,,,"꼬마김밥 8개, 어묵탕",광주 북구 서암대로 22 1층,0507-1387-0416,09:00~21:00,없음,없음
183019,또래오래 광주금호점,광주,,,"핫뿌레이크, 단짠윙봉",광주 서구 운천로56번길 17,062-374-8892,,,없음
183020,또래오래 매곡점,광주,,,"핫뿌레이크, 단짠윙봉",광주 북구 매곡로 93 대주피오레 아파트,0504-0544-9216,13:00 - 24:00,없음,있음
183021,또래오래 광주첨단비아점,광주,,,"핫뿌레이크, 단짠윙봉",광주 광산구 첨단중앙로181번길 42-14 일신아파트,062-971-9281,14:00 - 23:00/24:00,없음,없음
183022,또래오래 광주소촌점,광주,,,"핫뿌레이크, 단짠치킨",광주 광산구 금봉로 18 라인2차아파트,062-942-3392,12:00 - 00:30,없음,없음
183023,또래오래신창점,광주,,,"핫뿌레이크, 단짠치킨",광주 광산구 신창로33번길 21-9,062-959-9992,13:00 - 23:00,없음,없음
183024,또래오래 광주전남대점,광주,,,"핫뿌레이크, 단짠치킨",광주 북구 우치로 80 지하1층,062-264-8885,12:00~23:00,없음,있음
183025,또래오래 광주노대점,광주,,,"핫뿌레이크, 단짠치킨",광주 남구 노대실로34번길 14,062-652-8595,13:00~23:00,없음,있음
183026,또래오래치킨월곡점,광주,,,"핫뿌레이크, 갈릭반핫양념반",광주 광산구 월곡중앙로10번길 6,062-962-9985,12:00 -23:00/24:00,없음,없음
183027,또로로,광주,,,"청포도젤리, 귤젤리",광주 동구 충장로안길 17 1층,0507-1354-0452,12:00~22:00,없음,없음
183029,또바기,광주,,,"주물럭 쌈밥, 대구뽈탕",광주 동구 금남로 162-3 1층,0507-1346-8151,11:00 - 14:30/21:00,매주 일요일,없음
183031,또바기꼬마김밥,광주,,,"또바기 꼬마김밥, 땡초 참치 김밥",광주 남구 제석로80번길 32 1층 102호,0507-1396-0606,08:00 - 14:00/19:00,매주 일요일,있음
183032,또바기밥 금남로점,광주,,,"우거지해장국, 묵은지해장국",광주 북구 독립로255번길 22 1층,0507-1342-8811,,,없음
183033,또바기밥,광주,,,"보리굴비정식 도시락, 생새우볶음밥 도시락",광주 광산구 하남대로 155 1층 104호,0507-1340-8696,,,없음
183034,또바기초밥,광주,,,"특선 초밥, 모듬 초밥",광주 광산구 소촌로 73,062-941-9611,11:30 - 22:00,없음,있음
183036,또봄,광주,,,"아메리카노, 에스프레소싱글",광주 동구 의재로 23-1 용문빌딩 1층,0507-1430-1052,10:00/11:00 - 23:00/24:00,매주 토요일,있음
183037|423532,또봉이통닭 전남광주쌍촌점,광주,35.1498879,126.85714419972,"또봉이통닭, 닭강정, 양념통닭",광주 서구 상무대로868번길 3,062-375-2001,,,없음
183038|423533,또봉이통닭 광주월산돌고개점,광주,35.1505165,126.89437102778,"또봉이통닭, 똥집튀김",광주 남구 경열로76번길 12-8 1층,062-361-8177,,,없음
183039,또봉이통닭 전남광주병원점,광주,,,"통닭, 피자",광주 북구 면앙로139번길 38,062-263-9193,12:00 - 01:30,없음,없음
183040,또순이순대보쌈,광주,,,"족발, 보쌈",광주 북구 삼소로 133,062-971-9488,,,없음
183041|183042,또순이아구랑꽃게랑,광주,,,"아구찜, 해물찜, 아구탕, 해물아구찜",광주 광산구 송도로 144 1층,062-944-6781,11:00 - 21:00,"둘째, 넷째 월요일",있음
183043|423538,또심이김밥,광주,35.178086899722,126.8737081,"참치김밥, 돈까스김밥",광주 북구 대자실로 11,062-527-5572,11:00/11:30 - 20:00/20:30,매주 일요일,없음
183046,또오래꼬마김밥,광주,,,"모듬꼬마김밥, 참치꼬마김밥",광주 광산구 첨단내촌로 48 1층,062-972-9024,10:00 - 21:00,없음,없음
183048,또와김밥,광주,,,"즉석김밥, 김치김밥",광주 서구 풍암신흥로 37-1,062-682-4888,,,없음
183050,또와요국밥,광주,,,국밥,광주 광산구 광산로30번길 65,062-941-8843,,,없음
183053,또이또이베트남 신세계백화점광주점,광주,,,"베트남 스프링롤, 반미 샌드위치 소고기",광주 서구 무진대로 932 지하1층,010-9385-2592,11:00 - 20:00/20:30,없음,있음
183055,똑순이식당,광주,,,"막창국밥, 따로국밥",광주 남구 천변좌로338번길 7 서오층석탑,062-673-7465,10:00 - 21:00,"첫째, 셋째 일요일",없음
183057,똑순이아구찜,광주,,,"아귀찜, 아귀탕",광주 북구 밤실로 179,062-268-0303,10:00 - 22:00,없음,있음
183058,똔꼬집,광주,,,"소곱창전골, 막창",광주 서구 금화로85번길 4-28 1층,0507-1387-0059,17:00 - 24:00,매주 화요일,없음
183059,똘똘이아구찜,광주,,,"대구뽈때기탕, 알탕",광주 서구 금화로103번길 21-1,062-374-4560,11:00 - 21:00,매주 일요일,없음
183061,똥개,광주,,,"쭈꾸미대패삼겹볶음, 생새우소금구이",광주 북구 탁영로 8,0507-1312-2550,16:00 - 00:30,없음,없음
183062,뚜껑회관 본점,광주,,,"볏짚통삼겹살, 목살",광주 북구 호동로 19,062-251-0392,15:30 - 22:30/00:30,없음,없음
183063,뚜벅이,광주,,,"대하구이, 갈치조림",광주 서구 금부로 107-1,0507-1442-1702,15:00 - 22:00,없음,없음
183064,뚜벅이상무점,광주,,,"전어회, 참돔유비끼",광주 서구 상무공원로 112 1층 111호,062-371-3013,15:00 - 24:00,매주 일요일,없음
183065|423560,뚜앤또카페,광주,35.141125,126.8911183,"아메리카노, 카페라떼",광주 남구 군분로 90,0507-1336-3236,09:00 - 02:00,없음,없음
183066,뚜에이오,광주,,,"아메리카노, 카페라떼",광주 남구 대남대로171번길 4,062-653-6662,,,없음
183067,뚝딱짜글이 월계점,광주,,,돼지짜글이,광주 광산구 첨단내촌로36번길 26 1층 102호,062-462-5642,10:00 - 23:00,매주 월요일,없음
183068|423563,뚝방,광주,35.182195,126.93752979972,"쌈밥, 들깨수제비, 우렁쌈밥, 돼지갈비",광주 북구 군왕로 247 뚝방,0507-1358-3308,10:00 - 23:00,없음,없음
183069,뚝방국수2호점,광주,,,"물국수, 비빔국수",광주 북구 군왕로 277 1층,062-251-0744,10:00 - 20:00/21:00,매주 월요일,없음
183070,뚝방추어탕,광주,,,"추어탕, 동태탕",광주 광산구 목련로142번길 54,062-951-3111,,,없음
183071,뚝배기국밥,광주,,,"머리국밥, 살고기국밥",광주 광산구 광산로30번길 65,062-945-7717,,전화문의,없음
183072,뚝배기생태탕전문점,광주,,,"동태탕, 알탕",광주 광산구 첨단중앙로170번길 25,062-971-1162,07:30 - 21:30,없음,없음
183073,뚝배기생태탕,광주,,,"해물탕, 생선요리",광주 북구 양산로 22,062-572-3400,,,없음
183074|183076,뚝배기생태탕,광주,,,"매운탕, 해물탕",광주 북구 당뫼로8번길 52,062-522-2938,,,없음
183075,뚝배기생태한마리,광주,,,"해물탕, 생태탕",광주 북구 문화소통로 250,062-262-6803,,,없음
183079,뚝배기추어탕,광주,,,추어탕,광주 동구 무등로321번길 3,062-521-8045,,,없음
183080,뚝섬,광주,,,"종합 모듬회, 도다리회",광주 광산구 신가매결길 91-14 1층,062-401-7005,15:00 - 22:00,,있음
183081,뚠뚠대패삼겹,광주,,,"대패삼겹, 차돌박이",광주 광산구 남동길48번길 6,062-943-3392,11:00 - 22:00,없음,없음
183083,뚠뚠돼지김치찌개,광주,,,"뚠뚠돼지 김치찌개, 뚠뚠참치 김치찌개",광주 동구 필문대로287번길 19-4,062-234-2344,,,없음
183084,뚠뚠돼지김치찌개,광주,,,"뚠뚠돼지 김치찌개, 뚠뚠참치 김치찌개",광주 서구 상무연하로 50,062-384-4452,,,있음
183085,뚠뚠돼지김치찌개 송정점,광주,,,"뚠뚠돼지김치찌개, 꽁치김치찌개",광주 광산구 송정로8번길 36 나동 1층,062-946-1127,,,없음
183089,뚱포차,광주,,,"광어우럭회, 우럭탕",광주 서구 금화로 31,062-375-7908,17:30 - 01:00,매주 일요일,없음
183090,뚱갈비,광주,,,"숯불갈비, 갈비도시락",광주 광산구 비아로24번길 9,0507-1496-0582,16:00 - 22:00,매주 월요일,없음
183091,뚱딴지,광주,,,"간장갈비찜, 묵은지갈비찜",광주 광산구 신창로105번길 6-15,062-962-6692,,,없음
183092,뚱땅갈비,광주,,,"갈비찜, 돼지고기구이",광주 서구 쌍촌로 33,0504-2015-2637,,,없음
183094,뚱땡이포차,광주,,,"갈치조림, 주물럭",광주 북구 하서로 372,062-571-8389,,,없음
183095,뚱뚱이할머니족발보쌈,광주,,,"보쌈, 족발",광주 북구 송해로 27,062-511-1466,,,없음
183096,뚱뚱이할머니족발용봉점,광주,,,"보쌈, 족발",광주 북구 용봉택지로 62,050-7744-7795,17:00 - 24:00/00:30,없음,없음
183099,뚱스국밥,광주,,,"모듬국밥, 순대국밥",광주 광산구 하남대로54번안길 8-2 1층 101호,0507-1455-9034,11:00 -15:00/21:00,매주 일요일,없음
183100,뚱스넥,광주,,,"닭도리탕, 부대찌개",광주 남구 제중로 39,062-675-7724,10:00 - 20:00,매주 일요일,없음
183101,뚱스장풍포차,광주,,,"촉촉노가리, 모듬 마른안주",광주 남구 대남대로139번길 20,062-672-9797,,,없음
183103,뚱스파스타앤돈까스,광주,,,"스파게티, 파스타",광주 북구 우치로90번길 18,062-400-4680,11:00 - 21:30,매주 월요일,없음
183105,뚱이네,광주,,,"오란다, 씨앗강정","광주 광산구 사암로 300 월곡시장 라열 3호, 4호",0507-1306-6608,10:00~19:00,"첫째, 셋째 일요일",있음
183106,뚱이네김치찌개 진곡점,광주,,,"김치찌개, 돼지주물럭",광주 광산구 진곡산단2번로 47-59,062-952-4388,,,없음
183111,뚱이식당,광주,,,"조개구이, 게요리",광주 북구 동문대로248번길 39 2층,0507-1337-0604,,,없음
183112,뚱이이모,광주,,,"알탕, 두루치기",광주 서구 염화로65번길 4-5,062-372-5809,16:00/18:00 - 24:00,매주 일요일,없음
183113,뚱초밥,광주,,,"활어초밥, 안심스테이크초밥",광주 서구 풍암신흥로 39,062-972-5252,11:00 - 22:00,"둘째, 넷째 일요일",없음
183114,뚱까츠,광주,,,"돈까스 한식 세트, 돈까스 한식 패밀리 세트",광주 광산구 월곡로 30,062-954-5453,,,없음
183118,뜨뜻,광주,,,"아메리카노, 토마토바질에이드",광주 북구 자동차로47번길 60 2층,010-9203-5200,11:00 - 24:00,매주 월요일,없음
183120,뜨락,광주,,,"맥주, 소시지",광주 동구 필문대로 2,062-511-3086,,,없음
183121,뜨락,광주,,,"맥주, 소시지",광주 북구 안산로 30,062-269-1179,,,없음
183123,뜨락,광주,,,"두부제육김치, 돈까스",광주 북구 일곡택지로 71,062-575-0092,14:00 - 02:00,없음,없음
183124,뜨락,광주,,,"우렁강된장쌈밥, 묵은지청국장정식",광주 남구 화산로 105,062-672-7001,11:00 - 21:30,없음,없음
183125,뜨란,광주,,,"쭈꾸미 샤브샤브, 쭈꾸미볶음",광주 북구 밤실로 187-2,062-515-1260,,,없음
183126,뜨레찬육개장&반찬가게중흥점,광주,,,"육개장, 육개장전골",광주 북구 서양로 74,062-521-7765,11:00 - 21:00,없음,있음
183127,뜨앙케이크,광주,,,"뜨앙커피, 곰돌이케이크",광주 서구 상무대로876번길 25 1층 3호 뜨앙,0507-1418-3025,11:00/12:00 - 17:00/18:00,없음,없음
183128,뜰사랑카페,광주,,,"아메리카노, 카페라떼",광주 북구 면앙로192번길 11-1,062-223-1136,,,없음
183130,뜰안채,광주,,,"보리굴비 정식, 코스요리",광주 동구 문화전당로26번길 10-4,062-234-8118,,,없음
183131,뜸,광주,,,"김치삼겹덮밥, 연어포케덮밥",광주 동구 동계천로 163-2,0507-1364-8698,11:30 - 22:00,매주 월요일,없음
183132,뜸들이다 하남점,광주,,,"도란도란, 삼겹살카레",광주 광산구 하남대로54번안길 13 1층,062-956-3365,11:00~20:00,없음,있음
183134,띠띠와플,광주,,,"로투스와플, 아이스크림크로플",광주 광산구 산월로21번길 13,062-972-0970,,,없음
183136,카페띠에라,광주,,,"아메리카노, 카페라떼",광주 서구 동천로10번길 22 아치스톤빌 1층,062-515-1243,11:00 - 23:00,매주 일요일,있음
183140,띵하오차이,광주,,,"유슬짜장, 고기짬뽕",광주 북구 설죽로202번길 76,062-415-5565,,,없음
183142,라노비아커피,광주,,,"아메리카노, 카페라떼",광주 남구 회서로21번길 15 서강아파트,062-676-8118,09:00~22:00,없음,있음
183143,라인대주분식,광주,,,"떡튀순세트, 라면",광주 서구 치평로 15-1,062-373-5051,,,있음
183145,라디오스타,광주,,,"글렌피딕, 그린자켓",광주 동구 문화전당로35번길 6,062-433-9661,,,없음
183146,클럽 라디오스타,광주,,,"카스, 앱솔루트",광주 광산구 임방울대로801번길 35-11 1층,062-972-0133,20:00~05:00,없음,있음
183147,카페라디오,광주,,,"아메리카노, 와플",광주 서구 대남대로 461,062-575-1527,09:00 - 22:00,없음,없음
183148,라떼야커피,광주,,,"아메리카노, 카페라떼",광주 광산구 임방울대로 362 1층,0507-1333-8782,08:00~22:00,없음,없음
183149|183151,라떼야커피 해피뷰병원점,광주,,,"아메리카노, 카페라떼",광주 북구 경열로 216,062-515-2207,,,있음
183152,라라금밥,광주,,,"야채김밥, 참치김밥",광주 북구 첨단연신로108번길 149,062-575-6980,,,없음
183153,라라마조리,광주,,,"마카롱, 커피",광주 서구 상무공원로 126 호반아파트 상가 109호,0507-1355-2800,12:00 - 17:00,매주 일요일,있음
183154|183155|183157|423652,라라브레드 송정점,광주,35.1392022463771,126.793427914414,"라라플레이트, 콥 샐러드, 베이컨 국물 크림 파스타",광주 광산구 광산로19번길 24,1800-2785,10:00~22:00,없음,있음
183156,라라브레드 양산점,광주,,,"쫄깃식빵, 가을밤식빵",광주 북구 하서로 498,062-573-1011,10:00 - 22:00,없음,있음
183158,라라소곱창,광주,,,"곱창, 막창",광주 광산구 수등로 211,0507-801-1613,,,없음
183159,라라파스타,광주,,,"목살 볶음밥, 수제 로제 파스타",광주 서구 상무대로 1197 1층,062-369-4502,11:00 - 22:00,없음,있음
183161,라롱드꺄레,광주,,,"Lunch course, Dinner course",광주 동구 의재로136번길 35,062-232-3375,12:00 - 22:00,"매주 일요일, 월요일",있음
183162,라루스,광주,,,"쫀득한 마카롱, 스페셜 마카롱",광주 남구 회재로1223번길 12 라 루스,080-000-0001,12:00~20:00,매주 일요일,없음
183163,라마다플라자광주호텔 뷔페,광주,,,"양꼬치, 양삼겹꼬치",광주 서구 상무자유로 149 라마다프라자호텔,062-717-7755,,,있음
183166,라무진 광주봉선점,광주,,,"양갈비, 징기스칸 양고기",광주 남구 봉선중앙로 51 1층,0507-1426-0927,17:00 - 23:00/02:00,매주 일요일,있음
183167,라무진 상무점,광주,,,"양갈비, 프리미엄 프렌치렉",광주 서구 운천로 253,0507-1349-0927,17:00 - 23:00,매주 일요일,있음
183168,라무진 광주첨단점,광주,,,"징기스칸 양갈비, 징기스칸 양고기",광주 광산구 임방울대로826번길 42 포플레이 101호,0507-1389-0934,17:00 - 23:00/02:00,매주 일요일,있음
183171,라보카,광주,,,"버터 감베로, 버섯 브루스케타",광주 남구 제중로46번길 12-2 1층 라보카,070-8844-3211,11:30 - 21:30,매주 월요일,없음
183172,라본,광주,,,"에그타르트, 아메리카노",광주 북구 금당마을길 61-10,0507-1309-5257,12:00~22:00,없음,있음
183173,커피라붐,광주,,,"아메리카노, 카페라떼",광주 동구 남문로 750-1,062-224-2700,,,없음
183177,라빅,광주,,,"LAVIK스폐셜, 핫치킨타코",광주 남구 봉선2로 36,062-672-7788,17:00~03:00,없음,있음
183178,라뽈리스 하남점,광주,,,"아메리카노, 카페라떼",광주 광산구 용아로400번길 30 1층 1056호,0507-1301-2660,10:00 - 22:00,없음,있음
183179,라스또리아,광주,,,"아메리카노, 에스프레소",광주 서구 금호심곡길 1,0507-1306-8072,10:00 - 22:00,매주 토요일,없음
183183,라스롱,광주,,,"아메리카노, 카페라떼",광주 서구 상무대로884번길 6 1층,0507-1317-4476,,,없음
183184,라스타 전남대점,광주,,,"화이트갈릭라면, 소세지라면",광주 북구 우치로90번길 19 2층,0507-1424-3999,10:30 - 21:30,없음,없음
183185,라싸니하오 북구용두점,광주,,,"짜장, 탕수육",광주 북구 하서로 442-8 1층,0507-1329-5766,,,없음
183186,라싸니하오 화정점,광주,,,"짜장, 탕수육",광주 서구 화정로153번길 9-1,062-372-2467,10:30 - 20:30,없음,없음
183187,라엘커피,광주,,,"코하쿠토 선물세트, 콜드브루 선물세트",광주 광산구 신창로 136 1층,070-7543-6947,10:00 - 17:00,매주 일요일,없음
183189,라온 롯데백화점 광주점,광주,,,"삼겹살솥밥정식, 제육솥밥정식",광주 동구 독립로 268,062-221-1095,10:30 - 20:00/20:30,,없음
183190,라온베르,광주,,,"베르크림라떼, 아메리카노",광주 남구 월산로 125-1,0507-10404-4420,10:00/11:30 - 21:00,매주 일요일,있음
183191,라온샌드,광주,,,"에그샌드위치, 햄치즈",광주 서구 월산로235번길 3 1층,0507-1434-2367,10:00 - 18:00/20:00,"첫째, 셋째 일요일",없음
183193,라올라 샐러드&샌드위치,광주,,,"샐러드, 샌드위치",광주 서구 상무대로 749,062-381-9019,,,없음
183197,라운지에스프레소,광주,,,"아메리카노, 콜드브루",광주 북구 첨단연신로 25 111호,062-264-5558,09:30 - 22:00,,있음
183199,라이드올스테이카페클럽,광주,,,"드립커피, 아이스아메리카노",광주 동구 중앙로252번길 15,062-9667-8186,11:00 - 21:00,없음,없음
183205,라이라이,광주,,,"짜장면, 탕수육",광주 북구 양일로305번길 28,062-574-5585,11:30 - 22:00,매주 월요일,없음
183213,라이스스토리 광주일곡점,광주,,,"나시고랭, 나가사끼짬뽕",광주 북구 설죽로 518-4 1층 117호,0507-1395-1929,11:30 - 20:30,없음,있음
183216,라이온퀸즈,광주,,,"퀸즈베리 요거트, 딸기치즈케이크",광주 광산구 장덕로 46-1 1층,0507-1472-3663,09:00/11:00~23:00/23:50,,없음
183217,라이크리후드,광주,,,"비에나커피, 샐러드 파스타",광주 광산구 수완로9번길 1-8 1층,0507-1307-7632,11:00~23:00,매주 월요일,있음
183218,라이크썬데이,광주,,,"흑임자 크림 라떼, 그리드닭가슴살샐러드",광주 남구 금당로 73,062-456-6149,11:00 - 22:00,매주 월요일,없음
183219,라이크어스,광주,,,"에스프레소 핫, 카페라떼 핫",광주 서구 상무대로1005번길 41-1 1층,062-447-1771,11:00~22:00,매주월요일,있음
183220,LIKE PUB,광주,,,"라잌슈페너, 더블링",광주 북구 반룡로18번길 32 라이크펍,0506-607-8755,17:00~03:00,,없음
183223,라이트인카페,광주,,,"에스프레소, 아메리카노",광주 서구 상무민주로76번길 18,0507-1489-0017,10:00~03:00,,없음
183226,라인식육식당,광주,,,"삼겹살, 옹기비빔밥",광주 남구 용대로 131 라인효친아파트,062-671-0594,,,없음
183227|423721,라인짱김밥,광주,35.1574436849566,126.795765880214,"김밥, 상추튀김, 참치김밥",광주 광산구 소촌로152번길 34,062-943-8436,08:00 - 19:00,매주 일요일,없음
183230,라임,광주,,,"에스프레소, 아메리카노",광주 북구 연양로 121 1층,0507-1472-6203,10:00 - 21:00,없음,있음
183232,라임트리,광주,,,"마카롱, 커피",광주 서구 쌍촌로 22-1,010-7452-9452,,,없음
183233,라제스 커피로스터스,광주,,,"아메리카노, 카페라떼",광주 서구 풍금로 5 1층 카페 라제스,0507-1381-8668,08:00 - 22:30,없음,없음
183234|183235,라즈인도요리전남대,광주,,,"빈달루 커리, 시금치 커리",광주 북구 호동로 9-7,0507-1449-2200,11:30 - 20:30,매주 월요일,없음
183236,라캄파넬라,광주,,,"채끝등심세트, 꽃등심세트",광주 서구 마륵로 68,062-671-3837,11:30 - 21:30,없음,있음
183238,라콩연구소,광주,,,"핸드드립커피, 더치커피",광주 북구 비엔날레로 112-1 1층,0507-1491-1003,10:00/11:00 - 14:30/20:00/20:30,,없음
183239,마약칼국수 광주점,광주,,,"사골 우거지 해장국, 깊은국물 사골 순대국",광주 북구 설죽로370번길 10 A동6호,062-251-0714,11:00 - 22:00,매주 월요일,없음
183240,라쿵푸마라탕 광주본촌점,광주,,,"마라탕, 마라상귀",광주 북구 양산택지로 92-1 챠밍 1층,062-574-3588,,,없음
183241,라쿵푸마라탕 문풍점,광주,,,"JMT마라탕100g, 꿔바로우",광주 북구 서하로 355,062-269-8886,11:00~22:00,없음,있음
183242|423736,라쿵푸마라탕 광주운암점,광주,35.178426,126.8749832,"마라탕, 마라상궈, JMT마라탕, 마라샹궈",광주 북구 황계로55번길 24-7 1층,0507-1366-6888,11:00 - 22:00,없음,없음
183243,라쿵푸마라탕 전남대점,광주,,,"마라탕, 마약마라상궈",광주 북구 우치로90번길 8-4 1층,0504-2015-1661,,,없음
183244,라크레마,광주,,,"아메리카노, 카페라떼",광주 북구 대자로 55,062-523-0292,09:00 - 24:00,없음,없음
183245,라트커피,광주,,,"아메리카노, 바닐라트",광주 남구 봉선2로 85 1층,062-673-2022,10:00/11:00- 22:00/23:00,없음,있음
183247,라파,광주,,,"생딸기라떼, 아메리카노",광주 동구 제봉로 187,062-225-5357,09:00 - 22:00,없음,없음
183248,카페라파즈,광주,,,아메리카노,광주 남구 중앙로 46 6층,0507-1375-7505,11:00 - 22:00,없음,있음
183250,라프레스코ACC,광주,,,천연발효빵,광주 동구 제봉로 130,010-3635-6939,08:00 - 22:00,없음,없음
183252,라플레버,광주,,,"아메리카노, 더치커피",광주 북구 면앙로32번길 15 리치빌 1층,062-417-3434,11:00 - 22:00,없음,있음
183253,라피끄 갤러리카페,광주,,,"흑대추차, 아메리카노",광주 동구 예술길 24-1 1층,062-234-7151,09:00 - 17:00/18:00,매주 일요일,없음
183255,라홍방마라탕 봉선점,광주,,,"마라탕, 마라샹궈",광주 남구 봉선로 180 104호,0507-1380-2484,11:00 - 22:00,없음,없음
183256,라화쿵부 광주충장로점,광주,,,"마라탕, 마라향궈",광주 동구 충장로안길 17 2층,062-228-8399,11:00 - 21:00,없음,없음
183261,락희양꼬치,광주,,,"양꼬치, 양갈비",광주 서구 동천로10번길 35-1,062-515-3427,15:00 - 21:30/23:00,없음,있음
183264,란다랑,광주,,,칵테일,광주 서구 화정로 256-1,062-368-7324,,,없음
183265,란스토 수완점,광주,,,"란도리 텐동, 에비 텐동",광주 광산구 수완로12번길 48,0504-2015-4521,11:30 - 21:00,,없음
183271,랍스터바 광주롯데백화점점,광주,,,"랍스터롤 메인, 파스타",광주 동구 독립로 268,062-221-1013,,,있음
183274,랑데자뷰 상무점,광주,,,"랑데자뷰, 오로라 에이드",광주 서구 상무번영로 56 1층,0507-1300-9029,00:00 - 24:00,없음,있음
183275,래프허,광주,,,"아메리카노, 래프라떼",광주 서구 동천로10번길 36-4 1층,0507-1430-0770,10:00~22:00,공휴일,있음
183277,랜턴모바일 랜턴커피,광주,,,"생과일 초코 딸기, 생과일초코일바나나",광주 북구 용봉로 2 1층,0507-1337-8229,10:20 - 22:00,없음,있음
183278,램앤솔트,광주,,,"양갈비, 알등심",광주 서구 상무연하로 50 에코노블빌딩 103호,062-373-1360,17:00~22:00,매주 일요일,있음
183281,러버블디저트,광주,,,"휘낭시에, 수제쿠키",광주 서구 풍암운리로 14 1층 러버블과자점,010-8905-9996,12:00~19:00,"매주 월요일, 일요일",없음
183283|423777,러브로우 카페,광주,35.1478806,126.88499779972,"샌드위치, 아메리카노, 카페라떼",광주 서구 화정로 259 102호,0507-1444-7188,09:30/10:00-19:00,매주 일요일,있음
183284,러브쿠키,광주,,,"초당옥수수쿠키, 황치즈크림치즈쿠키",광주 서구 월드컵4강로112번길 11-10 1층,0507-1351-1523,11:00-21:30,,없음
183285,러브휴,광주,,,"커피, 디저트",광주 북구 태봉로 32,062-510-3180,,,있음
183288,러블리카페,광주,,,"아메리카노, 카라멜마끼아또",광주 동구 동명로 56,062-457-5088,,,없음
183292,럭셔리 수 룸소주방,광주,,,"스페셜안주, 제육볶음",광주 광산구 임방울대로826번길 29-25,062-973-9700,17:00-06:00,없음,없음
183293,럭키세븐커피 본점,광주,,,"아메리카노, 카페라떼",광주 북구 서방로 7-1,070-8882-0633,08:00/10:00-22:00,없음,없음
183294,럭키세븐커피,광주,,,"아메리카노, 카페라떼",광주 남구 봉선로19번길 7,062-454-6918,08:00-21:00,"첫째, 셋째 일요일",없음
183295,럭키세븐커피 전대메가박스점,광주,,,"아메리카노, 혜자왕슈",광주 북구 우치로 60 1층 110호,0507-1401-3754,08:00/10:00~22:00,,있음
183297,럭키푸드,광주,,,"한식, 백반",광주 남구 대남대로247번안길 42-1,062-368-7778,,,없음
183299,런오브더밀,광주,,,"허니비플랫, 팥나코타",광주 광산구 수완로106번길 16,070-7755-5348,12:00~22:00,,없음
183300,런오프타마고 광주장동,광주,,,"히레 카츠동, 치킨난반 카츠동",광주 동구 제봉로140번길 8 102호,0507-1332-6523,11:30-21:00,매주 월요일,없음
183301,런치타임,광주,,,백반,광주 북구 첨단연신로108번길 29,062-571-1216,11:00-14:30,없음,없음
183302,런치테이블33,광주,,,"수제도시락, 홈파티음식",광주 북구 일곡로 42 1층(),062-575-2333,09:00-19:00,매주 일요일,있음
183305|423798,런푸드,광주,35.181477,126.809791,"열정쭈꾸미, 감자튀김, 소세지볶음",광주 광산구 풍영로101번안길 15-6 1층,0507-1373-1327,09:30 - 23:00,없음,있음
183306,럽치킨,광주,,,"럽 후라이드, 양념치킨 럽",광주 광산구 신창로33번길 21-7,0507-1339-8538,00:00~24:00,없음,없음
183308,레기스탄애비뉴,광주,,,"필라프, 리조또",광주 북구 설죽로202번길 79,062-511-4845,,,없음
183310,레기스탄애비뉴,광주,,,"볶음밥, 아시아음식",광주 광산구 산정공원로 62,062-264-8888,,,없음
183316,레드애플,광주,,,토스트,광주 북구 서하로 256,062-251-2613,,,없음
183317,레드애플,광주,,,"참치밥버거, 떡갈비밥버거",광주 광산구 첨단중앙로181번길 21,062-972-8009,,,없음
183319,레드애플 본촌점,광주,,,떡볶이,광주 북구 상촌로43번길 54,062-572-4777,,,없음
183320,레드콩,광주,,,"아메리카노, 까페라떼",광주 광산구 풍영로229번길 35,062-961-4533,,,없음
183324,레드핫떡볶이,광주,,,"상추튀김, 찹쌀닭강정",광주 남구 봉선로51번길 42,0507-1341-1381,10:00-21:00,매주 일요일,없음
183325,호식이두마리치킨 송정점,광주,,,"땅콩카라멜한마리 세트, 플라윙세트",광주 광산구 내상로 47,0504-2015-1048,11:00 - 24:00,없음,없음
183329,레몬테라스,광주,,,"에스프레소, 아메리카노",광주 북구 금재로 58,062-525-0305,09:00 - 22:00,없음,있음
183330,카페레몬테이블 양산점,광주,,,"크림치즈 피자, 표고 머쉬룸 불고기버거",광주 북구 임방울대로 1044 2층,062-576-1100,11:00~21:30,매주 월요일,있음
183331,레몬호프,광주,,,"맥주, 소세지",광주 서구 운천로113번길 23,062-372-2778,,,없음
183333,레반트,광주,,,"맥주, 골뱅이무침",광주 서구 운천로 89 C.B.S,062-376-7001,,,없음
183334,레브,광주,,,"아메리카노, 카푸치노",광주 광산구 선운로20번길 26,062-941-1289,10:00-23:00,없음,없음
183335,레브무슈,광주,,,"아메리카노, 카페 라떼",광주 동구 문화전당로23번길 1 1층 레브무슈,0507-1373-0188,08:30-21:00/22:00,매주 일요일,있음
183336,레스토알뤼르,광주,,,"잠봉마르게리따, 애그베네틱트",광주 북구 대자로106번길 10-6 에이치원 호텔 2층,062-376-3900,,,있음
183338,레시피,광주,,,"매콤해물토마토파스타, 새우크림파스타",광주 광산구 장신로19번안길 11-3,062-444-9009,11:00-21:00,매주 화요일,있음
183344,레이레스토랑,광주,,,"GOLD STK코스, RAY 코스",광주 서구 화운로175번길 5-7,0507-1442-6016,12:00-20:00,매주 월요일,없음
183345,레이디벅스,광주,,,"에스프레소, 아메리카노",광주 광산구 왕버들로 172,0507-1413-3497,10:00-24:00,없음,없음
183348,레이크슬립,광주,,,"카페라떼, 아메리카노",광주 북구 하서로 332 레이크슬립 카페,0507-1391-8954,,,없음
183349,레인보우,광주,,,"바닐라라떼, 코코넛라떼",광주 북구 서하로 176-1,062-267-2238,08:00/09:00 - 21:00/22:00,매주 일요일,없음
183350,레인보우호프,광주,,,"맥주, 소세지",광주 서구 풍금로3번길 8,062-655-2378,전화문의,전화문의,없음
183356,우주라이크커피 광주광산점,광주,,,"아메리캔, 디카페인더치커피",광주 광산구 동곡로 823 좌측 1층,0507-1361-8577,08:30/10:00 - 20:00,매주 일요일,있음
183359,레트로79,광주,,,"수제뚱샌드위치, 까불이오란다",광주 동구 동계로15번길 20-4 1층,062-222-5394,09:30~16:00/18:00,매주 일요일,있음
183360,Retro208,광주,,,"감바스, 샹그리아",광주 서구 상무오월로3번길 14-10 1층,0507-1418-9166,11:00~23:00,매주 일요일,없음
183361,레트로포차,광주,,,"아무거나 튀김, 명동 오돌뼈",광주 북구 자미로 59,062-512-2004,17:00 - 02:00,없음,없음
183362,레파스 봉선본점,광주,,,"루꼴라 닭가슴살 샌드위치, 마들렌",광주 남구 용대로53번길 22-1,062-384-0025,08:00 - 22:00,없음,있음
183363|423856,레파스 상무점,광주,35.1560557,126.84822579972,"잠봉 샌드위치, 닭가슴살 샌드위치",광주 서구 상무중앙로 101 1층 106호,0507-1339-3162,10:00 - 22:00,없음,있음
183365,레표시카,광주,,,"빵, 도너츠",광주 광산구 산정공원로 64,010-5763-8522,,,없음
183367,려포마라탕,광주,,,"차돌마라탕, 마라샹궈",광주 북구 첨단연신로107번길 15,0507-1489-1880,11:00 - 22:00,격주 월요일,없음
183368,RO136,광주,,,"수제버거, 칠리버거",광주 서구 상무시민로 136 수성빌딩 1F Ro136,0507-1463-0199,17:00~02:00/03:00,,있음
183371,로니로티 광주전남대점,광주,,,"목살 스테이크 샐러드, 이탈리안수제커틀렛",광주 북구 호동로15번길 13 로니로티,062-267-0203,11:30 - 21:50,없음,없음
183372,로니로티 봉선점,광주,,,"목살 스테이크 샐러드, 새우 필라프",광주 남구 봉선중앙로 55 3층,062-651-9777,11:30~22:00,,없음
183373,로니로티수완점,광주,,,"해산물 토마토 파스타, 새우필라프",광주 광산구 임방울대로 355,062-953-4002,12:00 - 22:00,없음,있음
183377,로뎀나무,광주,,,"아메리카노, 아포카토",광주 광산구 송도로 119,062-945-6553,,,없음
183378,로뎀나무,광주,,,"아메리카노, 카페라떼",광주 광산구 신창로35번길 85-7,062-953-0697,11:00 - 22:00,없음,없음
183379,로뎀나무아래  본점,광주,,,"곤드레밥, 쌈밥정식",광주 서구 월드컵4강로104번길 13,062-373-3757,,,없음
183380,로뎀카페,광주,,,"커피, 카페라떼",광주 서구 화정로189번길 25,062-717-9133,,,없음
183382,로뎀트리,광주,,,"카페라떼, 아메리카노",광주 동구 필문대로 12-7,010-9981-3388,,,있음
183384,로드263,광주,,,"맥주, 감자튀김",광주 서구 내방로240번길 5,062-383-2630,전화문의,,없음
183385,로드555,광주,,,"아메리카노, 카페라떼",광주 광산구 어등대로 555 1층,0507-1341-1863,09:00~16:00/17:00,,있음
183386,로드그레이,광주,,,"수제 바스크 치즈 케이크, 민트 초코 라떼",광주 동구 서석로7번길 6-22 2층 로드 그레이(ROAD GRAY),062-222-3695,11:00~22:00,없음,없음
183387,로드펍1번가,광주,,,"맥주, 감자튀김",광주 광산구 첨단중앙로152번길 31,062-971-0394,18:00 - 02:00,없음,없음
183395,로렐,광주,,,"쉐리비니거에 절인 방울토마토, 홍합앤초비파스타",광주 동구 동계천로 128 2층,0507-1362-8904,17:00~24:00,매주 일요일,없음
183398,로맨틱머랭,광주,,,"감바스, 와인",광주 동구 제봉로98번길 11-11,0507-1320-0205,14:00 - 20:00,"매주 일요일,  월요일, 화요일",없음
183399,로맨틱머랭,광주,,,"에그타르트, 갈릭타르트",광주 북구 첨단과기로208번길 43-10 B동상가 114호,0507-1482-4202,14:00 - 20:00,"매주 일요일, 월요일, 화요일",있음
183400|183401,로맨틱뮤지엄,광주,,,"아메리카노, 카페라떼",광주 동구 동계천로 110 1층,0507-1344-2253,11:30 - 22:00/23:00,없음,없음
183406,로바다구주 금호점,광주,,,"볼락구이, 고등어구이",광주 서구 운천로17번길 10,0507-1324-0035,17:00 - 04:00,없음,없음
183410,로사안젤라,광주,,,"마르게리따, 로사안젤라","광주 남구 봉선로 64 , 1층",062-400-5791,11:30 - 21:00,없음,없음
183412,로샤,광주,,,"마카롱, 아메리카노",광주 남구 진다리로6번길 11,062-671-3337,12:00 - 20:00,"매주 일요일, 월요일",있음
183414,로스팅 룸,광주,,,아메리카노,광주 남구 천변좌로542번길 20,0507-1446-3114,,,없음
183415,로스팅하우스카흐베하네,광주,,,"에스프레소, 샤케라토",광주 북구 자라봉로 12,062-529-7999,,,없음
183419,로얄부페,광주,,,백반,광주 북구 일곡마을로116번길 38-6,062-573-8844,,,없음
183420,로얄쟈카르타 로얄자카르타 첨단점,광주,,,"철판무뼈닭발, 철판모둠소세지",광주 광산구 첨단중앙로106번길 50,0507-1332-8211,17:00 - 05:00,없음,있음
183421,로얄회관,광주,,,백반,광주 북구 독립로 398,062-522-4711,,,없음
183422,로이스커피,광주,,,"핸드 드립, 아메리카노",광주 남구 백서로 70,062-672-7935,11:00 - 18:00,매주 일요일,있음
183423,로이커피,광주,,,"에스프레소, 아메리카노",광주 남구 봉선2로 49,062-675-6045,10:00 - 24:00,없음,있음
183424,로이쾅 훠궈&마라탕,광주,,,"훠궈, 마라탕",광주 동구 중앙로160번길 13 2층,0507-1424-9053,11:00 - 22:00,매주 월요일,없음
183428,로젠비어,광주,,,"맥주, 호프",광주 광산구 월계로 195-14,062-973-0079,,,없음
183429,로즈노래연습장,광주,,,없음,광주 북구 저불로69번길 12,062-528-7055,,,없음
183433,로즈브릭,광주,,,"대추차, 옛날 팥빙수",광주 서구 월드컵4강로28번길 15-22 1층,1666-3379,10:30 - 21:30,매주 일요일,있음
183434,로지에,광주,,,"바닐라슈, 아메리카노",광주 서구 유림로50번길 9 1층 로지에,0507-1397-3609,12:30~19:00/20:00,"매주 월요일, 일요일",있음
183435|423927,로컬푸드오늘밥집,광주,35.1967531,126.8414242,"주꾸미볶음, 닭볶음",광주 광산구 왕버들로289번길 27,062-954-2001,11:10 - 22:00,매주 일요일,있음
183437,로타리커피,광주,,,"에스프레소, 에카",광주 동구 장동로 2 1층 로타리커피,0507-1346-0437,09:00/12:00 - 14:00/16:00,매주 일요일,없음
183438|423930,로티보이광주누문교보점,광주,35.1544316,126.90917829972,"아메리카노, 카페라떼",광주 북구 금남로 136,062-513-2744,,,없음
183439,로티보이 광주금호점,광주,,,"아메리카노, 카페라떼",광주 서구 화개1로 55,062-652-0607,08:00 - 22:00,없음,없음
183441,로프트28,광주,,,"자메이카 저크 덮밥, 3 치즈 야채 딥",광주 북구 면앙로6번길 79 지하1층,010-5586-6276,18:00~24:00/02:00,"매주 월요일, 일요일",없음
183442,로플로플 전남대점,광주,,,크로플,광주 북구 우치로100번길 3 로플로플 전남대점,010-5816-9551,,,없음
183443,로플하우스,광주,,,"로플피자, 반반 피자",광주 동구 서석로 34-6 지하 1층,062-470-3377,17:00 - 02:00,없음,없음
183444,로하,광주,,,"버섯 트러플 뇨끼, 스파이시 시푸드",광주 서구 송풍로17번길 5,0507-1321-9970,11:00 - 20:30,매주 일요일,없음
183445,로하다,광주,,,"아메리카노, 슈크림",광주 광산구 수완로11번안길 1 1층 로하다,0507-1350-2789,10:00~20:00,매주 월요일,있음
183446,록본기,광주,,,"활어 모듬회, 참치회스페셜",광주 서구 상무오월로3번길 4-13,062-385-2056,14:30 - 24:00,매주 일요일,없음
183447,록시드갸토 광주첨단점,광주,,,"프렌치토스트콤보, 그릴불고기피자","광주 광산구 임방울대로800번길 71 1층 105, 106호",0507-1412-6659,10:00 - 01:00,없음,있음
183448|423940,롤러코스터,광주,35.181589,126.809448,"한치초밥, 생새우초밥, 크런치새우튀김롤, 날치알새우튀김롤",광주 광산구 풍영로101번안길 19-3 1층,0507-1338-5630,09:00 - 20:30,매주 일요일,있음
183450,롤링파스타 광주수완점,광주,,,"매운 크림 파스타, 복숭아 에이드",광주 광산구 장신로 139 1동 202호,062-951-8810,11:30 - 21:30,없음,없음
183451,롤,광주,,,"매운 크림 파스타, 복숭아 에이드",광주 북구 설죽로 516,0507-1470-6714,11:00 - 22:00,없음,있음
183452,롤링파스타 광주충장로점,광주,,,"매운 크림 파스타, 복숭아 에이드",광주 동구 충장로안길 18,062-232-5989,11:00 - 22:00,없음,없음
183453,롤링파스타 광주유스퀘어점,광주,,,"매운 크림 파스타, 복숭아 에이드",광주 서구 무진대로 904,062-363-3233,11:00 - 22:00,없음,없음
183454,롤링파스타 광주전남대점,광주,,,"매운 크림 파스타, 복숭아 에이드",광주 북구 우치로 94 2층,0507-1301-0832,10:00 - 21:30,없음,없음
183455,롤링파스타 첨단점,광주,,,"매운 크림 파스타, 복숭아 에이드",광주 광산구 첨단중앙로 110 2층 206호,0507-1443-2703,11: 00 - 21:00,없음,없음
183456,나뚜루 광주월드컵롯데마트점,광주,,,"싱글컵, 더블컵",광주 서구 금화로 240 월드컵경기장,062-682-4642,,,있음
183457,롯데리아 광주봉선점,광주,,,"한우 트러플머쉬룸, 한우불고기버거",광주 남구 봉선중앙로 82,062-653-6577,09:00 - 24:00,없음,없음
183458,롯데리아 광주진월점,광주,,,"더블 한우불고기버거, 한우불고기버거",광주 남구 서문대로 662 안명섭내과,062-651-6300,00:00 - 24:00,없음,없음
183459|183464,롯데리아 광주농성DT점,광주,,,"더블한우불고기버거, 한우트러플머쉬룸버거",광주 서구 죽봉대로 21-1,062-365-5949,00:00 - 24:00,없음,없음
183460,롯데리아 롯데마트광주수완점,광주,,,"캡틴팩, 더블캡틴팩",광주 광산구 장신로 98 롯데마트,062-975-2866,11:00~21:00,,있음
183461,롯데리아 광주오치점,광주,,,"캡틴팩, 더블캡틴팩",광주 북구 설죽로 328,062-269-5250,10:00~02:00,없음,있음
183462,롯데리아 홈플러스계림점,광주,,,"캡틴팩, 더블캡틴팩",광주 동구 무등로 314 홈플러스 광주계림점,062-224-8210,10:00 - 22:00,매주 일요일,있음
183463|423955,롯데리아 광주금호점,광주,35.1325858,126.8586399,"한우 트러플머쉬룸, 한우불고기버거",광주 서구 금화로 89,0507-1473-8835,09:00 - 24:00,없음,없음
183465,롯데리아 광주동강대점,광주,,,"한우 트러플머쉬룸, 한우불고기버거",광주 북구 동문대로 69,062-224-4339,10:00 - 22:00,없음,없음
183467,롯데리아 광주선운점,광주,,,"한우 트러플머쉬룸, 한우불고기버거",광주 광산구 동곡로 739 우석빌딩 1층 롯데리아,062-944-9696,09:00 - 22:00/23:30,없음,없음
183468,롯데리아 용봉점,광주,,,"한우불고기버거세트, 더블 한우불고기세트",광주 북구 비엔날레로 112,062-522-0289,10:00 - 24:00,없음,없음
183469,롯데리아 광주운암DI점,광주,,,"캡틴팩, 더블캡틴팩",광주 북구 북문대로 177,062-523-0708,09:00 -24:00,없음,없음
183470,롯데리아 광주운천점,광주,,,"한우 트러플머쉬룸, 한우불고기버거",광주 서구 상무대로 879,0507-1401-5055,09:00 - 01:00,없음,있음
183471,롯데리아 광주일곡점,광주,,,"한우 트러플머쉬룸, 한우불고기버거",광주 북구 설죽로 506-3,062-575-3131,00:00 - 24:00,없음,없음
183472,롯데리아 광주주월점,광주,,,"한우 트러플머쉬룸, 한우불고기버거",광주 남구 서문대로 753 1층,062-653-3357,09:00 - 23:30,없음,있음
183473,롯데리아 광주패밀리랜드점,광주,,,"한우 트러플머쉬룸, 더블 한우불고기",광주 북구 우치로 677,062-385-5949,,,있음
183474,롯데리아 하남2지구점,광주,,,"한우 트러플머쉬룸, 한우불고기버거",광주 광산구 용아로379번길 54 1층,0507-1436-9204,09:00 - 02:00,없음,있음
183475,롯데리아 광주효천점,광주,,,"한우 트러플머쉬룸, 한우불고기버거",광주 남구 효천로 51,062-456-8088,09:00 - 23:30,없음,있음
183476,롯데리아 홈플러스 동광주점,광주,,,"한우 트러플머쉬룸, 한우불고기버거",광주 북구 동문대로 200 지하1층,062-266-3338,10:00 - 22:00,없음,있음
183477,롯데리아 광주동림점,광주,,,"캡틴팩, 더블캡틴팩",광주 서구 하남대로 696,062-514-2140,10:00 - 22:00,없음,없음
183478,롯데리아 광주두암점,광주,,,"캡틴팩 ,더블캡틴팩",광주 북구 갈마로 53,062-229-8000,00:00 - 24:00,없음,없음
183479,롯데리아 롯데마트첨단점,광주,,,"캡틴팩, 더블캡틴팩",광주 광산구 첨단강변로99번길 22,062-971-0853,10:00 - 22:00,매주 일요일,있음
183480,롯데리아 광주문흥점,광주,,,"캡틴팩, 더블캡틴팩",광주 북구 서하로 384,062-266-5253,09:00 - 21:45,없음,없음
183481,롯데리아 광주수완점,광주,,,"한우 트러플머쉬룸, 한우불고기버거",광주 광산구 임방울대로 338,062-956-0203,00:00 - 24:00,없음,없음
183482,롯데리아광주신용점,광주,,,"캡틴팩, 더블캡틴팩",광주 북구 첨단연신로91번길 6,062-573-1762,10:00~02:00,없음,있음
183483,롯데리아 광주신창점,광주,,,"캡틴팩, 더블캡틴팩",광주 광산구 신창로 116,062-959-0550,09:00 - 22:00,없음,없음
183484,롯데리아 광주양산점,광주,,,"한우 트러플머쉬룸, 한우불고기버거",광주 북구 임방울대로 1068,062-576-5353,09:00 - 23:00,없음,없음
183485,롯데리아 광주운남점,광주,,,"한우 트러플머쉬룸, 한우불고기버거",광주 광산구 하남대로 282,062-953-3433,09:00 - 22:00,없음,없음
183486,롯데리아 운리점,광주,,,"한우 트러플머쉬룸, 한우불고기버거",광주 서구 풍암운리로 8,062-652-5225,09:00 - 24:00,없음,없음
183487,롯데리아 전남대점,광주,,,"캡틴팩, 더블캡틴팩",광주 북구 우치로 112,062-268-3388,00:00 - 24:00,없음,없음
183488,롯데리아 광주충장점,광주,,,"캡틴팩, 더블캡틴팩",광주 동구 충장로 77-7,062-227-2266,09:00 - 24:00,없음,없음
183489,롯데리아 광주치평점,광주,,,"캡틴팩, 더블캡틴팩",광주 서구 상무중앙로 95,062-382-1236,09:00 - 24:00,없음,있음
183490|423982,롯데리아 광주풍암점,광주,35.1257335,126.87916649972,"한우 트러플머쉬룸, 한우불고기버거",광주 서구 풍암1로21번길 9-6 선훈빌딩,062-365-6655,00:00 - 24:00,없음,없음
183491|423983,롯데리아 광주학동점,광주,35.131458277778,126.92920683333,"캡틴팩, 더블캡틴팩",광주 동구 남문로 682,062-234-0001,10:00 - 24:00,없음,없음
183492,롯데리아 홈플러스광주하남점,광주,,,"더블 한우불고기, 데리버거",광주 광산구 용아로 390 홈플러스,062-955-5333,,,없음
183500,치즈앤도우,광주,,,"오븐스파게티, 핫도그 세트",광주 서구 시청로 40 롯데마트 3층 치즈앤도우,062-602-2545,10:00 - 22:00,"둘째, 넷째 일요일",있음
183511,롯데리아 롯데아울렛광주수완점,광주,,,"한우 트러플머쉬룸, 한우불고기버거",광주 광산구 장신로 98 롯데아울렛 광주수완점 A블럭 5층,062-616-2550,1100 - 21:00,없음,없음
183515,롱달이,광주,,,"수제마카롱, 다쿠아즈",광주 광산구 선운로20번길 6-1,0507-1391-0300,11:00 - 15:00/19:00,없음,없음
183516|424004,스타롱,광주,35.181641972222,126.81039597222,"마카롱,르뱅쿠키, 마카롱, 르뱅쿠키",광주 광산구 풍영로101번안길 11 1층 스타롱,0507-1354-2372,09:00 - 22:00,매주 일요일,없음
183517,롱쓰부대찌개 광주전남대점,광주,,,부대찌개,광주 북구 서방로31번길 5,062-264-8444,10:00 - 23:00,매주 화요일,없음
183518,롱쓰부대찌개상무점,광주,,,"롱쓰부대찌개, 롱쓰순두부부대찌개",광주 서구 시청로96번길 12 지하1층,062-372-9265,09:30/10:00 - 23:30,없음,없음
183519,이자까야 료마룸,광주,,,"랍스타 사시미, 료마 특선 랍스타",광주 광산구 수완로52번길 24-3,0507-1413-3883,18:00 - 02:00,매주 일요일,없음
183520,료코,광주,,,"모둠꼬치구이, 연어사시미",광주 동구 필문대로187번길 1-2,010-5555-3018,18:00 - 02:00,매주 일요일,없음
183525,루껫또 광주주월동,광주,,,"삼겹바베큐플래터, 돼지목살바베큐플래터",광주 남구 봉선중앙로123번길 10 지하 Lucchetto,010-9866-9611,,없음,없음
183530,루다커피랩,광주,,,"바날라라떼, 아메리카노",광주 북구 저불로 8 1층 루다커피랩,070-8777-7328,09:00/11:00 - 19:00,매주 일요일,없음
183531,루다커피첨단2지구점,광주,,,"드립백, 콜드브루원액",광주 북구 첨단연신로108번길 51-11 1층,0507-1459-3242,09:00/11:00 - 22:00,없음,있음
183532,루미랑,광주,,,"에스프레소, 아메리카노",광주 남구 봉선로 55,0507-1394-0819,,매주 일요일,없음
183533,루미야룸까페,광주,,,"아메리카노, 에스프레소",광주 북구 면앙로6번길 69,062-264-2219,12:00 - 24:00,없음,없음
183534,루미에르,광주,,,"아메리카노, 까페라떼",광주 북구 첨단벤처로108번길 9,062-605-9115,,,없음
183535,루스터,광주,,,"아메리카노, 자몽에이드",광주 동구 천변우로 339,0507-1407-5660,09:00/12:00 - 18:00,매주 일요일,있음
183536,루아르,광주,,,와인,광주 광산구 첨단중앙로152번길 6-17,0507-1368-6544,18:00/19:00 - 24:00/01:00,매주 일요일,없음
183537,루안바오 북동점,광주,,,"샌드위치, 대만 소금커피",광주 북구 금재로36번길 11,062-522-9966,,,있음
183538,카레루앙프라방,광주,,,"뉴욕다녀온아이, 아메리카노",광주 광산구 수완로74번길 11-30 1층,062-531-6062,10:00 - 20:00,매주 월요일,없음
183539,루야,광주,,,"아메리카노, 카페라떼",광주 동구 제봉로110번길 19 루야,070-8823-7897,,,없음
183540|424027,루엘Cafe,광주,35.1539695,126.88009739972,"아메리카노, 카페라떼",광주 서구 상무대로1081번길 15,062-412-4379,10:00 - 22:00,격주 토요일,없음
183543,루치아,광주,,,"브라타치즈를 올린 파스타, 포르치니크림파스타",광주 남구 월산로116번길 22-1,0507-1317-0674,11:30 - 22:00,매주 일요일,있음
183544,루키,광주,,,"아메리카노, 아인슈페너",광주 남구 백서로 86,010-3601-2209,11:30 - 02:00,없음,없음
183545,루키초밥,광주,,,"정민이(스페셜)초밥(10p), 루키모듬A(10p)",광주 서구 상무대로1176번길 14 1층 루키초밥,0507-1390-5492,11:30 - 21:00,매주 일요일,있음
183546,카페루트,광주,,,아메리카노,광주 남구 중앙로 68,0507-1330-6775,10:00 - 17:00/19:00,매주 일요일,없음
183547,루틴,광주,,,"딸기라떼, 자몽에이드",광주 남구 효천3로 101 (102호) 루틴,0507-1410-0620,09:00 - 23:00,없음,없음
183548|424035,룩스커피,광주,35.1218932,126.8687395,"아메리카노, 카페라떼",광주 서구 풍암신흥로62번길 2 1층,0507-1370-9417,09:30/10:00 - 22:00,매달 셋째주 일요일,있음
183551,룸블랑 광주충장로3가,광주,,,"카레덮밥, 새우볶음밥",광주 동구 충장로 68,0507-1323-1252,11:00 - 23:00,없음,없음
183552,룸이야,광주,,,치즈목뼈닭발,광주 광산구 장신로 183,062-952-8396,17:00 - 06:00,없음,있음
183553,ITZZY 구시청점,광주,,,"탕수육, 골뱅이무침",광주 동구 백서로125번길 34-2 1층,0507-1311-4794,,,없음
183554,룸포차,광주,,,무등산닭볶음철판,광주 서구 금화로85번길 11 1층 룸포차,0507-1330-6983,18:00 - 05:00,없음,있음
183555,륀느,광주,,,"아메리카노, 륀느라떼 시그니처",광주 서구 상무대로 913 1층 륀느,0507-1422-1131,07:00 - 22:00,없음,없음
183556,류길상피자 광주1호점,광주,,,"스테이크가든 L, 시카고치즈킹",광주 동구 남문로693번길 11 휴먼시아 2차상가 105호,0507-1489-0616,11:00 - 22:20,매주 수요일,없음
183557,류센소 광주첨단점,광주,,,"류센소, 류센소 카라",광주 광산구 임방울대로800번길 71 1층 115호,062-451-5878,11:00 - 22:00,없음,있음
183559,류카츠,광주,,,"특로스카츠, 히레카츠",광주 북구 첨단과기로208번길 43-10 지식산업센터 a동 1층 102호,070-8691-4334,11:00 - 21:00,매주 일요일,없음
183560,륭림닭발 수완즘,광주,,,"륭림닭발(뼈있는닭발)(1인분), 륭림튤립닭발(발목뼈만 있고 발가락 뼈는 발골된 무뼈닭발(1인분)",광주 광산구 수완로74번길 40,070-8848-3546,17:00 - 05:00,없음,없음
183561,르 카페 시즌,광주,,,"수제바닐라빈라떼, 시그니처 아이스크림 와플 사진",광주 서구 화정로161번길 20,0507-1333-3845,11:00~22:00,매주 일요일,있음
183562,르깜므,광주,,,"머쉬룸 베이컨 크림파스타, 고르곤 페스츄리",광주 서구 마륵복개로 157 1층 102호,0507-1462-3940,11:00~22:00,매주 일요일,있음
183563,르네브,광주,,,"아메리카노, 카페라떼",광주 광산구 상무대로 232 1층,010-6224-2078,10:00~21:00,없음,없음
183564,광주과학기술원 르네상스,광주,,,"11:00~13:00 뷔페식, 13:30~19:00 분식류",광주 북구 첨단과기로 123,062-715-2690,11:00 - 19:00,"매주 토요일, 일요일",없음
183566,르미엘,광주,,,뷔페,광주 광산구 왕버들로 207,0507-1436-4025,,,있음
183569,르부케,광주,,,"생망고빙수, 방앗간 인절미팥빙수",광주 광산구 장덕로50번길 10,062-951-1055,11:00 - 22:00,없음,없음
183570,르샤,광주,,,"아메리카노, 까페라떼",광주 서구 풍암중앙로91번길 4-35,062-651-9190,,,없음
183572,르시엘블루,광주,,,"파스타, 스테이크",광주 서구 상무대로 718,062-374-1555,11:00 - 22:00,"매주 월요일, 공휴일",있음
183573,르시엘블루 봉선점,광주,,,"한우 뉴욕스테이크, 샐러드",광주 남구 봉선중앙로 133,062-419-1555,11:00 - 22:00,없음,있음
183575,르 자민,광주,,,"티본 플래터, 토마호크 플래터",광주 동구 장동로 13 2층,0507-1344-8695,11:30~22:00,,있음
183576,르트와,광주,,,"아메리카노, 얼그레이 아이스티",광주 북구 용주로30번길 77 1층,010-2073-0372,11:30 - 22:00,매주 일요일,있음
183577,리가든 치평점,광주,,,"명품목심염전구이, 명품통째삼겹살구이",광주 서구 마륵로 126 리가든 치평점,062-444-0859,18:00~21:00,매주 일요일,없음
183578,리가든 첨단점,광주,,,"명품 목심염전구이, 인기많은 튤립닭발",광주 광산구 임방울대로800번길 42 1층,0507-1439-9316,11:30 - 03:00,없음,있음
183580,리디파인,광주,,,"아메리카노_초코같다면, 아메리카노_버터같다면",광주 광산구 수완로12번길 52 1층 리디파인,0507-1409-2889,11:00 - 22:00,매주 수요일,없음
183581,리딩푸드,광주,,,"중식, 석식",광주 서구 시청로 41 지하 7-8호 구내식당,0507-1359-6990,11:10~19:10,공휴일,있음
183582,리멤버미,광주,,,"아메리카노, 모닝 캐리어",광주 광산구 신흥동길 22,070-5110-5123,08:00/10:00 - 19:00,매주 월요일,있음
183583,리밋,광주,,,"크림라떼, 바닐라빈라떼",광주 동구 동명로25번길 9-8 1층 리밋 limit,0507-1341-7538,12:00 - 21:00,매주 화요일,없음
183589,리버플로우,광주,,,"아메리카노, 카페라떼",광주 북구 호동로 38-1,062-446-0869,10:30~22:30,없음,있음
183590,리베르떼,광주,,,없음,광주 동구 밤실로4번길 39,062-224-1324,11:00 - 23:00,없음,없음
183591,리보커피,광주,,,"에이드, 아인슈페너",광주 서구 내방로252번길 12 1층 리보커피,0507-1461-2101,10:00~21:00/22:00,공휴일,있음
183592,리본샐러드,광주,,,"닭가슴살샐러드 도시락, 케이준치킨샐러드 도시락",광주 서구 금화로115번길 25 상가 1층,0507-1330-5685,09:00/11:00 - 21:00,없음,있음
183593,리브베,광주,,,"햄치즈에그 샌드위치(단품), 햄치즈에그 샌드위치(세트(샌드위치+Hot아메리카노))",광주 남구 용대로74번길 11 리브베,010-5665-0057,08:00 - 21:00,없음,있음
183594,리비어밤코 상무,광주,,,"코코넛쉬림프, 수제소세지",광주 서구 시청로 27 광명메이루즈 테라스가든 119호 리비어밤코,062-374-1190,17:00 - 02:00/03:00,없음,있음
183595,리비어밤코02,광주,,,"생크림코젤, 고르곤피자",광주 남구 제석로 123,062-673-1190,17:00 - 02:00,없음,없음
183596,리비어밤코03 첨단,광주,,,"생크림코젤, 코코넛쉬림프",광주 광산구 임방울대로826번길 42 포플레이 102호,062-973-1020,17:00~02:00/03:00,,있음
183597,리뽀소,광주,,,"페퍼크림커피, 넛츠크림라떼",광주 서구 상무오월로 13,070-4012-7223,11:00~20:00,"매주 월요일, 일요일, 공휴일",없음
183600,가락동리어카포차 광주 운암점,광주,,,"불먹은 육해불백, 멸치국수",광주 북구 북문대로103번길 21,062-523-0424,17:00 -  03:00,없음,없음
183602|183603,리얼버거,광주,,,"CHEESE(치즈), MUSHROOM(머쉬룸)",광주 동구 장동로 52,0507-1422-1651,11:30 - 20:30,매주 일요일,없음
183604,리얼커피 동강대점,광주,,,"아메리카노, 헤즐넛 아메리카노",광주 북구 서방로 134-1 1층,070-4300-1140,08:30/09:00 - 20:00,매주 일요일,없음
183605,리얼펍 쌍촌점,광주,,,"살얼음맥주, 치즈베이크",광주 서구 상무민주로76번길 24-1,1899-7944,,,없음
183606,리얼펍 전대점,광주,,,"살얼음맥주, 치즈베이크",광주 북구 호동로15번길 26,0507-1412-7687,17:00 - 03:00,없음,없음
183608,리얼펍 진월점,광주,,,"살얼음맥주, 치즈베이크",광주 남구 서문대로749번길 11-1,062-1899-7944,,,없음
183609,리얼펍&부자치킨 주월동,광주,,,"살얼음맥주, 치즈베이크",광주 남구 봉선중앙로123번길 20,062-675-2346,18:00 -  02:00,없음,없음
183612,리얼펍 효천점,광주,,,"살얼음맥주, 치즈케이크",광주 남구 효천2로가길 17 105호,1899-7944,,,없음
183613,리얼펍용산지구점,광주,,,"살얼음맥주, 치즈베이크",광주 동구 용산2로 3 1층 103호,010-4467-5525,,,있음
183614|424099,베트남쌀국수 리얼하노이 광주동구2호점,광주,35.1453757,126.9187471,"쌀국수, 음료",광주 동구 문화전당로35번길 3-6,062-224-7762,,,없음
183615,리움,광주,,,"아메리카노, 카페라떼",광주 남구 대남대로181번길 5,010-9339-0087,08:30 - 24:00,없음,있음
183617,리즌,광주,,,"커피, 디저트",광주 서구 월드컵4강로 229,062-381-5541,11:00~22:00,매주 일요일,있음
183622|424105,카페리치네스,광주,35.1484522,126.88512889972,"아메리카노, 까페라떼, 카페라떼",광주 서구 농성동 671-2,062-365-1600,,,없음
183624,Rich Ant cafe,광주,,,커피,광주 북구 황계로 7,0507-1317-5636,11:00 - 24:00,없음,있음
183629,리틀브릭,광주,,,아메리카노,광주 남구 백서로 57-1 1층 리틀브릭,0507-1341-0348,12:00 - 22:00,매주 월요일,없음
183633,리프티드,광주,,,"오리지널 휘낭시에, 얼그레이휘낭시에",광주 광산구 수완로50번길 34-5 1층,062-959-0560,12:00 - 23:00,없음,있음
183634,리프패럿광주양산점,광주,,,"리프치노, 리프라떼",광주 북구 하서로483번길 8 2층 203호,0507-1436-0486,10:00/11:00 - 19:00,매주 월요일,있음
183635,리프패럿광주월곡점,광주,,,"리프카노, 리프라떼",광주 광산구 풍영로 43 신우빌딩 2층,062-463-0423,10:00/13:00 - 19:00,매주 월요일,있음
183636,리프패럿광주풍암점,광주,,,"리프카노, 리프라떼",광주 서구 송풍로7번길 16-6 3층,010-9456-5219,10:00/13:00 - 19:30,매주 월요일,있음
183637,리함박s,광주,,,"수제함박스테이크, 등심돈가스",광주 서구 죽봉대로119번길 17 1층,0507-1387-7998,,매주 일요일,없음
183638,카페린느,광주,,,"핫아메리카노, 퐁크러쉬",광주 북구 동문대로100번길 19 다온빌 1층,0507-1428-4770,12:00 - 22:00,매주 월요일,있음
183639,린슈카페,광주,,,"아메리카노, 바닐라라떼",광주 광산구 어등대로 410-1 1층,0507-1307-5732,11:00 - 20:00,매주 일요일,있음
183640,릴리소프틀리,광주,,,"Really americano, Softly americano",광주 북구 첨단연신로108번길 39-13,010-5190-8780,11:30~22:00,매주 일요일,없음
183644,림벅와플,광주,,,"와플 메이플, 와플 플레인",광주 광산구 임방울대로 330 애플타워 112호,0507-1303-0524,12:00~20:30,매주 화요일,없음
183646,효마구로&초밥,광주,,,"효사랑초밥(10개), 효초밥 플래터(24)+미니우동2",광주 남구 봉선중앙로 58 1층 효마구로,062-432-2772,16:00 - 01:00,없음,없음
183647,1등참치 광주용봉점,광주,,,"혼술기본, 혼술특선",광주 북구 용주로30번길 100 상가 5호,062-527-7477,17:00 - 00:40,매주 화요일,없음
183648,마구로,광주,,,"참치회 ( 1인 ), 참치회 스페셜 ( 1인 )",광주 서구 상무중앙로 71 수산물도매센타,062-373-7811,17:00 - 01:00,,있음
183649,마구로본가 상무점,광주,,,"본가기본참치회+초밥4pic, 본가골드참치회+초밥4pic",광주 서구 상무평화로 93-6,0504-0999-0952,17:00 - 새벽 01:00,없음,있음
183650,태풍참치 2호점,광주,,,"무한리필, 참치한접시",광주 북구 설죽로 506-10,062-571-1889,,,없음
183651,마구로하우스,광주,,,"참치정복, 마구로참치",광주 광산구 선운로20번길 14-1,062-944-9991,17:00 - 23:00,매주 일요일,없음
183652,마구로하우스 양산점,광주,,,"마구로참치, 참치+연어",광주 북구 양산로 68 1층,0507-1323-9430,17:00 - 23:00,매주 일요일,없음
183653,마네키 봉선점,광주,,,"로스카츠정식, 모짜렐라치즈카츠정식",광주 남구 봉선로 176 폴라리스 113호 마네키,062-655-9085,11:00 - 20:30,매주 금요일,있음
183654,마네키  상무점,광주,,,"hot 세트, cool 세트",광주 서구 상무중앙로 57,062-375-4195,11:00 - 20:00,매주 일요일,없음
183655,마네키,광주,,,"마네키카츠, 네코카츠",광주 동구 동계천로 132 1층 D호 마네키,062-227-9085,,매주 일요일,있음
183656,청담동마녀김밥 첨단점,광주,,,"마녀김밥, 묵은지김밥",광주 북구 첨단연신로107번길 21,062-527-1116,,,없음
183658,마녀부대찌개,광주,,,"오리지널 닭갈비, 마녀부대찌개",광주 광산구 선운로 3 엔젤빌딩 2층 마녀부대찌개,0507-1356-9230,11:30 - 21:30,일,없음
183659,마녀술상,광주,,,"마녀감바스, 치킨가라아게",광주 남구 독립로 36 1층 마녀술상,0507-1386-1359,18:00 - 01:00/02:00,매주 일요일,없음
183660,마녀의닭갈비,광주,,,"로제파스타(300g), 로제파스타닭갈비",광주 광산구 수완로48번길 36-7,0507-1389-9230,11:50 - 22:00,없음,없음
183661,마녀의닭갈비 하남점,광주,,,"로제파스타, 로제파스타닭갈비",광주 광산구 용아로379번길 2 1층,0507-1377-9870,11:50~22:00,공휴일,있음
183666,마녀찜닭 양산점,광주,,,"찜닭, 닭볶음탕",광주 북구 효열로 5 광명그린파크맨션,062-574-1128,,,없음
183667,마녀치킨,광주,,,"허브후라이드치킨, 콤비후라이드치킨",광주 광산구 손재로110번길 45,062-954-9898,15:00 - 02:00,없음,있음
183668,마뇰리아,광주,,,"아메리카노, 카페라떼",광주 광산구 수완로9번길 31 1층,010-8549-6230,11:00 - 22:00,없음,없음
183670,마니마니 전대상대점,광주,,,"비빔밥, 참치비빔밥",광주 북구 설죽로202번길 100,062-434-6765,,,없음
183672,마니쿠니 동강대점,광주,,,"김치찌개, 참치찌개",광주 북구 서방로 130-1,062-653-7939,,,없음
183673,마다리소머리국밥,광주,,,"소머리국밥, 설렁탕",광주 광산구 월곡중앙로 23,062-956-7782,10:00 - 22:00,없음,없음
183674,마담순살떡볶이 전대즘,광주,,,"로제누들분모자(맵기조절X), (NEW) 로제누들분모자set(맵기조절X, 치킨 맛 변경가능)",광주 북구 호동로 46,062-266-5118,10:00 -  02:00,없음,없음
183675,마담순살떡볶이 수완신가점,광주,,,"로제누들분모자, 나홀로 치킨set",광주 광산구 신가삼효로 12-3 1층,062-430-6704,16:00 - 05:00,격주 목요일,없음
183676,마담순살떡볶이 쌍촌점,광주,,,"로제누들분모자(맵기조절X), 나홀로 치킨set(떡볶이 맛 변경가능)",광주 서구 상무대로955번길 26 1층,062-382-2575,00:00 - 24:00,없음,없음
183677,마당,광주,,,"마당 딸기화채, 마당 감귤화채",광주 동구 문화전당로35번길 19 1층,0507-1361-5383,18:00 - 04:00,없음,없음
183678,해태촌구이마당,광주,,,"삼겹살, 대패삼겹살",광주 북구 대자로 92,062-515-5758,,,없음
183681,마돈나호프,광주,,,"닭발, 똥집",광주 서구 시청서편로4번길 14,0507-1314-9201,18:30 - 01:30,없음,없음
183682,커피마들렌,광주,,,아메리카노,광주 광산구 장덕로39번길 36,010-7519-9651,09:30 - 21:00,"매주 토요일, 일요일",없음
183683,마들렌살롱,광주,,,"애플시나몬티, 아인슈페너",광주 광산구 신창로86번길 29,010-2944-0018,08:00 - 19:00,매주 일요일,없음
183684|183687,마라마녀,광주,,,"마라탕, 궈바로우",광주 북구 설죽로214번길 62 마라미녀,0507-1474-6675,11:00 - 02:00,없음,없음
183685,마라강호 마라탕,광주,,,"쌀국수, 마라무침","광주 광산구 용아로400번길 30 1065, 1066호 마라강호",062-952-6888,11:00 - 22:30,매주 수요일,있음
183686|424169,마라미녀 마라탕 남구점,광주,35.135604833333,126.90945433333,"마라미녀 마라탕, 꿔바로우, 마라미녀 마라탕 소, 마라미녀 마라탕 중",광주 남구 백서로 1 1층,0507-1370-8555,11:00 - 22:00,없음,없음
183688,마라미녀 마라탕 첨단점,광주,,,"마라미녀 마라탕, 마라샹궈, 꿔바로우, 멘보샤",광주 광산구 첨단중앙로 96 1층 118호,0507-1440-8689,11:00 - 22:00,없음,있음
183689|183748,마선생 마약국밥 상무점,광주,,,"얼큰이국밥, 돼지국밥",광주 서구 쌍촌로 32 1층,070-4200-5150,,,없음
183690,마라스쿨,광주,,,마라향궈(100g),광주 광산구 장덕로39번길 16 1층,0507-1471-5789,11:00 - 23:00,없음,없음
183693,꼼짝마라,광주,,,"꼼짝 차돌 마라탕, 북경식 꿔바로우",광주 북구 용주로30번길 6-2,070-4042-9998,10:00~02:00,,없음
183695,마라쿵푸,광주,,,"사골육수마라탕(1인분), 사골육수마라탕(2인분)",광주 서구 운천로184번길 12 1층,0507-1458-9024,,,없음
183697,마라하오 첨단점,광주,,,"마라탕, 마라샹궈",광주 광산구 첨단내촌로70번길 50-5 1층,062-971-1596,11:00~23:00,없음,없음
183698,마로니에 커피숍,광주,,,"아메리카노, 까페라떼","광주 동구 구성로 191 , 지하1층",062-226-7475,,,없음
183699,마로니에,광주,,,"매운 닭발, 두부김치",광주 광산구 비아로45번길 20,0507-1377-1278,16:00~24:00,없음,없음
183700,마로식탁,광주,,,"돈코츠라멘, 마로라멘",광주 남구 회재로1218번길 12 마로식탁,0507-1352-8981,11:00 - 21:00/23:00,없음,없음
183701,마로와플,광주,,,"누텔라와플, 누텔라생크림와플",광주 북구 우치로100번길 10-6,062-252-0222,11:30 - 22:00,없음,없음
183702,마로와플,광주,,,"누텔라와플, 누텔라 생크림 와플",광주 동구 중앙로160번길 12 1층 마로와플,0507-1466-0222,12:00 - 22:00,없음,없음
183708|424191,마루네,광주,35.151538899722,126.85691529972,"낙지볶음, 키조개삼합, 낙삼볶음, 삼겹살",광주 서구 운천로204번길 15-1,010-3634-2593,,,없음
183709,마루샤브 광주수완점,광주,,,"월남쌈 소고기샤브 런치, 해물샤브 런치",광주 광산구 장신로 62 2층 201호,062-961-8828,11:30 - 21:30,없음,있음
183711,마루와토방,광주,,,"고추바삭간장치킨, 찹쌀 닭강정",광주 북구 문산로 96 1층,062-268-9780,16:30 - 23:00,매주 일요일,없음
183712,마루요시상무점,광주,,,"참다랑어 스페셜, 참다랑어 모듬",광주 서구 상무번영로 4 1층 101호,0507-1382-2535,11:30 - 24:00,없음,있음
183713,마루요시 첨단점,광주,,,"참치회모듬, 특모듬회",광주 광산구 임방울대로800번길 27,062-972-8897,11:30 - 24:00,없음,있음
183714,마루추어탕,광주,,,"추어탕, 메기탕",광주 동구 의재로 36-2,062-224-0015,11:00 - 20:00,없음,없음
183715,마루푸드,광주,,,"왕링차돌마라탕, 왕링차돌마라샹궈",광주 북구 용봉로 38 1층,0507-1486-1334,11:00 - 02:00,없음,없음
183717,마르,광주,,,"맥주, 호프",광주 서구 상무버들로40번길 17-1,062-371-3615,,,없음
183718,마륵동빵가게,광주,,,"아메리카노(HOT), 아메리카노(ICE)",광주 서구 마륵복개로150번길 31,062-452-2803,09:00 - 21:00,없음,있음
183719,마륵동왕갈비탕,광주,,,능이왕갈비탕,광주 서구 치평로 116,062-470-6981,11:00 - 14:30/15:00,매주 일요일,있음
183721,카페마리,광주,,,"아메리카노, 까페라떼",광주 서구 운천로31번길 7,0507-1347-0093,09:30 - 23:00,없음,없음
183724,마리앤마르코,광주,,,"새우 투움바 파스타,햄치즈 시금치 파니니",광주 서구 내방로338번길 7-16 마리앤마르코,062-376-4620,11:00 - 20:30,"매주 일요일, 월요일",없음
183725,마리오셰프&챠오,광주,,,"국내산 등심구이, 이베리코 포치니 크림파스타",광주 남구 제중로 42 Mariochef & ciao,0507-1419-5598,10:00 - 22:00,매주 화요일,없음
183726,마리웨일237 금남로4가역점,광주,,,"마리치노, 로터스쿠키치노",광주 동구 금남로 210,062-222-0237,,,없음
183727,마린총각,광주,,,"활어, 참치",광주 서구 동천로10번길 24 1층,062-511-6001,11:00 - 24:00,없음,없음
183730,마마김밥,광주,,,"마마김밥, 땡초 참치 김밥",광주 광산구 고봉로 803,062-956-2255,07:30 - 19:30,매주 일요일,없음
183731,마마당,광주,,,"라면, 치즈라면",광주 서구 동천로18번길 16 1층,062-523-8285,09:00 - 21:30,없음,없음
183733,마마스케일,광주,,,"마마 로제 파스타, 마마 쉬림프 크림 파스타",광주 남구 효우로 87 씨티메디컬 1층,0504-0999-1004,11:00 - 17:00/23:30,매주 토요일,없음
183736,마몽로제떡볶이 소촌점,광주,,,"로제떡볶이, 로제 투움바떡볶이(1~2인)",광주 광산구 소촌로 100 109(상가)동 지하1층 B1-107호,062-942-8656,11:00 - 22:00,없음,없음
183737,마미쿡 첨단메가박스점,광주,,,"마마통살 버거, 파파통살 버거",광주 광산구 앰코로 35 1층 134호,062-974-3838,10:00 - 21:00,매주 월요일,있음
183738,마미쿡 광주용산점,광주,,,"마미쿡치즈버거, 쇼킹핫통살버거",광주 동구 용산2길 20,0504-2015-4416,10:00 - 22:00,없음,없음
183739,마미쿡 광주우산점,광주,,,"마미쿡베이컨버거, 마미쿡더블치즈버거",광주 광산구 금봉로 99 A동 1층 마미쿡,0507-1467-2000,08:30~22:30,,없음
183740,마미쿡 전대점,광주,,,"순살치킨버거세트A, 순살치킨버거세트B",광주 북구 설죽로214번길 80,0507-1488-2055,11:00 - 23:00,없음,없음
183742|183743,마블스퀘어,광주,,,"플레인 식빵, 밤 식빵",광주 서구 상무중앙로 64,062-373-0111,08:00 - 21:00,일,있음
183744|424227,Cafe Ma Bean,광주,35.178149795724,126.874474555715,"아메리카노, 까페라떼, 에스프레소, 카페라떼",광주 북구 황계로55번길 32,062-512-2969,10:00 - 23:30,"매주 화요일, 토요일",없음
183746,마선생 마라탕 양꼬치,광주,,,"생양삼겹꼬치, 꿔바러우",광주 서구 화개중앙로 47,062-682-0588,11:00 - 23:00,매주 일요일,없음
183747,마선생마약국밥북부점,광주,,,"돼지국밥, 병천순대국밥",광주 북구 대천로 11-2,0504-2015-1256,,없음,없음
183749,마선생마약국밥수완점,광주,,,"돼지국밥, 얼큰 사골육개장",광주 광산구 목련로394번길 23-11,0504-2015-0504,,,없음
183752,마스카프,광주,,,"딸기라떼, 인절미크로플",광주 북구 북문대로 237 제일타워 1층,062-512-3721,09:00 - 21:00/22:00,없음,있음
183753,마스카프 신창점,광주,,,"딸기라떼, 아메리카노",광주 광산구 신창로138번길 23-20 1층(신창동),062-955-1141,09:00 - 18:00,없음,있음
183754,마시그래이광주수완점,광주,,,"딸기 요거트(대표메뉴.고급요거트파우더와상큼한딸기)(V), 초코쿠키 프라페(ChocoCookie)(V)",광주 광산구 풍영로 214 1층 108호,0507-1478-4451,08:00 - 21:00,없음,없음
183756,마시리,광주,,,계절음식,광주 서구 염화로83번길 8-4,062-374-7010,,,없음
183757,마시모레지나,광주,,,"취나물 스테이크 라이스, 쉬림프 로제 파스타",광주 북구 일곡택지로 69 1층,0507-1367-3830,10:30/11:30 - 22:00,없음,없음
183758,마시밴,광주,,,"마시벤, 에비벤",광주 광산구 임방울대로826번길 25 1층 마시밴,0507-1436-3799,11:30 - 21:00,매주 일요일,있음
183759,마시세 소주방,광주,,,계절음식전문,광주 북구 우치로231번길 17,062-262-0991,,,없음
183760,마시찌롱두마리치킨 행복점,광주,,,"두마리 두가지맛 선택, 타코야끼치킨(다꼬야끼)",광주 북구 면앙로121번길 95,062-264-8285,,,없음
183761,마시타,광주,,,"차슈덮밥, 생연어덮밥",광주 동구 서석로85번길 8 1층 마시타,0507-1340-2166,11:20 - 14:30/19:30,일,없음
183765,케잌하우스,광주,,,"식빵, 케이크",광주 서구 월산로 176,062-365-8458,07:00~24:00,없음,없음
183766,마실,광주,,,"코코넛 라떼, 아메리카노",광주 광산구 풍영로101번길 45,010-5758-5322,11:00~21:00,"둘째, 넷째 토요일",없음
183767,마실,광주,,,"돼지갈비찜, 육회",광주 동구 동명로 17 1층 마실,010-9975-1331,18:00~03:00/04:00,,없음
183768,마실,광주,,,"한정식, 마실 정식",광주 북구 비엔날레로 173 마실,0507-1391-3303,,,있음
183769,마실계절맛집,광주,,,"병어조림, 갈치조림",광주 서구 내방로209번길 6,062-385-1644,16:00 - 23:00,없음,없음
183771,마실뜨락,광주,,,"커피, 자몽차",광주 북구 하서로 343 1층 (양산동),062-571-9940,10:00 - 22:00,없음,있음
183772,마실삼겹,광주,,,"마실모둠 (2인), 마실모듬 (3인)",광주 북구 양산택지소로 25,0507-1317-7260,11:00 - 23:00,매주 일요일,없음
183773,마실,광주,,,"병어회, 황실이 튀김",광주 북구 연양로67번길 37,062-571-1236,,,없음
183774,마실오소,광주,,,"낙지볶음, 홍어사시미",광주 북구 밤실로208번길 8,062-263-7200,,,없음
183775,마싯소한우판매장,광주,,,"한우 갈비살, 한우 꽃등심","광주 동구 남문로693번길 12 마싯소한우판매장, 식당",0507-1328-4789,11:30~22:00,매주 일요일,있음
183776,마싰는끼니 첨단신용점,광주,,,"직화스테이크덮밥, 소고기 나가사끼짬뽕",광주 북구 첨단연신로 105 107호,0507-1350-9378,10:00 - 22:30,없음,있음
183777,마쏘라까망베르 광주지산점,광주,,,"해물치즈그라탕, 오돈(오징어덮밥+돈까스)",광주 동구 필문대로205번길 19 마쏘라 까망베르,062-224-5004,11:00 - 17:30/20:30,매주 일요일,없음
183778,마약국밥 광주광산점,광주,,,"얼큰이 변경, 얼큰육개장",광주 광산구 광산로29번길 9 1층,062-945-1580,09:00 - 22:00,없음,없음
183779,마약닭도리  용봉점,광주,,,마약닭도리 순살(안심+가슴살)(한마리650g),광주 북구 반룡로18번길 32,062-527-5825,,,없음
183781|424262,마약육전,광주,35.1847932873801,127.00154376591,"시골콩물국수, 비빔국수",광주 북구 충효샘길 46-1 마약육전,062-266-6767,10:00 - 21:00,없음,있음
183783,마왕김밥,광주,,,"마왕김밥, 치즈김밥",광주 광산구 임방울대로826번길 15,0504-2015-0727,,,없음
183784,마왕족발 광주봉선점,광주,,,"마왕통구이 중, 마왕보쌈구이 중",광주 남구 봉선중앙로 64,0504-0999-0298,16:00 - 01:00,없음,없음
183785,마왕족발 광주풍암점,광주,,,"마왕통구이 중, 마왕보쌈구이 중",광주 서구 풍암2로 12,0507-1336-8472,12:00/14:30 -  00:30,없음,없음
183787,마왕족발 광주상무점,광주,,,"마왕통구이 중, 마왕보쌈구이 중",광주 서구 시청로 27,0504-0999-1577,16:00 -  00:30,없음,없음
183788|424269,마왕족발 광주송정점,광주,35.1375897236149,126.793170618181,"마왕통구이 중, 마왕보쌈구이 중",광주 광산구 광산로 8-1,062-945-4320,16:00 - 01:00,없음,없음
183789,마왕족발 광주양산점,광주,,,"마왕통구이 중, 마왕보쌈구이 중",광주 북구 양산로 20-1 1층(양산동),062-574-8592,15:00 -  01:50,없음,없음
183790,마왕족발 광주우산점,광주,,,"마왕통구이, 보쌈구이",광주 광산구 무진대로 279,062-962-4320,16:00~24:00,없음,있음
183791|424272,마왕족발 광주운암점,광주,35.179040399722,126.8738651,"마왕통구이 중, 마왕보쌈구이 중, 보쌈구이, 마왕통구이",광주 북구 대자실로 22,0507-1333-0321,12:00/16:00 -  24:00/01:00,없음,있음
183792,마왕족발 광주첨단점,광주,,,"마왕통구이 중, 마왕보쌈구이 중",광주 광산구 임방울대로826번길 30,0507-1324-9295,16:00 - 01:00,없음,없음
183793|424274,마왕족발 광주효천점,광주,35.102777777778,126.88888888889,"마왕통구이 중, 마왕보쌈구이 중, 족발, 보쌈",광주 남구 효우2로26번길 12,062-652-5892,14:40 - 00:20,없음,없음
183794,마왕족발 광주두암점,광주,,,"마왕통구이 중, 마왕보쌈구이 중",광주 북구 탁영로 7-1,062-251-9870,15:00 -  00:30,매주 월요일,없음
183795,마왕족발 전대상대점,광주,,,"마왕통구이 중, 마왕보쌈구이 중",광주 북구 설죽로202번길 63,062-522-0969,15:00 - 01:30,없음,없음
183797,마요네즈 구시청점,광주,,,"한판메뉴, 꼬치류",광주 동구 문화전당로35번길 20,062-413-9000,18:00 - 04:00,없음,없음
183798,마요네즈 광주동명점,광주,,,"대창전골, 꼬치구이",광주 동구 동계천로 143-36,062-223-1110,18:00 -  03:00,없음,있음
183799,마요네즈 광주수완점,광주,,,"곱도리탕, 대창전골",광주 광산구 수완로74번길 29-2 1층,0507-1466-9211,,없음,없음
183800,마요네즈 전남대점,광주,,,"꼬치류, 대창전골",광주 북구 우치로110번길 35,062-433-6324,18:00 - 04:00,없음,없음
183802,마우이보일링크랩,광주,,,"케이준레드보일링크랩, 극강의 부르주아 레드 보일링크랩",광주 서구 상무중앙로 71,070-8888-6940,,,없음
183804,마으레,광주,,,"햄치즈샌드위치, 아메리카노",광주 광산구 장수길 65-8 마으레,0507-1334-5716,10:00 - 20:00,매주 수요일,있음
183805,마을식당,광주,,,"백반, 동태탕",광주 북구 용봉로 114-2,062-523-3917,,,없음
183806,추억이깃든경양마을만들기주민협의회,광주,,,"아메리카노, 카푸치노",광주 동구 중흥로209번길 18,062-227-7890,,,없음
183807,마을추어탕,광주,,,,광주 서구 풍암2로53번길 13,062-682-0146,11:00 - 21:30,,없음
183808,마을카페남동풍,광주,,,"아메리카노, 복숭아아이스티",광주 남구 행암도동길 9-12 남동풍카페,0507-1311-7297,10:00 - 21:00,매주 일요일,있음
183809,마을회관 양푼이숯불갈비찜,광주,,,"양푼이 숯불 갈비찜(소), 양푼이 숯불 갈비찜(중)",광주 광산구 왕버들로252번길 13 1층 마을회관,0507-1498-9937,11:30 - 22:00,없음,없음
183813,마음따라술따라,광주,,,생맥주,광주 서구 계수로 72,062-376-2545,17:00 - 02:00,없음,없음
183814,마음을담다,광주,,,뒷덜미살(150g),광주 북구 하서로466번길 28 1층,0507-1422-8570,16:00 - 22:00,매주 일요일,있음
183816|183817,마이데이,광주,,,"없음, 치킨, 꼬치",광주 북구 군왕로208번길 27,062-262-9290,,,없음
183818,마이빈,광주,,,"아메리카노, 디저트",광주 서구 매월1로 18,062-682-0731,,,없음
183819,마이어센터,광주,,,"로투스 크림라떼, 번트치즈케이크",광주 광산구 수완로14번길 17 1층 MYERCENTER,0507-1435-8008,12:00~22:00,매주 일요일,없음
183820,마이크로바이닐하우스,광주,,,"드립커피, 클라우드 드래프트",광주 광산구 장신로 164 1층,010-5784-1450,19:00~00:00/02:00,매주 월요일,있음
183821,마인,광주,,,"맥주, 호프",광주 광산구 첨단강변로99번길 52,062-974-0527,,,없음
183822,마인프라자,광주,,,"맥주, 호프",광주 서구 금화로85번길 2,062-382-7667,,,없음
183824,마장동막창숯불구이,광주,,,"돼지막창구이, 막창전골",광주 남구 군분로33번길 4,062-366-0856,17:00 - 01:00,없음,없음
183825,마장동이씨광주백운동,광주,,,"솥뚜껑김치삼겹살, 매운닭발",광주 남구 백운로 58,062-654-4768,17:00 - 02:00,없음,있음
183826,마재 광주금호동,광주,,,"블랙시크릿 순살, 블랙시크릿 오리지날",광주 서구 화개1로24번길 9,050-7982-6168,11:00 - 01:00,없음,없음
183828,마재생갈비,광주,,,"돼지생갈비250g, 돼지양념갈비250g",광주 서구 화개중앙로 41,062-654-6292,16:00 - 23:00,일,없음
183831,마중,광주,,,"마중혼술세트~광어사시미+와규타다끼, 마중혼술세트~광어사시미+한우육회",광주 서구 상무오월로19번길 20 1층 마중,0507-1482-7904,17:30 - 06:00,없음,없음
183833,마중물추어탕  송영직영점,광주,,,"추어탕+돌솥밥, 추어군만두",광주 광산구 광산로30번길 6,062-953-3383,11:00 - 21:00,없음,없음
183834,마중물추어탕,광주,,,"추어탕+돌솥밥, 통추어탕+돌솥밥",광주 서구 내방로252번길 16,062-383-5666,09:30 - 21:30,격주 일요일,있음
183835,마중물추어탕 풍암점,광주,,,"추어탕+돌솥밥,통추어탕+돌솥밥",광주 서구 풍금로37번길 6,062-673-7001,11:00 - 21:00,매주 일요일,없음
183836,마중물추어탕 문흥우산점,광주,,,"추어탕, 통추어탕",광주 북구 중문로 93,062-954-8225,10:30~21:30,"첫째, 셋째 토요일",없음
183837,마중물추어탕 상무점,광주,,,"추어탕, 전복추어탕",광주 서구 상무평화로 131 사이버빌딩 1층,0507-1482-1163,09:00~21:00,없음,있음
183838,마중물추어탕 용봉점,광주,,,"추어탕, 통추어탕",광주 북구 청계로 74 용봉동 마중물추어탕,062-514-5577,11:00~21:00,매주 토요일,있음
183839,마중물추어탕무등산직영점,광주,,,"추어탕+돌솥밥, 추어탕+공기밥",광주 동구 증심사길 25 B103~104호,062-227-1005,08:30 - 20:30,없음,있음
183840,마지촌,광주,,,"담양식돼지고기, 떡갈비",광주 서구 천변좌하로 486,062-375-0592,11:20 - 21:40,매주 화요일,없음
183841,마지촌,광주,,,"담양식돼지갈비3 +1(4인분), 담양식돼지갈비4 +2(6인분)",광주 광산구 목련로153번길 27,062-962-5282,11:00 - 22:00,없음,없음
183844|183845,마천루 광주쌍촌동,광주,,,"해물누룽지탕 (大), 유린기, 해물누룽지탕",광주 서구 월드컵4강로 236 2층,0507-1419-8018,11:00 - 21:30/22:00,없음,있음
183846,마초떡볶이 쌍촌금호점,광주,,,"(토핑 5종) 마초 국물떡볶이, 세트 A (떡튀쿨)",광주 서구 금호운천길 102 마초떡볶이,050-7744-4777,11:30 -  00:30,없음,없음
183847,마초떡볶이 첨단점,광주,,,"국물떡볶이, 까르보나라 떡볶이",광주 광산구 산월로 35-1,062-973-5500,11:00 - 24:00,없음,없음
183848,마카나이 전대점,광주,,,"매운돈코츠라멘, 돈코츠 라멘",광주 북구 우치로90번길 15,062-251-0154,11:00 - 21:00,없음,없음
183850,마카나이수완점,광주,,,"야끼차슈라멘(맵기조절가능), 돈코츠라멘(맵기조절가능)",광주 광산구 임방울대로332번길 9-18 1층,0507-1359-8013,10:30 - 20:50,격주 일요일,없음
183851,마카롱상점 광주송정동,광주,,,"크림치즈, 인절미",광주 광산구 송정로8번길 14,010-5304-4102,12:00 - 20:00/21:00,매주 월요일,없음
183852,마카리오스,광주,,,"아메리카노, 쿠키아츄",광주 광산구 장신로148번길 9-16 1층,062-953-8500,10:00 - 21:00,없음,없음
183854,마티스커피 광주신가동,광주,,,"드립고급, 케냐싱글 원두200g",광주 광산구 수등로76번길 7-2,070-4249-8685,12:00 - 19:00/22:00,없음,없음
183855,마포진갈매기 운남점,광주,,,"갈매기살, 삼겹살",광주 광산구 목련로153번길 61,062-962-9295,,,없음
183856,마포갈비,광주,,,"돼지갈비(250g), 김치찌개",광주 서구 풍암순환로109번길 22,062-655-5055,,,있음
183857|424333,마포구이,광주,35.105555555556,126.90472222222,"오겹살, 목살",광주 남구 효우로 85,010-6340-3478,,,없음
183858,마포나루,광주,,,"황칠해신탕, 오리주물럭",광주 북구 운용로 91-1 1층,062-521-5392,17:00 -  22:00/03:00,없음,없음
183859,마포돈구이,광주,,,"생삼겹살, 항정살",광주 북구 대천로 125-1,062-251-2992,16:00 - 02:00,없음,없음
183860,마포선장 광주봉선동,광주,,,"키조개삼합(중), 키조개삼합(대)",광주 남구 봉선2로 31 1층,0507-1478-2156,16:30 - 24:00,없음,있음
183861,마포선장,광주,,,"키조개삼합, 돼지 삼겹살",광주 북구 대자로 27-2,062-523-5409,17:00 - 24:00,"둘째, 넷째 월요일",없음
183862,마포선장 광주풍암동,광주,,,"키조개삼합, 목살젓갈구이",광주 서구 풍암1로21번길 13 1층,0507-1486-5545,16:30 - 24:00,"둘째, 넷째 월요일",없음
183863,마포선장상무직영점,광주,,,"마포선장 쭈꾸미삼합 (쭈꾸미+삼겹살+새우)(소(1~2인)), 마포선장 쭈꾸미삼합 (쭈꾸미+삼겹살+새우)(중(2~3인)",광주 서구 상무자유로 137-10,062-710-5409,,,있음
183864,마포선장 수완직영점,광주,,,"마포선장 키조개삼합(중(2~3인)), 마포선장 키조개삼합(대(3~4인))",광주 광산구 수완로52번길 42,062-716-5409,17:00 - 24:00,격주 월요일,없음
183865,마포숯불갈비,광주,,,"돼지생갈비, 돼지갈비",광주 광산구 도산로9번길 12,0507-1498-8856,,,없음
183866,마포숯불갈비,광주,,,"숯불돼지갈비 250g, 생삼겹살 200g",광주 북구 대천로139번길 8-5,062-263-2342,,매주 일요일,없음
183867,마포숯불갈비,광주,,,"생고기 육회 반접시 150g, 갈비살 130g",광주 광산구 임방울대로825번길 22,062-972-9211,11:00 - 22:00,없음,없음
183868,마포숯불갈비,광주,,,숯불돼지갈비,광주 서구 상무오월로15번길 4,062-371-2392,,,없음
183869,마포식당,광주,,,"왕족발, 미니족발",광주 광산구 평동로 785,062-945-4215,,,없음
183871,마포촌,광주,,,"도톰삼겹살, 꼬들살",광주 광산구 수완로9번길 42-3 1층,062-955-9989,,,있음
183872,마피아 광주쌍촌동,광주,,,"크림파스타, 로제파스타",광주 서구 상무오월로15번길 28-15 1층,0507-1424-1778,18:00 - 01:00/02:00,없음,없음
183873,마피아떡볶이 광주서구점,광주,,,"((쯔양추천))허니버터떡볶이(치즈X)(3~4인분), 마피아떡볶이(3~4인분)",광주 서구 상무대로1005번길 12-2,062-372-7436,11:00 - 24:00,없음,있음
183874,마피아떡볶이 광주북구점,광주,,,"마피아 떡볶이, 마피아 로제떡볶이",광주 북구 반룡로 18 1층,0507-1489-2225,17:00 - 01:40,매주 수요일,없음
183875,마피아떡볶이 광주첨단점,광주,,,"마피아떡볶이, 마피아 로제떡볶이",광주 북구 첨단연신로107번길 37 1층 106호,062-573-8822,10:10~01:30,없음,없음
183876,마피아떡볶이 광주남구점,광주,,,"마피아떡볶이 [기본](3~4인분), 마피아 로제떡볶이(3~4인분)",광주 남구 금당로 12-1,062-675-1008,11:30 - 00:30,없음,없음
183877,마피아떡볶이 광주송정점,광주,,,"마피아떡볶이, 마피아 로제떡볶이",광주 광산구 내상로 81,062-942-4450,11:00~23:55,없음,없음
183878,마피아떡볶이 광주수완점,광주,,,"마피아떡볶이(3~4인분), 마피아 세트 1",광주 광산구 수완로11번안길 23 1층,062-962-7845,11:00 - 23:00,매주 화요일,없음
183879,마피아떡볶이 광주풍암점,광주,,,"마피아떡볶이, 마피아 세트 2번",광주 서구 풍금로38번길 40 1층,062-653-0877,12:00 - 24:00,없음,없음
183880,마한지,광주,,,구운양념돼지갈비,광주 동구 문화전당로 37-2 마한지,062-234-9261,11:30 - 22:00,없음,있음
183881,막가파,광주,,,"김치전, 해물김치전",광주 서구 운천로184번길 10,062-374-3360,10:00 - 00:50,없음,없음
183882,막걸리나한잔,광주,,,"꼴뚜기무침, 피꼬막",광주 광산구 첨단내촌로 53-8,062-974-2990,,,없음
183884,막걸리이야기,광주,,,"삼합, 홍어회",광주 광산구 수등로76번길 7-18,062-955-7118,15:00 - 01:00,없음,없음
183885,막걸리한잔,광주,,,"삼합, 막걸리",광주 북구 첨단연신로108번길 31-9,062-571-5679,,,없음
183886,막걸리한잔,광주,,,"참돔유비끼, 토종닭도리탕",광주 북구 연양로81번길 40,062-461-0407,14:00 - 23:50,없음,없음
183887,막끌리나,광주,,,"골뱅이무침, 제육볶음",광주 광산구 비아안길 70-12,062-954-9946,,,없음
183888,막끌리네,광주,,,"낙지볶음, 제육볶음",광주 서구 쌍학로8번길 2,062-372-7626,,,없음
183889,막내,광주,,,"양념숯불갈비, 생삼겹살",광주 동구 용산3길 12 1층,062-222-3680,16:00 - 22:00/23:00,매주 월요일,없음
183890,막내통닭,광주,,,통닭,광주 북구 문화소통로302번길 58 막내통닭,062-412-9291,14:00 - 24:00,매주 월요일,없음
183891,막내통닭,광주,,,치킨,광주 서구 계수로 64,062-415-9291,,,없음
183892,막동이회관,광주,,,"우족탕, 갈비탕",광주 동구 남문로 614,062-222-0840,11:00 - 21:00/22:00,없음,없음
183893,막둥이네석갈비,광주,,,"삼겹살, 쪽갈비",광주 광산구 사암로390번길 21,062-961-0078,12:00~22:00,매주 일요일,있음
183894,막뚱이,광주,,,"제주오겹살, 뒷고기",광주 북구 매곡로 89,0507-1368-7025,17:00 - 23:00,매주 일요일,없음
183895,막뚱이꼬마김밥,광주,,,"모듬세트 특大(48개(6인분)), 떡볶이(1~2인분)",광주 광산구 내상로15번길 39 막뚱이꼬마김밥,062-942-5616,09:00 - 20:00,없음,없음
183896,막비어,광주,,,"모듬전, 쇠고기육전",광주 서구 풍금로11번길 4-14,062-675-0086,17:00 - 24:00,없음,없음
183898,막오삼,광주,,,"막오삼 set, 막창(200g)",광주 서구 운천로17번길 4-6 1층 막오삼,010-4910-6666,16:00 - 24:00,매주 화요일,있음
183900,막잔 신창점,광주,,,"혼술세트, 모듬세트",광주 광산구 신창로131번길 9 103호,062-571-7090,19:00~23:00,매주 월요일,없음
183901,막잔 쌍촌점,광주,,,"혼술세트, 모듬세트",광주 서구 상무대로868번길 17-11,062-710-2650,19:00 - 02:00,매주 월요일,없음
183902,막창곱창선생 월곡점,광주,,,"생막창(2인), 생막창(3인)",광주 광산구 목련로 87 1층막창곱창선생,062-952-9291,15:00 - 01:00,격주 월요일,없음
183903,막창도둑 동천점,광주,,,"돼지생막창, 소막창",광주 서구 하남대로680번길 1,062-513-1500,16:00~22:00,없음,없음
183904,막창도둑 하남점,광주,,,"소막창, 돼지생막창",광주 광산구 사암로 210 1층,062-953-7440,,,없음
183905,막창도둑수완점,광주,,,"소곱창전골, 돼지 껍데기",광주 광산구 장신로20번안길 54 1층 막창도둑,0507-1461-9298,15:30 - 00:30,없음,없음
183906,막창도둑신가점,광주,,,"돼지생막창, 불막창",광주 광산구 수등로 242,062-953-3707,16:00 - 24:00,없음,없음
183907,막창도둑양산점,광주,,,"돼지생막장, 돼지불막창",광주 북구 양산로 45 1층 막창도둑,0507-1337-7849,16:30 - 24:00/02:00,없음,있음
183908,막창도둑용봉점,광주,,,"도둑돼지생막창(소), 도둑돼지생막창(대)",광주 북구 용봉택지로 88,0507-1445-0016,16:00 - 02:00,없음,있음
183909,막창도둑 첨단점,광주,,,"돼지생막창, 소막창",광주 광산구 첨단중앙로116번길 51 막창도둑,0507-1319-4279,16:30 - 00:30/02:00,없음,있음
183910,막포차,광주,,,육해공 포차,광주 서구 상무오월로3번길 32-25,0507-1361-7366,17:00 - 04:00,일,없음
183911,막회이야기,광주,,,"막회(소)+매운탕, 우럭탕 소",광주 북구 대자로 42,062-512-3038,,,없음
183913,만경옥,광주,,,"짜장면, 짬뽕",광주 북구 우치로231번길 10,062-262-8235,10:00 - 20:00,격주 토요일,없음
183914,만계치킨 도산점,광주,,,"후라이드, 양아치킨",광주 광산구 도산로9번길 40 1층 만계치킨,062-942-2809,17:00~01:00,없음,없음
183916,만계치킨 진월점,광주,,,"후라이드, 양념치킨",광주 남구 화산로31번길 7,062-672-9282,16:00~02:00,없음,있음
183917,만계치킨수완점,광주,,,"후라이드, 양념치킨",광주 광산구 수등로94번길 52,062-955-8955,14:00 - 02:00,없음,없음
183918,만계치킨전대상대점,광주,,,"후라이드(뼈), 모든(순살)추가1000원",광주 북구 반룡로42번길 11,0507-1346-9992,15:00 - 01:30,없음,있음
183919,만계치킨 조대본점,광주,,,"후라이드, 양념치킨",광주 동구 필문대로287번길 23-11,062-233-9292,11:00~03:00,없음,없음
183920,만고강산,광주,,,"우럭회, 광어회",광주 광산구 하남대로54번길 59,062-951-9287,17:00 - 01:00,없음,있음
183921,만권화밥조선대점,광주,,,"계란덮밥, 숯불닭고기화밥",광주 동구 필문대로 309 조선대학교 솔마루 2층,0507-1369-3210,10:00 - 19:00,"매주 토요일, 공휴일",없음
183922,만기네집,광주,,,"미나리 생삼겹살(180g), 미나리 대패삼겹살(200g)",광주 서구 상무시민로 95-4 만기네집,062-382-0529,11:00 - 22:00,없음,있음
183923,만나분식,광주,,,"상추튀김, 오뎅",광주 광산구 월계로 64,0507-1484-5055,11:00~20:30,없음,있음
183924,만나김밥,광주,,,"만나김밥, 왕김밥",광주 북구 호동로75번길 3,062-266-0019,06:00 - 22:00,없음,없음
183925,만나다포차,광주,,,"병어회, 갑오징어회",광주 서구 화운로193번길 36-18,062-381-1980,,,없음
183926,만나당돈까스,광주,,,"크림돈까스, 수제왕돈까스",광주 서구 화운로156번길 4 대웅힐스테이 1층,0507-1433-7273,11:00 - 20:30,매주 일요일,있음
183927,만나맛나,광주,,,"만나김밥, 수제돈까스",광주 광산구 월계로 106,0504-0999-1126,10:00 -  01:30,매주 일요일,없음
183929,만나식당,광주,,,"꼬치구이, 맥주",광주 북구 밤실로 183,062-375-3646,,,없음
183931,만나자오돌뼈,광주,,,"오돌뼈, 가브리살",광주 광산구 임방울대로332번길 33,062-955-1588,,,없음
183932,만나즉석왕족발,광주,,,"앞족, 왕족",광주 남구 군분로 11-1,050-4454-0416,12:00~23:00,없음,없음
183942,만남의광장,광주,,,"통닭, 생맥주",광주 광산구 광산로19번길 8,062-942-2277,,,없음
183943,만남의광장,광주,,,"맥주, 호프",광주 남구 백서로 103-1,062-652-6282,,,없음
183944,만남의광장,광주,,,"나물비빔밥, 뚝배기청국장",광주 북구 서하로 176-1,062-573-4779,,,없음
183947,만년식당,광주,,,"생삼겹살, 소곱창전골",광주 동구 중앙로 232,062-224-4191,,,없음
183948,만다린 광주본점,광주,,,"짜장면, 짬뽕",광주 북구 천변우로283번길 27 1층,1588-2322,,,없음
183949,만다린,광주,,,"자장면, 삼선간자장",광주 북구 첨단연신로108번길 59-24,062-575-8118,,없음,없음
183950,만덕이통닭,광주,,,"후라이드, 양념",광주 광산구 왕버들로252번길 25,062-961-5779,14:00 - 23:00/01:00,없음,없음
183951,만도리,광주,,,추어탕,광주 북구 천지인로 59-1,062-252-4788,,,없음
183954,만두한판 동천점,광주,,,"왕만두, 쫄면",광주 서구 하남대로680번길 6,0507-1428-0017,09:00 - 21:00,매주 일요일,있음
183955,만득이네아구찜,광주,,,"아귀찜, 바지락무침",광주 남구 군분로 8-1,062-671-9892,10:00 - 22:00,없음,없음
183967,만랩커피광주상무점,광주,,,"코스타리카 불칸아술 아메리카노, 과테말라 블랜딩 아메리카노",광주 서구 치평로 112 116호,0507-1349-4184,08:00 - 01:00,없음,없음
183968,만랩커피광주수완점,광주,,,"과테말라 스페셜티 블렌드, 데일리 스페셜티 블렌드",광주 광산구 장덕로95번길 16 숲안애 2차 상가 207동 108호,0507-1446-0205,08:00 - 22:00,없음,없음
183969,만랩커피광주신가점,광주,,,"과테말라 스페셜 블렌드, 데일리 스페셜티 블렌드",광주 광산구 수등로 277,0507-1394-0309,08:40 - 21:30,,없음
183971,만리성,광주,,,"짜장면, 삼선짬뽕",광주 남구 봉선중앙로 15,062-655-1678,{09:00 - 21:00,없음,없음
183972,만리장성 선운점,광주,,,"차돌박이 짬뽕, 등심 탕수육 소",광주 광산구 선운로2번길 65-1,062-945-9371,11:00 - 21:00,없음,있음
183973,만리장성,광주,,,차돌박이 짬뽕,광주 광산구 평동산단7번로 59 1층,062-944-9371,10:00 - 15:00,매주 일요일,있음
183974|183975,만리장성,광주,,,"A 런치세트, B런치세트",광주 북구 북문대로 42,062-511-6915,11:30 - 22:00,없음,있음
183976,만리향,광주,,,"왕짜장, 불짜장",광주 동구 문화전당로35번길 38,062-234-2167,10:00 - 20:30,없음,있음
183977,만리향,광주,,,"짜장면, 짬뽕",광주 서구 풍금로12번길 3-3,062-682-8080,11:00 - 20:30,매주 수요일,없음
183978,만만한포차,광주,,,"불고기, 보쌈",광주 북구 저불로39번길 7-1,062-515-5454,,,없음
183980,만민의밥상,광주,,,백반,광주 서구 풍서좌로 259,062-382-7755,,,없음
183981,만복식당,광주,,,"모듬국밥, 순대국밥",광주 동구 동계천로43번길 1,062-228-5937,08:00 - 21:00,없음,없음
183982,만복식당,광주,,,"암돼지삼겹살, 코다리찜(大)",광주 북구 버들로19번길 19,062-419-9633,09:00 - 22:00,매주 일요일,없음
183984,만복이수산,광주,,,"광어(소), 우럭(소)",광주 서구 상무중앙로 103 104호 만복이수산,0507-1350-3816,,,없음
183985,만복이쭈꾸미낙지,광주,,,"쭈꾸미볶음(최소 2인분), 쭈꾸미볶음(3인분)",광주 광산구 목련로 196,062-959-9806,11:00 - 22:00,없음,없음
183986,만뽀스키야키신세계광주점,광주,,,"스키야키 A, 스키야키 B",광주 서구 무진대로 904,062-360-1318,11:00 - 20:30,없음,있음
183988,만석군족발,광주,,,"족발(특大), 족발(大)",광주 광산구 첨단내촌로35번길 26-2,0504-2015-0501,12:00 - 01:00,없음,없음
183989|424457,만석궁,광주,35.1434266206957,126.872707825698,"갈치조림, 병어조림",광주 서구 월드컵4강로71번길 14,062-373-5292,,,없음
183990,만석궁회관,광주,,,"생오리로스, 생삼겹살",광주 서구 양동시장3길 16,062-234-7495,,,없음
183991,만석치킨,광주,,,"후라이드, 바페큐치킨",광주 광산구 월전로 16,062-944-9392,,,없음
183992,만선당어부의밥상 수완본점,광주,,,"굴비정식, 아귀찜정식",광주 광산구 수완로11번길 3 에버그린 상가1층,0507-1400-5595,11:30 - 22:00,없음,있음
183993,만선당어부의밥상,광주,,,"보리굴비정식, 아구찜정식",광주 광산구 첨단중앙로124번길 77 1층,062-971-2022,11:30 - 22:00,없음,있음
183995,만수식당 광주대인동,광주,,,"왕갈비탕, 전복 왕갈비탕",광주 동구 제봉로212번길 2 1층,062-224-2490,11:00 - 22:00,매주 월요일,없음
183996,만순주가,광주,,,"양꼬치 10개, 양다리",광주 광산구 월곡중앙로 39,062-954-3318,,,있음
183997,만원의행복 금호점,광주,,,"돼지 막창, 소막창",광주 서구 금화로103번길 19,062-383-2738,,,없음
183998,만월,광주,,,"브런치-샌드위치, 우유케이크","광주 서구 천변좌하로 504 카페 만월(1,2층)",010-4055-4401,10:00 - 24:00,없음,있음
184000,만인각 광주양동,광주,,,"짜장, 짬뽕",광주 서구 독립로185번길 5,062-361-7577,11:00 - 21:00,매주 일요일,없음
184001,만인정육점식당,광주,,,"생삼겹살, 대패삼겹살",광주 서구 금화로103번길 27,0507-1442-0444,14:00 - 22:00,격주 일요일,없음
184002|424468,만조성 상무점,광주,35.145833333333,126.84333333333,"소고기짜장면, 우동",광주 서구 상무공원로 14,062-383-8333,10:00 - 20:30,없음,없음
184004|424470,만쥬하나 광주본점,광주,35.1482704,126.9183622,"와플, 델리만쥬",광주 동구 중앙로 180,062-419-2928,,,없음
184005,만찬회초밥 도시,광주,,,"특초밥 도시락(1인기준), 회&초밥 도시락",광주 서구 금부로95번길 25,0507-1427-9899,,,없음
184006,만찬코다리 봉선점,광주,,,"코다리찜, 동태전골",광주 남구 봉선중길 2,0507-1448-8835,10:00 - 22:00,매주 월요일,있음
184007,만찬코다리찜 광주매곡동,광주,,,코다리정식,광주 북구 중외길 32,0507-1496-5333,10:00 - 22:00,매주 월요일,있음
184008,만춘상회,광주,,,모듬전,광주 광산구 풍영철길로 15,062-956-7662,16:00 - 01:00,없음,없음
184009,만취 광주지산동,광주,,,스키야키나베,"광주 동구 필문대로287번길 15-5 1층,2층(지산동)",0507-1310-1715,17:30 - 01:30,매주 일요일,없음
184011,만평산장,광주,,,"촌닭 백숙(대), 촌닭 백숙(중)",광주 북구 무등로 1540,062-266-4477,,,없음
184012,만평생오리구이,광주,,,"오리탕, 오리구이",광주 동구 제봉로17번길 9,062-223-3666,,,있음
184022,말고기전문흑마,광주,,,"한라산코스, 흑마스페셜코스",광주 서구 2순환로 2348 1층,0507-1498-5007,11:00 - 22:00,없음,있음
184023,말랑말랑쫀득쫀득,광주,,,"떡볶이, 오뎅",광주 북구 우치로27번길 38,062-511-1766,,,없음
184024|424488,말리화반점,광주,35.1467207,126.9225365,"짜장면, 짬뽕",광주 동구 제봉로82번길 13-5,062-223-9979,11:00 - 21:00,매주 월요일,있음
184027,말바우국밥,광주,,,"새끼보국밥, 막창국밥",광주 북구 동문대로97번길 3,062-262-4282,,,없음
184029,말바우먹거리,광주,,,백반,광주 북구 서방로73번길 5,062-521-1372,,문의화전,없음
184030,말바우생선구이,광주,,,"굴비정식, 고등어구이",광주 북구 서방로73번길 9-1,0507-1303-3778,08:00 - 21:00,없음,있음
184031,말바우숯불구이,광주,,,"통삽겹살, 통갈매기살",광주 북구 서방로63번길 23,062-453-0453,,,없음
184036,말캉,광주,,,"Macaron, 밀크티",광주 광산구 월계로 223-22 윤진리안채 1층,0507-1399-2421,11:00~20:00,"매주 월요일, 일요일",없음
184037,맑은물청둥오리,광주,,,"청둥오리, 생삽겹살",광주 북구 군왕로 141,062-268-5292,10:00 - 22:00,없음,없음
184038,맑은바람,광주,,,"아메리카노, 까페라떼",광주 북구 석곡로 130,062-261-5576,,,없음
184039,맘스케이크 광산선운점,광주,,,"왕카롱, 바나나오믈렛",광주 광산구 선운로20번길 46,0507-1447-3090,08:30/09:00~17:00/20:00,공휴일,있음
184040,맘스케익 광주서구점,광주,,,"딸기오믈렛, 청주초코마블",광주 서구 내방로211번길 3 1F,062-376-1117,10:00~22:00,없음,없음
184041,맘스케익 광주1호점,광주,,,"맘스 프레즌트 세트, 치즈 오믈렛",광주 북구 용두택지로 34-1 1층,0507-1421-8191,10:00~23:00,"매주 일요일, 월요일",있음
184043|424507,맘스쿡,광주,35.149000499722,126.9248924,"금상주먹밥세트, 불닭덮밥",광주 동구 동계천로 143,062-233-1233,11:30 - 20:00,매주 월요일,없음
184044,맘스터치 광주동천점,광주,,,"갈릭바베큐치킨버거 세트, 어메이징매콤마요버거 세트",광주 서구 유림로 100,050-7982-5131,11:00 - 23:00,없음,없음
184045,맘스터치 광주화정점,광주,,,"갈릭바베큐치킨버거 세트, 어메이징매콤마요버거 세트",광주 서구 월드컵4강로 92,050-7744-9282,11:00 - 22:00,없음,없음
184046,맘스터치 광주풍암점,광주,,,"싸이플렉스버거, 언빌리버블버거",광주 서구 풍암2로 20,062-675-3536,11:00~22:00,없음,있음
184047,맘스터치 문흥점,광주,,,"싸이플렉스버거, 언빌리버블버거",광주 북구 대천로 140-8,062-265-0082,11:00~22:00,없음,있음
184048,맘스터치 봉선점,광주,,,"싸이플렉스버거, 언빌리버블버거",광주 남구 봉선로 176,062-651-9285,11:00~22:30,,있음
184049,맘스터치 양산점,광주,,,"갈릭바베큐치킨버거 세트, 어메이징매콤마요버거 세트",광주 북구 양산택지로 57,062-572-9231,11:00~22:30,없음,있음
184050,맘스터치 운남하남점,광주,,,"싸이플렉스버거, 언빌리버블버거",광주 광산구 사암로340번안길 6 106호,0507-1489-1358,11:00~22:20,공휴일,있음
184051,맘스터치 일곡점,광주,,,"갈릭바베큐치킨버거 세트, 어메이징매콤마요버거 세트",광주 북구 송해로 81 1층,062-576-5045,11:00~23:00,없음,있음
184052,맘스터치주월점,광주,,,"싸이플렉스버거, 언빌리버블버거",광주 남구 회서로22번가길 1,062-651-9233,11:00~22:00,없음,없음
184053,맘스터치 진월점,광주,,,"갈릭바베큐치킨버거 세트, 어메이징매콤마요버거 세트",광주 남구 서문대로 666,0504-0544-2605,10:00~22:00,없음,없음
184054,맘스터치 충장점,광주,,,"싸이플렉스버거, 언빌리버블버거",광주 동구 중앙로160번길 15-2 2층 맘스터치 충장점,0507-1429-3459,11:00~22:00,,있음
184055,맘스터치광주금호점,광주,,,"갈릭바베큐치킨버거 세트, 어메이징매콤마요버거 세트",광주 서구 풍금로171번길 5,062-654-5123,11:00 - 21:30,없음,없음
184056|424520,맘스터치 광주대점,광주,35.108611111111,126.89694444444,"갈릭바베큐치킨버거 세트, 어메이징매콤마요버거 세트",광주 남구 효덕로 280 1층,062-671-0026,10:30 - 21:30,없음,없음
184057,맘스터치광주상무점,광주,,,"갈릭바베큐치킨버거 세트, 어메이징매콤마요버거 세트",광주 서구 치평로 79 상무프라자 맘스터치,062-376-0010,10:30 - 22:30,없음,있음
184058,맘스터치소촌점,광주,,,"갈릭바베큐치킨버거 세트, 어메이징매콤마요버거 세트",광주 광산구 소촌로152번길 1,0504-0544-1187,11:00 - 23:00,없음,없음
184059|424523,맘스터치 송정점,광주,35.1378123266277,126.79367995777,"트리플딥치즈싸이버거, 텍사스바베큐치킨버거",광주 광산구 광산로 14,0504-0544-1188,10:30 - 22:00,없음,없음
184060,맘스터치 수완점,광주,,,"갈릭바베큐치킨버거, 어메이징매콤마요버거",광주 광산구 풍영로200번길 63,062-959-3392,10:30 - 22:30,없음,없음
184061,맘스터치 신가신창점,광주,,,"갈릭바베큐치킨버거 세트, 어메이징매콤마요버거 세트",광주 광산구 왕버들로252번길 15,0504-2015-0638,10:30 - 22:30,없음,있음
184062,맘스터치쌍촌점 광주쌍촌동,광주,,,"갈릭바베큐치킨버거 세트, 어메이징매콤마요버거 세트",광주 서구 내방로161번길 1,062-374-9200,,없음,없음
184063,맘스터치오치매곡점,광주,,,"갈릭바베큐치킨버거 세트, 어메이징매콤마요버거 세트",광주 북구 서하로 187 1층,062-251-5045,11:00 - 22:00,없음,없음
184064,맘스터치운암점,광주,,,"트리플딥치즈싸이버거, 텍사스바베큐치킨버거",광주 북구 황계로55번길 8,062-515-8292,11:00 - 22:30,없음,없음
184065,맘스터치 전남대점 광주용봉동,광주,,,"갈릭바베큐치킨버거 세트, 어메이징매콤마요버거 세트",광주 북구 우치로 92-1 2층,062-251-0900,11:00 - 22:00,없음,없음
184066,맘스터치조선대점,광주,,,"갈릭바베큐치킨버거 세트, 어메이징매콤마요버거 세트",광주 동구 필문대로273번길 32,062-226-1289,10:30 - 21:00,없음,있음
184067,맘스터치 광주첨단점,광주,,,"싸이버거세트, 치킨",광주 광산구 첨단중앙로 96,062-971-9388,10:00~21:30,없음,있음
184068,맘스터치첨단2지구점,광주,,,"갈릭바베큐치킨버거 세트, 어메이징매콤마요버거 세트",광주 북구 첨단연신로 97,0507-1466-1779,10:00 - 22:00,없음,없음
184069,맘스터치 풍향점,광주,,,"싸이플렉스버거, 언빌리버블버거",광주 북구 군왕로 1,062-515-5045,11:00~23:00,없음,있음
184070,맘스터치하남2지구점,광주,,,"갈릭바베큐치킨버거 세트, 어메이징매콤마요버거 세트",광주 광산구 용아로379번길 45,0507-1417-7177,10:30 - 21:40,없음,없음
184071,맘스터치 학동방림점,광주,,,"갈링바베큐치킨버거 세트, 어메이징매콤마요버거 세트",광주 동구 의재로 46 1층 맘스터치 학동방림점,0507-1384-1289,10:00~22:30,없음,있음
184072,맘스터치 호남대점,광주,,,"갈릭바베큐치킨버거 세트, 어메이징매콤마요버거 세트",광주 광산구 선운로 5 2층,062-942-3939,10:30~21:30,없음,있음
184074,강원맛코다리 용봉점,광주,,,"코다리시래기조림 소, 코다리시래기조림 중",광주 북구 저불로 90,062-511-4361,,,있음
184075,맛가 광주누문동,광주,,,"갈치정식, 보리굴비정식",광주 북구 금남로132번길 12-3,062-523-5122,11:00 - 21:00,매주 일요일,있음
184076,맛갈찬감자탕,광주,,,"맛갈찬감자탕 (대), 묵은지감자탕 (대)",광주 광산구 월계로150번길 11,062-453-5060,,,없음
184078,맛고을해남,광주,,,"삼치회, 병어조림",광주 서구 풍암신흥로 83,062-653-9252,,,없음
184079,맛골뚝배기,광주,,,"매운맛 뼈다귀해장국, 감자탕",광주 북구 동문대로 267 맛골뚝배기,062-252-4009,06:00/17:00 - 22:00/23:00,없음,있음
184080,맛골,광주,,,"감자탕, 오겹살",광주 북구 용주로30번길 27,062-266-8621,,,없음
184081,맛과향,광주,,,"비빔밥, 제육볶음",광주 서구 상무공원로 33,062-372-9100,,,없음
184082,맛깔분식,광주,,,"소고기덮밥, 떡볶이",광주 광산구 내상로 45 맛깔분식,062-941-4009,,,있음
184083,맛깔참죽 광주운남점,광주,,,"특전복중, 삼계전복죽",광주 광산구 임방울대로 134,062-531-6288,09:00 - 20:00,매주 일요일,없음
184085,맛깔포차,광주,,,"시그니처 꽃게탕, 묵은지김치찜",광주 광산구 수완로74번길 22 1층,0507-1391-6423,17:00 - 03:00,없음,있음
184086,맛깡패버거,광주,,,"맛 깡패버거, 치즈 깡패버거",광주 서구 상무대로 899-1,062-382-8999,,,없음
184087,맛나수산,광주,,,"바다장어 1kg, 바다장어특大",광주 동구 제봉로194번길 5-7 맛나장어,062-232-4621,10:00 - 22:00,없음,있음
184089,맛나대구랑낙지랑,광주,,,"뽈대구탕, 뽈대구전골",광주 광산구 하남대로54번안길 167,062-954-2798,,,있음
184090,맛나리치킨,광주,,,"치킨, 양념치킨",광주 서구 화정로280번길 1,062-366-9092,,,없음
184091,맛나분식,광주,,,"김밥, 떡볶이",광주 광산구 어등대로665번길 26,010-4699-6015,,,없음
184093,맛나식당,광주,,,"삼겹살, 곰탕",광주 서구 경열로146번길 1-1,062-352-5588,,,없음
184096,맛나찌개나라,광주,,,"김치찌개, 부대찌개",광주 동구 필문대로191번길 5-1,062-228-2251,,,없음
184097,맛나치킨,광주,,,"후라이드, 양념",광주 남구 경열로76번안길 1 맛나통닭,062-366-9423,,,없음
184098,맛나통닭,광주,,,통닭,광주 광산구 산정로 36,062-953-1358,12:00 - 21:30,없음,없음
184100,맛남김밥,광주,,,"맛남라면, 맛남김밥",광주 북구 금재로36번길 46,062-531-5116,07:00 - 21:00,매주 일요일,없음
184101,맛단,광주,,,"한우솥밥우족탕, 왕갈비탕",광주 서구 유덕로6번길 70,0507-1335-7883,10:00 - 20:30,매주 일요일,있음
184102,맛닭꼬 두암2호점,광주,,,"오리지널 현미 베이크, 갈릭 현미 베이크",광주 북구 서방로107번길 76,062-268-5550,,,없음
184103,맛대맛,광주,,,"부대찌개, 김치찌개",광주 남구 효덕로 282,062-675-7466,,,없음
184104,맛도랑,광주,,,"비빔냉면, 물냉면",광주 광산구 선운로20번길 50-1,062-941-2231,09:00 - 15:00/20:00,매주 일요일,있음
184105|424566,맛동산 동명본점,광주,35.149074699722,126.92362149972,"바니닭발, 맛도산부대, 매도리탕",광주 동구 제봉로110번길 16,062-222-1104,,,없음
184106,맛드림김밥나라,광주,,,"참치김밥(김밥의 진리), 떡볶이",광주 북구 자미로 56,062-515-3891,09:00 - 21:30,매주 일요일,없음
184107,맛드림김밥나라 봉선점,광주,,,"김밥, 떡볶이",광주 남구 봉선로 176 1층김밥나라,0507-1335-3891,00:00 - 24:00,없음,있음
184108,맛드림김밥나라  운암2호점,광주,,,"김밥, 참치김밥",광주 북구 북문대로 146,062-528-8883,,의문화전,없음
184109,맛드림김밥나라일곡점,광주,,,"김밥, 참치김밥",광주 북구 설죽로 512,062-573-3891,,,없음
184110,맛드림김밥나라 주월점,광주,,,김밥,광주 남구 서문대로812번길 4-8,062-652-7750,,,없음
184112,맛띠네김밥,광주,,,"한줄김밥, 순두부찌개",광주 북구 안산로 15,0504-0544-3130,09:00 - 21:00,없음,없음
184113,맛미당,광주,,,"생오리로스, 오리탕",광주 북구 양산로 11,062-352-8045,11:00 - 21:30,없음,없음
184114,맛미정,광주,,,"생오리로스, 오리탕",광주 서구 화정로309번길 15,062-352-8045,11:00-21:30,없음,없음
184115,맛보는족족 광주방림동,광주,,,"맛보는 족발(SMALL), 맛보는 족발(MEDIUM)",광주 남구 방림로 10,062-655-6611,,,없음
184117,맛사계절,광주,,,백반,광주 북구 감적길 24,062-264-0202,,,없음
184118,맛삼,광주,,,"생고기, 차돌박이",광주 동구 서석로7번길 6-46,062-226-4133,00:00 - 24:00,없음,없음
184119,맛샘분식,광주,,,"떡볶이, 돈까스",광주 북구 문산로 20-1 상록 아파트,062-251-7806,,,없음
184121,맛없으면환불해주는장군집 광주점,광주,,,"명품 닭볶음탕(1인분+공기밥1개+계란찜), 명품 닭볶음탕(소(2~3인분)+공기밥2개)",광주 광산구 장덕로39번길 16,0507-1311-4372,,,없음
184122,맛에최고집,광주,,,"배추포기김치, 알타리김치",광주 광산구 도산로 29,062-944-4851,09:30 - 21:30,매주 일요일,있음
184123,맛을담다,광주,,,"달콤닭강정, 화끈한닭강정",광주 광산구 용보로 29-1,062-942-8861,,,없음
184124,맛을찾는사람들,광주,,,"생오리로스, 생상겹살",광주 북구 대천로 85,062-264-1230,11:00 - 21:00,없음,없음
184125,맛이만나,광주,,,"갈치조림, 불고기정식",광주 동구 충장로22번길 3,062-232-4535,,,없음
184131,맛있는밥집 쌍촌본점,광주,,,"조기백반도시락(1인분), 불고기 도시락(1인분)",광주 서구 계수로59번길 4,062-385-3450,,,없음
184134,맛있는술집,광주,,,"치킨, 김치우동",광주 광산구 목련로217번길 30,062-953-6912,,,없음
184136,맛있는이모네족발,광주,,,"이모네족발 대, 이모네족발 중",광주 북구 대자로 93,062-352-0508,,,없음
184137,참족발보쌈 조선대점,광주,,,"족발, 보쌈",광주 동구 필문대로295번길 15-10,062-222-7809,,,없음
184138,황소알곱,광주,,,"황소의모든것, 황소막밥",광주 남구 백운로 55,062-464-5792,17:00 -  24:00/01:00,,있음
184139,비비비,광주,,,"플레인, 휘낭시에",광주 동구 지호로 11 1층,0507-1381-5071,12:00 - 19:00,"매주 월요일, 화요일, 수요일, 목요일, 금요일",없음
184140|424600,신나는아구찜,광주,35.1475226,126.8836869,"아구찜, 해물찜",광주 서구 화정로243번길 4 2층,0507-1390-4800,11:30 - 22:00,매주 화요일,있음
184141,맛있는집밥 첨단택지점,광주,,,"김치찌게, 김치볶음",광주 북구 첨단연신로 105,062-574-7133,,없음,없음
184142,맛있는카츠,광주,,,"고구마치즈돈카츠, 치즈돈카츠",광주 북구 우치로100번길 14,062-264-8831,,,없음
184143,맛있는튀김,광주,,,"순대(1인분), 떡볶이(1인분)",광주 남구 군분로 15,062-652-1792,,,없음
184145,맛있는포차,광주,,,"닭도리팅, 닭발",광주 남구 봉선1로37번길 9,062-655-3584,,,없음
184147,맛있는한끼 광주월전동,광주,,,"뷔페, 새우",광주 광산구 원두로 63-1,062-942-4570,11:00 - 13:00,"매주 토요일, 일요일",있음
184148,맛있는황제쟁반짜장,광주,,,"탕수육+짜장1, 탕수육+짜장2+군만두",광주 광산구 소촌로 60,0504-2015-0885,11:00 - 20:00,없음,없음
184150|424609,맛있다 감자탕,광주,35.145555555556,126.84305555556,"맛있다 감자탕(소(2~3인)), 맛있다 감자탕(중(3~4인)), 감자탕, 등뼈찜",광주 서구 상무공원로 13,0507-1429-0365,11:00 - 23:00,없음,있음
184151,맛있다감자탕금호점,광주,,,"맛있다 감자탕(소), 맛있다 감자탕(중)",광주 서구 풍금로 153 1층,0507-1314-6827,11:00 - 23:00,매월 첫째주 화요일,있음
184152,맛있다참치,광주,,,"나홀로 참치(혼저옵서예 170g), 참다랑어 모듬(2인(300g))",광주 서구 상무대로 723 1층,0507-1366-0037,17:00 - 24:00,없음,있음
184153,맛있소소우,광주,,,"차돌된장찌개, 소고기",광주 북구 운용로95번길 25-11 1층,0507-1477-0150,11:00 - 22:00,매주 월요일,있음
184155|424614,맛있으면돼지,광주,35.152211499722,126.7943175,"삼겹살, 항정살",광주 광산구 소촌로86번길 12,062-941-2438,,,없음
184157,맛있타코,광주,,,"타코야끼 오리지널, 타코야끼 치즈",광주 남구 봉선중앙로 57 1층,0507-1463-1624,15:00~24:00,매주 일요일,있음
184159,맛자랑꼬마김밥,광주,,,"꼬마김밥, 참치김밥",광주 서구 월드컵4강로112번길 5-19,0504-2015-0742,07:10 - 21:00,없음,있음
184160,맛자랑아구찜,광주,,,"아구찜(소),아구찜(중)",광주 서구 계수로77번길 3 1층,062-655-9939,11:00 - 22:00,없음,없음
184161,고향맛전집,광주,,,"해물파전, 홍어전",광주 북구 신임로 2-1,062-524-8880,14:00 - 24:00,없음,없음
184163,맛조은쿡,광주,,,"김밥, 돈까스",광주 북구 동문대로 205,062-269-1811,,,없음
184165,영명국밥,광주,,,"모듬국밥, 암뽕순대국밥",광주 광산구 송정로8번길 5,062-942-2727,00:00 - 24:00,없음,없음
184166,맛집장어구이 광주점,광주,,,"패밀리 장어구이+숙회세트(3~4인분), 커플 장어구이+숙회 세트(2~3인분)",광주 서구 금화로73번길 18-2 1층,0507-1396-3235,15:00 - 01:00,없음,있음
184167,맛집한겨례,광주,,,"반계탕, 오리탕",광주 동구 중앙로196번길 11,062-222-0132,11:00 - 21:00,매주 일요일,없음
184168,맛집현아네,광주,,,"돼지갈비 200g, 연탄불고기 200g",광주 서구 운천로204번길 9,062-373-8012,15:00 - 03:00,격주 일요일,없음
184169,맛짱,광주,,,"왕돈까스(곱빼기불가), 왕만두",광주 북구 중흥로 121,0504-0544-0969,09:00 - 21:30,없음,있음
184170,맛짱네,광주,,,"아귀찜 4인, 아귀찜 2~3인",광주 남구 대남대로117번길 4-6 토탈서비스시스템,062-225-9545,12:00 - 20:30,없음,없음
184171,맛짱분식,광주,,,"김밥, 오뎅",광주 남구 봉선1로 14,062-673-4616,,,없음
184174,맛찬들광주상무점 광주치평동,광주,,,"숙성 삼겹살, 숙성 목살",광주 서구 시청로60번길 17-11,062-385-9952,11:20 - 24:00,없음,있음
184175,맛찬들첨단점 광주월계동,광주,,,"숙성 생삼겹살, 숙성 생목살",광주 광산구 임방울대로800번길 11-2,0507-1309-9956,16:30 - 01:30,공휴일,있음
184178,망고식스 광주유촌동,광주,,,"아메리카노, 까페라떼",광주 서구 상무버들로40번길 1,062-383-0960,,,없음
184179,망고식스 광주풍암동,광주,,,"아메리카노(HOT), 아메리카노(ICED)",광주 서구 풍암1로21번길 7 농협중앙회 풍암동지점,062-651-0012,09:00 - 24:00,없음,없음
184180,망월식육식당 광주우산동,광주,,,"생고기, 모듬구이",광주 북구 서방로63번길 18,062-514-4858,,,없음
184181,망향비빔국수 광주치평동,광주,,,"비빔국수, 잔치국수",광주 서구 상무연하로 112 제갈량빌딩 A동 1층 101호,062-383-0888,11:00 - 21:00,없음,있음
184182,맞춤희곡 광주월계동,광주,,,"도시락케이크, 1호케이크",광주 광산구 첨단중앙로67번길 7-11 1층 101호,0507-1478-1260,,,없음
184183,매곡동여의주,광주,,,"바다장어샤브, 바다장어구이",광주 북구 중외길 31 1층,062-571-9110,11:00 - 22:00,매주 화요일,없음
184186,매력한우명품관서방점,광주,,,"갈비탕, 한우우족탕",광주 북구 서방로 83,062-264-7788,,,있음
184187,매력한우명품관아울렛점 광주마륵동,광주,,,"꽃등심, 갈비살",광주 서구 상무대로 627,062-374-5544,11:30 - 22:00,없음,있음
184188,매머드익스프레스 광주수완점,광주,,,"아메리카노, 꿀커피",광주 광산구 장신로 133 삼광빌딩 1층,0507-1351-2038,08:00/09:00~22:00,공휴일,없음
184189,매머드익스프레스 전남대후문점,광주,,,"아메리카노, 카페 라떼",광주 북구 우치로 106 1층,010-4108-3532,08:00/10:00~19:00/21:00,,없음
184190,매머드익스프레스 광주서석점,광주,,,"아메리카노, 까페라떼",광주 동구 제봉로82번길 13 1층,062-233-0506,,,없음
184191,매머드익스프레스 광주장덕점,광주,,,"리얼 자두 에이드, 레몬 셔벗 포멜로 티",광주 광산구 풍영로329번길 19 상가동 1층 103호,062-412-8878,09:00 - 22:00,없음,없음
184192,매머드익스프레스광주화정 광주화정동,광주,,,아메리카노 s,광주 서구 화운로 24 상가4동 지하1층 비101호,0507-1416-9604,09:00 - 22:00,없음,없음
184193,매머드익스프레스상무버들점 광주유촌동,광주,,,"아메리카노, 헤이즐넛커피",광주 서구 상무버들로 20,062-447-9536,08:30/09:00 - 22:00,없음,없음
184196,매운날양푼이매운갈비찜 광주월계동,광주,,,"양푼이 매운갈비찜, 우주선 치즈갈비찜",광주 광산구 첨단중앙로106번길 42,0507-1417-3391,15:30 - 24:00,없음,있음
184197,매운돼지등갈비찜 광주월산동,광주,,,"매운돼지등갈비찜 (1인), 계란찜",광주 남구 군분로 163,062-351-8881,12:00 - 22:30,매주 월요일,없음
184198,매운똥발이,광주,,,"매운오돌이, 매운꼼장이",광주 북구 송해로39번길 18-12 1층,0504-2015-1192,00:00~24:00,없음,없음
184199,불매운닭발과불족발 수기동점,광주,,,"닭발, 족발",광주 동구 천변우로 363-15 1층,062-226-0787,17:00~02:00,매주 일요일,있음
184200,매월415,광주,,,"쌍화차, 수제대추차",광주 서구 개산길 19-44,062-373-6781,11:00 - 22:00,매주 월요일,있음
184205,매월농원 신창점,광주,,,"오리숯불구이 반마리, 오리숯불구이 한마리",광주 광산구 구촌반촌길 242,062-954-5164,,,없음
184206,매월농원 하남점,광주,,,"오리숯불구이 한마리, 오리숯불구이 반마리",광주 광산구 사암로 764-28,062-951-5164,11:30 - 22:00,"격주 화요일, 공휴일",있음
184207,매월민물매운탕,광주,,,"모듬탕, 메기탕",광주 서구 전평길 41,062-385-7775,11:00 - 20:00,"둘째, 넷째 월요일",있음
184208,매월본가,광주,,,"흑염소탕, 오리탕",광주 서구 전평길 41,062-383-3834,,,있음
184209,매월농원,광주,,,"오리숯불구이, 오리죽",광주 서구 전평길 66,062-373-5164,11:30 - 22:00,,없음
184210,매월애,광주,,,"아메리카노, 헤이즐넛아메리카노",광주 서구 전평길 20 매월애,062-716-2345,10:30 - 21:00,,있음
184211,매월자연농원,광주,,,"생오리구이, 오리백숙",광주 서구 전평길 82,062-372-5292,11:00/12:00 - 21:30,,없음
184212,항꾸네추어탕,광주,,,"추어탕, 오리탕",광주 서구 매월2로15번길 16 매월 종합상가 201동 1층 106호107호 (매월동),062-603-0002,07:30 - 15:30,"매주 토요일, 일요일",있음
184213,매월한우촌,광주,,,"한우 모듬구이, 한우 버섯불고기전골",광주 서구 회재로 762,062-227-1285,11:00 - 22:00,,있음
184215,매월화로구이,광주,,,"돼지갈비, 왕소갈비",광주 서구 전평길 20,062-374-8592,11:30 - 22:00,,없음
184216,매월흑염소가든,광주,,,"흑염소탕, 수육",광주 서구 회재유통길 19-24,0507-1300-6665,10:00 - 15:00/20:30,,있음
184217,매일식당,광주,,,"꽃등심, 삼겹살",광주 북구 천변우로283번길 14,062-527-8947,11:00 - 21:30,,없음
184218,매일국밥,광주,,,"감자탕, 뼈해장국",광주 북구 양일로343번길 47-17,0507-1449-5488,10:30 - 21:30,,없음
184219,매일닭집,광주,,,통닭,광주 광산구 송정로8번길 36-4,062-942-2825,11:00 - 22:00,,없음
184220,매일맛집,광주,,,"생선백반, 코다리찜",광주 북구 서하로245번길 16,062-268-1315,,,없음
184221,매일먹고가자,광주,,,"대창, 곱창",광주 북구 군왕로 56,0507-1322-8966,10:00 - 22:00,매주 일요일,없음
184223,매일밥상,광주,,,"성인, 어린이",광주 남구 포충로 612,0507-1317-6145,11:00 - 14:00,매주 일요일,있음
184224|184226,매일묵은지삼겹살,광주,,,"생오겹살, 주물럭",광주 서구 무진대로 967,062-365-9882,,,없음
184225,매일빵긋,광주,,,"국산수제단팥호두팥빵, 샌드위치",광주 동구 계림로30번길 15 푸른길 두산위브,062-222-0095,,,없음
184227,매일식당,광주,,,"백반, 김치찌개",광주 광산구 비아안길 92-14,062-513-0230,,,없음
184229,매일식당,광주,,,"제육쌈밥, 생막창",광주 광산구 송정로8번길 8,0507-1394-7566,10:00 - 24:00,,있음
184230|424669,매일청과,광주,35.135598299722,126.79116,"생딸기우유, 홍시파인애플",광주 광산구 송정로8번길 36,062-941-7606,,,없음
184233,매일팥죽,광주,,,"팥칼국수, 팥죽",광주 북구 동문대로85번길 49,062-269-9665,11:00 - 22:00,공휴일,없음
184234,매일해장국,광주,,,"살고기국밥, 암뽕국밥",광주 서구 운천로184번길 6-1 (쌍촌동),062-373-6608,11:00 - 21:00,매주 일요일,없음
184235,거북이상회,광주,,,"통북어, 육포와 한치",광주 서구 상무대로867번길 12,0507-1444-2273,18:00 - 02:00,,있음
184237,매코미 통닭발,광주,,,"통닭발, 무뼈닭발",광주 북구 중문로9번길 72,062-515-9292,17:00 - 02:00,,없음
184238,매콤쭈꾸미대패삼겹,광주,,,"대패삼겹살, 쭈꾸미삼겹살",광주 동구 무등로 515,062-263-3880,16:00 - 23:00,,없음
184239|424678,매화,광주,35.180717972222,126.81077,"찹살탕수육, 불라짬짜면",광주 광산구 풍영로101번안길 3-6 1층,0507-1367-6588,11:00 - 22:00,매주 월요일,없음
184240,매화골국밥,광주,,,"국밥, 오징어볶음",광주 북구 서하로106번길 4,062-573-9898,,,없음
184241,매화꽃 사주카페,광주,,,"커피, 디저트",광주 남구 서문대로 805-1 102호,0507-1352-1923,10:00~18:00,매주 일요일,없음
184242,매화도회센터,광주,,,"광어회, 우럭회",광주 광산구 남동길48번길 29,062-942-5673,,,없음
184243,맥도날드 광주첨단DT점,광주,,,"베이컨 토마토 에그 머핀 세트, 에그 맥머핀 세트",광주 북구 임방울대로 1048 광주첨단 맥도날드 D/T,070-7017-6465,08:00 - 02:00,,없음
184244,맥도날드 광주산정DT점,광주,,,"빅맥세트, 맥스파이시 상하이 버거 세트",광주 광산구 용아로 251,070-7204-4995,07:00 - 02:00,,없음
184245,맥문동,광주,,,"고소한 옥수수빙빙, 오알라떼",광주 서구 마륵로 24,062-373-0895,11:00 - 22:00/23:00,,있음
184247,맥시두마리치킨,광주,,,"후라이드치킨, 양념치킨",광주 동구 학소로 116,0504-0544-2707,,,없음
184248,맥시칸치킨 첨단점,광주,,,"하림닭강정, 매콤치킨",광주 광산구 월계로 223-20,062-971-2407,,,없음
184249,맥시칸치킨 금호점,광주,,,"하림맥시칸 닭강정, 순살스윗마요강정",광주 서구 운천로100번길 9,062-371-2250,11:00 - 23:00,,없음
184250,맥시칸치킨 주월점,광주,,,"후라이드치킨, 양념치킨","광주 남구 회재로1173번길 40 1층 101호(주월동, 해태아파트)",062-674-3397,14:00~02:00,없음,없음
184251,맥시칸치킨 효천점,광주,,,"후라이드치킨, 양념치킨",광주 남구 효천로 10 1동 1층 119호,062-674-3078,11:00~23:59,없음,있음
184252,맥시칸치킨 두암점,광주,,,"후라이드치킨, 닭강정",광주 북구 밤실로 186 1층,062-267-6443,,,없음
184253,맥주공주,광주,,,"숙성생맥주, 소곱창쌀국수",광주 동구 제봉로110번길 22,010-2907-1942,18:00 - 04:00,,없음
184254,맥주광장,광주,,,"맥주, 오징어",광주 남구 대남대로107번길 7 정읍자원,062-676-6146,,,없음
184255,맥주광장,광주,,,"맥주, 노가리",광주 북구 우치로383번길 12,070-7728-2321,,,없음
184257,맥주광장,광주,,,맥주,광주 북구 대천로 85,062-263-7100,,,없음
184258,맥주당,광주,,,"치즈닭갈비, 고르곤졸라피자",광주 북구 중흥로 104,0507-1353-9490,17:00 - 04:00,,없음
184261,맥주빌라,광주,,,"수제 모둠소세지, 모둠튀김","광주 동구 제봉로82번길 13-14 1, 2, 3층 맥주빌라",0507-1422-7744,17:00 - 01:00/02:00,,없음
184262,맥주선수,광주,,,"과일, 과일샐러드",광주 북구 천지인로 119,062-529-2117,17:00 - 01:30,,없음
184265,맥주세상,광주,,,"맥주, 먹태",광주 광산구 신창로48번길 40,062-959-9292,17:30 - 01:00,매주 일요일,없음
184267,맥주싸롱,광주,,,"코젤 시나몬, 닭똥집튀김",광주 동구 지호로 35,062-232-4849,18:30 - 03:00,매주 일요일,없음
184269,맥주천지,광주,,,"맥주, 치킨","광주 서구 죽봉대로38번길 3 , 2층",062-366-3515,,,없음
184271,맥주타운,광주,,,"맥주, 안주",광주 북구 문산로 84,062-268-2678,,,없음
184272,맥주통,광주,,,"맥주, 먹태",광주 광산구 목련로153번안길 24,062-961-7893,,,없음
184273,맥주하라1988,광주,,,"맥주, 먹태",광주 남구 광복마을길 87,062-674-6424,,,없음
184274,맥주한잔,광주,,,"맥주, 안주",광주 북구 두리봉길 52,062-265-2333,,,없음
184275,맨발,광주,,,"갈치회, 갈치조림",광주 북구 북문대로 158 맨발,062-524-1982,17:00 - 01:00,매주 일요일,없음
184278,맴맴,광주,,,"해물오코노미야키, 야키소바",광주 남구 백서로 76 아크레타 1층 106호 맴맴,0507-1370-8969,12:00 - 01:00,,있음
184279|424718,맷도리,광주,35.150704799722,126.92344199972,"맷도리모듬꼬치, 명란통감자",광주 동구 동명로 18 1층,0507-1338-0031,18:00 - 06:00,없음,없음
184280,맷돌,광주,,,"콩물국수, 콩물",광주 남구 광복마을길 79-3,062-224-8282,,,있음
184281,맷돌영양두유,광주,,,"콩물국수, 두유 그릇으로",광주 동구 밤실로 97,062-263-7472,06:00 - 19:30,매주 월요일,없음
184282,맷돌야외음식,광주,,,제사음식일체,광주 남구 군분로55번길 13-1 우미통닭,062-652-8109,,,없음
184283,맷돌콩물국수,광주,,,"맷돌콩물국수, 전복생우럭탕",광주 북구 본촌택지로 1-1,0507-1381-0508,10:30 - 20:00,,없음
184284,맷돌콩물국수,광주,,,"콩물국수, 콩물포장1리터",광주 북구 비엔날레로 24-1,062-251-7226,10:30 - 20:00,,없음
184285|424724,맷차,광주,35.149627899722,126.92380389972,"맷돌밀크티, 타르트 한판",광주 동구 동계천로 132 101호 맷차,062-413-0303,12:00 - 23:00,없음,있음
184286,머거버거,광주,,,"치즈버거, 에그치즈버거",광주 북구 군왕로 196,062-252-4254,11:00 - 20:00,매주 일요일,없음
184288,머글꼬지,광주,,,"수제닭꼬치 소금구이맛, 문꼬치",광주 광산구 송정로8번길 28,0507-1417-1545,11:00 - 22:00,격주 수요일,없음
184290,머글소고기해장국,광주,,,"한우내장탕, 제주식 소고기해장국",광주 광산구 첨단중앙로152번길 53,0507-1395-9942,06:00 - 16:00/21:00,매주 일요일,있음
184291,머꼬요,광주,,,"든든치킨마요, 든든참치마요",광주 북구 우치로 186,0507-1396-3438,,,없음
184293,카페 머물다,광주,,,"아메리카노, 헤이즐넛 아메리카노",광주 북구 동림용산로 14 1층 카페 머물다,0507-1372-6602,10:00 - 09:00,매주 일요일,없음
184294,머선129포차,광주,,,"꼼장어볶음, 오삼불고기",광주 동구 무등로 497-1 1층,0507-1479-1261,17:30 - 23:59,매주 일요일,없음
184295,머시기쪽갈비 수완점,광주,,,"쪽갈비, 생족발구이",광주 광산구 수완로50번길 19,062-954-2262,15:00~01:00,없음,있음
184296,머시기쪽갈비 마륵점,광주,,,"쪽갈비, 생족발구이",광주 서구 서광주로 182,062-384-0092,,,없음
184297,머시기쪽갈비 무등시장점,광주,,,"쪽갈비, 생족발구이",광주 남구 군분로 8 머시기쪽갈비,062-652-6688,16:00~23:30,공휴일,없음
184298,머시기쪽갈비,광주,,,"쪽갈비, 구운 족발",광주 남구 효우2로26번길 14,062-655-1235,17:00 - 24:00,,있음
184299,머시기쪽갈비 동천점,광주,,,"쪽갈비, 매운닭발",광주 서구 동천로10번길 11 서석대,062-514-8292,,"첫째, 셋째 일요일",없음
184300,머시기쪽갈비 도산직영점,광주,,,"쪽갈비, 치즈퐁듀",광주 광산구 도산로9번길 47,0507-1424-8686,16:30 - 23:00,격주 일요일,있음
184301,머시기쪽갈비 방림점,광주,,,"쪽갈비, 생족발구이",광주 남구 천변좌로574번길 2-1,0507-1365-7676,16:30 - 23:00,,있음
184302,머시기쪽갈비생족발구이 쌍촌본점,광주,,,"쪽갈비, 생족발구이",광주 서구 월드컵4강로181번길 31,062-374-8686,16:30 - 23:00,격주 일요일,없음
184303,머시기쪽갈비 양산점,광주,,,"생족발구이, 쪽갈비",광주 북구 양산택지로 18,062-571-4602,17:00~24:00,"첫째, 셋째 일요일",있음
184304,머시기쪽갈비 용봉점,광주,,,"쪽갈비, 생족발구이",광주 북구 설죽로217번길 4,062-521-1233,16:30~23:00,매주 일요일,있음
184305,머시기쪽갈비 수완흑석점,광주,,,"쪽갈비, 생족발구이",광주 광산구 풍영로101번길 9 1층,062-401-9091,16:30 - 23:30,,있음
184313,먹고가자,광주,,,"회무침, 생선구이",광주 북구 서방로39번길 52-2,062-514-2737,,,없음
184314,먹고또와,광주,,,"김밥, 라면",광주 동구 동계천로 67,062-234-5756,,,없음
184316,먹고싶닭볶음,광주,,,"닭도리탕, 갈치조림",광주 북구 우치로231번길 14 1층,062-264-3330,11:00 - 23:00,매주 일요일,없음
184317,먹고을,광주,,,"오겹살, 김치찌개",광주 서구 쌍학로8번길 4-4,062-401-3577,11:00 - 22:00,,없음
184318,먹고힘내,광주,,,"떡볶이, 라면",광주 광산구 소촌로 90 먹고힘내,062-941-0092,11:00 - 20:00,"매주 토요일, 일요일, 공휴일",없음
184319,먹골식당,광주,,,"삼겹살, 제육볶음",광주 광산구 산정로6번길 16-1,062-955-3221,,,없음
184321,먹다,광주,,,"김치말이찜 먹다세트, 파채닭갈비 먹다세트",광주 서구 상무오월로3번길 14-22 1층,062-385-6664,00:00 - 24:00,없음,없음
184323,먹보돼지,광주,,,"삼겹살, 항정살",광주 북구 중흥로 107,0507-1417-7831,17:00 - 11:00,매주 일요일,있음
184324,먹보식육식당,광주,,,"생고기, 육회","광주 서구 염화로160번길 16-1 ,",062-351-0977,,,없음
184330|424769,먹자판,광주,35.144466666667,126.92941944444,"닭갈비, 콩나물 삼겹살, 콩나물삼겹살",광주 동구 필문대로287번길 24-12,062-234-5999,09:00 - 21:00,매주 토요일,없음
184331,먹태 주월점,광주,,,"먹태, 맥주",광주 남구 대남대로149번길 19,062-673-6225,18:00 - 02:00,,없음
184332,먹태비어바 용두점,광주,,,"먹태, 안주",광주 북구 하서로 421,0507-1418-6605,18:00~02:00,없음,없음
184334,먹태비어바 내방점,광주,,,"먹태, 맥주",광주 서구 월드컵4강로 186-1,0507-1406-1396,18:30 - 01:30,매주 일요일,없음
184335,먹태비어바 첨단2지구점,광주,,,"먹태, 짝태",광주 북구 첨단연신로107번길 5-12,010-7499-0944,18:00~02:00,없음,없음
184336,먼데이오프플리즈,광주,,,"시그니처 포테이토, 페퍼로니 칠아웃",광주 동구 장동로 7,070-4191-0980,15:00~01:00,매주 월요일,있음
184337,먼데이홀리데이,광주,,,"크림페스츄리, 제주말차라떼",광주 동구 장동로 51 1층,0507-1359-3630,12:00 - 22:00,매주 월요일,없음
184339,먼치킨,광주,,,옛날통닭,광주 광산구 우산로 92,062-944-2633,,,없음
184340,멀앤디커피 시리단길점,광주,,,아메리카노,광주 광산구 임방울대로826번길 19-20 보이저첨단 126호,010-8081-9989,09:00/10:00 - 22:30,,있음
184341,멋,광주,,,"샹그리아, 바베큐 윙 봉",광주 서구 상무중앙로34번길 12 1층 멋,0507-1378-9071,17:00 - 02:00,,없음
184342,mung,광주,,,"아메리카노, 카페라떼",광주 광산구 풍영로 229 5층,010-5465-6994,08:00~22:00,없음,없음
184343,멍구네황금마차,광주,,,"닭볶음탕, 병어조림",광주 남구 천변좌로402번길 1,062-234-0909,,,없음
184347,멍시티,광주,,,"아메리카노, 라떼",광주 북구 경열로 227 1층 멍시티,0507-1352-7156,,,있음
184348,멍청이국밥,광주,,,"김치찌개, 된장찌개",광주 광산구 사암로 736,062-954-0722,,,없음
184349,메가MGC커피 광주여대점,광주,,,"쿠키프라페, 메가에이드",광주 광산구 월곡산정로 17,0507-1497-0152,07:30~21:30/22:00,,있음
184350,메가MGC커피 광주518공원점,광주,,,"아메리카노, 퐁크러쉬",광주 서구 상무민주로 99-1 1층,062-381-0035,08:00/09:00 - 22:00,,있음
184351,메가MGC커피 광주금호점,광주,,,"아메리카노, 플레인 퐁크러쉬",광주 서구 금화로 91 1층,0507-1386-2211,08:00/08:30 - 22:00/22:30,,없음
184352|424791,메가MGC커피 광주노대점,광주,35.106111111111,126.90472222222,"큐브라떼, 쿠키프라페, 청도홍시스무디, 그릭요거홍시놀라",광주 남구 효우로 81 1층,062-671-5025,08:00 - 22:30,없음,없음
184353,메가MGC커피 광주동천점,광주,,,"아메리카노, 쿠키프라페",광주 서구 유림로98번길 41 1층,062-521-6871,08:00/09:00 - 23:00,,있음
184354,메가MGC커피 광주말바우점,광주,,,"아메리카노, 퐁크러쉬",광주 북구 동문대로 102 1층,062-263-3387,09:50 - 21:00,없음,있음
184355,메가MGC커피 광주매곡점,광주,,,"큐브라떼, 쿠키프라페",광주 북구 설죽로315번길 42 1층,062-571-9546,07:00 - 21:00,,없음
184356,메가MGC커피 광주문흥점,광주,,,"아메리카노, 메가에이드",광주 북구 서하로 374,062-263-0038,08:00 - 23:00,,없음
184357,메가MGC커피 광주상무중앙점,광주,,,"아메리카노, 쿠키프라페",광주 서구 상무중앙로 57 1층,062-385-0027,08:00/09:00 - 23:00,,있음
184358,메가MGC커피 광주송정역점,광주,,,"아메리카노, 라떼",광주 광산구 상무대로 207,062-944-0033,06:00 - 22:00,,없음
184359,메가MGC커피 광주수완성덕점,광주,,,"메가리카노, 복숭아아이스티",광주 광산구 풍영로 271 1층 메가커피,0507-1481-0122,07:00 - 23:00,,없음
184360,메가MGC커피 광주수완아울렛점,광주,,,"아메리카노, 헤이즐넛아메리카노",광주 광산구 풍영로200번길 75 1층,062-955-3625,08:00 - 23:00,,없음
184361,메가MGC커피 광주수완임방울점,광주,,,"플레인퐁크러쉬, 오션스무디",광주 광산구 임방울대로 215 1층,0507-1432-7596,08:30/09:00 - 23:00,,없음
184362,메가MGC커피 광주신가점,광주,,,"큐브라떼, 쿠키프라페",광주 광산구 신창로 1 동광빌딩 1층,0507-1306-9546,08:00 - 23:00,,없음
184363,메가MGC커피 광주신창점,광주,,,"아메리카노, 쿠키프라페",광주 광산구 신창로 80 1층,0507-1308-8705,08:00/08:30 - 22:00/23:00,,있음
184364|424803,메가MGC커피 광주신창휴튼점,광주,35.1973965,126.83802199972,"아메리카노, 메가리카노",광주 광산구 신창로131번길 10 114호,062-529-9929,08:30/09:00 - 23:00,없음,없음
184365,메가MGC커피 광주양동점,광주,,,"아메리카노, 헤이즐넛아메리카노",광주 서구 천변좌로 260-1,062-365-2100,08:00 - 20:30,,없음
184366,메가MGC커피 광주양산택지로점,광주,,,"아메리카노, 콜드브루",광주 북구 양산택지로51번길 2,0507-1334-3975,08:30/09:30 - 22:30,,없음
184367,메가MGC커피 광주연제점,광주,,,"메가리카노, 복숭아아이스티",광주 북구 양일로 66,062-571-0528,08:00 - 23:00,,없음
184368,메가MGC커피 광주염주점,광주,,,"아메리카노, 큐브라떼",광주 서구 염화로 73 1층,0507-1485-5993,07:30 - 23:00,,없음
184369,메가MGC커피 용봉점,광주,,,"큐브라떼, 쿠키프라페",광주 북구 비엔날레로 93 1층,062-513-1177,08:00 - 22:00,,있음
184370,메가MGC커피 광주용산점,광주,,,"큐브라떼, 퐁크러쉬",광주 동구 용산2로 3 1층 104호,062-233-4511,09:00 - 22:00,"매주 토요일, 일요일",없음
184371,메가MGC커피 광주운남영천점,광주,,,"아메리카노, 쿠키프라페",광주 광산구 사암로340번길 39 1층,062-956-0035,08:00 - 23:00,,없음
184372,메가MGC커피 광주운암벽산점,광주,,,"큐브라떼, 플레인퐁크러쉬",광주 북구 서강로54번길 50 201상가동 106호,062-523-4581,08:00/08:30 - 22:00,,있음
184373|424812,메가MGC커피 광주운암중앙점,광주,35.1792158,126.8738658,"아메리카노, 쿠키프라페",광주 북구 대자실로 22 1층 101호,0507-1400-1235,08:00/09:00 - 22:00/22:20,없음,있음
184374,메가MGC커피 광주일곡점,광주,,,"아메리카노, 라떼",광주 북구 설죽로 506-9,062-572-5505,08:00 - 23:00,없음,없음
184375,메가MGC커피 광주일곡중앙점,광주,,,"아메리카노, 아이스아메리카노",광주 북구 설죽로 545-1,062-571-5268,08:00 - 23:00,,없음
184376,메가MGC커피 광주첨단2지구,광주,,,"아메리카노, 아이스 아메리카노",광주 북구 첨단연신로107번길 19,062-572-0123,08:00~23:00,,있음
184377|424816,메가MGC커피 광주충장로점,광주,35.148569799722,126.91302129972,"아메리카노, 쿠키프라페",광주 동구 충장로 77-1,062-226-5268,08:00 - 23:00,없음,없음
184378,메가MGC커피 광주충장중앙점,광주,,,"아메리카노, 아이스 아메리카노",광주 동구 중앙로 157,062-228-0015,08:00 - 23:00,,없음
184379,메가MGC커피 광주치평점,광주,,,"수박주스, 큐브라떼",광주 서구 상무평화로 89,0507-1381-0115,08:00/09:00 - 23:00,,없음
184380,메가MGC커피 광주평동점,광주,,,"아메리카노, 메가리카노",광주 광산구 평동로 814,0507-1429-0088,07:00/08:00 - 22:00,,없음
184381|424820,메가MGC커피 광주풍암점,광주,35.126971199722,126.8785782,"아메리카노, 메가리카노",광주 서구 회재로 1054,0507-1393-0035,08:00 - 23:00/24:00,없음,없음
184382|424821,메가MGC커피 광주화정현대점,광주,35.1468027,126.88321279972,"아메리카노, 플레인 퐁크러쉬",광주 서구 화운로 24 상가 1동 104호,062-351-0888,08:00 - 23:00,없음,없음
184383|424822,메가MGC커피 광주효천1지구점,광주,35.101111111111,126.87472222222,"아메리카노, 딸기쿠키프라페, 아메리카노HOT, 아메리카노ICE",광주 남구 효천2로가길 20 중흥S에코시티상가162동101호 메가커피,0507-1385-3669,08:00 - 23:00,없음,없음
184384,메가MGC커피 광주흑석점,광주,,,"아메리카노, 라떼",광주 광산구 풍영로 93,062-954-1031,08:00 - 23:00,,있음
184385,메가MGC커피 수완점,광주,,,"아메리카노, 헤이즐넛",광주 광산구 장신로147번길 5-18 103호,062-961-0035,08:00 - 23:00,,있음
184386,메가MGC커피 전대후문점,광주,,,"아메리카노, 큐브라떼",광주 북구 우치로90번길 8,062-261-8899,08:00 - 23:00,,없음
184387|424826,메가MGC커피 조선대점,광주,35.146561111111,126.92821388889,"흑당 버블 그린티, 흑당 버블 밀크티",광주 동구 필문대로273번길 5,062-226-0035,,,없음
184389|424828,메가샵크로플 송정점,광주,35.1370883,126.7922683,"플레인크로플, 아메리카노",광주 광산구 송정로 5,0507-1336-7815,08:00 - 22:30,없음,없음
184390,메가MGC커피 광주운남점,광주,,,"플레인 퐁크러쉬, 쿠키 프라페",광주 광산구 하남대로 282 금강빌딩 1층,062-962-9777,08:00~22:30/23:00,,있음
184391,메가MGC커피 광주학운점,광주,,,"퐁크러쉬, 큐브라떼",광주 동구 의재로 82 1층,0507-1312-8584,08:00~22:00,없음,있음
184392,메가MGC커피 광주계림점,광주,,,"아메리카노, 카푸치노",광주광역시 동구 중앙로290번길 16,062-225-6677,08:00~22:00,없음,있음
184393,메가MGC커피 광주교대점,광주,,,"큐브라떼, 체리콕",광주 동구 필문대로 48 1층,0507-1309-3331,08:00 - 22:00,,없음
184394,메가MGC커피 광주금호종원점,광주,,,"아메리카노, 딸기라떼",광주 서구 화개1로79번길 2,062-651-6944,08:00~22:30,없음,있음
184395,메가MGC커피 광주금호중앙점,광주,,,"딸기라떼, 아메리카노",광주 서구 운천로 58 1층 107호,0507-1494-7813,08:00~22:00,없음,없음
184396,메가MGC커피 광주남구청점,광주,,,"청도홍시스무디, 그릭요거홍시놀라",광주 남구 봉선로 2 1층,0507-1316-3509,,,없음
184397,메가MGC커피 광주농성점,광주,,,"아메리카노, 카페라떼",광주 서구 죽봉대로 42-1 1층,0507-1478-3366,08:00~22:00,없음,없음
184398,메가MGC커피 광주대인점,광주,,,"청도홍시스무디, 그릭요거홍시놀라",광주 동구 제봉로 221,062-222-9460,07:00/08:00~22:00,,있음
184399,메가MGC커피 광주대점,광주,,,"아메리카노, 체리콕",광주 남구 효덕로 289,062-373-2216,,,있음
184400,메가MGC커피 광주동림삼익점,광주,,,"플레인퐁크러쉬, 메가리카노",광주 북구 유림로 168,062-363-6688,07:00~24:00,,있음
184401,메가MGC커피 광주동림점,광주,,,"흑당 버블 밀크티, 쿠키 프라페",광주 북구 북문대로 241,0507-1409-7794,08:00/09:00~22:30,,있음
184402,메가MGC커피 광주동천빛고을점,광주,,,"HOT 아메리카노, ICE 아메리카노",광주 서구 동천로10번길 35-4,062-446-6012,08:00~23:00,없음,있음
184403,메가MGC커피 광주두암밤실점,광주,,,"청도홍시스무디, 그릭요거홍시놀라",광주 북구 밤실로 205 1층,0507-1369-1712,08:00~22:30,없음,있음
184405,메가MGC커피 광주방림점,광주,,,"아메리카노, 메가에이드",광주 남구 용대로 138,062-351-2430,08:00/09:00~23:00,없음,있음
184406,메가MGC커피 광주방림중앙점,광주,,,"아이스아메리카노, 아메리카노",광주 남구 대남대로 65 1층,0507-1444-0818,07:30/08:00~23:00,,있음
184407,메가MGC커피 광주봉선유안공원점,광주,,,"청도홍시스무디, 그릭요거홍시놀라",광주 남구 봉선로 205 1층 103호,0507-1428-5488,08:00~22:00,없음,있음
184408,메가MGC커피 광주봉선점,광주,,,"카페라떼, 아메리카노",광주 남구 봉선중앙로 28,062-653-4820,08:00~22:00,없음,있음
184409,메가MGC커피 광주비아점,광주,,,"메가리카노, 아이스 아메리카노",광주 광산구 비아로 12,0507-1340-0087,07:00~22:00,없음,있음
184410,메가MGC커피 광주선운지구점,광주,,,"청도홍시스무디, 그릭요거홍시놀라",광주 광산구 선운중앙로 56 1층 102호,0507-1350-1319,08:00~22:00,,있음
184411|424850,메가MGC커피 광주소촌점,광주,35.1571807519628,126.792367917667,"아메리카노, 쿠키프라페",광주 광산구 소촌로 144,062-941-5253,08:00 - 22:30,"매주 토요일, 일요일",없음
184412,메가MGC커피 광주송정사랑점,광주,,,"메가리카노, 복숭아아이스티",광주 광산구 송정로 61 1층,0507-1348-1239,08:00~21:00,,있음
184413,메가MGC커피 광주쌍촌점,광주,,,"아메리카노, 쿠키프라페",광주 서구 내방로 247 1층 메가커피,062-383-4885,08:00/8:30 - 23:00,,없음
184414,메가MGC커피 광주양산점,광주,,,"아메가리카노, 복숭아아이스티",광주 북구 하서로 428 1층,0507-1314-3509,07:00 - 22:00,,없음
184415,메가MGC커피 광주운암미라보점,광주,,,"커피, 스무디",광주 북구 북문대로 153 1층,0507-1331-2037,08:00~23:00,없음,없음
184416,메가MGC커피 광주운암시장점,광주,,,"청도홍시스무디, 그릭요거홍시놀라",광주 북구 대자로 64 1층,0507-1478-0724,08:00~22:00,없음,있음
184417,메가MGC커피 광주월곡점,광주,,,"아메리카노, 헤이즐넛 아메리카노",광주 광산구 월곡산정로 91-1,062-955-1177,08:00~23:00,없음,있음
184418,메가MGC커피 광주월산유보라점,광주,,,"사과유자차, 딸기바나나주스","광주 남구 구성로8번길 6 B동 1층 205, 206호",062-365-1235,08:00~22:00/22:30,없음,있음
184419,메가MGC커피 광주유촌점,광주,,,"딸기라떼, 아메리카노",광주 서구 상무버들로 24 1층,062-375-3003,08:00~22:30,없음,있음
184420,메가MGC커피 광주주월점,광주,,,"체리콕, 자몽에이드",광주 남구 대남대로149번길 19 1층,062-417-8585,08:00~22:00,없음,있음
184421,메가MGC커피 광주진곡산단점,광주,,,"큐브라떼, 딸기라떼",광주 광산구 진곡산단2번로 75 1층 104호,0507-1401-8091,07:00/08:00/10:00~17:00/20:00,공휴일,없음
184422,메가MGC커피광주진월점,광주,,,"큐브라떼, 아메리카노",광주 남구 금당로 2,0507-1374-3305,09:00~22:00,없음,있음
184423,메가MGC커피 광주진월효덕점,광주,,,"아메리카노, 딸기라떼",광주 남구 화산로 29,062-674-2800,08:00~22:00,없음,없음
184424,메가MGC커피 첨단쌍암점,광주,,,"쿠키 프라페, 플레인 퐁크러쉬",광주 광산구 첨단강변로 97 1층 103호 104호,062-971-0035,08:00/09:00~23:00,,없음
184425,메가MGC커피 광주첨단점,광주,,,"아메리카노, 카페라떼",광주 광산구 첨단중앙로106번길 11 다음빌딩 1층 103호,0507-1480-1248,07:00~23:00,없음,있음
184426,메가MGC커피 광주풍암신암점,광주,,,"청도홍시스무디, 그릭요거홍시놀라",광주 서구 풍암2로 53 1층,0507-1307-2101,07:30~23:00,없음,없음
184427,메가MGC커피 광주풍암운리점,광주,,,"메가리카노, 복숭아아이스티",광주 서구 풍금로 10,062-654-3313,08:00~23:00,없음,있음
184428,메가MGC커피 광주하남2지구점,광주,,,"딸기라떼, 퐁크러쉬",광주 광산구 용아로379번길 29,062-952-7578,08:00/09:00 - 23:00,,없음
184429,메가MGC커피 광주하남점,광주,,,"아메리카노, 에스프레소","광주 광산구 풍영철길로 15 201-3, 4호",062-961-0012,08:00~20:00/23:00,공휴일,있음
184430,메가MGC커피 광주화정중앙점,광주,,,"아메리카노 아이스, 아메리카노",광주 서구 상무대로1081번길 1,0507-1435-6677,08:00~23:00,없음,있음
184431,메가MGC커피 광주오치점,광주,,,"아메리카노, 카푸치노",광주 북구 설죽로 334,062-266-0035,08:00~23:00,없음,있음
184432,메가MGC커피 전대상대점,광주,,,"아메리카노, 메가리카노",광주 북구 설죽로202번길 64 1층,0507-1337-6245,08:30 - 22:00,없음,있음
184433,메가MGC커피 전대예대점,광주,,,"아이스아메리카노, 아메리카노",광주 북구 용주로30번길 63 1층,062-522-5688,08:00~22:00,없음,없음
184434,메가MGC커피 전대정문점,광주,,,"메가리카노, 아메리카노",광주 북구 자미로 67,062-511-8081,08:00~22:30,없음,있음
184435,메가MGC커피 호남대점,광주,,,"아메리카노, 카페라떼",광주 광산구 선운로 9 1층 101호,062-944-0035,06:30~22:30,없음,없음
184436|424875,메가참치,광주,35.103055555556,126.88833333333,"메가 혼술, 메가 매니아",광주 남구 효우2로26번길 13 제이앤비타워 102호,0507-1399-5335,17:00 - 24:00,매주 월요일,없음
184438,메고지고떡창고 광주중흥점,광주,,,"송편, 떡",광주 북구 서방로 14 1층,0507-1481-0003,08:00 - 23:00,없음,있음
184439,메구,광주,,,"아메리카노, 더치아메리카노",광주 동구 동계천로 135 2층,0507-1348-7687,11:00~18:00/01:00,,없음
184440,메기랑아구랑,광주,,,"메기탕, 메기찜",광주 서구 시청서편로4번길 19,062-381-2828,09:00 - 22:00,,없음
184441,메기사랑,광주,,,"메기탕, 메기찜",광주 북구 하서로523번길 21,062-573-2323,,,없음
184443,메르메르,광주,,,"와인, 치즈",광주 서구 군분로159번길 15-36,0507-1440-0402,11:00/13:00 - 22:00/23:00,매주 일요일,있음
184444,카페메르시,광주,,,"고구마라떼, 초코라떼",광주 남구 광복마을1길 2,062-654-3344,16:00 - 24:00,,없음
184445,메르시마망 키즈카페,광주,,,"감자튀김, 볶음밥",광주 북구 서하로 153 2층,0507-1345-3648,10:00 - 20:00,,있음
184450,메밀꽃,광주,,,맥주,광주 북구 평교로18번길 53-1,062-515-9709,,,없음
184451,메밀꽃필무렵,광주,,,,광주 남구 유안초등북길 11,062-671-9251,11:00/17:00 - 23:00,,없음
184452,메밀당막국수 광주수완점,광주,,,"메밀쌈 숯불고기, 백두산 한우1+ 샤브",광주 광산구 수등로94번길 32-9 1층,062-955-3039,11:30 - 22:00,,있음
184453,메밀소바,광주,,,"모밀국수, 마른모밀",광주 남구 효우2로26번길 24,062-447-8868,,,없음
184454,메밀정원,광주,,,"냉모밀(냉소바), 마른모밀(자루소바)",광주 북구 일곡마을로 173-1,062-573-0900,10:00 - 21:00,격주 화요일,없음
184455,메봉산촌,광주,,,백반,광주 북구 신임로31번길 74,062-529-9991,11:00 - 22:00,,없음
184456,메세지,광주,,,"맥주, 안주",광주 북구 저불로69번길 7,062-515-1311,,,있음
184457,메이,광주,,,"짜장면, 짬뽕",광주 북구 동문대로 280 화물터미널136호,0507-1360-1222,10:00 - 21:00,매주 일요일,있음
184459,메이쇼스시,광주,,,"런치(평일 11:30~14:00), 사시미정식",광주 남구 봉선로 115,062-653-8202,11:30 - 24:00,,있음
184460,메이시앙,광주,,,"찹쌀탕수육, 짬뽕",광주 남구 서문대로 739-1,0507-1489-8884,11:30 - 21:30,매주 월요일,있음
184462,메이웨이 충장,광주,,,"소보로 탕수육, 유린기",광주 동구 중앙로160번길 21,062-227-7999,11:00 - 23:00,,없음
184463,메이홍,광주,,,"찹쌀탕수육, 불짜장",광주 북구 하서로 447,062-572-7100,11:00 - 21:00,"격주 월요일, 공휴일",있음
184465,메종드떼,광주,,,"스페셜 티, 스트레이트 티",광주 남구 백서로 72 1층 메종드떼,0507-1328-7970,12:00~21:00/22:00,"매주 월요일, 화요일, 수요일",없음
184467|424904,카페 메카 금남로점,광주,35.152927699722,126.91144699972,"아메리카노, 라떼, 카페라떼",광주 동구 금남로 161,0507-1407-9247,,,없음
184469,메타포,광주,,,"킹프라운 올리오 피칸테, 살치살 스테이크",광주 남구 백서로 69 1층 메타포,0507-1317-8040,11:00 - 21:00,,없음
184471,메트로 남광주역점,광주,,,"샌드위치, 햄치즈에그",광주 동구 제봉로 1 지하상가 103-1호 메트로 남광주역점,0507-1325-7739,07:00 - 19:00,"매주 토요일, 일요일, 공휴일",없음
184472,메트로 운천역점,광주,,,"햄치즈에그, 햄에그",광주 서구 상무대로 883 역내상가 메트로 샌드위치,0507-1363-1993,07:00~19:00,공휴일,없음
184473,멕시카나치킨 광주 첨단점,광주,,,"뿌리고치킨(매콤달콤한맛), 땡초치킨",광주 광산구 월계로 117-21 첨단두산1차아파트상가 106호,0507-964-0015,13:00 - 24:00,,없음
184474,멕시카나치킨 풍암점,광주,,,"뿌리고치킨(매콤달콤한맛), 땡초치킨",광주 서구 풍암순환로 70,0507-964-1824,16:00 - 23:30,,없음
184476,멕시카나치킨 연제점,광주,,,"뿌리고치킨, 땡초치킨",광주 북구 양산제로137번길 21,0507-964-1885,12:00~24:00,,없음
184478,멕시카나치킨 문흥점,광주,,,"뿌리고치킨(매콤달콤한맛), 땡초치킨",광주 북구 문산로 61,0507-964-1615,14:00 - 24:00,,없음
184479,멕시카나치킨 신안중흥점,광주,,,"뿌리고치킨(매콤달콤한맛), 땡초치킨",광주 북구 태봉로 70-1,0507-964-1771,,,없음
184480,멕시카나치킨 신창신가점,광주,,,"뿌리고치킨(매콤달콤한맛), 땡초치킨",광주 광산구 수등로 204,0504-570-4415,11:00 - 24:00,,없음
184481|424918,멕시카나치킨 운암점,광주,35.1781377,126.8740559,"뿌리고치킨(매콤달콤한맛), 땡초치킨, 뿌리고치킨",광주 북구 북문대로103번길 34-1,0507-964-1831,,,없음
184482,멕시카나치킨 유촌점,광주,,,"뿌리고치킨(매콤달콤한맛), 땡초치킨",광주 서구 칠성로 14,0507-964-1884,14:00 - 24:00,,없음
184484,멕시카나치킨 마재금호점,광주,,,"뿌리고치킨(매콤달콤한맛), 땡초치킨",광주 서구 화개1로24번길 10,0507-982-6978,16:00 - 24:00,,없음
184485,멕시카나치킨 임동점,광주,,,"마늘알마니치킨, 모두의마요치킨",광주 북구 신임로 3 멕시카나치킨 임동점,050-7964-1710,14:00 - 24:00,없음,없음
184487,멕시카나치킨 월곡행운점,광주,,,"뿌리고치킨, 땡초치킨",광주 광산구 월곡중앙로 60-9,0507-964-1752,12:00~24:00,없음,없음
184488,멕시카나치킨 진월점,광주,,,"뿌리고치킨, 땡초치킨",광주 남구 서문대로663번길 13,0507-964-1828,,,없음
184489,멕시카나치킨 첨단남부대점,광주,,,"뿌리고치킨, 땡초치킨",광주 광산구 첨단내촌로 35,0507-964-1167,15:00~02:00,없음,없음
184491,멕시카나치킨 광주대효천점,광주,,,"뿌리고치킨(매콤달콤한맛), 땡초치킨",광주 남구 노대실로 26,0507-964-1844,,,없음
184492,멕시카나치킨 두암점,광주,,,"뿌리고치킨(매콤달콤한맛), 땡초치킨",광주 북구 군왕로71번길 34,050-7964-1711,,,없음
184493,멕시카나치킨 방림점,광주,,,"뿌리고치킨(매콤달콤한맛), 땡초치킨",광주 남구 방림로 26,0507-964-1477,10:30 - 24:00,없음,없음
184494,멕시카나치킨 봉선점,광주,,,"뿌리고치킨(매콤달콤한맛), 땡초치킨",광주 남구 봉선1로 27,0507-982-6980,13:00 - 24:00,,없음
184495,멕시카나치킨 송정역점,광주,,,"뿌리고치킨(매콤달콤한맛), 땡초치킨",광주 광산구 송정로29번길 5,0507-964-1335,16:20 - 01:20,,없음
184496,멕시카나치킨 수완점,광주,,,"뿌리새우치킨, 양념치킨",광주 광산구 장신로147번길 6,0507-964-1452,11:30 -  02:00,없음,없음
184497,멕시카나치킨 양산점,광주,,,"뿌리고치킨, 땡초치킨",광주 북구 상촌로 43,0507-964-1545,12:00 - 02:00,없음,없음
184500,멕시카나치킨 우산문흥점,광주,,,"뿌리고치킨(매콤달콤한맛), 땡초치킨",광주 북구 평교로 8,0507-964-0008,14:00 - 24:00,,없음
184501,멕시카나치킨 장덕점,광주,,,"뿌리고치킨(매콤달콤한맛), 땡초치킨",광주 광산구 장신로50번길 11 1층 (장덕동),062-954-9979,,,없음
184502|424939,멕시카나치킨 화정점,광주,35.1427799,126.87562169972,"뿌리고치킨(매콤달콤한맛), 땡초치킨, 뿌리고치킨",광주 서구 염화로 103,0507-964-1928,,,없음
184503,멕시카나치킨 치평점,광주,,,"마늘알마니치킨, 모두의마요치킨",광주 서구 마륵로 122-1,0507-964-1785,,,없음
184504,멕시카나치킨 흑석점,광주,,,"뿌리고치킨(매콤달콤한맛), 땡초치킨",광주 광산구 풍영로101번안길 6,062-955-0077,16:00 - 02:00,,없음
184505,멕시칸치킨 하남중앙점,광주,,,"닭강정, 순살 세트8",광주 광산구 산정로 25,0504-458-0198,14:00 - 02:00,매주 월요일,없음
184506,멕시칸라이브그릴 남구점,광주,,,"산체스 콤보파히타, 타코",광주 남구 용대로 155,062-400-0525,,,없음
184507,멕시칸라이브그릴 광주북구점,광주,,,"부리또, 퀘사디아",광주 북구 설죽로 419 114동 상가동 B106호,062-574-2345,,,없음
184509,멕시칸치킨 광주신안동,광주,,,"마늘양념치킨, 후라이드치킨",광주 북구 중흥로 74,062-511-8472,,,없음
184510,멕시칸치킨 용봉점,광주,,,"닭강정, 순살 후라이드",광주 북구 용주로30번길 69 1층,062-528-8999,11:00 - 02:00,,없음
184511,멘무샤 충장NC웨이브점,광주,,,"돈코츠라멘, 미소라멘",광주 동구 중앙로 163 9층,062-718-9597,11:00 - 22:00,없음,있음
184513,멘야마쯔리 상무점,광주,,,"화산라멘, 마제소바",광주 서구 시청로 57 1층 멘야마쯔리,062-382-1988,11:00 - 21:00,매주 월요일,있음
184514,멘타루,광주,,,"돈코츠라멘, 미소돈코츠라멘",광주 남구 제중로46번길 13 1층 멘타루,0507-1358-2289,11:00~17:00,"매주 월요일, 공휴일",없음
184515,멜로먼트,광주,,,"아메리카노, 바닐라빈라떼","광주 광산구 여대길 303 상가 103, 104호",062-952-5662,10:00~22:00,"둘째, 넷째 일요일",있음
184516,멜로쿠키,광주,,,"미니쿠키, 수제 크림치즈",광주 광산구 신창로35번길 93 멜로쿠키,0507-1477-6569,10:00 - 16:00/20:00,공휴일,있음
184517,멜리플루어스,광주,,,"모듬안주, 칵테일",광주 서구 상무오월로3번길 22 1층상가 Mellifluous,062-461-4555,19:00~02:00,매주 일요일,없음
184520,멜팅버터,광주,,,"아메리카노, 생딸기라떼",광주 북구 서양로 21 상가 1층,0507-1417-1050,12:00 - 20:00,매주 일요일,없음
184521,멜팅투나잇,광주,,,"페퍼로니피자, 이베리코 꽃목살 파스타",광주 남구 서문대로749번가길 20,062-413-6456,11:30 - 21:30,매주 일요일,없음
184522,면사무소,광주,,,"양장피, 해물덮밥",광주 남구 진다리로40번길 2,0504-0544-2614,09:00 - 21:00,,없음
184523,육전면사무소 광주쌍촌점,광주,,,"마약사골칼국수, 바지락칼국수",광주 서구 금호운천길 103 1층,0507-1433-1781,11:30 - 23:00,매주 일요일,없음
184524,면사무소,광주,,,"잔치국수, 매실비빔국수",광주 북구 우치로 182,062-265-2110,,,없음
184528|184541,명가원,광주,,,"명가원 맞찬, 명가원정식, 명가원 정식",광주 서구 상무시민로 97-5 서영빌딩,0507-1405-8816,11:00 - 21:30,,있음
184529,명가,광주,,,"한우 된장 샤브샤브, 생갈비 김치찜",광주 서구 내방로350번길 10,062-351-8988,11:00 - 15:00/21:00,"매주 일요일, 공휴일",없음
184530,명가왕족발,광주,,,"전통족발 앞족, 반반세트",광주 북구 하서로 421,0504-2015-1459,12:00~24:00,없음,없음
184531,명가나주곰탕,광주,,,곰탕,광주 남구 봉선1로 114,0507-1381-6267,09:30 - 21:00,,없음
184532,명가네도시락,광주,,,도시락,광주 광산구 신창로33번길 21-10,062-959-2060,10:00 - 12:00,,없음
184534,명가돌솥설렁탕명가2호점,광주,,,"돌솥설렁탕, 명가설렁탕",광주 서구 상무화원로32번길 9,062-372-8255,09:00 - 24:00,,없음
184535,명가맛닭,광주,,,"유황백숙, 닭도리탕",광주 광산구 단전2길 10,062-954-6150,,,없음
184536|184538,명가바지락칼국수,광주,,,"칼국수, 만두",광주 북구 문화소통로 254-1,062-251-4455,,,없음
184537,명가포차생태한마리,광주,,,동태한마리,광주 서구 내방마을2길 3,062-376-8007,11:00 - 22:00,매주 일요일,없음
184539,명가원,광주,,,"메기 매운탕, 우럭탕",광주 남구 중앙로 34-1,062-352-8800,,,없음
184542,명가원쟁반짜장,광주,,,"백 짬뽕, 물없는 짬짜면",광주 광산구 금봉로 99,062-944-9440,10:00 - 21:00,,없음
184543,명가팥죽,광주,,,"팥죽, 바지락칼국수",광주 북구 북문대로242번길 9,062-515-8680,,,없음
184545,명가홍식당,광주,,,"한우생고기, 순두부백반",광주 서구 경열로14번길 3,062-365-3388,,,없음
184546|424981,명당,광주,35.1488901,126.92318469972,"된장수육과 갓김치, 차돌박이전골, 된장수육",광주 동구 장동로 9-1,010-7463-5432,18:00 - 03:00/04:00,없음,없음
184547,명대패 쌍촌,광주,,,"옛날 삼겹살, 명대패",광주 서구 상일로 8-1,062-372-0880,11:30/16:00 - 23:00,매주 일요일,없음
184548,명덕식당,광주,,,설렁탕,광주 동구 중앙로196번길 17,062-222-0517,11:30 - 21:00,,없음
184551,명동보쌈국수 첨단점,광주,,,"보쌈, 국수",광주 광산구 임방울대로800번길 78,0504-2015-0468,11:30 - 22:00,매주 일요일,없음
184552,명동아구찜,광주,,,,광주 서구 화운로23번길 12-6,0504-0999-0299,11:00 - 23:00,,없음
184553,명동우리만두,광주,,,"고기만두(10개), 김치만두(10개)",광주 광산구 송도로 155,062-945-5050,11:00 - 21:00,,없음
184554|424989,명동찌개마을,광주,35.174657899722,126.9269498,"양푼돼지김치찌개(2~3인분), 양푼돼지김치찌개, 양푼동태탕",광주 북구 동문대로134번길 4,0507-1326-8852,10:30/11:00 - 22:00,매주 일요일,없음
184555,명동칼국수 롯데마트첨단점,광주,,,"명동칼국수, 물메밀칼국수",광주 광산구 첨단강변로99번길 22,0507-1376-5015,11:00 - 20:30,격주 일요일,있음
184556|424991,명랑핫도그 광주송정역점,광주,35.1373253961418,126.792667531845,"마라로제 떡볶이, 크림 떡볶이, 모짜체다 핫도그, 통모짜 핫도그",광주 광산구 광산로 2-4,062-412-9009,,,없음
184557,명랑핫도그 광주문흥점,광주,,,"마라로제 떡볶이, 크림 떡볶이",광주 북구 문산로 30-1 중흥아파트,062-262-1665,,,없음
184558,명랑핫도그 광주일곡점,광주,,,"마라로제 떡볶이, 크림치즈 핫도그",광주 북구 설죽로 503 1층 105호,0507-1415-1665,10:00~23:00,없음,있음
184560,명랑핫도그 월곡점,광주,,,"(New)마라로제 떡볶이, (New)크림 떡볶이",광주 광산구 사암로 252,0504-0544-1376,12:00 - 22:00,,없음
184561,명랑핫도그 광주상무1호점,광주,,,"(New)마라로제 떡볶이, (New)크림 떡볶이",광주 서구 시청로 27 명랑핫도그,062-374-2015,10:00/11:00 - 20:00,격주 일요일,없음
184562,명랑핫도그 화정힐스테이트점,광주,,,"명랑핫도그, (New)마라로제떡볶이",광주 서구 화정로 256,062-366-8596,11:30 - 21:00,격주 일요일,없음
184563,명랑핫도그 금호점,광주,,,"마라로제 떡볶이, 크림 떡볶이",광주 서구 운천로 27-1,062-373-8851,11:30/12:30 - 22:00,,없음
184564,명랑핫도그 광주첨단1호점,광주,,,"(New)마라로제 떡볶이, (New)크림 떡볶이",광주 북구 첨단연신로107번길 29,0507-1401-8031,11:00 - 22:00,,없음
184565|184571,명랑핫도그 용봉점,광주,,,"마라로제 떡볶이, 크림 떡볶이",광주 북구 용봉택지로 38,062-512-7009,11:00 - 22:30,,없음
184566,명랑핫도그 소촌점,광주,,,"마라로제 떡볶이, 크림 떡볶이",광주 광산구 소촌로152번길 30,062-941-4574,11:00 - 21:30,,있음
184567,명랑핫도그 용봉동북부경찰서점,광주,,,"(New)마라로제 떡볶이, (New)크림 떡볶이",광주 북구 서하로 156,0507-1429-3029,10:30 - 22:30,,있음
184568,명랑핫도그 광주진월점,광주,,,"(New)마라로제 떡볶이, (New)크림 떡볶이",광주 남구 서문대로 713,0507-1420-5576,10:30 - 22:30,,없음
184569,명랑핫도그 광주두암점,광주,,,"(New)마라로제 떡볶이, (New)크림 떡볶이",광주 동구 밤실로 154,0507-1433-7896,11:00 - 22:40,,없음
184570,명랑핫도그 광주 수완점,광주,,,"(New)마라로제 떡볶이, (New)크림 떡볶이",광주 광산구 임방울대로 335,062-962-7886,11:00 - 22:30,,없음
184572,명랑핫도그 충장로점,광주,,,"(New)마라로제 떡볶이, (New)크림 떡볶이",광주 동구 충장로 94-9,062-716-0390,11:00 - 23:00,,없음
184573,명랑핫도그 광주운암점,광주,,,"소스보따리, 마라로제떡볶이",광주 북구 서강로 94 1층 103호,062-531-0135,11:00~18:00/22:00,,없음
184574,명랑핫도그 광주학동점,광주,,,"마라로제 떡볶이, 크림 떡볶이",광주 동구 남문로 671 1층 명랑핫도그,062-223-9575,11:00/12:00 - 21:00/22:00,,없음
184576,명랑핫도그 봉선점,광주,,,"명랑 핫도그, 통 모짜 핫도그",광주 남구 봉선중앙로 15,062-655-9482,11:00 - 22:00/23:00,격주 일요일,없음
184577,명랑핫도그 신가점,광주,,,"(New)마라로제 떡볶이, (New)크림 떡볶이",광주 광산구 수등로 245,062-959-8280,12:00 - 22:30,,없음
184578,명랑핫도그 신창점,광주,,,"마라로제 떡볶이, 크림 떡볶이",광주 광산구 신창로 74,0507-1322-0067,11:00 - 21:30,,없음
184579,명랑핫도그 광주첨단2호점,광주,,,"(New)마라로제 떡볶이, (New)크림 떡볶이",광주 광산구 월계로 195,062-971-8530,11:00 - 22:00,,없음
184580,명루관,광주,,,"찹쌀탕수육, 짬짜장(비벼먹는짬짜면)",광주 동구 필문대로192번길 21,0504-0544-8255,09:00 - 21:00,,없음
184581,명륜진사갈비 광주금호점,광주,,,"숯불돼지갈비, 돼지껍데기",광주 서구 풍금로171번길 8-1,062-676-5551,12:00~21:30,,있음
184582,명륜진사갈비 광주송정점,광주,,,"숯불돼지갈비, 후식냉면",광주 광산구 송정로39번길 2,0507-1354-3822,12:00/16:30~22:00,없음,있음
184583,명륜진사갈비 광주양산점,광주,,,"숯불돼지갈비, 소갈비살",광주 북구 양산로 33,0507-1490-2027,16:00~23:00,매주 월요일,있음
184584,명륜진사갈비 용봉점,광주,,,"돼지갈비, 물냉면",광주 북구 저불로 30,0507-1389-1600,12:00/16:00~23:00,,있음
184585,명륜진사갈비 광주운암점,광주,,,"숯불돼지갈비, 계란찜",광주 북구 황계로55번길 34,0507-1376-9277,17:30~24:00,없음,없음
184586,명륜진사갈비 광주첨단1지구점,광주,,,"돼지갈비, 냉면",광주 광산구 임방울대로826번길 69,062-971-1601,16:00/17:00~22:00,매주 목요일,있음
184587,명륜진사갈비 광주수완점,광주,,,"무한리필 숯불돼지갈비, 돼지껍데기",광주 광산구 수완로49번길 36,0507-1373-6330,11:00 - 23:00,,없음
184588,명마족,광주,,,"족발, 보쌈",광주 서구 화개1로79번길 3 103호,062-655-0511,12:00 - 23:59,매주 화요일,있음
184590,명봉식당,광주,,,"김치찌개, 조기매운탕",광주 북구 삼정로3번길 51,062-262-5880,,,없음
184592,명불허전하하주,광주,,,"모듬전(3~4인분), 꿀맛 삼합전(2~3인분)",광주 서구 내방로 208-1 명불허전하하주,062-945-9295,16:00 - 02:00,매주 일요일,없음
184594,고기장터명산 운남점,광주,,,"소갈비살, 돼지막창",광주 광산구 목련로153번안길 46-5,062-955-9255,,,없음
184596,명성식당,광주,,,백반,광주 동구 중앙로 261-1,062-224-7871,,,없음
184597,명성계절한정식,광주,,,"점심특선, 굴비정식",광주 서구 상무대로 722,062-384-9797,10:00 - 22:00,,없음
184598,명성능이버섯백숙,광주,,,"능이버섯 닭볶음탕, 오리로스구이",광주 광산구 도산로9번길 12 1층 명성능이버섯백숙,062-446-0822,11:00 - 21:30,매주 일요일,있음
184601,명성식당,광주,,,"청국장, 백숙",광주 동구 밤실로20번길 21-1,062-227-9440,,,없음
184603,명송생복집,광주,,,"코스, 활어복",광주 서구 치평로 124 케이원오피스타운,062-452-3355,09:00 - 21:30,없음,있음
184611,명인만두광주하남점,광주,,,"만두칼국수, 얼큰떡만두국",광주 광산구 사암로216번길 38-6,062-952-7787,10:30~20:45,,없음
184619,명인면옥 효천점,광주,,,"숯불물냉면, 숯불비빔냉면",광주 남구 임암길 288,062-676-0003,11:00~21:00,,있음
184620,명인면옥 수완점,광주,,,"육삼물냉면, 육삼비빔냉면",광주 광산구 왕버들로 39,0507-1427-6077,11:00 - 21:00,,있음
184629,명지원,광주,,,"생삼겹살, 돼지갈비",광주 동구 구성로 252,062-227-3565,09:30 - 22:00,없음,없음
184630,명지원명가,광주,,,"명지원 한우 갈비살, 명지원 한우 생고기비빔밥",광주 서구 운천로 237 명지빌,062-383-7599,11:30 - 21:30,,있음
184631,명지회관,광주,,,"흑돼지오겹살, 3미리삼겹","광주 광산구 풍영철길로 15 131-1,2 132호",0507-1430-3339,11:30 - 22:00,매주 일요일,없음
184632,명지회관,광주,,,"제주 오겹살, 제주 두텁오겹살",광주 광산구 임방울대로826번길 42 포플레이 6층 502호,010-4464-1333,17:00 - 23:59,,없음
184633,명지회관,광주,,,"제주오겹살, 눈꽃목살스테이크",광주 남구 효우2로26번길 7 백두타위 명지회관1층,0507-1345-3392,16:30 - 23:59,,없음
184634,명진식당,광주,,,"찌개백반, 매운탕",광주 북구 금녕길 18-1,062-267-7108,13:00 - 20:00,,없음
184637,명탐정보드게임카페,광주,,,"아메리카노, 라떼",광주 동구 중앙로160번길 31-12 2층 명탐정보드게임카페,070-8767-8588,11:30/12:00 - 23:50,,없음
184638,명태어장 임동점,광주,,,"매콤명태조림, 돌김게장정식",광주 북구 자동차로 31,0507-1375-1300,10:00~22:00,없음,있음
184639,진짜배기 명태촌 광주풍암점,광주,,,없음,광주 서구 풍암신흥로 20,062-673-6700,11:00 - 22:00,,없음
184641,명품하남초밥,광주,,,"하남초밥(10P), 특하남초밥(10P)",광주 광산구 용아로 403 명품하남초밥,0507-1447-1521,11:00 - 24:00,매주 월요일,있음
184642,명품가마솥소머리국밥,광주,,,"소머리국밥, 소양국밥",광주 서구 풍금로 22 명품가마솥소머리국밥,062-682-6468,09:00 - 15:00/22:00,,있음
184643,명품관,광주,,,"생고기, 육회",광주 광산구 하남대로261번길 10,062-952-9377,11:00 - 22:00,,없음
184645,명품나주곰탕,광주,,,"곰탕, 설렁탕",광주 광산구 임방울대로825번길 73,062-973-0045,,,없음
184648|425082,명품상무팥죽 상무본점,광주,35.145833333333,126.8425,"명품 팥칼국수, 명품 바지락칼국수",광주 서구 마륵로 100,062-385-5711,11:00 - 20:00,,있음
184649,명품상무팥죽 두암점,광주,,,"명품 동지죽, 명품 호박죽",광주 동구 갈마로 50,0507-1336-5711,10:00 - 20:30,,없음
184650,명품상무팥죽,광주,,,"명품 팥죽, 팥칼국수",광주 동구 독립로 268 롯데백화점 광주점 지하1층,062-221-0011,,,있음
184651,명품상무팥죽 하남점,광주,,,"명품 손왕만두(4개), 명품 동지죽",광주 광산구 용아로400번길 30 피크닉몰 1107호,062-716-3303,11:00 - 20:30,,있음
184652,명품수산,광주,,,"특가)완도자연산일반모듬(회+샐러드+초무침+튀김)(소), 특가)완도자연산일반모듬(회+샐러드+초무침+튀김)(중)",광주 서구 화정로 259 1층 109호,0507-1466-0427,15:00 - 02:00,,있음
184653,명품연탄돈구이,광주,,,"대표메뉴 숙성벌집삼겹살, 대표메뉴 숙성돈토마호크",광주 광산구 하남대로54번안길 17 1층,0507-1390-1192,16:00 - 02:00,,없음
184654,명품왕만두앤찐빵,광주,,,"고기왕만두, 왕찐빵",광주 광산구 목련로 80,062-433-2122,11:00 - 22:30,격주 일요일,없음
184655,명품웃거리왕족발,광주,,,"보쌈, 족발",광주 광산구 소촌로 14,062-945-0959,16:00 - 22:00,매주 일요일,없음
184656,명품축산,광주,,,양념돼지갈비,광주 북구 평교로 8 1층 명품축산,0507-1336-5842,10:00 - 22:00,,없음
184657,명품코끼리식당,광주,,,"김치찌개, 된장찌개",광주 서구 군분2로5번길 2-1 1층,0507-1495-9898,11:00 - 22:00,,없음
184658,명품통닭 본촌점,광주,,,"통한마리, 조각후라이드",광주 북구 양산택지로 105 1층 명품통닭,0507-1362-9511,14:00 - 24:00,,없음
184661,명화네전집,광주,,,"모듬전, 홍어삼합",광주 북구 양산택지로 60-8 1층,0507-1434-2302,16:00 - 24:00,매주 일요일,없음
184662,명화식육식당,광주,,,애호박 국밥,광주 광산구 평동로 421,062-943-7760,11:00 - 21:00,매주 일요일,없음
184664,명회루,광주,,,"짜장면, 짬뽕",광주 광산구 목련로153번안길 54-7,062-959-1442,,,없음
184666,명희네분식,광주,,,"김떡튀(김말이3) SET, 참치김밥",광주 광산구 수등로 246,062-951-9900,,,없음
184667,모고커피앤베이크,광주,,,"모고크림라떼, 바닐라빈라떼",광주 서구 계수로52번길 1 1층,0507-1367-9562,10:00 - 21:00,매주 일요일,없음
184668,모구모구,광주,,,"스키야끼 모쯔나베 카모나베 오뎅나베, 부타가쿠니(통삼겹찜)",광주 동구 서석로7번길 6-10 2동 2층 201호 모구모구,0507-1335-9864,17:00 - 01:00,,없음
184669,모꼬지,광주,,,"광어한접시, 도미한접시",광주 서구 상무대로868번길 21-1,010-9201-5869,17:30 - 02:00,,없음
184670,모나,광주,,,"아메리카노, 딸기라떼",광주 서구 상무오월로3번길 28-1 1층 (광주광역시 서구 쌍촌동 1273-13),0507-1496-5420,09:00 - 22:00,,있음
184672,모네커피,광주,,,"샌드위치, 아메리카노",광주 서구 금화로 283 스타빌딩 1층,062-371-7235,09:00~23:00,없음,있음
184676,모노라보르,광주,,,"애플크럼블, 아몬드크림라떼",광주 북구 일곡마을로 148 2F,0507-1368-2501,12:00~21:00,매주 월요일,있음
184677,모노바스,광주,,,"차돌짬뽕, 삼선우동",광주 남구 봉선로 205,062-672-2299,11:30 - 21:30,,있음
184678,모닝콜러,광주,,,"파스트라미 샌드위치, 베이컨 크로와상 샌드위치",광주 광산구 수완로9번길 39-9 아름파크1층 모닝콜러,0507-1417-0114,10:00 - 20:00,매주 월요일,있음
184681,모던갤러리,광주,,,"소고기 짬뽕탕, 진소갈비찜",광주 남구 경열로76번길 3,010-5619-3883,17:30 - 01:00,매주 수요일,없음
184683,모던타임즈,광주,,,"생과일쥬스, 도라지즙",광주 동구 제봉로200번길 1-7,062-222-5518,,,없음
184685,모도 다시오다,광주,,,"구름스무디, 인절미팥크로플",광주 서구 상무민주로76번길 8 1층,0507-1340-5322,11:00~04:00,,없음
184686,모도리,광주,,,"토마토카프레제, 백합탕",광주 서구 상무대로868번길 10 1층,0507-1320-6068,18:00 - 03:00,매주 월요일,없음
184687,모도리보쌈,광주,,,"모도리 모둠보쌈, 모도리 육쌈",광주 동구 동계로 38 상가동 모도리보쌈족발,0504-0999-1404,11:00 - 04:00,,없음
184688,모도리보쌈족발,광주,,,"족발, 보쌈",광주 서구 화운로220번길 14,062-352-7779,,,없음
184689,모도리보쌈족발 양산점,광주,,,"모둠보쌈, 족발",광주 북구 연양로7번길 53,0507-1458-3413,11:00~02:00,,없음
184690,모두가,광주,,,"고기교자, 매콤교자",광주 동구 동계천로 171 1층,010-2041-3800,11:00 - 21:00,매주 화요일,없음
184691,모두랑하우스,광주,,,"제육볶음, 김치찌개",광주 북구 설죽로214번길 104,062-512-3563,,,없음
184692,모두랑,광주,,,"백숙, 낚지볶음",광주 북구 대자실로 14,062-511-7787,,,없음
184694,모두의곱창 광주서구점,광주,,,"직화 야채곱창, 훈제 마늘막창",광주 서구 화정로 106-17 백일대주아파트 상가,0507-1388-7972,17:00~24:00,매주 월요일,없음
184695,모두의곱창 광주광산점,광주,,,"곱창, 막창",광주 광산구 왕버들로252번길 46 상가 103호,0508-8186-1101,,,없음
184696,모두의김밥,광주,,,"모두김밥, 치즈김밥",광주 북구 양산택지로 120,062-575-1736,,,없음
184701,모드니,광주,,,"아메리카노, 곡물우유",광주 동구 동명로14번길 19 1층,010-2320-5005,12:00 - 19:00,매주 화요일,없음
184704,모든튀김,광주,,,"후라이드치킨, 양념치킨",광주 서구 매월2로 53,062-603-0005,,,없음
184709,모란창평국밥,광주,,,"내장국밥, 머리국밥",광주 동구 성촌길 21 모란창평국밥,062-433-9898,09:00 - 21:00,,있음
184710,모랑고 카페,광주,,,"네스프레소 커피, 디저트",광주 북구 고운로 42,0507-1442-1444,08:00~22:00,,없음
184711,모랑과자점,광주,,,"아메리카노, 바닐라빈마들렌",광주 북구 자라봉로 33-1 상가 1층 모랑과자점,0507-1343-2362,10:00 - 19:00,"매주 일요일, 월요일",없음
184713,모려담월곡점,광주,,,"황태떡국, 굴국밥",광주 광산구 월곡로 37,062-956-6636,,,없음
184714,모리사코,광주,,,"Signatures, latte",광주 북구 용봉로28번길 2,0507-1314-2818,11:00/12:00~20:00,매주 토요일,없음
184715,모리셔스브라운 광주신창점,광주,,,"모리셔스브라운 밀크티, 피치 플레시 에이드",광주 광산구 장신로 255 호연빌딩 101호,062-956-7008,08:00/09:00 - 23:00,,없음
184716,모리화,광주,,,,광주 서구 풍금로 31-1,062-652-8552,10:00/11:00 - 21:00,,없음
184717,모링,광주,,,"바닐라라떼, 레몬타르트",광주 남구 백운로5번길 43 1층,0507-1498-5789,12:00~21:00,매주 화요일,없음
184718,카페 모먼트,광주,,,"크로플, 아메리카노",광주 광산구 평동로766번길 12,0507-1310-5266,09:00~16:00/16:30,매주 일요일,있음
184719,모모,광주,,,"광어&명란구이, 모듬사시미",광주 광산구 임방울대로826번길 42 1~2층 108호,0507-1338-5678,17:00 - 03:00,,있음
184720,모모101,광주,,,핫도그,광주 서구 상무버들로 45 상가 101호 디저트,0507-1365-9939,12:00/13:00 - 18:00/20:00,,없음
184721,모모닭강정 도산점,광주,,,"닭강정(대), 닭강정(중)",광주 광산구 송도로182번길 16-3,062-945-5799,14:00 - 22:00,매주 일요일,없음
184724,모모스테이크 충장점,광주,,,"토시살스테이크, 삼겹스테이크",광주 동구 중앙로160번길 31-2 2층 모모스테이크 충장점,062-224-2800,11:00~21:30,없음,없음
184725,모모야 광주첨단점,광주,,,"히레카츠, 로스카츠",광주 광산구 임방울대로826번길 47 더시너지 첨단 1층 모모야,062-972-5878,11:00 - 21:30,,있음
184727,모모정 광주유스퀘어점,광주,,,"화로구이 정식, 나가사끼 홍우동",광주 서구 무진대로 904,062-366-4541,,,있음
184728,모모코코,광주,,,"시그니처밀크티, 타로밀크티",광주 동구 서석로85번길 8-8 대의동 30-1,0507-1456-7739,09:30~17:00/20:00,"매주 일요일, 공휴일",있음
184729,모미지,광주,,,"모미지 모듬회, 생연어 사시미",광주 서구 풍암2로53번길 4-1 1층모미지,062-671-9922,17:00 - 23:00,매주 일요일,없음
184730,모밀맨 광주월산동,광주,,,"모밀국수, 오새모밀",광주 남구 군분로109번길 9 1층모밀맨,0507-1395-0516,11:30 - 21:00,매주 일요일,없음
184731,모밀촌,광주,,,"온모밀, 마른모밀",광주 서구 풍암순환로128번길 79,062-671-2005,11:30 - 20:30,없음,없음
184732,모밀하우스 광주용봉동,광주,,,"온모밀국수, 냉마른모밀",광주 북구 설죽로 305 모밀하우스,062-573-7033,11:00 - 21:00,,있음
184734,모소,광주,,,"샤브샤브, 스키야키",광주 북구 동운로201번길 13-8 1층 모소 샤브샤브 스키야키,0507-1356-1865,11:30 - 22:00,매주 월요일,있음
184736,모스케이크,광주,,,"주문케이크, 크림도넛",광주 서구 상무대로876번길 13 1층 모스케이크,0507-1407-0099,,매주 월요일,없음
184737,모스크바,광주,,,"술, 안주",광주 광산구 첨단중앙로106번길 50,062-972-2128,,,없음
184738,모아매력한우명품관,광주,,,"비빔밥, 애호박찌개",광주 서구 금화로 240,062-682-3399,,,없음
184739,모아순대국밥,광주,,,"암뽕순대국밥, 모듬국밥",광주 남구 용대로 145 상가 3동 1층 112호,062-674-4940,11:00 - 21:30,매주 월요일,있음
184740|425170,모아식육식당,광주,35.152166399722,126.79361149972,"토시살, 안창살",광주 광산구 소촌로86번길 5,062-945-6577,,,없음
184741,모아원조국밥,광주,,,"옛날국밥, 머리국밥",광주 남구 봉선중앙로47번길 10,062-652-9879,,,없음
184742,모아원조국밥,광주,,,"머리국밥, 순대국밥",광주 동구 학소로86번길 2,062-234-0510,09:30 - 22:30,,없음
184744,모앗인커뉴,광주,,,"Brewing, CaffeVanilla",광주 동구 백서로 211 동구 서석동 12-5번지 1층,0507-1329-9038,12:00~21:30,"매주 화요일, 공휴일",없음
184747,모어레스 송정점,광주,,,"자몽에이드, 패션망고 에이드",광주 광산구 송정로 15 1층 모어레스카페,010-2267-1190,08:00~22:00,없음,있음
184748,모어레스 양림,광주,,,"아메리카노, 카페라떼","광주 남구 백서로 76 아크레타양림 1층, Moreless cafe",070-7543-6066,09:00 - 22:00,,있음
184749,모어레스 전대점,광주,,,"망고바나나스무디, 히비스커스에이드",광주 북구 우치로 118 Moreless cafe 1층,070-8691-4557,08:00 - 22:00,,없음
184750,모와분식식당,광주,,,"김밥, 라면",광주 광산구 고봉로 821,062-952-8970,,,없음
184751,모이세,광주,,,"생오겹살, 소갈비살",광주 서구 운천로184번길 7,062-373-8250,,,없음
184752,모이세분식,광주,,,백반,광주 북구 무등로 239,062-522-2002,,,없음
184753,모정,광주,,,"생오리로스, 오리탕",광주 북구 오문로 236,062-261-5279,11:30 - 21:30,매주 일요일,없음
184754,모정,광주,,,"갈치구이, 고등어구이",광주 광산구 임방울대로216번길 8,062-954-5199,,,없음
184755,모카디벨로,광주,,,"아메리카노, 카페라떼",광주 남구 금화로374번안길 1,062-367-3402,10:00 - 23:00,,없음
184757|420356,모토이시 금호점,광주,35.1326996,126.85812249972,"특상업진살, 소꼬리소금구이",광주 서구 금화로85번길 4-6,0507-1322-7436,17:00 - 02:00,,있음
184758,모토이시 첨단점,광주,,,"양념업진살, 특진갈비",광주 북구 첨단연신로91번길 20-5,0507-1317-7436,17:00 - 02:00/02:30,,있음
184759,모토이시수완점,광주,,,"특상업진살, 늑간살",광주 광산구 수완로 70 1층 모토이시 수완점,0507-1344-7436,17:00 -  02:00,,없음
184760,모퉁이포차,광주,,,"생삼겹, 생오리구이 한마리",광주 북구 대천로157번길 2,062-269-2221,,,없음
184761,모퉁이,광주,,,"아메리카노, 비엔타커피",광주 북구 군왕로 94,062-263-5032,,,없음
184762,모퉁이집,광주,,,"멸치국수, 열무비빔국수",광주 북구 호동로 28-1 2층 모퉁이집,070-4038-2714,11:00 - 19:30/20:00,매주 일요일,없음
184763,모퉁이카페,광주,,,커피,광주 서구 군분로119번길 12 1층,0507-1327-0116,12:00 - 22:00,,없음
184764,모퉁이회포차,광주,,,"생선회, 고등어구이",광주 남구 광복마을7길 14,062-651-7771,,,없음
184765,모티프,광주,,,"풍기트러플크림파스타, 고추장크림파스타",광주 서구 금화로 54 7층 모티프,062-653-2242,11:00/15:00 - 17:00/22:00,,있음
184766,모티프,광주,,,수박주스,광주 서구 상무화원로17번길 2,062-371-2708,10:00/12:00 - 18:00/21:00,매주 일요일,있음
184768,모후산흑염소,광주,,,"흑염소탕, 흑염소수육",광주 북구 송월로 1,062-252-4054,,,없음
184769,목구멍 광주상무점,광주,,,"미박삼겹살, 특목살",광주 서구 시청로60번길 17-7 1층,0507-1398-1400,16:00 - 24:00,없음,있음
184770,목담 미술관,광주,,,수제 요거트,광주 서구 개산길 29-1,0507-1312-9298,12:00 - 18:00,,없음
184771,목돈옥,광주,,,"한근, 커플세트",광주 남구 수박등로5번길 23 1층,062-470-0606,17:00~23:00,"매주 일요일, 공휴일",없음
184772,목동모밀,광주,,,"모밀국수, 유부모밀국수",광주 북구 비엔날레로 109-1,062-515-1216,,,없음
184773,목동모밀 백운점,광주,,,"모밀, 돈까스",광주 남구 독립로 8,062-653-1216,,,있음
184774,목동모밀 주월점,광주,,,"모밀온면, 모밀유부면",광주 남구 서문대로749번길 16,062-655-8383,11:00~20:00,,없음
184775,목련막걸리,광주,,,"해물파전, 두부김치",광주 광산구 목련로153번안길 31 1층 목련막걸리,062-951-0550,,,없음
184776,목로치킨&꼬치,광주,,,"후라이드치킨,순살치킨",광주 광산구 월곡로 36,062-955-6133,,,없음
184777,목로정,광주,,,백반,광주 서구 풍암2로 38,062-681-9242,,,없음
184778,목사골나주곰탕,광주,,,"곰탕, 설렁탕",광주 서구 운천로 105,062-374-9252,,,없음
184779,목사골,광주,,,"대패삼겹살, 차돌박이",광주 광산구 목련로153번안길 24,062-954-6579,16:00~24:00,,없음
184780,목사골 수구레국밥,광주,,,"수구레국밥, 오리탕",광주 북구 중외길25번길 6,062-571-5388,10:00 - 21:00,,있음
184781|425211,목살집,광주,35.125013299722,126.8965033,"목살, 통갈비살",광주 남구 광복마을6길 1,062-655-6179,17:00 - 24:00,매주 일요일,없음
184782,목어카페,광주,,,"커피, 백향과차",광주 동구 충장로46번길 7 1층,0507-1401-1232,,,없음
184783,또래오래 광주상무점,광주,,,"핫뿌레이크, 단짠치킨",광주 서구 상무화원로18번길 3-4,062-382-9258,13:00 - 23:30,,없음
184784,목우촌사골돼지국밥,광주,,,"콩나물국밥, 순대국밥",광주 서구 화개중앙로 71,062-682-9113,10:00 - 22:30,없음,없음
184785,목탄계,광주,,,"숯불 닭다리살, 숯불 무뼈닭발",광주 남구 회서로 20-1 1층,0507-1430-6557,16:00 - 24:00,매주 수요일,없음
184786,목포갯벌낙지,광주,,,"회무침, 한우탕탕이",광주 광산구 왕버들로 113-2,062-959-4477,,,없음
184787,목포갯벌낙지,광주,,,"낙지 회무침, 마른연포",광주 서구 상일로24번길 13-1,062-382-4477,,,없음
184788,목포복집,광주,,,"참복활어지리, 참복생복지리",광주 동구 구성로 150,062-223-8549,,,없음
184789,목포식당,광주,,,"갈치조림, 병어조림",광주 북구 금재로36번길 49,062-528-7875,,,없음
184791,목포왕꽈배기,광주,,,"왕꽈배기, 팥도너츠",광주 북구 서하로 104,062-416-8889,,,없음
184792,목포촌닭한상,광주,,,"한상, 통백숙",광주 북구 설죽로455번길 8-1,062-672-4279,,,없음
184793,목포피자공장 광주2호점,광주,,,"피자L+훈제치킨반마리+콜라500mL+피클1+핫소스2, 피자L+훈제치킨반+스파게티+콜라500mL+피클1+핫",광주 서구 쌍촌로4번길 3-1 1층,0507-1367-9554,16:00 - 04:00,,없음
184794,목포피자공장 운암점,광주,,,"피자, 스파게티",광주 북구 서강로66번길 22-1,062-529-9363,12:00~00:10,,없음
184795,목포피자공장 광주3호점,광주,,,피자,광주 광산구 장신로 306-37,062-418-0909,12:00 - 01:00,,없음
184796,목포항세꼬시,광주,,,도다리 세꼬시,광주 북구 동문대로100번길 17,062-251-9295,16:00 - 24:00,,없음
184797,목하식당,광주,,,"오믈렛, 로제 파스타",광주 동구 동명로25번길 6 1층 목하식당,0507-1314-8904,11:50 - 15:00/21:00,매주 월요일,있음
184798,목화당,광주,,,"찰떡쌈, 꽃당고",광주 북구 첨단연신로108번길 69-22 에코빌리지 1층,0507-1342-1426,12:00 - 21:00,매주 월요일,없음
184799,목화밭,광주,,,"목화짜장, 목화짬뽕",광주 동구 필문대로205번길 19-13,0507-1484-3580,,매주 일요일,있음
184800,목화장,광주,,,"바질알리오올리오파스타, 묵은지두부김치",광주 서구 상무대로868번길 7-1 2층,0507-1352-3364,18:00 - 04:00,매주 일요일,없음
184801,몬도블루,광주,,,"양송이 버섯 크림 파스타, 매콤 불고기 크림 파스타",광주 서구 군분로245번길 1 MONDOBLU(몬도블루) 1층,070-8780-3079,11:00 - 15:00/24:00,"1월 1일, 매달 첫째 월요일",있음
184802,몬드,광주,,,"아몬드 크림라떼, 에그마요 오픈 샌드위치",광주 동구 산수길 15 Mond,0507-1350-2417,10:00 - 22:00,매주 목요일,없음
184803,몬아미,광주,,,"싱글오리진 핸드드립, 아이스 아메리카노",광주 광산구 신창로162번길 30 1층 몬아미,0507-1488-1654,11:00/12:00 - 24:00,매주 월요일,있음
184805,몰드Mold,광주,,,"에스프레소, 아메리카노",광주 북구 호동로 36 1층 몰드,062-269-0414,11:00 - 22:00,,없음
184806,몰디브카페,광주,,,아메리카노,광주 남구 봉선2로 16,062-652-1013,,,없음
184807,몰레디저트카페,광주,,,마카롱,광주 광산구 수완로50번길 42-4 1층 몰레 (MOLLET),010-4145-7836,11:00 - 21:00,매주 화요일,있음
184808,몸에좋은밥상,광주,,,백반,광주 북구 설죽로217번길 6-18,062-512-3700,,,없음
184809,못난감자앤치킨 광주 용봉점,광주,,,"퐁듀치킨, 수제정통치킨",광주 북구 저불로69번길 19 1층 못난감자 광주용봉점,062-512-7888,,,없음
184810,못난이꽈배기 일곡점,광주,,,"꽈배기, 팥도넛",광주 북구 설죽로 545-2,062-572-5252,,,없음
184811,못난이꽈배기 금호점,광주,,,"찹쌀 꽈배기, 찹쌀 팥도넛",광주 서구 운천로 99 못난이꽈배기 금호점,062-674-5520,10:30 - 21:00,매주 금요일,있음
184813|184814,못생긴파닭,광주,,,"치킨, 후라이드파닭, 2마리 순살파닭, 3마리 순살파닭",광주 북구 면앙로139번길 11 1층,0504-0953-0787,,,없음
184817,몽누아카페 조대점,광주,,,"햄 치즈 샌드위치, 에그 샌드위치",광주 동구 필문대로 309 1층 (서석동),062-267-5887,,,없음
184819,몽니,광주,,,"몽니 흑돼지 목살, 몽니 흑돼지 오겹살",광주 서구 염화로160번길 14,0507-1466-9242,17:00 - 23:00,매주 월요일,없음
184820,몽땅계절음식,광주,,,"닭백숙, 병어조림",광주 남구 금당로2길 3,062-672-5533,,,없음
184821,몽땅꼬마김밥 하남점,광주,,,"쫄비빔만두, 즉석 떡볶이",광주 광산구 용아로400번길 30 피크닉몰 1층 1047호,062-953-9780,10:30 - 22:00,,없음
184824,몽땅족발,광주,,,"매운불족, 족발",광주 광산구 첨단내촌로70번길 71 1층,062-972-0882,,,없음
184825,몽마르뜨,광주,,,"커피, 주스",광주 남구 군분로34번길 3 남도떡갈비,062-522-7778,15:00~02:00,,없음
184826,몽마르죠,광주,,,"맥주, 호프",광주 서구 계수로59번길 5,062-381-8288,,,없음
184827,몽마르죠,광주,,,"제육볶음, 두부김치",광주 남구 광복마을4길 9-1,062-671-3153,,,없음
184831,몽실이네 식당,광주,,,"김치찌개, 묵은지 고등어조림",광주 광산구 용아로399번길 76,062-956-1871,11:30 - 22:00,,있음
184832,몽실이케이크,광주,,,도시락케이크,광주 남구 효천2로가길 7 4층 404호,0507-1401-6252,,,없음
184833,몽이의주방 수완점,광주,,,"오뎅많이 옛날떡볶이 도시락, 모짜렐라치즈 올린 옛날떡볶이 도시락",광주 광산구 수완로73번길 35,062-710-3777,,,없음
184834,몽크,광주,,,"맥주, 호프",광주 북구 안산로 40,062-268-9941,,,없음
184839,몽환,광주,,,우대갈비,광주 서구 상무연하로 72 1층 106호,0507-1374-2104,17:00/12:00 - 23:00,매주 일요일,있음
184840,묘미분식,광주,,,"묘미김밥, 돈가스김밥",광주 광산구 광산로89번길 29,062-944-1550,,,없음
184841,무공돈까스첨단지구점,광주,,,"무공돈까스(코돈부르), 치즈돈까스",광주 북구 첨단과기로208번길 43-22 B동 2층 228호,062-975-0460,11:00 - 20:00,매주 일요일,없음
184842,초원갈비,광주,,,"한식, 갈비",광주 동구 동계천로 55-11,062-226-6633,,,없음
184843,무궁화로,광주,,,"꽃갈비살, 안창살",광주 남구 진다리로52번길 1 1층,0507-1381-3343,16:00 - 01:00,,없음
184844,무궁화정,광주,,,"닭백숙, 닭볶음탕",광주 북구 경열사길 20-7,062-269-3000,11:30 - 20:00,,없음
184846,무니케이크,광주,,,"레터링케이크, 디저트",광주 북구 금호로40번길 16 1층,010-4981-1105,11:00~19:00,매주 일요일,없음
184848,무돌주막,광주,,,"짚불오겹살, 청풍무돌동동주",광주 북구 신촌샛강길 120-3,062-266-6086,11:00 - 21:00,"매주 월요일,화요일,수요일,목요일",있음
184851,무드윤,광주,,,"통새우 샌드위치, 레몬에이드",광주 서구 상무대로955번길 17-2 1층 무드윤,0507-1343-0642,10:00/12:00~19:00/22:00,,없음
184852,무드장,광주,,,"차돌박이 쌀국수, 하노이 볶음밥",광주 남구 제중로46번길 3-8,0507-1379-3535,11:30 - 15:00/21:00,매주 월요일,없음
184853,무드카페,광주,,,"무드솔트라떼, 아보카도에그 샌드위치","광주 서구 마륵복개로 147 1층 105호 (상무지구 , 아트빌)",0507-1436-3382,10:00 - 23:00,,있음
184854,무들목장,광주,,,"생고기, 살치꽃살",광주 북구 일곡마을로 15-1,062-574-6401,11:30/16:00 - 22:00,,없음
184855|184878|425285,무등반점,광주,35.133754899722,126.8968416,"짜장면, 탕수육, 세트0(짜장면1 + 탕수육 + 만두), 세트1(짜장면2+탕수육+만두+콜라)",광주 남구 대남대로237번길 24,062-672-1818,10:00 - 20:00,없음,있음
184856,무등골,광주,,,"생 굴 자연산, 산꽃게탕",광주 북구 운용로 65,062-513-2005,11:30 - 22:00,매주 일요일,없음
184857,무등골,광주,,,"엄두릅백숙, 촌닭볶음",광주 동구 의재로136번길 27,062-228-6777,09:00 - 22:00,,없음
184858,신똑순이아구찜전문점,광주,,,"아구찜, 아구탕",광주 남구 진다리로 44-2,062-652-3533,,,없음
184859,무등골곰탕,광주,,,"곰탕, 갈비탕",광주 동구 무등로 398-10,062-222-1502,09:00 - 15:00/21:00,매주 일요일,없음
184860,무등골금호식당,광주,,,"부대찌게 소, 김치찌게",광주 북구 설죽로202번길 75,062-526-3488,,,없음
184862,무등골영양오리집,광주,,,"오리탕, 오리주물럭",광주 북구 삼정로120번길 7 1층,062-264-2022,11:00 - 22:00,,없음
184863,무등골장어구이,광주,,,"장어구이, 장어구이정식",광주 북구 석곡로 622,062-262-3327,09:00 - 21:30,,없음
184864,무등골전집,광주,,,"새우모둠전, 무등골모둠전",광주 북구 북문대로33번길 52,062-521-9994,16:00 - 23:00/24:00,,없음
184867,무등골한우식육식당,광주,,,"안창살, 토시살",광주 북구 양산로 6,062-571-9290,11:10 - 22:00,매주 일요일,있음
184868,무등관,광주,,,곰탕,광주 북구 평교로30번길 18,0507-1347-2682,11:00 - 22:00,,없음
184873,무등돈,광주,,,"뼈등심, 돼지고기",광주 동구 제봉로 116 1층,0507-1347-6548,16:00~24:00,,없음
184875,역전할머니맥주 광주무등시장점,광주,,,"할맥, 역전하이볼",광주 남구 군분로 16,062-651-9999,,,없음
184876,무등반점,광주,,,"탕수육+짜장2+콜라+만두, 탕수육",광주 서구 상무대로868번길 11 1층,0507-1325-1023,10:00 - 20:30,,있음
184879,상무무등반점,광주,,,"짜장면, 짬뽕",광주 서구 상무화원로32번길 33,062-383-6692,,,있음
184882,무등산계곡산장,광주,,,"황칠옻오리, 한방오리",광주 북구 무등로 1570,062-265-4747,,,없음
184883,무등산국밥,광주,,,"막창국밥, 살코기국밥",광주 동구 제봉로17번길 2,062-233-2051,,,없음
184884,무등산꼼장어,광주,,,산꼼장어 소금구이,광주 북구 중흥로 79 1층,062-415-3525,17:00 - 02:00,매주 일요일,있음
184885,무등산닭불고기 풍암본점,광주,,,"닭불고기, 닭볶음탕",광주 서구 풍암운리로23번길 4,062-675-7098,17:00 - 23:00,매주 일요일,없음
184886,무등산영양돌솥밥,광주,,,"영양돌솥밥, 삼계탕",광주 서구 치평로 60,062-373-1080,,,없음
184887|425316,무등산명품민물장어,광주,35.131381972222,126.91807555556,"장어소금구이, 장어탕",광주 남구 용대로 172,0507-1309-9252,11:00 - 22:00,"매달 2,4번째 일요일",없음
184888,무등산민속촌,광주,,,"냉면수육쟁반, 매운돼지갈비","광주 동구 무등로 590 1,2층",0507-1463-2805,11:00 - 14:30/21:00,,있음
184889,무등산버섯,광주,,,"버섯전골, 버섯라면",광주 동구 증심사길30번길 21,0507-1367-7781,11:00 - 20:00,매주 월요일,있음
184891,무등산빵집 광주산수동,광주,,,"잡곡 통밀빵, 옥수수 스콘",광주 동구 동계로 38 대광로제비앙 상가123동 11호베이커리,010-9889-4553,09:00 - 22:00,매주 토요일 일요일,없음
184892,삼학식당,광주,,,"한방오리백숙, 옻닭",광주 북구 무등로 1539,062-266-7360,,,없음
184893,무등산생고기,광주,,,"생고기, 갈비살",광주 서구 상무화원로18번길 2,062-376-9916,11:00 - 21:30,,있음
184894,무등산세꼬시,광주,,,"활어회, 모듬회",광주 남구 중앙로 114 무등산세꼬시,062-653-0573,,,없음
184895,무등산왕구이막걸리,광주,,,백반,광주 광산구 수등로243번길 20-17,062-955-1990,,,없음
184896,무등산장,광주,,,"토종닭백숙, 황칠백숙",광주 북구 무등로 1555,0507-1377-1494,09:00 - 22:00,,있음
184897,무등산 초밥한정식,광주,,,"보리 굴비정식, 무등산초밥정식",광주 동구 무등로 592,062-265-1212,11:00 - 14:00/22:00,,있음
184900,무등산호랭이,광주,,,"청양베이컨 파스타, 조개 파스타",광주 동구 서석로 49 1층 무등산호랭이,0507-1332-0348,11:30 - 15:00/22:00,,없음
184902,바다를담은무등수산,광주,,,"모듬회, 전복",광주 광산구 첨단중앙로182번길 24-7,062-971-7533,12:00 - 24:00,연중무휴,없음
184903,무등시장옛날통닭,광주,,,"옛날통닭, 후라이드치킨",광주 남구 군분로 45,0507-1344-7821,,,없음
184904|425332,무등식당,광주,35.166593399722,126.9167407,"백반, 오리탕, 오리주물럭",광주 북구 독립로 405,062-522-2742,,,없음
184905,무등식당,광주,,,백반,광주 북구 버들로 26,062-522-8618,,,없음
184906,무등식육식당,광주,,,"생삼겹살, 생오리구이",광주 광산구 월곡산정로 93,062-952-3421,10:00 - 22:00,매주 수요일,없음
184907,무등연탄석쇠불고기,광주,,,"연탄석쇠불고기, 해물파전",광주 남구 군분로23번길 3,0507-1377-9311,,매주 수요일,있음
184908,무등오리탕,광주,,,"오리탕 한마리, 오리 로스 한마리",광주 북구 중가로37번길 30-4,062-529-4442,11:00 - 22:30,격주 월요일,없음
184909,무등왕김밥,광주,,,"김밥, 참치김밥",광주 광산구 첨단중앙로170번길 12,062-973-6555,,,없음
184910,무등왕돈까스,광주,,,"왕돈까스, 치즈돈까스",광주 서구 상무자유로 173 벨리카1층,0507-1366-0502,11:30 - 15:00/21:00,,있음
184911,무등왕돈까스 수완점,광주,,,"왕돈까스, 치즈돈까스",광주 광산구 수완로 88 1층,0507-1487-0502,11:30~21:00,공휴일,있음
184912,무등외식산업,광주,,,,광주 남구 백운로44번길 7 신천맨션,062-676-1112,00:30 - 20:00,"매주 월요일, 매달 첫째 일요일",없음
184913,무등정식육식당,광주,,,"제육볶음쌈밥, 육회",광주 서구 상무대로 915-6,062-376-9555,,,없음
184914,무등죽 광주학동,광주,,,"동지죽, 쑥팥칼국수",광주 동구 증심천로 37-2,062-226-6630,11:00 - 14:30,매주 일요일,없음
184915,무등차마루,광주,,,아이스크림 크로플,광주 북구 밤실로 163-3,0507-1424-0979,09:30 - 21:30,매주 일요일,있음
184916,무등추어탕,광주,,,추어탕,광주 남구 군분로33번길 9,062-651-3488,,,없음
184917|425344,무등커피,광주,35.1587733,126.9069616,"무등커피, 바닐라빈 에그타르트, 아메리카노, 바닐라라떼",광주 북구 버들로19번길 40 무등커피,0507-1375-1510,08:00 - 15:00/17:00,매주 일요일,없음
184919,무등콩물 광주두암동,광주,,,"고소한맷돌콩물국수, 쫄깃새알동지죽",광주 북구 면앙로155번길 6 1층,0507-1418-7377,11:00 - 20:10,,없음
184920,무등콩물,광주,,,백반,광주 북구 군왕로18번길 3-1,062-265-7594,,,없음
184921,무등콩물국수 지산점,광주,,,"바지락칼국수, 팥칼국수",광주 동구 지호로 21,062-232-1140,,,없음
184922,무등통닭포차,광주,,,"시장통닭, 후라이 앙념반",광주 남구 군분로 27,0507-1372-5990,12:00 - 24:00,,없음
184924|425349,무등팥죽,광주,35.150241833333,126.89238738889,"팥죽, 팥칼국수, 바지락칼국수",광주 서구 경열로54번길 8,062-361-2973,,,없음
184928,무등하우스,광주,,,"황칠 오리,닭백숙",광주 북구 서하로257번길 1,062-264-4860,09:30 - 22:30,,없음
184929,무등한정식,광주,,,"굴비정식,갈치조림",광주 동구 경양로 266,062-225-1503,,,없음
184930,무등항아리보쌈,광주,,,보쌈 소,광주 북구 청계로 43 1층,062-5235-3820,,,있음
184931,무등회관,광주,,,"갈비탕, 비빔밥",광주 서구 죽봉대로111번길 12,062-364-2746,,,없음
184932,무디디,광주,,,"라떼무디디, 무디디망고",광주 남구 양과동 973,0507-1437-0321,12:30 - 21:00,매주 월요일,있음
184933,무림주막,광주,,,"홍어삼합, 홍어무침",광주 광산구 금봉로 92 우미원룸1층,062-971-5629,14:30 - 01:00,,없음
184934,무명상회,광주,,,오돌뼈,광주 서구 내방로 344 1층,0507-1379-1881,17:00 - 05:00,,없음
184935,무명포차,광주,,,"큐브 불족발, 매콤해산물 볶음우동",광주 서구 상무오월로29번길 21 1층 무명포차,0507-1347-3664,17:00 - 04:00,"매달 첫째, 셋째 월요일",없음
184936|425361,무모한초밥 화정점,광주,35.1438083,126.8863156,"메가초밥, 싱글초밥, 모듬초밥, 연어초밥",광주 서구 금화로383번길 20 1층 101호,0507-1488-7885,11:00 - 14:00/21:00,매주 화요일,있음
184937,무모한초밥 봉선점,광주,,,메가초밥,광주 남구 용대로 142,0507-1422-7879,11:00 - 20:30,,없음
184938,무모한초밥 용봉점,광주,,,"유부초밥,광어초밥",광주 북구 설죽로202번길 17,0507-1442-8999,10:30 -14:00/ 22:00,,있음
184939,무봉리토종순대국 광주하남점,광주,,,"토종순대국, 순대전골",광주 광산구 사암로 748,062-962-6177,00:00 - 24:00,연중무휴,없음
184940,무봉리토종순대국 조선대점,광주,,,"토종순대국, 순대전골",광주 동구 필문대로287번길 29-23,062-223-6784,,,없음
184943,무안갯뻘낙지전문점,광주,,,"산낙지, 세발낙지",광주 광산구 하남대로54번안길 50-2,062-956-8281,,,없음
184944,무안뻘낙지,광주,,,"산낙지볶음, 산낙지회무침",광주 서구 금화로73번길 2-11,0507-1353-0880,10:30 - 23:00,,있음
184945,무안뻘낙지,광주,,,"낙지비빔밥, 낙지볶음",광주 광산구 수등로76번길 39-18,0507-1492-3535,11:30 - 14:00/22:30,매주 일요일,있음
184946,무안뻘낙지전문점,광주,,,"산낙지철판, 산낙지전골",광주 북구 일곡마을로 9,062-575-9518,,,없음
184947,무안수산,광주,,,생선회,광주 광산구 사암로 300,062-952-7124,,,없음
184948|425373,무안요 갤러리 카페,광주,35.1498093406963,126.917611091733,"전통차, 커피, 아메리카노, 카페라떼",광주 동구 중앙로196번길 15-6 무안요갤러리 카페,0507-1449-7901,09:00 - 21:00,매주 일요일,없음
184949,무애세계맥주,광주,,,호가든,광주 서구 상무평화로 128-1,0507-1449-4478,17:00 - 03:00,,없음
184951,무우청,광주,,,"등뼈시래기탕 대, 제육볶음",광주 광산구 첨단내촌로 60,062-971-6620,14:00 - 24:00,,없음
184952,하라커피 무인카페 매월점,광주,,,"아메리카노, 아이스 아메리카노",광주 서구 회재로 829,1566-6035,00:00 - 24:00,,있음
184953,무전여행,광주,,,아메리카노,광주 북구 북문대로 105,062-528-0011,,,없음
184957,무진삼겹살,광주,,,"생삼겹살, 대패삼겹살",광주 북구 중흥로 104,062-529-2582,,,없음
184958,무진장,광주,,,"고등어갈치구이, 아구찜",광주 광산구 풍영정길 29,0507-1317-5227,11:00 - 14:30/21:00,매주 토요일,있음
184960|425385,무진장아구찜 해물탕,광주,35.1431415181904,126.87365341341,"아구찜, 해물탕",광주 서구 염화로83번길 4-27,062-375-3331,10:00 - 22:00,매주 월요일,없음
184961,무진장국밥,광주,,,"콩나물국밥, 머리국밥",광주 광산구 목련로153번길 49-5,062-959-2363,,,없음
184962,무진장 떡볶이,광주,,,"떡볶이, 사리",광주 동구 필문대로287번길 24-14,062-232-8369,10:00 - 19:00,매주 일요일,없음
184963,무진장해물탕,광주,,,"산낙지, 낙지볶음",광주 북구 대천로 15 라인교회,062-267-1782,12:00 - 21:00,,없음
184964,무진장해물탕,광주,,,"아구찜, 해물찜",광주 광산구 목련로273번안길 61,0504-0544-3790,10:30 - 22:00,,있음
184965,무질서,광주,,,"트러플오이비스켓, 크림케이크",광주 동구 충장로 28-1 2층,010-8960-3501,15:00 - 24:00,매주 월요일,있음
184966,무쳐볶아,광주,,,"서대회무침, 간재미회초무침",광주 광산구 도산로 31-1,062-945-3336,,,없음
184967,무침나라,광주,,,"서대무침, 병어무침",광주 서구 월드컵4강로229번길 3,062-373-1170,09:30 - 21:30,,있음
184969,무키무키 용봉점,광주,,,"치킨가라아게, 후토마키",광주 북구 저불로 51 1층,0507-1490-1218,18:00 - 01:00,매주 월요일,있음
184970,무키무키 동명점,광주,,,"연어사시미, 치킨가라아게",광주 동구 제봉로 106 1층 무키무키 동명점,0507-1493-1288,18:00 - 02:00,매주 월요일,없음
184971,무한도전맛집,광주,,,백반,광주 북구 저불로73번길 2,062-515-5866,,,없음
184972,무한리필대패삼겹살,광주,,,"차돌,대패 무한리필,냉면",광주 북구 오산정길19번길 24 101호,0507-1497-0321,16:30 - 23:00,매주 일요일,없음
184973,무한사랑김치찌개 용봉점,광주,,,"김치찌개, 부대찌개",광주 북구 용봉택지로 61,062-524-1070,10:00 - 22:00,매주 토요일,없음
184974,무한식당,광주,,,백반,광주 서구 천변좌로 238,062-351-1178,,,없음
184977,무한지대,광주,,,백반,광주 광산구 송정로29번길 31 보라맨션,062-941-6894,,,없음
184978,묵소 첨단점 무한리필전문점,광주,,,"대패말이, 특수부위돼지",광주 광산구 첨단중앙로182번길 22 1층,0507-1373-9295,12:00~24:00,,있음
184979,육부장묵은지김치찌개,광주,,,"생암돼지 묵은지김치찌개, 닭곰탕",광주 북구 독립로 363,0507-0090-7421,10:30 - 15:00/21:00,연중무휴,있음
184980,묵은지와 생삼겹살이 만났을때,광주,,,"생삼겹살, 제육볶음",광주 광산구 왕버들로290번길 8 묵은지와 생삼겹살이 만났을때,062-959-8892,11:30 - 15:30/22:00,"매달 둘째, 넷째 일요일",없음
184981,묵은집,광주,,,백반,광주 동구 백서로125번길 44,062-229-0957,,,없음
184984,cafe moon,광주,,,"아메리카노, 카페 헤이즐넛",광주 동구 백서로 175,062-223-9454,10:00/11:00~18:00/20:00,,없음
184985,문가 김치찜,광주,,,백반,광주 광산구 월곡반월로 52,062-7912-3368,,,없음
184986,문경정짱뚱어탕전문점,광주,,,짱뚱어탕,광주 서구 화정로309번길 26-2,062-364-3459,09:00 - 16:00,매주 일요일,없음
184987,첨단 문광,광주,,,"통영돌문어숙회, 아롱사태수육",광주 광산구 임방울대로800번길 71 2층 205호,0507-1460-8530,18:00 - 01:00,매주 일요일,있음
184988,문글로우,광주,,,"아메리카노, 카페라떼","광주 동구 동명로67번길 16-7 문글로우 1, 2층",0507-1350-7524,11:00~23:00,,있음
184989,문길목 2호점,광주,,,"반계탕, 순두부찌게",광주 동구 필문대로287번길 23-16 2층,062-232-2586,10:30 - 22:00,"매주 토요일, 일요일",없음
184990,문동치킨,광주,,,"후라이드치킨, 간장치킨",광주 남구 봉선1로47번길 9 대흥상회,062-655-9773,,매주 월요일,있음
184991,문라이즈531,광주,,,"문라이즈 브런치, 아메리카노",광주 북구 삼소로 352 카페 문라이즈 531,0507-1387-5310,10:00 - 22:00,,있음
184992,문리버,광주,,,"하이볼, 한우스테이크",광주 남구 용대로74번길 11 B101호,0507-1344-9241,19:00~02:00,매주 일요일,없음
184993,문산골식육식,광주,,,"한우안창살, 한우살치살",광주 북구 서하로316번길 5,062-251-3813,,,없음
184994,문산곰탕,광주,,,"수육곰탕, 곰탕",광주 북구 문화소통로 318 문산곰탕,062-263-5298,10:30 - 15;00/21:00,매주 일요일,있음
184995,문서방기운센풍천장어,광주,,,"풍천장어구이,장어초벌구이",광주 광산구 임방울대로216번길 6-9,062-951-0592,10:00 - 22:00,,없음
184997,문식당 하루끼니,광주,,,"쭈꾸미, 불삼겹",광주 남구 효사랑길 5 2층,062-652-0274,11:00 - 21:30,매주 화요일,있음
184998,문어랑,광주,,,"문어해물갈비전골, 키조개삼합",광주 광산구 수등로 211 1층 문어랑,062-954-3592,11:00 - 22:00,,없음
184999,문영돼지마을,광주,,,돼지고기,광주 북구 호동로79번길 5,062-269-0270,,,없음
185000,문예식당,광주,,,"소곱창전골, 청둥오리",광주 북구 북문대로33번길 14-9,062-526-5949,11:00 - 14:30/21:00,,없음
185001,문옥,광주,,,"곤드레밥 정식, 시래기밥 정식",광주 북구 일곡마을로 152-1 1층 문옥 한정식,062-572-7027,11:30 - 15:00/21:00,없음,있음
185002,문지현쭈꾸미볶음 광주본점,광주,,,"쭈꾸미볶음, 육개장",광주 광산구 용아로 340,062-941-8859,,,있음
185004,문화다방,광주,,,,광주 북구 동문대로 110,062-261-5600,,,없음
185005,문화살롱1935,광주,,,"커피, 홍차",광주 동구 문화전당로35번길 5-3 문화살롱1935,0507-1332-0166,,,없음
185006,문화없는도시,광주,,,"모리아와세, 연어사시미",광주 동구 장동로 7 2층,010-2545-6005,18:00 - 02:00,매주 월요일,없음
185007,문화카페 딴판,광주,,,"굴뚝빵, 아메리카노",광주 동구 동계로1번길 1,062-226-5777,12:00 - 18:00,"매주 일요일, 공휴일",없음
185008,문흥골,광주,,,"서대회무침, 갑오징어무침",광주 북구 대천로 155,062-265-9771,,,없음
185009,문흥골수림전집,광주,,,"두부김치, 닭발",광주 북구 대천로 119-2,062-251-4676,,,있음
185010,문흥골이장네퓨전포차,광주,,,,광주 북구 면앙로121번길 95,062-265-3669,,,없음
185013,문흥황칠본가,광주,,,"황칠약오리, 황칠약촌닭",광주 북구 참판로 222-1,062-269-6006,11:00 - 21:00,매달 첫째 월요일,없음
185017,물레방아보리밥,광주,,,보리밥,광주 동구 지호로 137-1,062-222-6879,11:00 - 15:00,매주 월요일,없음
185018,물레방아소주방,광주,,,"병어조림, 닭볶음탕",광주 동구 천변우로 363-42,062-225-6382,,,없음
185019,물만난민물장어,광주,,,"소금구이, 양념구이",광주 광산구 목련로153번안길 26-1,062-962-8800,,,없음
185021,물오름바지락칼국수,광주,,,"바지락칼국수, 팥칼국수",광주 서구 천변우하로 493,062-529-3375,11:30 - 14:30/20:00,,있음
185022,커피앤비어 라스또리아 용봉점,광주,,,"아메리카노, 에스프레소",광주 북구 비엔날레로 173,0507-1430-9917,10:00~24:00,매주 일요일,있음
185023,물음표점느낌표,광주,,,"아메리카노, 에스프레소",광주 서구 쌍촌로 68 1층 물음표점느낌표,010-9441-0417,10:00~24:00,매주 일요일,없음
185024,물첨벙아구찜,광주,,,아귀찜,광주 북구 우치로241번길 10,0507-1389-8515,,,없음
185025,물첨벙아구찜,광주,,,"아귀찜, 해물찜",광주 광산구 산월로21번길 19,062-973-8315,,,없음
185026,물첨벙아구찜,광주,,,"아귀찜, 해물찜",광주 서구 화정로253번길 51-2,0507-1387-7963,,,없음
185027,물텀벙아구찜,광주,,,"아구찜, 꽃게찜",광주 남구 유안초등북길 9 물텅범아구찜,062-672-5309,11:30~22:30,매주 월요일,있음
185028,통기타뭉게구름,광주,,,아메리카노,광주 남구 사직길 6,062-676-6606,,,없음
185030,뭐시기상회,광주,,,"회, 독도새우",광주 광산구 첨단중앙로152번길 58 뭐시기상회1층,0507-1372-3228,04:00 - 02:00,없음,없음
185032,뭘망설여 전대점,광주,,,"순살 치킨, 순살 간장치킨",광주 북구 면앙로6번길 68 2층,062-265-5399,17:30 - 03:00,,없음
185033|185034|425458,뭘망설여,광주,35.1785617,126.8744188,"후라이드치킨, 순살치킨",광주 북구 북문대로103번길 32,062-521-5399,17:00 - 02:00,,없음
185035,murmure,광주,,,"espresso, americano",광주 서구 염화로 118 1층,070-8712-3773,11:00 - 20:00,매주 일요일,있음
185038|425463,뮤지엄카페자미탄,광주,35.1896565755909,126.88395145401,"아메리카노, 카페라떼",광주 북구 하서로 110 국립광주박물관,062-523-4800,,,있음
185039,뮤직퀸,광주,,,와인,광주 남구 봉선중앙로 24 2층,0507-1466-4323,18:00 - 02:00,매주 일요일,없음
185042,미가식당,광주,,,"잔치국수, 비빔국수",광주 동구 제봉로190번길 1-7,062-224-8876,,,없음
185043,미가,광주,,,"생선모듬구이, 굴비정식",광주 남구 봉선로51번길 40,062-676-9502,,,없음
185044,미가,광주,,,"고등어구이, 낙지비빔밥",광주 광산구 송정로 6,0507-1346-8277,09:00 - 22:00,"매달 첫째, 셋째 토요일",없음
185046,미가,광주,,,육회,광주 북구 대천로 113-1,062-262-5799,18:00 - 24:00,매주 월요일,없음
185047,미가,광주,,,"계절회무침, 묵은지등갈비찜",광주 남구 광복마을길 109,062-675-0362,15:00 - 23:00,,없음
185049,미가도,광주,,,"모듬초밥, 특선 모듬초밥",광주 광산구 무진대로 229 에드가리움 101호,062-961-1411,11:30 - 14:30/22:00/,매주 일요일,있음
185050,미가람,광주,,,백반,광주 북구 우치로331번길 13,062-262-4532,,,없음
185051,미가솥단지,광주,,,"뚝배기 동태.생태탕, 뚝배기 장어탕",광주 동구 경양로247번길 14-3,062-224-2230,09:20/11:20 - 14:00/19:00,,없음
185052,미가왕족발,광주,,,족발,광주 북구 서방로182번길 14,0504-0544-9864,10:30 - 00:00,,없음
185053,미가족발,광주,,,"족발, 냉채족발",광주 북구 설죽로 495-8 1층,062-572-9994,12:00 - 01:00,,있음
185054,청솔회관 미가,광주,,,"맑은곰탕, 수육곰탕",광주 남구 봉선중앙로 87-1,0504-0999-1271,11:00 - 22:00,,있음
185055,미강식당,광주,,,"황칠오리, 황칠닭백숙",광주 남구 경열로76번길 9,062-363-3566,,매주 일요일,없음
185056,미공간,광주,,,"생연어사시미, 담백한소고기 버섯 전골",광주 북구 동문대로100번길 21 미공간,0507-1341-2814,18:00 - 02:00,없음,없음
185057,미광,광주,,,"칼국수, 회",광주 서구 금부로85번길 5,062-371-9333,,매주 일요일,있음
185058,미그릭,광주,,,"헤이시나몬, 블루베리 그릭요거트",광주 남구 광복마을길 65 광명아파트상가,062-676-6019,11:00~20:00,매주 일요일,없음
185059,미꼬미꼬,광주,,,"촉촉 노가리, 골뱅이 무침",광주 북구 매곡로 89 1층,0507-1411-9328,17:00 - 02:00,,없음
185061,미꼬투리,광주,,,"닭발볶음, 모래집 볶음",광주 북구 각화대로 33,062-251-6674,,,없음
185063,미꾸락 본점,광주,,,"추어탕, 돌솥밥",광주 북구 탁영로 17-1,062-265-8890,11:00~21:00,격주 수요일,있음
185064,미꾸랑메기,광주,,,"황칠오리탕, 황칠오리백숙",광주 서구 풍암신흥로 3,062-681-1189,11:00 - 20:00,"매주 토요일, 일요일",있음
185065,미꾸미꾸,광주,,,"통추어탕, 추어탕",광주 북구 대천로 143,062-268-3038,09:30 - 21:00,,없음
185066,미나리,광주,,,"오리구이 한접시, 오리구이 반접시",광주 광산구 목련로153번길 21,0504-2015-4127,,,없음
185067,미네랄풍천장어명가,광주,,,"풍천장어 소금구이/양념 1인분, 자연산바다장어 1인분",광주 광산구 첨단중앙로106번길 69,062-972-6969,10:30 - 22:30,,없음
185068|425493,미노꿀강정,광주,35.1807779424291,126.811580132838,"달콤맛, 마늘 간장맛, 달콤강정, 마늘간장강정",광주 광산구 풍영로 97 1층,062-955-2550,02:00 - 23:00,매주 일요일,없음
185069,미노라멘,광주,,,"챠-항, 조금 특별한 걸로",광주 동구 동계로10번길 14 1층 미노라멘,0507-1476-0722,11:30 - 15:00/21:00,매주 화요일,있음
185071,미노미세,광주,,,"오늘의사시미, 연어사시미",광주 서구 상무대로868번길 18-1 1층,0507-1319-1796,18:00 - 02:00,매주 화요일,없음
185072,미노치킨,광주,,,"크리스피 후라이드, 간장치킨",광주 광산구 월곡산정로 96-21 한성2차아파트,062-962-9400,,,없음
185073,미니밀,광주,,,"샐러드, 닭가슴살버섯덮밥",광주 동구 필문대로187번길 19-2,062-225-8677,,,없음
185074,미니보틀,광주,,,"에스프레소 크림라떼, 아메리카노",광주 서구 상무오월로29번길 24 1층,0507-1498-0197,10:00 - 24:00,,없음
185075|425500,미니분식,광주,35.144778299722,126.9011066,"라면, 떡볶이",광주 남구 중앙로 23,062-362-1357,,"매달 첫째, 셋째 월요일",없음
185112,미니에이,광주,,,"아메리카노, 바닐라라떼",광주 서구 월드컵4강로181번길 8,010-8514-3130,09:00 - 21:00,매주 일요일,없음
185114,미니통닭&포차,광주,,,"미니통닭, 옛날통닭",광주 광산구 수완로11번길 33 1층,062-954-9593,15:00 - 02:00,,없음
185115,미니통닭&포차 운암점,광주,,,"옛날통닭, 양념치킨",광주 북구 금호로 46,0507-1380-1232,,,없음
185119,미담,광주,,,"낙지볶음, 산낙지볶음",광주 광산구 첨단강변로99번길 40,062-971-7740,,,없음
185122,미담가든,광주,,,"참게새우, 황칠참게장",광주 광산구 고봉로 784-1,062-953-5288,,,없음
185123,미담상회,광주,,,과일,광주 동구 중흥로 209 1층,010-8074-8054,10:00 - 24:00,,있음
185124,미담정,광주,,,"김치찌개, 애호박찌개",광주 북구 연양로67번길 20 1층,0507-1315-0128,,,없음
185125,미도인 충장로,광주,,,"미도인 등심 스테이크, 미도인 스테이크 덮밥, 미도인 구첩 반상, 400 등심 스테이크 덮밥, 부챗살 스테이크, 단호박 스프, 아지타마고",광주 동구 충장로안길 17 1층,062-222-1233,11:30 - 21:00,,없음
185126,미도참치,광주,,,"보통, 특",광주 남구 봉선2로 51 미도참치,062-672-3733,17:00 - 01:00,매주 일요일,있음
185127,Mid90s,광주,,,"맥앤치즈, 맥주",광주 동구 동명로 8-1 2층,010-6856-1700,17:00~03:00,,없음
185128,미드픽 운천점,광주,,,"에스프레소, 아메리카노",광주 서구 운천로172번길 4 2층,010-7610-9243,11:00~21:00,,있음
185130|425555,미듬꼬마김밥,광주,35.1378466,126.89621499972,"꼬마김밥, 모듬김밥, 고추김밥",광주 남구 대남대로 285,062-369-9333,09:00 - 20:00,없음,없음
185131,미뜨레피자 전남대점,광주,,,"수원 왕갈비피자, 4가지맛 취향저격",광주 북구 우치로 185-1 1층 미뜨레피자,062-531-2821,13:00 - 02:30,매주 화요일,없음
185134,미락,광주,,,"생선조림, 닭도리탕",광주 광산구 노안삼도로 929,062-945-3392,11:30 - 21:00,,있음
185135,미락,광주,,,백반,광주 동구 무등로321번길 20-11,062-524-1311,,,없음
185136,미락석궁,광주,,,"유황오리전골, 삼겹살",광주 북구 금호로 108-8 1층,062-531-3535,11:30 - 22:00,"매달 둘째, 넷째 일요일",없음
185141,미래식당,광주,,,백반,광주 광산구 사암로279번길 18,062-953-2595,,,없음
185143,미래연,광주,,,"비빔냉면, 매운비빔냉면",광주 서구 내방로161번길 4,062-376-9873,11:30 - 21:00,,없음
185144,미래파 광주수완점,광주,,,"꽃게탕, 소고기 타다끼",광주 광산구 장신로 179,0507-1319-3488,17:00 - 04:00,,없음
185145,미래향 참숯 양꼬치,광주,,,"양꼬치구이, 고급양갈비",광주 광산구 용아로 404,0507-1408-1333,,,있음
185146,미로,광주,,,"통항정살 맥적구이 & 약밥쌈, 레몬버터 닭구이 & 명이나물 장아찌",광주 동구 동명로67번길 32-3 1층,010-9546-3727,17:00 - 02:00,매주 일요일,없음
185148,미리내김밥,광주,,,김밥,광주 북구 설죽로214번길 121,062-522-2410,,,없음
185150,미리네고기점빵,광주,,,"김치전골, 제육쌈밥, 전골, 볶음",광주 광산구 장신로20번길 8 미리네고기점빵,0507-1334-2607,11:00 - 24:00,,없음
185151,미리별호프,광주,,,맥주,광주 북구 안산로 34,062-268-5070,,,없음
185152,미림다방,광주,,,,광주 동구 중앙로196번길 18-1,062-225-1038,,,없음
185155,미림아구찜 광주월산동,광주,,,"아귀찜, 해물찜",광주 남구 군분로148번길 6-2,062-368-7247,,,없음
185157,미메이,광주,,,"짜장면, 짬뽕",광주 동구 필문대로 365,062-225-5050,,,없음
185160,미미가양꼬치 & 마라탕,광주,,,마라탕,광주 광산구 수완로 66 2층 미미가,062-955-8188,11:30 - 01:30,,있음
185161,미미고찹쌀꽈배기 광주신창점,광주,,,"찹쌀꽈배기, 찰도너츠",광주 광산구 신창로86번길 8 1층 미미고 찹쌀꽈배기,062-955-9299,10:00~21:00,격주 월요일,없음
185163,미미당,광주,,,"수제 생 돈까스, 우쭈쭈 치즈 돈까스",광주 동구 충장로 93-12 2층,0507-1301-8451,11:30 - 21:00,매주 화요일,없음
185164,미미당 풍암호수점,광주,,,"미미호수대표초밥, 샐러드치즈까스",광주 서구 회재로 972,0507-1371-9947,11:30 - 21:00,,있음
185165|425589,미미당,광주,35.1814654973521,126.811754972097,"떡볶이, 순대",광주 광산구 풍영로101번길 22 상가4동 B105호,0507-1329-5540,09:30 - 21:00,매주 일요일,없음
185166,미미당906,광주,,,"아메리카노, 흑임자 설기 케이크",광주 북구 대천로 193,010-7997-9066,09:30 - 23:00,,없음
185167,미미락,광주,,,"치즈돈가스세트, 모리소바세트",광주 광산구 첨단중앙로182번길 24-5 1층,0507-1425-1029,11:00 - 15:00,매주 일요일,없음
185168,미미락 본점,광주,,,"모리소바세트, 철냄비우동세트",광주 북구 동문대로180번길 12,062-251-8887,11:00 - 20:00,매주 일요일,없음
185169,미미락,광주,,,"수제돈가스세트, 치즈돈가스세트",광주 광산구 풍영철길로 15 130호,062-959-3893,10:30~20:30,매주 일요일,있음
185170,미미마라탕,광주,,,마라탕,광주 북구 용봉택지로 46 조이 빌딩 1층 미미마라탕,0507-1371-5853,11:00 - 22:00,,있음
185171,미미마라탕,광주,,,마라탕,광주 서구 풍암1로21번길 9-13 1층 미미마라탕,0507-1424-3360,11:30 - 21:30,,없음
185172,미미상회,광주,,,"모듬한판, 가브리살",광주 동구 백서로 182,062-236-2879,16:00 - 02:00,,없음
185173,미미원,광주,,,"육전, 낙지전",광주 동구 백서로 218,062-228-3101,11:30 - 15:00/21:30,,없음
185176,미미찬팅 운암점,광주,,,"자장면, 고기짬뽕",광주 북구 서강로53번길 54-2 1층,062-524-1006,11:00 - 20:15,매주 월요일,없음
185177,미미참치,광주,,,"참치 스폐셜, 모듬회",광주 광산구 첨단중앙로124번길 5-30 1층 미미 참치,062-972-3715,17:00~24:00,매주 일요일,있음
185178,미미참치 수완점,광주,,,"참치스페셜, 참다랑어대뱃살",광주 광산구 장신로19번길 4 미미참치수완직영점,0507-1413-3715,17:00 - 23:00,매주 일요일,있음
185181,미본초밥,광주,,,"미본모듬초밥, 미본특선초밥",광주 북구 양산택지로 54,062-714-1187,11:00 - 15:00/22:00,매주 일요일,없음
185182,미쁘다 담양식 돼지갈비,광주,,,"순한갈비, 매운갈비",광주 북구 청계로 45,062-512-9114,11:00/17:00 - 22:00,,없음
185183,미쁨상점,광주,,,"에그샌드위치, 미쁨샌드위치",광주 광산구 첨단내촌로 65,0507-1465-9123,10:00 - 21:00,매주 일요일,없음
185184,미사리,광주,,,맥주,광주 남구 봉선중앙로 135,062-654-4445,,,없음
185186,미성식당,광주,,,백반,광주 북구 풍동길 5-2,062-522-1710,,,없음
185187,미성오리시대,광주,,,오리요리,광주 북구 북문대로33번길 47,062-526-7181,,,없음
185188,미성팥죽,광주,,,팥죽,광주 북구 동문대로 83-1,062-266-8187,,,없음
185190,미소,광주,,,"베트남 과일쥬스, 베트남 커피",광주 광산구 월곡중앙로54번길 7-4,062-952-5411,,,없음
185192,미소김밥수완점,광주,,,불고기덮밥,광주 광산구 풍영로200번길 59,062-953-2113,08:00 - 20:00,매주 월요일,없음
185193,미소김밥,광주,,,"미소김밥, 제육덮밥",광주 서구 염화로45번길 17,062-385-4725,,,없음
185194,미소담,광주,,,"갈비살, 살치살",광주 북구 저불로 30 1층,0507-1360-5658,11:00 - 24:00,,없음
185195,미소담은소 광주본점,광주,,,"수제돼지 왕갈비, 생 삼겹살",광주 광산구 사암로 363 1층,062-951-9213,16:00~23:00,,없음
185199,미소소주방,광주,,,백반,광주 동구 증심천로 53,062-227-5250,,,없음
185200,미소야 광주푸드코트1호점,광주,,,"로스카츠, 히레카츠",광주 서구 무진대로 904 광천터미널,062-367-3739,11:30~22:00,"매주 토요일, 일요일",있음
185202,미소정,광주,,,"빠가탕 소, 섞어찌개",광주 광산구 삼도중방길 18,062-944-2420,10:30 - 21:30,,없음
185203,미소주방,광주,,,굴보쌈,광주 남구 백운로 45 미소주방,062-674-5236,16:00 - 22:00,매주 일요일,없음
185205,미소통닭 근적외선구이,광주,,,"치킨, 닭강정",광주 광산구 비아중앙로 20-1,062-956-2113,,,없음
185206,미소푸드,광주,,,"한식, 백반",광주 광산구 평동로803번길 151 1층,010-3038-6169,11:00~15:00/18:00,,없음
185207,미소정육식당,광주,,,"한우 사리원불고기, 한우구이",광주 서구 금화로 23 1층101호,0507-1469-2221,09:30~22:00,매주 일요일,없음
185209,미소향 망개떡,광주,,,"망개떡, 전통식혜",광주 광산구 임방울대로 310 104호,062-952-5558,08:00 - 19:00,매주 일요일,있음
185210,미소호프,광주,,,맥주,광주 광산구 남동길48번길 32,062-945-8981,,,없음
185211,미소호프,광주,,,맥주,광주 광산구 장신로19번안길 11-7,062-959-8715,,,없음
185212,미송가,광주,,,"갈치조림, 갈치구이",광주 북구 하서로672번길 43 미송가,062-574-5008,09:00 - 21:00,,있음
185213,미송꽃게장,광주,,,"꽃게장+알탕, 돌게장+알탕",광주 북구 서하로 327-1,062-268-9510,09:00 - 21:00,,없음
185215|425639,미송식당,광주,35.148248799722,126.91211719972,"제육볶음, 백반, 삽겹살, 목살",광주 동구 중앙로 149-8,062-223-6322,12:00 - 22:00,매주 일요일,없음
185218,미스사이공 충장점,광주,,,"소고기쌀국수, 닭쌀국수",광주 동구 예술길 31-15 광주아트센터 1층,062-229-0741,11:00 - 15:00/20:00,,있음
185219|185222,미스김꼬마김밥,광주,,,"참치김밥, 오뎅탕, 고추/깻잎/야채김밥",광주 서구 운천로113번길 23,062-375-0206,08:00 - 20:30,,없음
185220,미스김꼬마김밥,광주,,,"고추김밥, 참치김밥",광주 북구 대자로 68-1,0504-2015-4353,,,없음
185223,미스떼르팡세,광주,,,"아메리카노, 에스프레소",광주 동구 필문대로295번길 23-4,062-234-8003,,,없음
185224,미스롤 콜럼버스점,광주,,,"수제등심돈까스, 록큰롤",광주 광산구 풍영철길로 15 219호,062-952-7825,10:00 - 22:00,매주 화요일,있음
185225,미스사이공 첨단점,광주,,,"소고기 쌀국수, 얼큰쌀국수",광주 광산구 첨단중앙로182번길 20,062-972-0420,11:00 - 21:00,,없음
185227,미스사이공 전남대점,광주,,,"소고기쌀국수, 얼큰쌀국수",광주 북구 우치로 76 1층,062-266-0420,11:00 - 21:30,,있음
185228|425652,미스사이공 광주 NC웨이브점,광주,35.1487519,126.91306659972,"소고기 쌀국수, 분짜",광주 동구 중앙로 163 NC웨이브 충장점 9층,0507-1344-9593,10:30 - 20:30/21:30,,있음
185229,미스사이공 풍암점,광주,,,"소고기쌀국수, 사이공볶음밥",광주 서구 풍암1로 20 1층 108호,062-651-0420,10:00~22:00,,없음
185231|425655,미스사이공 송정점,광주,35.1369663996258,126.792993011898,"소고기쌀국수, 사이공볶음밥",광주 광산구 송정로 13 1층,0507-1317-0421,10:30 - 21:30,없음,없음
185232,미스사이공 조선대점,광주,,,쌀국수,광주 동구 필문대로287번길 29-23,0507-1468-0421,10:30 - 21:00,,없음
185235,미스터Lee,광주,,,"생고기, 살치살",광주 서구 상무대로 1104-20,062-367-0518,,,없음
185236,미스터맥,광주,,,"스팸&계란후라이, 치킨",광주 서구 운천로113번길 18,062-372-7588,18:00 - 24:00,매주 일요일,없음
185238,미스터쉐프,광주,,,"모듬초밥, 특선초밥",광주 동구 의재로136번길 25,062-222-9008,,,있음
185239,미스터쫀득이 광주양산점,광주,,,"set A, set B",광주 북구 양산택지로 27,0504-2015-1513,16:10 - 24:00,매주 월요일,있음
185240,미스터차이나 풍암점,광주,,,"짜장면, 우동",광주 서구 풍암2로53번길 5,062-681-5883,10:00 - 20:40,매주 월요일,없음
185242,미스터초밥DT점,광주,,,"모듬초밥, 특선초밥",광주 남구 대남대로 85 2층,0507-1316-7502,11:30 - 23:00,,있음
185243,하루야스시 상무메이루즈점,광주,,,"모둠초밥, 특선초밥",광주 서구 시청로 27 상무광명메이루즈,062-383-7001,11:20 - 23:00,,있음
185244,미스터초밥왕전대점,광주,,,"2인세트A, 2인세트B",광주 북구 우치로100번길 10-6,062-431-8859,11:30 - 15:00/21:00,,없음
185245,미스터초밥 진월점,광주,,,"모듬초밥, 특선초밥",광주 남구 서문대로 671,0507-1393-0166,10:30 - 22:30,,있음
185246,미스터초밥 첨단점,광주,,,"모듬초밥, 미스터초밥 스페셜",광주 광산구 임방울대로826번길 47 더시너지타워 1층 128호 129호,0507-1364-7550,11:20 - 23:00,,있음
185247,미스터초밥 하남점,광주,,,"특선초밥, 연어초밥",광주 광산구 무진대로 279,0507-1409-7600,11:20 - 23:00,,있음
185248,미스터커피앤 동광주홈플러스점,광주,,,아메리카노,광주 북구 동문대로 200 동광주 홈플러스 2층,070-7585-5044,,,없음
185251,미스터찜닭,광주,,,"고추장찜닭, 간장찜닭",광주 북구 연양로67번길 35,062-571-1231,,,없음
185252,미스터피자 전남대점,광주,,,"킹 브레드 쉬림프 골드, 페퍼로니플러스",광주 북구 우치로 55 1층,062-261-8536,11:00 - 22:30,,없음
185253,미스터피자 광산점,광주,,,"쥬라기 맥앤치즈, 페퍼로니플러스",광주 광산구 사암로 331,062-364-2800,11:00~22:30,,있음
185254,미스터피자 광주남구점,광주,,,"씨푸드아일랜드, 제주흑도새기피자",광주 남구 백양로 45,0504-0544-2622,11:00 - 22:30,,없음
185255,미스터피자 광주상무점,광주,,,"쥬라기 맥앤치즈피자R 뿔 텀블러SET, 쥬라기 맥앤치즈피자R 공룡텀블러SET",광주 서구 상무중앙로38번길 11-11,062-384-8286,11:00 - 22:00,,없음
185256,미스터피자 광주일곡점,광주,,,"쥬라기 맥앤치즈 피자, 쥬라기 뿔텀블러",광주 북구 설죽로 512,062-571-6677,11:00 - 22:30,,없음
185257,미스터피자 서광주점,광주,,,"쉬림프 골드, 미스터트리오",광주 서구 염화로 101,062-384-0280,11:00 - 22:00,,없음
185259,미스터피자 첨단수완점,광주,,,"킹 브레드 쉬림프 골드, 리얼 빠삭 순살 치킨",광주 광산구 첨단중앙로 156 1층(쌍암동),062-971-6688,11:00 - 22:10,,없음
185261,미스터홍게,광주,,,홍게무한리필,광주 북구 대천로 125,062-269-3337,12:00/16:00 - 24:00,,없음
185262,미스하노이,광주,,,"쇠고기쌀국수, 반미",광주 북구 양산택지로 89,062-576-6999,10:00 - 23:00,,없음
185263,미식가,광주,,,"광+새+돌, 12대물광어",광주 북구 첨단연신로91번길 6,062-573-3612,17:00 - 24:00,매주 일요일,없음
185266,미식당,광주,,,백반,광주 남구 효덕로 196,062-654-8830,,,없음
185267,미식아스카,광주,,,"디너코스요리, 스시",광주 서구 마륵로 67,062-375-3788,17:00 - 01:00,매주 일요일,있음
185268|425692,미식정,광주,35.1539616,126.90566499972,"뼈해장국, 콩나물해장국",광주 북구 천변우로283번길 12,062-511-3603,,,없음
185269,미식정,광주,,,"감자탕 중, 뼈다귀해장국",광주 서구 화정로 45 청운B/D 1층,062-381-3603,09:00 - 15:30/21:30,"매달 1, 3번째 일요일",있음
185270,미쓰당,광주,,,"마카롱, 케이크",광주 북구 군왕로 26,0507-1368-4673,11:00 - 21:00,매주 월요일,없음
185271,미쓰램칭따오양꼬치주월점,광주,,,"칭따오 양꼬치, 양갈비",광주 남구 봉선로19번길 13-1,0507-1406-6292,17:00 - 24:00,매주 일요일,없음
185272,미쓰정,광주,,,"꼬수운 미쓰정 라떼, 마약 딸기라떼",광주 서구 내방로165번길 7-1 1층 미쓰정,062-382-8244,11:00 - 24:00,매주 월요일,없음
185273,미아리연탄구이,광주,,,고기,광주 광산구 수완로74번길 29-29,0507-1364-9592,16:00 - 02:00,,없음
185275,미연복집 호남대점,광주,,,"복탕, 복지리",광주 광산구 어등대로 408-10 1층 미연복집 호남대점,0507-1405-8230,10:30~21:00,,있음
185276,미연식당,광주,,,"추어탕, 오리탕",광주 광산구 평동로 776-1,062-945-6121,,,없음
185277,미옌,광주,,,"유니짜장, 차돌짬뽕",광주 북구 저불로31번길 18-1 1층,062-461-8886,11:00 - 15:00/21:00,매주 일요일,없음
185280,미작 본관,광주,,,"장어정식, 굴비/참치회/활어회 정식",광주 서구 동천로10번길 20-4,062-522-3737,11:30 - 23:00,,없음
185282,황칠참옻일미정,광주,,,백반,광주 서구 상무대로1057번길 4,062-351-3510,,,없음
185283,미즈카네,광주,,,"야끼소바, 와규스테이크",광주 동구 의재로 68 1층,0507-1364-4667,17:00 - 01:00,"첫째, 셋째 일요일",없음
185284,미진옥,광주,,,"미진옥모듬구이, 옻닭오리",광주 동구 의재로136번길 32-11,062-233-1236,11:30 - 20:00,없음,없음
185285,미진주,광주,,,"아구찜, 복찜",광주 광산구 첨단중앙로124번길 55,062-971-3322,10:00 - 22:00,,없음
185286|425710,미진축산 광주수완점,광주,35.181144,126.80919797222,"이베리코꽃목살, 숙성삼겹살",광주 광산구 풍영로101번안길 19-9,0507-1329-9202,12:00/16:00 - 24:00,,없음
185287|425711,운암동미쯔,광주,35.178400299722,126.8744247,"딱새우사시미+머리버터구이, 생연어사시미, 딱새우사시미",광주 북구 북문대로103번길 25,0507-1306-1116,18:00 - 03:00,,없음
185288,미쳐버린파닭 전남대점,광주,,,"순살두마리파닭, 순살세마리파닭",광주 북구 서방로39번길 16 1층,062-265-9212,12:00~24:00,,없음
185289,미치게 쌍촌점,광주,,,"A급 대게, A급 킹크랩",광주 서구 상무민주로 80,0507-1378-5485,13:00 - 23:00,"매달 1, 3번째 월요일",없음
185291,미화닭발 구시청점,광주,,,"미화국물무뼈닭발, 미화대창무뼈닭발",광주 동구 서석로 29-5 1층,0507-1361-2635,17:30~01:30,,있음
185292,미친고기 풍암본점,광주,,,"명품삼겹살, 이베리코목살",광주 서구 풍암2로53번길 3,062-384-0332,17:00 - 01:00,매주 일요일,없음
185293,미친고기 진월점,광주,,,"막창, 닭발",광주 남구 서문대로 665-2,0507-1388-9307,17:00 - 01:00,,없음
185294,미친고기 하남점,광주,,,"4대진미 이베리코, 암퇘지 삼겹살",광주 광산구 사암로216번길 20-4,0507-1313-3156,17:00 - 02:00,,없음
185295,미친고기 학동점,광주,,,"암퇘지삼겹살, 미-세트",광주 동구 의재로 34 1층,0507-1388-8508,15:30 - 24:00,,없음
185298,미친곱떡 첨단점,광주,,,"소곱창떡볶이, 차돌떡볶이",광주 광산구 첨단강변로99번길 51 1동 1층 104호,0507-1444-0177,12:30 - 23:50,매주 월요일,없음
185300,미친핵폭탄 떡볶이 수제튀김,광주,,,떡볶이,광주 북구 서강로82번길 28,062-511-5112,,,없음
185301,미친핵폭탄 로제떡볶이 수제튀김,광주,,,로제떡볶이,광주 북구 자미로66번길 7 1층(신안동),062-523-7773,,,없음
185302,미카도스시 광주수완점,광주,,,"초밥, 롤",광주 광산구 수완로 67 1층,062-953-6661,11:30 - 15:00/21:30,,있음
185303,미카도스시 광주첨단점,광주,,,"초밥, 롤",광주 광산구 임방울대로826번길 30 1층 116호,0507-1398-4573,11:30 - 15:00/21:30,,있음
185304,미타르바이트,광주,,,"아메리카노, 살치살 스테이크",광주 동구 서석로 91,0507-1349-0932,12:00 - 22:00,,없음
185306,미태리 봉선점,광주,,,"토마토파스타, 베이컨토마토파스타",광주 남구 봉선로 169,062-672-0308,11:00 - 21:00,,없음
185307,미태리 전남대점,광주,,,"토마토파스타, 베이컨토마토파스타",광주 북구 우치로90번길 16 1층 미태리 전남대점,062-269-2800,11:00 - 15:00/21:30,,없음
185308,미트맨 운암점,광주,,,고기한팩 선택담기,광주 북구 무등로 10-1 1층,0507-1338-8698,09:00 - 01:00,,있음
185310|185311,미트파티 고기뷔페,광주,,,"냉면, 누룽지, 한식, 백반",광주 광산구 월곡중앙로 24,062-959-7900,16:00 - 24:00,,없음
185313,미풍해장국 일곡동,광주,,,"해장국, 수육(중)+해장국",광주 북구 송해로 57,062-710-4567,07:00/09:00 - 22:00,,없음
185316,미풍해장국 첨단점,광주,,,"만두, 해장국",광주 광산구 첨단중앙로152번길 57 미풍해장국,062-973-7730,07:30 - 23:00,매주 월요일,있음
185317,미항,광주,,,"미항스페셜, 참치사시미",광주 남구 유안초등북길 1,062-671-7654,10:00~22:00,,있음
185318,미향뷔페고시식당,광주,,,"식사값, 식권10매",광주 북구 호동로 11,062-262-1687,10:30 - 14:00/19:00,,없음
185320,미향식당,광주,,,백반,광주 북구 민주로 448,062-572-1116,,,없음
185321,미향식당,광주,,,"백반, 오리탕",광주 서구 상무버들로54번길 21,062-372-7635,11:30 - 15:00/22:00,매주 일요일,없음
185327,민들레,광주,,,"수제돈가스, 수제파돈가스",광주 남구 진다리로6번가길 11-1,062-672-2849,11:30 - 15:00/20:30,매주 일요일,있음
185329,민들레,광주,,,"간장게장, 양념게장, 간장게장정식, 양념게장정식, 보리굴비정식, 쌈밥정식, 갈비살, 생삽겹살",광주 서구 상무평화로 137 길가한식,062-374-8760,11:00 - 15:00/22:00,매주 일요일,없음
185331,민들레카페,광주,,,아메리카노,광주 광산구 목련로394번길 60-3,062-958-2210,,,없음
185332,광주선광학교(민들레카페2호점),광주,,,아메리카노,광주 서구 화정로189번길 30 광주시교육청 교육정보원1층,062-380-4719,09:00 - 16:30,"매주 토요일, 일요일",없음
185333,민들레푸드와 캠토,광주,,,식료품,광주 동구 충장로 52-1 충금지하상가 E-31 민들레푸드와 캠토,062-224-0441,,,없음
185334,민물나라,광주,,,"쏘가리탕, 참게탕",광주 북구 연양로 151,062-573-2040,11:00 - 21:30,없음,있음
185335,민속마당 오치점,광주,,,"제육덮밥, 단호박치즈돈까스",광주 북구 서하로 213-5,062-262-6237,11:30 - 20:30,없음,없음
185336,민속볼테기,광주,,,"볼테기 뚝배기, 볼테기 찜",광주 남구 군분로 165,062-366-5858,10:00 - 21:00,,있음
185337,민속소주방,광주,,,술,광주 북구 동문대로100번길 6,062-266-7909,,,없음
185338,민속손칼국수,광주,,,"비빔모밀, 동지팥죽",광주 동구 제봉로17번길 5-2 민속손칼국수,0507-1320-9233,08:30 - 18:00,"매달 1, 3번째 일요일",있음
185339,민속촌,광주,,,"구운양념 돼지갈비, 물냉면, 냉면 수육쟁반",광주 동구 문화전당로 37-2,062-224-4577,11:30 - 22:00,,있음
185341,민속주막,광주,,,술,광주 서구 염화로57번길 20,062-376-3014,,,없음
185343,민속촌,광주,,,"생선구이백반, 삼겹살",광주 광산구 비아로45번길 8-16,062-954-2201,,,없음
185344,민속촌,광주,,,술,광주 서구 천변좌로 220-3,062-352-7562,,,없음
185345,민속촌 신가점,광주,,,"구운돼지갈비, 돼지떡갈비",광주 광산구 목련로394번길 10-17,0507-1498-3427,11:30 - 14:30/21:30,매주 화요일,있음
185346,민수정장작구이,광주,,,한정식,광주 북구 설죽로 518-4,062-575-5392,17:00 - 01:00,,없음
185349,민카페,광주,,,아메리카노,광주 광산구 월곡로39번길 32-25,010-5220-3028,10:00 - 21:00,,없음
185350,민쿡바베큐,광주,,,"바베큐 더블 플래터, 바베큐 라지 플래터",광주 서구 금부로103번길 8-2 1층,070-7806-2580,,,없음
185351,민쿡바베큐 충장로점,광주,,,"더블 플래터, 라지 플래터",광주 동구 중앙로160번길 19 2층 민쿡바베큐 충장로,0507-1366-4512,11:30 - 21:00,매주 월요일,없음
185353,민트하우스,광주,,,호프,광주 서구 군분2로5번길 4-1,062-352-1177,,,없음
185355,믿음고기나라식육식당 두암점,광주,,,"생삼겹살, 육회",광주 북구 동문대로186번길 10,062-262-9229,,,없음
185356,믿음고기나라,광주,,,"생고기, 육회",광주 서구 화운로83번길 26 -3,062-418-9292,10:00~22:00,격주 일요일,없음
185358|425782,믿음직화 롯데백화점 광주점,광주,35.1548147,126.9117456,"소대창양념구이덮밥, 석쇠불고기덮밥",광주 동구 독립로 268 롯데백화점 광주점 지하1층 믿음직화,062-221-1013,10:30 - 20:00/20:30,,있음
185359,밀가손칼국수,광주,,,"바지락손칼국수, 칼낙볶음, 냉칼국수",광주 광산구 장신로19번안길 5-3,062-954-7771,11:30 - 15:00/21:00,,있음
185360,밀꽃,광주,,,"비건쌀식빵, 치즈치아바타",광주 광산구 신창로162번길 29-3 1층,010-9112-3515,09:00 - 18:00,매주 월요일,없음
185361,밀담,광주,,,"숙성 연어, 한우 육회",광주 북구 무등로154번길 23-1 1층,070-8615-6371,17:00 - 23:00,,없음
185363,밀러타임 광주화정동,광주,,,맥주,광주 서구 염화로83번길 6,062-382-1103,,,없음
185364,밀러타임 수완점,광주,,,고르곤졸라피자. 북어포오징어,광주 광산구 임방울대로332번길 35 1층,062-961-9339,18:00 - 02:00,호프,없음
185365,밀림식육식당,광주,,,고기,광주 북구 비엔날레로4번길 16,062-524-6731,,,없음
185366,밀물,광주,,,"한우뭉티기곱배기, 연어회",광주 동구 백서로 221 밀물,010-9054-1991,18:00 - 03:00,,없음
185367,밀밀 용봉점,광주,,,"곰돌이큐브라떼, 댕댕이큐브라떼",광주 북구 용봉택지로 58 1층,062-512-7833,10:00 - 23:00,,없음
185368,밀밀 세하점,광주,,,"댕댕이큐브라떼, 곰돌이큐브라떼",광주 서구 동하길 4,0507-1424-7967,10:00~22:00,,있음
185369,밀방아해물칼국수,광주,,,보리밥정식,광주 광산구 비아안길 70-6,062-956-9199,11:00 - 15:00/21:00,매주 일요일,없음
185370,밀밭과김밥,광주,,,김밥,광주 동구 남문로634번길 2,062-225-6771,,,없음
185371,밀밭에서,광주,,,"팥칼국수, 들깨칼국수",광주 서구 화정로309번길 25 밀밭에서,062-364-0364,10:00 - 20:00,매주 일요일,없음
185372,밀이랑팥이랑,광주,,,"도토리임자탕, 동죽칼국수",광주 광산구 신창로105번길 6-9,062-962-9396,11:00 - 20:30,매주 일요일,없음
185373,밀쿠,광주,,,"에그샌드위치, 햄치즈샌드위치",광주 광산구 평동로1100번길 71 송정우방아이유쉘 상가 102호,0507-1353-5774,10:30 - 15:00/19:00,매주 일요일,없음
185374,밀크,광주,,,술,광주 서구 쌍학로 12,062-375-1639,,,없음
185375,밀크bar,광주,,,술,광주 서구 화정로 78-1,062-329-9279,,,없음
185376,밀키샵 본점,광주,,,"초코심슨, 우유크로넛",광주 광산구 수완로50번길 59 1층 밀키샵(빨간색 문),062-959-9223,12:00 - 20:00,,없음
185378,밀키샵 광주진월점,광주,,,"바질토마토파이, 시리얼 페스츄리 꽈배기",광주 남구 서문대로 683 102호,070-7537-3510,11:00 - 22:00,,없음
185379,밀키치킨 하남본점,광주,,,"밀키 3인 산더미 3종 순살치킨, 밀키반반 2인 순살치킨",광주 광산구 단전둘레길 54 1층,062-954-7942,14:00~24:00,,없음
185380,밀탑 상무점,광주,,,"밀크빙수, 흑임자빙수",광주 서구 상무자유로 27 홍타워1층 밀탑,062-381-2242,09:00 - 22:00,,있음
185381,밀회관 광주금호점,광주,,,"시그니처 플래터, 화이타",광주 서구 금화로85번길 15,062-376-1185,17:00 - 02:00,,없음
185382,밀회관 광주운암점,광주,,,"시그니처 플래터, 화이타",광주 북구 대자로 21-2,062-512-9292,17:30 - 01:00,"첫째, 셋째 일요일",없음
185385|425808,바구니치킨,광주,35.141553299722,126.8007766,"후라이드치킨, 양념치킨",광주 광산구 광산로90번길 12 1층,0507-1390-9907,14:00 - 24:00,매주 일요일,있음
185386,바글바글,광주,,,"양푼김치찌개, 오삼불고기",광주 광산구 무진대로212번길 13-16,062-942-8869,06:00 - 21:00,매주 일요일,없음
185387,바나나맥주,광주,,,"맥주, 아귀포",광주 광산구 임방울대로 216,062-955-7150,,,없음
185389,바나나수산 학동점,광주,,,전어,광주 동구 의재로 64 바나나수산 1층,0507-1318-5163,11:00 - 23:00,매주 월요일,있음
185392,바닐라,광주,,,"모듬사시미, 한우육회",광주 동구 제봉로110번길 17 1층,0507-1466-8484,17:00 - 03:00,,없음
185393,바다일번지횟집,광주,,,"우럭, 광어",광주광역시 광산구 비아로 11,062-953-8989,,,있음
185394,바다로활어관,광주,,,백반,광주 북구 대천로 124-7 주님의교회,062-265-8274,,,없음
185396,바다로한상,광주,,,"굴비정식, 회정식",광주 북구 천지인로 123,062-525-9990,10:00 - 15:00/22:00,,없음
185397,바다를담다,광주,,,생선회,광주 남구 효우2로26번길 7 백두타워 1층,062-671-0300,16:00 - 22:00,매주 수요일,있음
185398,바다사랑 광주점,광주,,,"선어모듬1상, 생선회",광주 서구 천변좌하로 268 바다사랑,062-371-0430,,,있음
185399,바다세상,광주,,,"활어해산물 모듬물회, 참소라 숙회",광주 광산구 첨단중앙로152번길 30 1층,010-9038-8045,18:00 - 03:00,매주 일요일,있음
185401,바닷속궁전,광주,,,"활어, 참치",광주 서구 군분2로 57,062-373-3391,,,없음
185402,바다수퍼해물천하조개구이 광주첨단점,광주,,,"국물조개찜, 3단모듬조개구이",광주 광산구 첨단중앙로106번길 65-7 1층,0507-1487-9296,15:00 - 24:00,,있음
185403,바다수퍼해물천하조개구이 수완점,광주,,,"국물조개찜, 3단모듬조개구이",광주 광산구 풍영로200번길 41 1층,0507-1411-9592,12:00 - 24:00,,있음
185404,바다수퍼해물천하조개구이 운남점,광주,,,"국물조개찜, 3단모듬조개구이","광주 광산구 임방울대로 124 1층 108, 109, 110, 111호",0507-1342-1921,15:00 - 24:00,"매달 1, 3번째 월요일",있음
185406,바다양푼이동태탕 광주계림점,광주,,,"매운탕, 해물탕",광주 동구 무등로307번길 26,062-512-8885,,,없음
185407,바다양푼이동태탕 광주선운점,광주,,,"동태탕, 동태내장탕",광주 광산구 어등대로 418-2,062-943-4489,,,없음
185408,바다양푼이동태탕 광주소촌점,광주,,,"양푼이섞어탕, 양푼이동태탕",광주 광산구 소촌로149번길 16 다동 1층,062-942-9779,08:00 - 21:30,"매달 2, 4번째 일요일",없음
185409,바다양푼이동태탕 광주신안점,광주,,,"양푼이 동태탕, 양푼이 알곤이탕",광주 북구 태봉로 66-1,062-531-3009,,,없음
185410|185415,바다양푼이동태탕 광주상무점,광주,,,"명태조림정식, 생선구이정식",광주 서구 상무자유로 180,062-376-7727,,,없음
185411,바다양푼이동태탕 광주양산점,광주,,,"동태탕, 알곤이탕",광주 북구 양산로 37-6,062-226-2531,,,없음
185412,바다양푼이동태탕,광주,,,"매운탕, 해물탕",광주 광산구 사암로279번길 8,062-959-9021,,,없음
185413,바다양푼이동태탕 광주수완점,광주,,,양푼이 동태탕,광주 광산구 장신로19번안길 11-3,062-961-6780,,,있음
185414,바다양푼이동태탕 광주지산점,광주,,,"동태탕, 섞어탕",광주 동구 필문대로205번길 23,062-223-3662,11:00 - 22:00,,없음
185416,바다양푼이동태탕 광주풍암점,광주,,,"양푼이 동태탕, 양푼이 동태내장탕",광주 서구 풍암순환로128번길 67,062-654-2324,,,있음
185417,바다양푼이동태탕 광주첨단점,광주,,,"삼겹살, 가마솥밥 동태탕",광주 광산구 첨단중앙로152번길 81-12,062-973-9988,09:00 - 22:00,,있음
185418,바다양푼이동태탕 남구청점,광주,,,"동태찜, 동태탕",광주 남구 봉선로9번길 4 아돈니스 2층,0507-1336-7993,11:00~21:00,,없음
185419,바다양푼이동태탕 쌍촌점,광주,,,"매운탕, 해물탕",광주 서구 내방로209번길 8,062-382-3336,,,없음
185420,바다양푼이동태탕 상무시청점,광주,,,"양푼이동태탕, 양푼이동태내장탕",광주 서구 시청서편로4번길 13-16,062-381-9995,,,없음
185421,바다양푼이동태탕 광주신용점,광주,,,"양푼이동태탕, 양푼이 알곤이탕",광주 북구 첨단연신로108번길 31-18,062-573-9366,11:00 - 14:30/22:00,,없음
185422,바다양푼이동태탕 광주진곡점,광주,,,"양푼이동태탕, 양푼이동태내장탕",광주 광산구 진곡산단2번로 47-61,062-962-8288,,,없음
185423,바다양푼이동태탕 광주송정점,광주,,,"동태탕, 동태내장탕",광주 광산구 송정로 56,062-944-6200,11:00 - 22:00,"매달 1, 3번째 일요일",없음
185424|425848,바다와육지,광주,35.1138849,126.90170159972,"생삼겹살, 생가브리살",광주 남구 진제길 16,062-654-8100,10:00 - 22:00,매주 월요일,있음
185425,바다의꿈수완본점,광주,,,"참치사시미, 바다의꿈 모듬",광주 광산구 수완로52번길 46-5,062-951-0465,16:30 - 02:00,,없음
185427,바다의향기,광주,,,"물회 1인분, 모듬물회",광주 서구 마륵로 118,062-376-5147,11:30 - 14:00/22:00,,없음
185428,바다이야기회포장마차,광주,,,"모듬회, 참돔",광주 북구 저불로 34,062-515-1618,16:00 - 04:00,,없음
185429,어촌바다장어,광주,,,붕장어구이,광주 서구 금화로73번길 6-16,062-382-9282,10:00 - 14:00/22:00,,있음
185430,바다참치,광주,,,생선회,광주 북구 양산로 12,062-973-2537,17:00 - 24:00,매주 일요일,없음
185431,바다치킨,광주,,,"리얼바다치킨, 오리날개튀김",광주 북구 군왕로 20-1,062-376-9523,16:00 - 02:00,,없음
185432|425856,바다포차돌섬,광주,35.1480758,126.9267296,"모듬 해산물, 모듬회한상",광주 동구 백서로 222 바다포차 돌섬,070-7525-2047,17:00 - 01:00,없음,없음
185433,바다향,광주,,,"바다향스페셜 특, 해물탕 대",광주 서구 치평로 77 중흥아파트,062-374-0506,11:00 - 14:30/22:00,매주 월요일,없음
185434,바든바든,광주,,,"스테이크, 토마토샐러드",광주 광산구 수완로9번길 3 1층,0507-1436-2780,11:30~20:30,매주 일요일,없음
185436,바람꽃카페,광주,,,"아메리카노, 헤이즐럿아메리카노",광주 광산구 풍영정길 467,062-973-4152,,,없음
185437,바람꽃,광주,,,맥주,광주 광산구 월계로 223-8,062-973-1232,,,없음
185438,바람꽃,광주,,,아메리카노,광주 북구 저불로69번길 16,062-515-1744,,,없음
185440|425864,바람난오돌뼈,광주,35.1434238551451,126.872906889197,"오돌뼈.매운오돌뼈, 막창구이, 오돌뼈, 매운오돌뼈",광주 서구 화정로138번길 22,062-374-3381,17:00 - 02:00,없음,없음
185441,바람난왕족발,광주,,,"실속형 족발.보쌈 주먹밥,막국수제외 실속형 보쌈 중, 실속형 족발.보쌈",광주 동구 남문로753번길 20 상가 B동 1층 113호,0504-0544-2712,08:00 - 23:50,,없음
185442,바람난임금님쌍화탕,광주,,,"쌍화탕,약선 쌍화탕",광주 동구 계림로 16-1,0507-1362-5681,,,없음
185443,수완창고1974,광주,,,"생고기비빔밥, 익힘 비빔밥",광주 광산구 장신로64번길 9-2,062-954-0030,,,없음
185445,바로덮밥,광주,,,"큐브스테이크, 명란에그덮밥",광주 광산구 첨단중앙로152번길 5-6,0507-1352-9017,10:00 - 21:00,매주 수요일,없음
185446,바로덮밥 바로파스타,광주,,,"돈까스마요덮밥, 스팸에그마요덮밥",광주 북구 양산택지로 92 바로덮밥 바로파스타,0507-1493-8555,,,없음
185447,바로덮밥바로파스타 광주수완점,광주,,,"큐브스테이크덮밥, 직화삼겹덮밥",광주 광산구 임방울대로215번길 5-14 103호 바로덮밥바로파스타 광주수완점,062-418-8600,10:00 - 22:00,,없음
185448,바로면집,광주,,,"손칼국수, 비빔국수",광주 북구 첨단연신로91번길 42 1층 104호,062-571-8259,,,없음
185449,칠구빵빵치킨비어,광주,,,"칠구바베큐통닭구이,칠구옛날통닭",광주 북구 양산택지로 27,062-515-7900,,,없음
185450,바로커,광주,,,김밥,광주 서구 화정로 302,062-371-3119,,,없음
185453,바르다김선생 광주충장로점,광주,,,"바른김밥, 매운 제육쌈 김밥",광주 동구 서석로 30 1동 (광산동),062-222-1101,10:00 - 01:40,,없음
185454|425878,바르다김선생 광주첨단지구점,광주,35.2159447,126.8426847,"키토 크림치즈 호두 김밥, 우리 숙성지 참치 김밥, 가락 떡볶이, 든든 치킨 카레",광주 광산구 첨단중앙로 120 신영빌딩,062-973-5277,10:00 - 22:00,,없음
185455,바르메이드,광주,,,"시그니처 브런치 스페셜, 프렌치샌드",광주 서구 상무중앙로 103 휴먼빌딩 106호 바르메이드,062-385-4148,09:00 - 22:00,,있음
185456,바른고기엘베요타100% 수완점,광주,,,"숙성 눈꽃살, 숙성 꽃목살",광주 광산구 수완로74번길 11-1,0507-1319-8593,16:00 - 23:00,,있음
185457|425881,바른고기 엘베요타 100% 풍암점,광주,35.125670499722,126.8796475,"숙성 꽃목살, 숙성 꽃갈비살",광주 서구 풍암중앙로 49 부국빌딩 103호,062-470-9292,16:00 - 24:00,없음,없음
185458,바른고기 엘베요타100% 금호점,광주,,,"숙성꽃목살, 숙성꽃갈비살",광주 서구 금화로85번길 8 1층,0507-1379-9926,16:00~24:00,,있음
185459,바른고기 엘베요타 100% 봉선점,광주,,,"숙성 꽃목살, 숙성 꽃갈비살",광주 남구 봉선2로 25 1층,062-417-9292,16:00 - 23:59,,없음
185460,바른고기 엘베요타100% 양산점,광주,,,"이베리코 숙성 꽃목살, 이베리코 숙성 눈꽃치마살",광주 북구 양산로 48 1층,062-466-9922,16:00 - 23:00,,있음
185461,바른고기 엘베요타100% 용봉점,광주,,,"프리미엄 세트, 베요타 100%세트",광주 북구 용봉택지로 78 1층,062-267-2222,16:00 - 24:00,,없음
185463,바른고기 엘베요타100% 하남2지구점,광주,,,"숙성꽃목살, 숙성눈꽃살",광주 광산구 용아로379번길 35,0507-1476-9322,12:00/16:30~22:30/23:00/24:00,,있음
185464,바른고기 엘베요타 100% 운암점,광주,,,"베요타 100% 세트, 프리미엄 세트",광주 북구 북문대로103번길 42,0507-1488-1576,16:00 - 23:30,,없음
185465,바른고기 엘베요타 100% 진월점,광주,,,"숙성 눈꽃살, 숙성 꽃갈비살",광주 남구 서문대로 717 1층,062-411-9898,16:00 - 23:00,,있음
185466,바른고기엘베요타100% 첨단점,광주,,,"숙성꽃갈비살, 멸치국수",광주 광산구 임방울대로800번길 39 1층,0507-1383-0292,16:00 - 01:00,,없음
185467,바른김밥,광주,,,"돈까스, 오뎅",광주 북구 서방로 185 1층,062-415-3456,05:00 - 19:30,매주 화요일,없음
185468,바른김밥,광주,,,"참치김밥, 돈까스김밥",광주 북구 양산신촌길 3 한양아파트 상가동 1층 1호,062-571-5233,,,없음
185469,바른김치찜 광산점,광주,,,"1인용 김치찜, 바른 돼지김치찜",광주 광산구 목련로397번안길 11,062-955-8884,,,없음
185474,바른먹거리 THE바른한우,광주,,,"한우 갈비탕, 한우 생고기",광주 광산구 동곡로 343,0507-1370-9284,11:00 - 21:00,"매달 2,4번째 월요일",있음
185478,바른보쌈1990 송정점,광주,,,수비드 보쌈,광주 광산구 내상로33번길 13,062-452-1990,,,없음
185479,바른보쌈 1990,광주,,,"족발,보쌈",광주 서구 쌍촌로 19,062-515-0331,,,없음
185480,바른보쌈1990,광주,,,"1인 바른보쌈 도시락, 부드러운보쌈+쫄깃한족발반반세트",광주 북구 면앙로133번길 40 1층,0507-1306-5253,,,없음
185481,바른보쌈1990 운암점,광주,,,수비드 보쌈,광주 북구 서강로 77,070-7543-9432,,,없음
185482,바른보쌈1990 하남점,광주,,,반반세트,광주 광산구 산정공원로2번길 15,062-962-9670,,,없음
185483,바른보쌈1990 주월점,광주,,,"골뱅이 보쌈 or 족발, 부들부들 수비드보쌈",광주 남구 광복마을7길 28 1층 (주월동),070-7807-0220,17:00 - 01:00,,없음
185484,바른보쌈1990 수완점,광주,,,"족발,보쌈",광주 광산구 신창로105번길 24-3 1층,0507-1361-9630,17:00 - 01:00,,없음
185485,바른 샐러드,광주,,,"목살버섯 샐러드, 아보카도 쉬림프 샐러드",광주 서구 쌍촌로3번길 4-4 1층 바른샐러드,0507-1405-0933,08:30 - 20:00,매주 일요일,없음
185490,바른초밥,광주,,,"모듬초밥,특선초밥",광주 북구 설죽로 358,0507-1396-7837,11:00 - 22:00,,있음
185492,광주 남구 서문대로 700,광주,,,"모듬초밥,특선초밥",광주 남구 서문대로 700,062-675-8885,11:00 - 21:00,,없음
185493,바른초밥 풍향점,광주,,,"특선초밥, 모듬초밥",광주 북구 밤실로 163-5,0507-1398-9232,11:00 - 22:00,,있음
185494,바른초밥 본점,광주,,,"모듬초밥,특선초밥",광주 서구 대남대로 452,062-362-7778,11:00 - 22:00,,있음
185495,바른초밥 상무점,광주,,,"다양하다1미터초밥, 바르다 특선초밥","광주 서구 시청로 27 상무광명메이루즈테라스가든 1층 125호, 126호",0507-1378-1132,11:00 - 22:00,,없음
185497,바른초밥 신창DT점,광주,,,"모듬초밥,특선초밥",광주 광산구 신창로 52,062-951-8822,10:30 - 21:30,,없음
185498,바른초밥 첨단점,광주,,,"특선초밥, 모듬초밥","광주 광산구 임방울대로800번길 71 아크레타 첨단 1층 118, 119, 120호",0507-1446-2254,11:00 - 23:00,,있음
185499,바른초밥 광주역DT점,광주,,,"모듬초밥, 특선초밥",광주 북구 경열로 240,0507-1399-8886,11:00~21:30,,있음
185500,바른초밥학동점 광주학동,광주,,,"모듬초밥, 특선초밥",광주 동구 남문로754번길 2-2,0507-1375-8934,11:00 - 22:00,,있음
185501,바른치킨 광주금호점,광주,,,"대새트리플, 대새골드",광주 서구 화개중앙로 92,062-651-5851,15:00/16:00 - 23:30/24:00,,없음
185502,바른치킨 광주봉선점,광주,,,"대새트리플, 대새골드",광주 남구 봉선중앙로 105 상가동 1층 (107호),062-655-5851,12:00 - 24:00,,없음
185503,바른치킨 광주송정점,광주,,,"닭치면, 대새레드",광주 광산구 남동길30번길 45 1층,062-412-0028,16:00 - 24:00,,없음
185504,바른치킨 광주수완점,광주,,,"대새트리플, 대새골드",광주 광산구 수완로50번길 11,062-449-5852,17:00 - 24:00,,없음
185505,바른치킨 광주양산점,광주,,,"대새트리플, 대새골드",광주 북구 양산로 65,0507-1317-0435,12:00 - 24:00,,없음
185506,바른치킨 광주첨단점,광주,,,"대새트리플, 대새골드",광주 광산구 임방울대로825번길 22-57,062-972-5852,16:00 - 24:00,,없음
185507,바른치킨 광주하남점,광주,,,"대새트리플, 대새골드",광주 광산구 마항길 34,062-955-8258,14:00 - 24:00,,없음
185508|185659,바른치킨 광천점,광주,,,"대새트리플, 대새골드",광주 서구 무진대로 919 상가동 1층 136호,062-352-5851,16:00 - 24:00,매달 4번째 월요일,없음
185509,바른치킨 상무점,광주,,,"대새트리플, 대새골드",광주 서구 치평로 20 가동 1층 102호,062-375-0813,11:00 - 01:00,,없음
185510,바른치킨 광주운암동천점,광주,,,"대새트리플, 대새골드",광주 북구 동운로 190,062-525-0007,12:00 - 24:00,,없음
185511,바른치킨 전남대점,광주,,,"대새레드치킨, 대새핫블랙 치킨",광주 북구 우치로90번길 28,062-412-5851,12:00 - 24:00,,없음
185512,바른치킨 화정점,광주,,,"대새레드, 닭.치.면 세트",광주 서구 화정로 255-1,062-366-5851,14:00/16:00 - 24:00,,없음
185513,바른칡냉면,광주,,,"물냉면, 비빔냉면",광주 서구 풍암신흥로11번길 31-1,062-654-2777,11:20/12:00 - 19:00/20:00,매주 토요일,없음
185515,바른카페 쌍암점,광주,,,"수제그릭요거트, 아메리카노",광주 광산구 첨단중앙로152번길 6-8 상가동 1층 101동,062-973-5255,08:00 - 23:00,,있음
185518,바른카페 계림점,광주,,,아메리카노,광주 동구 계림로30번길 15 푸른길두산위브아파트 상가,062-225-0131,08:00 - 23:00,,없음
185519,바른카페 금호점,광주,,,"크로플, 아메리카노",광주 서구 금화로 67,0507-1382-5670,09:00 - 22:00,,있음
185521,바른카페 매곡점,광주,,,"아메리카노, 헤이즐넛",광주 북구 서하로 123 1층,0503-7509-8103,08:00 - 22:00,,없음
185525,바른카페 신가점,광주,,,아메리카노,광주 광산구 수등로258번길 2 1층,0504-258-0511,08:00 - 18:00/22:00,,없음
185526|425949,바른카페 운암점,광주,35.1786152,126.87689039972,"아메리카노, 민트초코라떼",광주 북구 북문대로 96,062-523-4684,08:00 - 22:00,없음,있음
185527,바른커피,광주,,,"아메리카노,카페라떼",광주 서구 화정로244번길 17 1층 102호 바른커피,0507-1342-7854,09:00/10:00 - 21:30,,있음
185528,바른튀김,광주,,,"떡볶이,오뎅",광주 광산구 용아로297번길 17,062-956-5834,14:00 - 21:00,매주 월요일,없음
185529,바른한우,광주,,,"숙주 삼합 차돌박이, 토시살",광주 서구 상무공원로 1,062-385-6632,11:00 - 24:00,,있음
185531,바름카츠 광주백운동,광주,,,"불카츠,바름 실속세트",광주 남구 백운로 27 1층 바름카츠,010-3138-4533,09:30 - 22:00,,없음
185533,바름카츠첨단점 광주쌍암동,광주,,,"불카츠, 바름 실속세트",광주 광산구 월계로 223-22 바름카츠,0507-1328-3848,10:00 - 23:00,,있음
185534,바리스타래빗 로스팅하우스,광주,,,싱글아메리카노,광주 남구 회재로1293번길 10 1층 바리스타래빗,0507-1419-5334,08:00/9:00 - 19:00/21:00,,있음
185536,카페바리에,광주,,,"시금치 피자, 해산물 빠쉐 파스타",광주 동구 서석로7번길 14,062-224-8241,11:30 - 21:00,매주 화요일,있음
185537,바리오,광주,,,"리얼바닐라라떼,바스크치즈케이크",광주 서구 염화로57번길 1 상가동 1층 107호,0507-1332-5278,10:00 - 20:00,매주 일요일,있음
185544,바비후 우산점,광주,,,"오리지널 치킨, 순살바베큐",광주 광산구 사암로216번길 36,0507-1385-9984,16:00~02:00,매주 월요일,없음
185545,바빈스커피 유스퀘어점,광주,,,"아메리카노, 에그포테이토 샌드위치",광주 서구 무진대로 904 유스퀘어(광천터미널),062-365-3994,10:00-24:00,없음,없음
185547,바삭,광주,,,"김밥, 김치볶음밥",광주 북구 설죽로202번길 43,062-515-3971,11:30-22:00,없음,없음
185548,바삭튀김,광주,,,"닭날개 다리 4개, 튀김 12개",광주 서구 화정로 132,062-383-5597,,,있음
185549|425970,바삭한 돈까스,광주,35.101666666667,126.87444444444,"경양식 돈까스 정식, 치즈 가득 돈까스 정식, 경양식 돈까스, 치즈 가득 돈까스",광주 남구 효천2로가길 11,062-465-1234,11:00-21:00,"매주 일요일, 공휴일",있음
185550,바셰프 상무점,광주,,,"위스키사워, 칵테일",광주 서구 운천로 247 103-1호,062-373-1032,18:00~04:00,,있음
185552,바오만두,광주,,,"바오고기만두, 바오김치만두",광주 광산구 임방울대로332번길 19 1층 바오만두,0507-1339-9333,10:00-22:30,없음,없음
185554,카페바오밥나무,광주,,,"스노우브루, 쑥라떼",광주 북구 양일로 77-1,010-8297-4245,,,없음
185555,바오스시,광주,,,"모듬초밥, 생연어초밥",광주 광산구 수등로94번길 31,070-4110-0501,,,없음
185556,바우커피,광주,,,"아메리카노, 라떼",광주 서구 화운로 96-5,062-351-5943,09:30/10:00-18:00/19:00,매주 일요일,없음
185557,바우네나주곰탕 두암점,광주,,,"바우네곰탕, 맑은나주곰탕",광주 북구 동문대로122번길 20,062-252-0511,,,없음
185558,바우네나주곰탕 전남대점,광주,,,"특사골곰탕, 바우네사골곰탕",광주 북구 호동로15번길 2,062-266-1985,00:00~01:00,,있음
185560,바우어커피,광주,,,"아메리카노, 카페라떼",광주 서구 금화로73번길 10-1,010-5046-7600,11:00~22:00,,있음
185564,바울아저씨 첨단점,광주,,,"고르곤졸라피자, 즉석떡볶이",광주 북구 첨단연신로91번길 20-4,062-571-1150,11:00~21:30,매주 월요일,있음
185565,카페바움임동점,광주,,,"아메리카노, 헤이즐넛",광주 북구 서림로 94-1,062-514-8887,10:00-22:00,없음,없음
185566,바이더글라스,광주,,,"브리 치즈구이, 스몰 치즈 플래터",광주 동구 장동로 6-1 2층,0507-1419-6864,18:00/19:00-24:00/01:00,없음,없음
185567,11vibe,광주,,,"Basque cheese cake, Mini croffle",광주 광산구 수완로50번길 63 11vibe,010-9466-0219,11:30~23:00,,없음
185568,바이킹하우스,광주,,,"돈가스, 떡라면",광주 북구 우치로 677,062-607-8054,,,있음
185569,바이헤세드,광주,,,"아메리카노, 바닐라라떼",광주 북구 밤실로 200 1층,062-264-0520,06:00-22:00,"매주 일요일, 공휴일",있음
185570,바이히얼,광주,,,"바닐라빈아인슈페너, 아메리카노",광주 서구 천변우하로 297 2층,0507-1305-0178,11:30~14:00,"매주 토요일, 일요일",있음
185571,바칼,광주,,,"바지락 칼국수, 팥칼국수",광주 광산구 신창로138번길 31-5,062-959-5000,11:00-15:00/20:00,없음,있음
185572|425993,바코포차,광주,35.219086099722,126.84383649972,"한우육사시미, 한우산낙지탕탕이, 바코수육",광주 광산구 첨단중앙로152번길 25 1층,0507-1425-1443,17:00-03:00,없음,있음
185575,바푸리포 광주 하남점,광주,,,"양지쌀국수, 숯불쌀국수, 볶음국수, 볶음밥, 짜조, 돈까스, 만두, 또띠아, 튀김류",광주 광산구 풍영철길로 15 B103호,0507-1393-3000,11:00~22:00,,없음
185577,박가네분식 첨단점,광주,,,"떡볶이, 만두",광주 광산구 앰코로 35,062-961-1136,,,있음
185578,박가네국밥,광주,,,"모듬국밥, 곱창전골",광주 북구 북문대로 144,062-527-8988,,,없음
185579,박가네깐풍기찜닭 백운점,광주,,,"새우품은 깐풍기, 깐풍치킨",광주 남구 진다리로 16 1층,062-676-9285,11:00-24:00,없음,없음
185580,박가네들깨랑팥이랑,광주,,,"들깨칼국수, 팥칼국수",광주 서구 염화로83번길 9,062-374-5552,11:00-20:00,매주 일요일,없음
185581|426002,박가네본가깐풍기,광주,35.1789111,126.87519279972,"깐풍기, 찜닭",광주 북구 서강로82번길 36 1층,0504-2015-1271,,,없음
185582,박가네본가깐풍기,광주,,,"깐풍기, 찜닭",광주 광산구 월계로118번길 19,0504-0999-0532,11:00-05:00,없음,없음
185583,박가네아구찜,광주,,,"아구찜, 살로만아구찜",광주 남구 봉선중앙로134번길 7,0504-2015-0680,,,없음
185584,박가부대 광주동림점,광주,,,"빠네퐁듀닭갈비, 수제햄부대찌개",광주 서구 하남대로680번길 1 동림프라자 2층,062-511-5338,11:00~23:00,,없음
185588,박대감집,광주,,,"통돼지묵은지김치찌개, 고등어구이",광주 동구 필문대로287번길 15-4,062-224-1557,09:00-21:00,매주 일요일,있음
185589,박대감,광주,,,"생고기, 육회",광주 북구 저불로 69,062-511-1073,10:00~22:00,,있음
185591,박서방국밥,광주,,,국밥,광주 동구 무등로307번길 24-1,062-522-3298,,,없음
185592|426013,박석골 화정,광주,35.153396499722,126.8806124,"우대 갈비, 양념 돼지갈비",광주 서구 군분2로5번길 6-2 1층 박석골 화정,062-362-9282,15:00-23:30,없음,있음
185595,박소영왕만두,광주,,,"왕고기만두, 왕김치만두",광주 북구 대자로 64,070-8654-3382,,"매주 월요일, 넷째 일요일",있음
185596,박숙란벌교진짱뚱어탕 본점,광주,,,"짱뚱어탕, 수제돈까스",광주 북구 문화소통로 242,062-943-8859,11:00-21:00,없음,있음
185597|426018,박순자 녹두집,광주,35.151944444444,126.91638888889,"빈대떡, 코다리찜, 수제비, 팥죽, 콩나물국밥, 회무침",광주 동구 구성로204번길 26,062-223-8694,11:30-22:00,매주 월요일,있음
185598,박슐랭,광주,,,"흑돼지 프렌치렉, 콩피 삼겹",광주 광산구 월계로150번길 12 103호,0507-1319-3035,17:00-01:00,매주 월요일,없음
185599,박스터커피,광주,,,"아메리카노, 히비스커스자몽아이스티",광주 광산구 첨단중앙로152번길 5-8,062-974-0303,09:00~24:00,,없음
185601,박승자도넛 광주댐생태원점,광주,,,"팥도넛, 고구마볼",광주 북구 충효샘길 46,062-262-1191,,,있음
185602,불더덕 본점,광주,,,"한식, 더덕구이",광주 광산구 수등로 261-17,062-961-9294,,,없음
185603,박정표밀알모밀,광주,,,"유부모밀, 모밀국수",광주 서구 치평로 124,062-376-2245,11:00-20:00,공휴일,있음
185604,박준기감자탕 전대본점,광주,,,"우거지 감자탕, 묵은지 감자탕",광주 북구 반룡로28번길 11,0507-1368-6781,09:00-02:00,매주 월요일,있음
185605,박참치,광주,,,"참다랑어가마살, 참치머리",광주 북구 중외길25번길 7-4 1층,0507-1315-6024,16:00-23:00,매주 일요일,있음
185607,박태진의뮤직토크,광주,,,"맥주, 오징어",광주 동구 중앙로196번길 31-5,062-233-0221,,,없음
185609,박혜자낙지마당 월곡점,광주,,,"전복산낙지찜, 산낙지볶음",광주 광산구 목련로 97,062-959-3365,10:00-21:30,없음,있음
185611,반가사유,광주,,,"필터커피, 라떼",광주 동구 백서로153번길 6,0507-1310-9622,10:00/13:00-18:00,매주 일요일,없음
185613,반달옥 봉선본점,광주,,,"양념 나비갈비구이, 매콤 등갈비","광주 남구 봉선2로 39-13 다동 301호, 302호, 303호",062-651-9110,11:30-15:00/22:30,"매주 월요일, 공휴일",있음
185620,반도대하루,광주,,,"탕수육, 짜장면",광주 동구 구성로194번길 2,062-224-2330,,,없음
185621,반도족발선지국,광주,,,"족발, 해물파전",광주 동구 독립로264번길 26-1,062-223-6834,11:00-21:30,매주 일요일,있음
185622,반도식당,광주,,,"간재미탕, 동태찌개",광주 동구 구성로 194-1,062-222-6329,,,없음
185623,신반디기사식당,광주,,,"한식, 백반",광주 북구 죽봉대로 204-1,062-515-5365,,,없음
185624,반디식당,광주,,,"백반, 생선구이","광주 동구 구성로 258 ,",062-222-0809,,,없음
185626,반석영양돌솥밥&삼계탕,광주,,,"영양돌솥밥, 삼계탕",광주 남구 봉선1로47번길 3-3,062-676-2450,10:30-22:00,없음,있음
185627,반앤테라스,광주,,,"프리미엄 한우, 돼지고기",광주 광산구 남동길48번길 25,062-944-2220,,,없음
185629,반야산장,광주,,,"황칠백숙, 한방옻닭",광주 북구 무등로 1554,062-266-3939,,,있음
185630,반올림피자샵 전남대점,광주,,,"포텐피자, 치즈후라이 크림치즈",광주 북구 서방로 36-1,062-523-7767,12:00-23:00,없음,없음
185631,반올림피자샵 광주서구점,광주,,,"반올림고구마피자, 통마늘불고기피자",광주 서구 화정로 63,062-371-2827,11:00-23:00,없음,없음
185632,반올림피자샵 광주 어룡송정점,광주,,,"반올림고구마피자, 통마늘불고기피자",광주 광산구 선운로2번길 1-13 1층(선암동),062-944-4569,12:00-23:00,없음,없음
185633,반올림피자샵 운암광천점,광주,,,"포텐피자, 치즈후라이 크림치즈",광주 북구 서강로 38,062-514-0110,11:00-24:00,없음,있음
185634,반올림피자샵 광주첨단점,광주,,,"반올림고구마피자, 통마늘불고기피자",광주 광산구 산월로41번길 8-2,062-971-7723,12:00-23:00,매주 목요일,없음
185635,반올림피자샵광주효천점,광주,,,"반올림고구마피자, 통마늘불고기피자",광주 남구 효천중앙로 64,0507-1427-2281,11:30-23:10,없음,없음
185636,반월추어탕,광주,,,"추어탕, 추어탕정식",광주 광산구 월봉반월길 19 반월추어탕,062-951-7771,10:00-15:30/21:00,"둘째, 넷째 토요일",있음
185637,반월추어탕 양산점,광주,,,"추어탕, 통추어탕",광주 북구 하서로 542,062-573-7776,,,없음
185638,반월추어탕 첨단점,광주,,,"추어탕, 통추어탕",광주 광산구 첨단내촌로70번길 96,062-972-3535,10:00-21:00,"격주 화요일, 공휴일",없음
185639,반월커피,광주,,,"아메리카노, 카페라떼",광주 광산구 반월안길 7,0507-1369-8021,09:30-18:30,"매주 토요일, 일요일",있음
185640,신락원 금호점,광주,,,"유니짜장, 우동",광주 서구 운천로 15,062-384-8580,10:50-14:50/21:00,공휴일,있음
185643,반찬투정앤김밥,광주,,,"김밥, 떡볶이",광주 북구 임방울대로 1059,062-571-1222,,,없음
185644,반푼이네전집,광주,,,전,광주 남구 백운로82번길 11 휴먼시아3단지아파트상가동 2층 203호,0507-1430-2232,10:00-20:00,"매주 일요일, 공휴일",있음
185647,반할왕만두해,광주,,,"고기왕만두, 김치새우왕만두",광주 광산구 목련로153번길 57 1층,0507-1492-2403,10:00-20:30,매주 일요일,없음
185648,반달캔커피,광주,,,"아메리카노, 콜드브루",광주 북구 자미로66번길 50,0507-1371-0716,11:00-02:00,"둘째, 넷째 화요일",있음
185649,반헤이브,광주,,,"반헤이브 브랙퍼스트, 아메리카노",광주 북구 용전마을길 23-6,0507-1332-1556,10:30-21:00,없음,있음
185650,발대발신화불닭,광주,,,"모듬구이세트, 순살불닭",광주 광산구 신창로138번길 8-5,062-951-0103,11:00-01:00,없음,없음
185651,발대발,광주,,,"국물닭발, 순살불닭",광주 북구 첨단연신로107번길 41,0507-900-6376,12:00~05:00,,없음
185652,발랄한맥주,광주,,,"먹태, 촉촉오징어",광주 광산구 수완로11번길 37,062-961-8822,18:00-03:00,매주 월요일,없음
185653|426074,발루토커피,광주,35.1522412888057,126.924363997314,"단호박치즈케이크, 흑임자치즈케이크",광주 동구 동계로 6,062-225-1221,,,없음
185654,발리,광주,,,"맥주, 오징어",광주 서구 풍금로151번길 6-6,062-673-1535,,,없음
185655,발리커피 본점,광주,,,"에스프레소, 아메리카노",광주 서구 상무대로 915,062-383-4567,,,있음
185657,발효명가,광주,,,"삼사미가, 산삼주",광주 광산구 송정로8번길 50 발효명가,0507-1310-9782,,,없음
185658,밝은들칼국수,광주,,,"아구찜, 바지락칼국수",광주 광산구 수등로 278 1층,0507-1399-1600,10:00-22:00,없음,있음
185660,밝음,광주,,,"트러플 크림 뇨끼, 핫스파이시 파스타",광주 광산구 임방울대로800번길 71 아크레타 2층,0507-1327-1838,12:00~24:00,매주 월요일,없음
185661,밤밤커피,광주,,,"아메리카노, 디저트",광주 북구 문산로 81,070-4036-6155,07:00~18:00,매주 화요일,없음
185663,밤비노,광주,,,"아메리카노, 헤이즐넛아메리카노",광주 서구 하남대로 478,010-6637-7249,08:20/10:00-23:59,없음,있음
185664,밤산책가들,광주,,,"원두커피, 카페라떼",광주 북구 서암대로159번길 37 1층 밤산책가들,062-511-7118,15:00-22:00,없음,없음
185666,밤실골국밥,광주,,,"머리국밥, 내장국밥",광주 동구 지호로 29,062-227-3347,08:00-14:00/20:00,매주 일요일,없음
185667,밤실로183,광주,,,"골뱅이무침, 모듬전",광주 북구 밤실로 183,0507-1402-0262,18:00-24:00/01:00,없음,없음
185668,밤실마을,광주,,,"생고기, 갈비찜",광주 북구 밤실로 163-9,062-269-5290,11:00-22:00,매주 일요일,있음
185669,밤실식당,광주,,,"백반, 오리부추구이",광주 동구 밤실로30번길 1,062-225-1661,11:00-21:00,매주 일요일,없음
185670,밤실짬뽕,광주,,,"짬뽕, 순두부짬뽕밥",광주 동구 필문대로205번길 21 1층 밤실짬뽕,062-433-0747,11:30-14:30/20:00,"매주 일요일, 공휴일",없음
185671,밤실촌,광주,,,"옻닭, 닭백숙",광주 북구 무진성길 46,062-252-0082,11:00-23:00,없음,있음
185674,밤을달리자 월계점,광주,,,"동태탕, 제육볶음",광주 광산구 첨단내촌로70번길 3,062-971-3534,06:00-02:00,없음,없음
185675,밥&술,광주,,,"백반, 엄니옻닭",광주 북구 자산로 64,062-527-2517,,,없음
185676,밥FULL 호남대점,광주,,,"고구마 치즈그라탱, 콘치구마",광주 광산구 선운로 2,062-945-5164,,,없음
185677,밥's,광주,,,"치즈돈까스, 고구마돈까스",광주 동구 지산로 21 건물 102호,062-222-2838,,,없음
185678,밥도둑,광주,,,"백반, 닭도리탕",광주 북구 북문대로247번길 12,062-523-7778,,,없음
185679,밥도둑,광주,,,"등갈비 김치찜, 닭볶음탕",광주 북구 대천로 113-10,062-470-7100,,,없음
185680,밥도둑,광주,,,"제육볶음, 고등어구이 정식",광주 북구 양산제로 109-7 1층 7호(연제동),062-571-7756,,,없음
185681,밥먹는하마,광주,,,"치즈오븐스파게티, 제육덮밥",광주 광산구 광산로 27-2,062-942-0303,11:00-20:00,없음,있음
185683,밥사랑술사랑,광주,,,"닭도리탕, 상추쌈밥",광주 동구 필문대로287번길 8,062-222-0799,,,없음
185684,밥상따로술상따로,광주,,,"갈비찜, 애호박찌개",광주 서구 월드컵4강로181번길 29-1,062-371-1770,11:00-21:00,매주 일요일,있음
185685,밥상술상,광주,,,"백반, 조기찌개",광주 동구 소태길 5,062-234-6902,,,있음
185686,밥상술상,광주,,,"백반, 소머리곰탕",광주 서구 운천로92번길 9,062-655-5648,,,없음
185687,밥심,광주,,,"김치찌개, 된장찌개",광주 북구 하서로 570-6,062-575-1373,,,없음
185688,밥심,광주,,,"한식, 백반",광주 서구 마륵로 96-1,062-385-8826,11:30~14:30,,있음
185689,밥심엔반찬,광주,,,"백김치, 파김치",광주 북구 하서로 428 1층 밥심엔반찬,062-573-0700,10:00-19:30,매주 일요일,없음
185691,밥은먹고다니냐,광주,,,"국내산 생앞다리살 김치찌개, 참치찌개",광주 북구 동운로 186-1,062-525-0304,,,없음
185692,밥이랑술이랑,광주,,,"김치찌개, 애호박찌개",광주 남구 중앙로 79,062-671-2557,,,없음
185694,밥장인 돼지찌개 전남대점,광주,,,"밥장인 비벼먹는 돼지찌개, 밥장인 김치찌개",광주 북구 호동로 23,062-269-1052,11:00-21:00,없음,있음
185695,밥장인 돼지찌개 운암점,광주,,,"밥장인 비벼먹는 돼지찌개, 밥장인 김치찌개",광주 북구 서강로 52 상가3동 102호,062-511-8254,11:00~21:00,,없음
185696,밥장인 돼지찌개 상무점,광주,,,"돼지찌개 둘이먹는 찌개 세트, 스팸4조각 혼자찌개 세트","광주 서구 운천로204번길 3-1 1층 매장 앞, 일진부동산 앞 주차가능",0507-1406-4024,07:00-15:30/21:00,없음,있음
185697,밥장인 돼지찌개 하남점,광주,,,"밥장인 비벼먹는 돼지찌개, 밥장인 김치찌개",광주 광산구 월곡산정로 108 상가동 1층 4호,070-4140-4631,10:00-22:00,없음,있음
185699,밥정,광주,,,"한식, 가정식백반",광주 광산구 어등대로 581-1,062-943-0999,,,없음
185700,밥제작소,광주,,,"크림김치볶음밥, 로제짬뽕",광주 남구 정율성로 22,070-7543-7121,11:00-15:30/21:00,매주 토요일,없음
185701,밥주소,광주,,,"갈치조림, 병어조림",광주 광산구 도산로 33,062-943-9414,11:00-22:30,"첫째, 셋째 일요일",없음
185703,밥집명가,광주,,,"오뎅떡볶이, 두부조림",광주 광산구 진곡산단5번로 57-23,062-432-8878,,,없음
185704,bapzip4319,광주,,,"헝가리 굴라쉬 스튜, 볼로네제파스타",광주 광산구 월곡중앙로1번길 8-8,0507-1329-4319,11:30-15:00/24:00,매주 일요일,없음
185705,밥집 술집,광주,,,"백반, 제육볶음",광주 서구 월산로165번길 17 1층,062-366-3800,,,없음
185707,밥카페,광주,,,"김치찌개, 된장찌개",광주 동구 제봉로 145,062-222-1114,,,없음
185709,밥통령 전남대점,광주,,,"돼지 고기 짜글이, 차돌 짜글이",광주 북구 서방로39번길 28,0507-1312-2588,10:30-22:00,"매주 토요일, 일요일",없음
185710,1인용갈비찜  전남대점,광주,,,"김치볶음밥, 치즈김치볶음밥",광주 북구 면앙로6번길 75 (용봉동),062-528-0010,,,없음
185712,밥하우스,광주,,,"9첩한정식도시락, 9첩비빔밥도시락",광주 서구 상무오월로43번길 9 1층 밥하우스,062-385-3695,,,없음
185713,밥한술,광주,,,"제육덮밥, 부대찌개",광주 광산구 앰코로 35 폭스존 1층 113호(쌍암동),062-716-3644,,,없음
185714,밧짱,광주,,,"소고기 쌀국수, 분짜",광주 북구 일곡택지로99번길 33 1층,0507-1439-3557,,매주 월요일,없음
185716|185720,굽네치킨 방림양림점,광주,,,"허니멜로, 오리지널",광주 남구 용대로183번길 20,0504-3143-8417,12:00-01:00,없음,없음
185717,방림촌식육식당,광주,,,"갈비살, 육회",광주 남구 천변좌로552번길 17 대우식육점,062-672-5294,11:30-24:00,매주 일요일,있음
185718,방림커피,광주,,,"아메리카노, 카페라떼",광주 남구 방림로 2,010-4902-5534,,,없음
185723|426143,방실네,광주,35.118781599722,126.89791499972,"홍어찜, 아구찜",광주 남구 서문대로663번길 7,0504-0999-2152,12:00-23:00,없음,있음
185724,방앗간집,광주,,,"양탕, 보신탕",광주 광산구 첨단봉산안길 56,062-972-8599,11:00-21:30,없음,있음
185726,방울식당,광주,,,"백반, 김치찌개",광주 북구 서방로63번길 13,062-261-8558,,,없음
185727,방울이네민속주점,광주,,,"골뱅이무침, 두부김치",광주 북구 밤실로 191,062-266-0703,,,없음
185728,방젯골식육식당,광주,,,"삼겹살, 목살",광주 남구 용대로 195,062-710-9233,11:00~22:00,"첫째, 셋째 월요일",없음
185730,방태막국수 광주하남점,광주,,,"물막국수, 비빔막국수",광주 광산구 하남마항로12번길 3,062-714-2991,11:00~21:00,,있음
185731,배가네동태탕찜전문점,광주,,,"배가네모듬탕, 배가네동태탕",광주 북구 삼정로66번길 91-1,062-262-7732,11:00-22:00,매주 일요일,있음
185732,배가네동태탕찜전문점 상무점,광주,,,"배가네동태탕, 배가네모듬탕",광주 서구 상무중앙로 6-10,062-372-6667,11:00~22:00,,있음
185733,배가찐왕만두 금호8호점,광주,,,"납작고기만두, 납작김치만두",광주 서구 화개1로 63,062-655-7335,10:00-23:00,매주 일요일,없음
185734,배가찐왕만두 선운지구 9호점,광주,,,"납작김치만두, 납작고기만두",광주 광산구 선운로20번길 50,0507-1339-9903,10:00-21:00,없음,없음
185735,배가찐왕만두,광주,,,"납작고기만두, 납작김치만두",광주 북구 동문대로 109,062-262-8082,,,없음
185736,배가찐왕만두 운남5호점,광주,,,"고기 왕 만두, 통새우 고기 만두",광주 광산구 임방울대로 144,062-961-0567,10:00-21:30,없음,있음
185737,배가찐왕만두문흥점,광주,,,"납작김치만두, 납작고기만두",광주 북구 대천로 138,062-264-2935,10:00-22:00,매주 월요일,없음
185738,배가찐왕만두 첨단2지구점,광주,,,"납작고기만두, 납작김치만두",광주 북구 첨단연신로107번길 7,062-416-2100,10:00~22:00,매주 월요일,없음
185742,배꼽시계,광주,,,"뚝배기 불고기, 코다리시래기조림",광주 동구 구성로 187-1 1층 배꼽시계,062-513-7848,10:00-20:00,"매주 토요일, 일요일, 공휴일",있음
185743,배꼽창,광주,,,"곱창전골, 모듬구이",광주 광산구 수완로50번길 22 1층 배꼽창,062-955-5590,17:00-01:00,매주 일요일,있음
185744,배달돼지 전남대점,광주,,,"나홀로 삼겹살 SET, 여럿이 삼겹살 SET",광주 북구 효산로6번길 2,062-262-5777,,,없음
185745,배달로돼지 용봉점,광주,,,"삼겹살, 소주",광주 북구 우치로100번길 20,062-714-3332,,,없음
185748,배달삼겹돼지되지 조선대점,광주,,,"오리지날, 양념",광주 동구 필문대로287번길 15-13,050-4822-3254,,,없음
185749,배달삼겹돼지되지상무점,광주,,,"오리지날, 양념",광주 서구 쌍촌로57번길 29,0504-0953-0830,,,없음
185750,배달삼겹 양만이 광주점,광주,,,"양만이 도시락이요, 매운국물돼지갈비찜",광주 서구 화운로126번길 3-2,062-449-9233,,,없음
185751,직화삼겹직구삼 백운점,광주,,,"직화 삼겹살 한상, 직화 삼겹살 완전고기만",광주 남구 진다리로 16,062-674-9233,,,없음
185753,배달아재,광주,,,"아재 삼겹살 화로구이 혼밥, 아재 삼겹살 활구이 한상",광주 북구 북문대로201번길 10,0507-1332-1049,,,없음
185756,배달의여왕상무점,광주,,,"김치찌개, 김치볶음밥",광주 서구 쌍촌로57번길 21,062-385-1599,,,없음
185757,BHC치킨 전대후문점,광주,,,"치퐁당후라이드, 분모자로제떡볶이",광주 북구 면앙로6번길 72,050-4454-9248,12:00-24:00,,없음
185758,BHC치킨 광주첨단중앙점,광주,,,"치퐁당 후라이드, 분모자 로제 떡볶이",광주 광산구 임방울대로800번길 78,062-972-8877,12:00-24:00,,없음
185759,배달킹 스팸몽땅부대찌개 광산점,광주,,,"부대찌개, 떡볶이",광주 광산구 풍영로101번안길 7-7 1층,070-4833-2110,11:00-01:00,없음,없음
185760,BHC치킨 광주상무점,광주,,,"치퐁당 후라이드, 분모자 로제 떡볶이",광주 서구 상무공원로 112 해광한신아파트,062-381-3336,12:00-24:00,,있음
185761,배떡 신창점,광주,,,"로제떡볶이, 국물떡볶이",광주 광산구 신창로36번길 19 1층,062-954-0325,11:00-14:30/22:00,없음,없음
185762,배떡,광주,,,"떡볶이, 김말이",광주 서구 계수로52번길 21,062-374-7999,,,없음
185763,배떡 조대점,광주,,,"로제떡볶이, 김말이",광주 동구 지산로 62,062-228-2999,,,없음
185764|426184,배떡 금호점,광주,35.126319,126.85403499972,"로제떡볶이, 튀김세트, 날치알밥",광주 서구 화개중앙로 75-1,0507-1495-7223,11:00/16:00-22:00/01:30,없음,있음
185765,배떡 봉선점,광주,,,"로제떡볶이, 분모자떡볶이",광주 남구 봉선1로47번길 1 1층,0507-1424-1287,11:00-22:00,없음,없음
185766,배떡 송정점,광주,,,"떡볶이, 핫도그",광주 광산구 내상로15번길 51 1층(송정동),062-412-2929,,,없음
185768,배떡 운암점,광주,,,"로제떡볶이, 분모자떡볶이",광주 북구 대자로 66,062-531-1414,,,없음
185769,배떡 월곡점,광주,,,"로제떡볶이, 국물떡볶이",광주 광산구 사암로390번길 37 대영빌딩,062-956-9567,11:00-22:30,매주 수요일,없음
185770,배떡 진월점,광주,,,"로제떡볶이, 분모자떡볶이",광주 남구 금당로 34,062-676-8253,11:00-24:00/00:40,없음,없음
185771,배떡 광주첨단1지구점,광주,,,"떡볶이, 순대",광주 광산구 첨단중앙로182번길 20,062-973-0666,,,없음
185772,배떡 첨단2지구점,광주,,,"로제떡볶이, 분모자떡볶이",광주 북구 첨단연신로107번길 21 1층 105호,0507-1367-9275,11:00-14:30/22:00,매주 월요일,없음
185773,배떡 화정점,광주,,,"로제떡볶이, 분모자떡볶이",광주 서구 염화로116번길 29,062-383-9708,11:00-15:00/22:00,매주 월요일,없음
185774,배리후,광주,,,"화채, 수박",광주 서구 상무오월로3번길 10-16 (쌍촌동)로얄빌라 상가 103호 배리후,0507-1486-9911,14:00-22:00/02:00,없음,없음
185776,배보삼춘,광주,,,"생삼겹, 막창",광주 광산구 송정로30번길 8,062-946-5553,04:00-23:00,,있음
185777,배부르게해준다 토탈분식전문점,광주,,,"떡볶이, 김밥",광주 북구 설죽로 419,062-575-7775,,,없음
185778,배부리왕만두 동천점,광주,,,"배부리찐빵, 고기왕만두",광주 서구 하남대로 706 103호,062-523-0300,10:00-22:00,매주 월요일,없음
185780,배부장찌개 광주계림점,광주,,,"돼지짜글이, 김치찌개",광주 동구 독립로368번길 18,062-419-0064,11:00-22:00,,있음
185781,배불뚝이,광주,,,"김치찌개, 애호박찌개",광주 북구 북문대로232번길 3-10,062-514-5959,,,없음
185782,배블리컨테이너,광주,,,"베이컨 스테이크, 쉬림프 베이컨",광주 서구 무진대로 932,062-360-1939,11:00-20:30,없음,있음
185783,배삼요 배달삼겹살도 요리다 서구점,광주,,,"오리지널 세트, 반반 삼겹살",광주 서구 쌍촌로57번길 23-1 1층 배삼요,062-382-5055,11:00-24:00,없음,없음
185784|185797,배스킨라빈스 광주말바우점,광주,,,"오레오 쿠키앤크림 레디팩, 피카츄 초코 바나나 블라스트",광주 북구 동문대로 96 (두암동) 1층,062-462-5252,10:00-23:00,"매주 토요일, 일요일",있음
185785,배스킨라빈스 광주월계,광주,,,"패밀리, 파인트",광주 광산구 첨단중앙로 96 LC타워 110호,062-974-3188,10:00~22:00,,있음
185786,베스킨라빈스 운천점,광주,,,"포켓몬2블록팩, 내가 아인슈페너",광주 서구 상무대로 876 (쌍촌동),0507-1491-0310,10:00~23:00,,있음
185787,배스킨라빈스 광주신용,광주,,,"포켓몬2블록팩, 내가 아인슈페너",광주 북구 첨단연신로133번길 4,062-412-3131,10:00~23:00,,있음
185788|185817,배스킨라빈스 광주화정,광주,,,"오레오 쿠키앤크림 레디팩, 피카츄 초코 바나나 블라스트","광주 서구 화운로 24 (화정동, 유니버시아드 힐스테이트 3단지) 상가동 1층 CO1-105호",062-225-7757,10:00-24:00,없음,있음
185789,배스킨라빈스 광주장덕,광주,,,"오레오 쿠키앤크림 레디팩, 피카츄 초코 바나나 블라스트","광주 광산구 풍영로 271 (장덕동) 107호,108호",062-951-3133,10:00-23:00,없음,있음
185791,배스킨라빈스 광주계림센트럴,광주,,,"오레오 쿠키앤크림 레디팩, 피카츄 초코 바나나 블라스트",광주 동구 경양로 237 (계림동) 1층,062-412-5255,10:00-23:00,없음,있음
185792|426211,배스킨라빈스 광주노대점,광주,35.106111111111,126.90472222222,"오레오 쿠키앤크림 레디팩, 피카츄 초코 바나나 블라스트, 쿼터, 패밀리",광주 남구 효우로 85,062-673-3131,10:00-23:00,없음,있음
185793,배스킨라빈스 광주동림,광주,,,"오레오 쿠키앤크림 레디팩, 피카츄 초코 바나나 블라스트",광주 북구 동림동 1288,062-522-3123,10:00-23:00,없음,있음
185794,배스킨라빈스 광주동림푸른마을,광주,,,"오레오 쿠키앤크림 레디팩, 피카츄 초코 바나나 블라스트",광주 북구 북문대로 241 (동림동),062-531-3131,10:00-23:00,없음,있음
185795,배스킨라빈스 광주두암,광주,,,"오레오 쿠키앤크림 레디팩, 피카츄 초코 바나나 블라스트",광주 동구 갈마로 48 (산수동) 1층,062-266-0031,10:00-23:00,없음,있음
185796,배스킨라빈스 광주마재점,광주,,,"오레오 쿠키앤크림 레디팩, 피카츄 초코 바나나 블라스트",광주 서구 회재로 887 (금호동) 1층,0507-1436-3131,10:00-23:30,없음,없음
185798,배스킨라빈스 광주백운점,광주,,,"오레오 쿠키앤크림 레디팩, 피카츄 초코 바나나 블라스트",광주 남구 제중로 136 (서동) 1층,062-652-0417,10:00-23:00,없음,있음
185799,배스킨라빈스 광주수완점,광주,,,"오레오 쿠키앤크림 레디팩, 피카츄 초코 바나나 블라스트",광주 광산구 장신로 120,062-961-5590,,,있음
185800,배스킨라빈스 신가점,광주,,,"오레오 쿠키앤크림 레디팩, 피카츄 초코 바나나 블라스트",광주 광산구 신창로 34,062-952-5505,10:00-23:00,없음,있음
185801,배스킨라빈스 광주연제점,광주,,,"옹기종기팩, 아이스 모나카 초당 옥수수",광주 북구 양일로 69,062-571-1131,10:00-23:00,없음,있음
185802,배스킨라빈스 광주용봉,광주,,,"오레오 쿠키앤크림 레디팩, 피카츄 초코 바나나 블라스트",광주 북구 용봉택지로 94,062-531-7731,10:00-01:00,없음,있음
185803,배스킨라빈스 광주이마트점,광주,,,"오레오 쿠키앤크림 레디팩, 피카츄 초코 바나나 블라스트",광주 서구 죽봉대로 61 1층,062-366-3101,10:00-22:00,"둘째, 넷째 일요일",있음
185804,배스킨라빈스 광주주월,광주,,,"오레오 쿠키앤크림 레디팩, 피카츄 초코 바나나 블라스트","광주 남구 대남대로223번길 10 (주월동, 양우 내안애 프레스티지) 111동 102, 103호",062-653-3618,10:00-23:00,없음,있음
185805,배스킨라빈스 광주충장점,광주,,,"오레오 쿠키앤크림 레디팩, 피카츄 초코 바나나 블라스트",광주 동구 서석로 51,062-232-9701,10:00-23:00,없음,있음
185806,배스킨라빈스 광주하남,광주,,,"포켓몬2블록팩, 내가 아인슈페너",광주 광산구 사암로216번길 30 1층,062-952-3100,10:00~23:00,,있음
185807|426226,배스킨라빈스 광주황금,광주,35.147379999722,126.9147116,"오레오 쿠키앤크림 레디팩, 피카츄 초코 바나나 블라스트, 쿼터, 패밀리",광주 동구 중앙로160번길 18,062-232-1909,10:00-23:00,없음,없음
185808,배스킨라빈스 광주효천점,광주,,,"오레오 쿠키앤크림 레디팩, 피카츄 초코 바나나 블라스트",광주 남구 효천2로 26 (임암동) 1층,0507-1361-0031,10:00-23:00,없음,있음
185809,배스킨라빈스 광주매곡,광주,,,"오레오 쿠키앤크림 레디팩, 피카츄 초코 바나나 블라스트",광주 북구 서하로 131,062-575-5535,10:00-23:00,없음,있음
185810,배스킨라빈스 방림점,광주,,,"오레오 쿠키앤크림 레디팩, 피카츄 초코 바나나 블라스트",광주 남구 용대로 208 (방림동) 배스킨라빈스 광주방림,062-714-3145,10:00-23:00,없음,있음
185811,배스킨라빈스 광주선운점,광주,,,"오레오 쿠키앤크림 레디팩, 피카츄 초코 바나나 블라스트","광주 광산구 선운중앙로 43 (선암동 560,선운지구이지더원2단지) 1층",062-942-3135,10:00-23:00,없음,있음
185812,배스킨라빈스 광주신창점,광주,,,"오레오 쿠키앤크림 레디팩, 피카츄 초코 바나나 블라스트",광주 광산구 신창로 132 SM빌딩 1층,0507-1309-3128,10:00-23:00,없음,있음
185813,배스킨라빈스 전남대점,광주,,,"오레오 쿠키앤크림 레디팩, 피카츄 초코 바나나 블라스트",광주 북구 우치로 94-1,062-252-3132,10:00-23:00,없음,있음
185814,배스킨라빈스 조선대,광주,,,"오레오 쿠키앤크림 레디팩, 피카츄 초코 바나나 블라스트",광주 동구 필문대로 271,062-225-8100,10:00-23:00,없음,있음
185815,배스킨라빈스 광주첨단점,광주,,,"오레오 쿠키앤크림 레디팩, 피카츄 초코 바나나 블라스트",광주 광산구 첨단중앙로181번길 42-4,062-973-3144,10:00-22:00,없음,있음
185816,배스킨라빈스 광주터미널점,광주,,,"오레오 쿠키앤크림 레디팩, 피카츄 초코 바나나 블라스트",광주 서구 무진대로 904 (광천동) 광천터미널,062-368-3130,10:00-23:00,없음,있음
185819,배키욘방 첨단점,광주,,,"사케동, 세세리동",광주 광산구 임방울대로800번길 71 117호,0507-1356-7498,11:30-15:00/21:00,매주 화요일,있음
185820,배터지는생돈까스 운암점,광주,,,"대왕돈까스, 김치치즈롤돈까스",광주 북구 서강로62번길 5-1,0504-2015-1259,09:00-21:00,없음,없음
185821,배터지는생동까스 첨단점,광주,,,"모듬정식, 생동까스",광주 광산구 첨단내촌로70번길 50-5,062-973-0026,11:00-22:00,없음,없음
185822,배터지는생동까스 운남점,광주,,,"모듬정식, 피자돈까스",광주 광산구 목련로153번길 35,062-955-8200,11:00~21:30,,없음
185823,배터지는생동까스 삼각점,광주,,,"배터지는 생돈까스, 등심2장 돈까스",광주 북구 설죽로440번길 3-19,062-572-8097,,,없음
185825,백가네계절포차,광주,,,"오리주물럭, 연포탕",광주 북구 황계로 1,0507-1381-6674,10:00-22:00,매주 일요일,있음
185826|426245,백가네,광주,35.1452256,126.87375269972,"알탕, 생태탕",광주 서구 화정로 152,061-383-3369,,,없음
185827,백금당,광주,,,"백금당케이크, 크림브륄레라떼",광주 광산구 수완로52번길 36-3,0507-1448-2378,12:00~22:00,매주 월요일,있음
185828,백년대게,광주,,,"대게, 모듬참치",광주 남구 대남대로 361,062-352-8882,10:30-23:00,없음,있음
185830,백년미가 유촌점,광주,,,"간장게장, 전복",광주 서구 유덕로28번길 18 백년미가,0507-1448-3392,11:30~21:30,매주 월요일,있음
185831,백년수갈비 돌고개점,광주,,,"소고기무한리필, 국내산 돼지고기 무한리필",광주 남구 월산로 143-1 1층,0507-1374-9989,16:00-22:00,없음,있음
185832,백년왕갈비탕 양산동본점,광주,,,"왕갈비탕, 한우물회",광주 북구 양산택지로 87,062-228-8293,11:00~22:00,없음,있음
185833,백년짬뽕,광주,,,"짜장면, 해물짬뽕",광주 광산구 선운로 9-1,062-941-8002,,,있음
185834,백년찜닭,광주,,,"시크블랙찜닭, 2인돼지김치찜",광주 북구 설죽로370번길 27-12,0504-2015-1215,11:30-23:30,없음,있음
185835,백년한우,광주,,,"한우생고기, 한우갈빗살",광주 북구 연양로67번길 5,062-573-9990,11:30-22:00,없음,있음
185836,백년한우본가,광주,,,"생고기, 육회",광주 북구 설죽로320번길 26-1,062-266-5055,10:00-22:00,없음,없음
185838,백두대간,광주,,,"맥주, 안주",광주 동구 제봉로222번길 5,062-233-1232,,,없음
185839,백두산,광주,,,"짬짜면, 짜장면",광주 동구 백서로174번길 7,062-226-5732,11:00-19:00,없음,없음
185840,백두산 수완점,광주,,,"양꼬치, 원앙샤브샤브",광주 광산구 수완로48번길 10,062-953-5158,13:00-01:00,"첫째, 셋째 일요일",없음
185841,백두산,광주,,,"킹크랩, 랍스타",광주 광산구 수등로76번길 7-8,0507-1331-1559,12:00-22:00,매주 월요일,있음
185842,백두산,광주,,,"쟁반짜장, 차돌박이짬뽕",광주 북구 중흥로73번길 9,062-522-2777,,,있음
185843,백두산,광주,,,"양꼬치, 원앙샤브샤브",광주 서구 내방로209번길 10,062-381-5158,13:00-01:00,"첫째, 셋째 일요일",있음
185845,백두산수산물회백화점,광주,,,"광어, 우럭",광주 광산구 수등로76번길 7-4,062-955-1559,15:00-03:00,없음,있음
185846,백두세상 송정점,광주,,,"흑생맥주, 오징어",광주 광산구 소촌로86번길 5,062-941-8842,,,없음
185847,백년옥,광주,,,"갈치조림, 병어회",광주 북구 용봉로 30,062-525-2001,10:00-22:30,없음,있음
185848,백로곱창,광주,,,"막창구이, 곱창전골",광주 남구 봉선2로19번길 5,062-653-7308,09:00-01:00,없음,없음
185849,백리향,광주,,,"짜장면, 차돌짬뽕",광주 북구 첨단연신로91번길 14 203호 204호,062-574-1171,10:30-21:00,"첫째, 셋째 월요일",있음
185850,백리향,광주,,,"등심 탕수육, 양장피",광주 남구 서문대로627번안길 3,062-682-4488,10:30~21:00,,있음
185852,백만불,광주,,,"맥주, 소주",광주 서구 화운로156번길 19-2,062-366-7114,,,없음
185853,백명애칼국수,광주,,,"바지락 칼국수, 황태 칼국수",광주 북구 들재매길 3,062-526-3652,,,있음
185856,백번가코다리족발낙지,광주,,,"코다리, 제육볶음",광주 광산구 내상로 43 1층 백번가코다리족발,062-942-3122,10:00-21:00,없음,없음
185858,백서로166,광주,,,"Cheese fries, Soup & bread",광주 동구 백서로166번길 5-14 2층,0507-1394-1873,13:30-22:00,매주 일요일,없음
185861,백성대패&쭈꾸미 광주서구점,광주,,,"양반 도시락 세트, 백성세트 도시락",광주 서구 월드컵4강로104번길 11-16 1층 백성,0507-1479-6112,00:00-24:00,없음,없음
185862,백세추어탕,광주,,,"추어탕, 보쌈",광주 북구 설죽로471번길 11,062-572-9199,,,있음
185863,백송회관,광주,,,"생고기, 오리로스",광주 북구 밤실로 182-5,062-263-6376,,,없음
185865,백식당 일곡본점,광주,,,"꼬막비비밥, 육회비빔밥",광주 북구 일곡마을로124번길 49 1층,062-575-8537,11:00-14:30/15:00/22:00,매주 일요일,없음
185866,백아산전통동동주막걸리,광주,,,"백아산 참옻닭, 백아산 참옻오리",광주 북구 동문대로167번길 23 1층,062-266-0601,,,없음
185868,백야중화포차,광주,,,"죽염주, 삼선탕",광주 광산구 목련로 87,062-951-5066,11:00-24:00,"첫째, 셋째 일요일",없음
185870,백억모싯잎송편떡집,광주,,,"기피송편, 통동부",광주 동구 남문로 413,062-233-0030,07:00-19:00,없음,있음
185872,백운초밥,광주,,,"매초밥, 난초밥",광주 광산구 첨단내촌로 59 백운초밥,062-451-0716,11:30~22:00,"매주 일요일, 넷째 월요일",있음
185873,백운19,광주,,,"수제 베이컨감튀, 호가든",광주 남구 백양로 19 1층,0507-1344-6653,11:00-23:00,매주 월요일,없음
185874,백운74,광주,,,규짬뽕,광주 남구 백운로 74,010-4858-6765,18:00-02:00,매주 일요일,없음
185875|426294,백운돼지꿈,광주,35.137179899722,126.90743159972,"이베리코 꽃목살, 이베리코 항정살",광주 남구 백운로 40-1,062-672-9291,17:00-00:00,"둘째, 넷째 월요일",없음
185877,한정식전문백운산,광주,,,"생민어탕, 생대구탕",광주 동구 중앙로196번길 20 백운산회관,062-222-4569,,,없음
185878|426297,백운포차,광주,35.13783,126.9069116,"닭발, 똥집",광주 남구 백운로 47-2,062-655-8609,17:00-03:00,매주 일요일,없음
185880,백운수산,광주,,,"굴찜, 가리비찜",광주 남구 독립로 97-1,062-351-0303,,,있음
185881,백일식당,광주,,,"안창살, 살치살",광주 서구 쌍촌로27번길 1,062-374-5959,,,있음
185882,백전만점,광주,,,"전, 빈대떡",광주 광산구 용아로 405,062-955-7628,,,없음
185883,백전주막,광주,,,"모듬전, 닭볶음탕",광주 광산구 송정로65번길 9-1 백전주막,062-946-8292,17:00-01:00,매주 일요일,있음
185884,백점김밥,광주,,,"백점김밥, 계란김밥","광주 서구 천변좌로 224-1 양동복개상가 나5동 2층 229, 230호",0507-1339-3383,10:00-16:00/20:00,매주 일요일,없음
185885,백점만족,광주,,,"프리미엄 족발, 세트",광주 광산구 수등로76번길 39-6 1층,0507-1311-9324,15:00~00:30,,있음
185886,백점치킨,광주,,,"3맛 세트, 백점후라이드",광주 북구 면앙로165번길 38,0507-1343-9399,12:00-24:00,매주 일요일,없음
185887,백제갈비,광주,,,"돼지갈비, 떡갈비",광주 서구 계수로 73,062-371-6637,,,있음
185890,백족발 본점,광주,,,"파숙지족발, 2인족보세트",광주 광산구 왕버들로252번길 33 1층 백족발 본점,0507-1364-1033,11:50-23:50,"둘째, 다섯째 월요일",있음
185891,백족발 첨단직영점,광주,,,"파숙지 족발, 2인 족보세트",광주 광산구 임방울대로801번길 35 1층 백족발첨단직영점,0507-1398-3357,11:40-23:50,"둘째, 다섯째 수요일",있음
185893,원조쌈밥집 광주첨단점,광주,,,"대패삼겹살 쌈밥정식, 칼집삼겹살 쌈밥정식",광주 광산구 임방울대로826번길 47 1층 124~125호,062-572-9980,11:00/15:30-22:00,없음,있음
185894,백줄만죽,광주,,,"매운돈까스 김밥, 돈까스 김밥",광주 광산구 목련로21번길 20,010-7277-3874,08:00-14:00/20:00,없음,없음
185895,백탄돈구이,광주,,,"목살, 생삼겹살",광주 광산구 신창로105번길 30 1층,0507-1493-7281,17:00-24:00,매주 일요일,없음
185896|426315,백팩커피,광주,35.1535975340581,126.929544196225,"아메리카노, 바닐라라떼",광주 동구 필문대로192번길 18-2 1층 백팩커피,0507-1360-3717,11:00-22:00,없음,없음
185897,백프로국산감자탕 광주신용동,광주,,,"묵은지감자탕, 시래기감자탕",광주 북구 첨단연신로107번길 45-19,062-574-7060,,,없음
185898,백프로국산감자탕,광주,,,"시래기무청 감자탕, 묵은지 감자탕",광주 광산구 하남대로 151,062-953-7080,00:00-24:00,없음,있음
185899,백프로국산감자탕,광주,,,"묵은지감자탕, 시래기감자탕",광주 서구 상무번영로 13,062-382-7080,,,없음
185900,백합칼국수,광주,,,"백합칼국수, 백합수제비",광주 서구 풍암운리로41번길 4-12,062-652-8555,10:00-21:00,"둘째, 넷째 화요일",있음
185901,백화당,광주,,,"컵케이크세트, 러블리 케이크",광주 서구 화개1로 55 2층 백화당,0507-1342-6811,10:00-16:00/18:00,없음,있음
185902,백화반점,광주,,,"탕수육, 짜장면",광주 남구 서문대로 660,0504-0953-0334,11:00-21:00,없음,있음
185903,백희,광주,,,"고추장제육맥앤치즈, 백희특제숙성연어사시미",광주 동구 동명로 23 1층 백희,0507-1313-4304,17:00-02:00/03:00,매주 월요일,없음
185904,밸런스,광주,,,"유자말린 기본안주, 양념순두부",광주 서구 풍금로4번길 9 1층,0507-1337-0624,11:00-02:00,없음,있음
185905,뱃살도둑 상무점,광주,,,"그릴드 닭가슴살 샐러드, 훈제 연어 샐러드",광주 서구 상무중앙로 64 청연한방병원 1층,062-714-2558,10:30-21:30,없음,있음
185910,버거앤프라이즈 광주용봉점,광주,,,"베이컨더블치즈버거세트, 시그니처더블버거세트",광주 북구 서하로 156,062-571-0999,11:00-22:00,매주 월요일,있음
185911,버거G,광주,,,"치즈버거 싱글, 한우 G버거",광주 남구 용대로53번길 2-5 1층 버거G,0507-1377-0402,11:30-20:00,,없음
185913,버거킹 광주봉선점,광주,,,"통새우와퍼주니어세트, 와퍼세트",광주 남구 봉선로 180 대영빌딩 1층,062-671-0331,11:00~23:00,,있음
185914,버거킹 광주상무점,광주,,,"더블텍사스칠리와퍼 세트, 텍사스칠리치킨버거 세트",광주 서구 치평로 106 상무사우나,062-381-0331,10:00-22:00,없음,있음
185915,버거킹 광주수완DT점,광주,,,"더블텍사스칠리와퍼 세트, 텍사스칠리치킨버거 세트",광주 광산구 임방울대로 499,070-7462-6758,09:00/10:00-23:00,없음,있음
185916|426334,버거킹 광주운암점,광주,35.1786977,126.8761597,"통새우와퍼주니어세트, 통새우와퍼세트, 골든 치즈렐라 팩1, 몬스터와퍼 세트",광주 북구 북문대로 101,070-7462-8654,09:00-24:00,없음,있음
185917,버거킹 광주일곡점,광주,,,"텍사스칠리와퍼 팩, 갈릭불고기와퍼 세트",광주 북구 설죽로 495,062-573-0305,10:00/11:00-22:30/23:00,없음,있음
185918,버거킹 광주주월S-OIL점,광주,,,"통새우와퍼주니어세트, 통새우와퍼세트",광주 남구 회재로 1190,070-7438-8609,10:00-24:00,없음,있음
185919,버거킹 광주충장점,광주,,,"더블텍사스칠리와퍼 세트, 텍사스칠리치킨버거 세트",광주 동구 충장로 101-4,070-7462-8548,09:00-24:00,없음,있음
185920,버거킹 광주터미널점,광주,,,"더블텍사스칠리와퍼 세트, 텍사스칠리치킨버거 세트",광주 서구 무진대로 904 유스퀘어(광천터미널),062-363-0332,10:00/11:00-21:30,없음,있음
185921,버거킹 광주하남점,광주,,,"텍사스칠리와퍼, 더블텍사스칠리와퍼",광주 광산구 풍영철길로 15,062-611-7324,10:00~22:00,,있음
185922|426340,버거킹 광주효천2지구점,광주,35.101666666667,126.88833333333,"더블텍사스칠리와퍼 세트, 텍사스칠리치킨버거 세트, 골드 치즈렐라 와퍼 세트, 기네스콰트로치즈와퍼 세트",광주 남구 효우2로 34,062-675-0577,10:00-22:00,없음,있음
185923,버거킹 광주수완점,광주,,,"통새우와퍼주니어세트, 통새우와퍼세트",광주 광산구 장신로 142,062-953-0233,09:00/10:00-23:00,없음,있음
185924,버거킹 광주월계점,광주,,,"통새우와퍼주니어세트, 통새우와퍼세트",광주 광산구 첨단중앙로 104,062-973-5599,10:00-22:00,없음,있음
185925,버거킹 전남대후문점,광주,,,"불고기와퍼, 불고기와퍼주니어",광주 북구 우치로 76,062-251-0332,00:00-24:00,없음,있음
185926,버거킹 광주첨단2지구점,광주,,,"통새우와퍼주니어세트, 통새우와퍼세트",광주 북구 첨단연신로91번길 10 프라임빌딩 1층,062-574-2457,10:00-22:00/23:00,없음,있음
185927,버거킹 호남대점,광주,,,"더블텍사스칠리와퍼, 텍사스칠리치킨버거",광주 광산구 어등대로 418-1,062-946-7700,10:00-22:00,없음,있음
185928,버거프라자 운림점,광주,,,"고등어구이, 우거지 된장국",광주 동구 운림길 58 라인광명아파트,062-224-2430,11:00-14:00/19:00,없음,없음
185929,명품수제족발전문점 버드리족발,광주,,,"보쌈, 매운파족발",광주 서구 상무버들로 35 1층 101호,062-385-5337,15:00-23:30,없음,있음
185932,김밥나라 버들점,광주,,,"참치김밥, 신라면",광주 서구 상무버들로 35,062-382-9262,,,있음
185933,버들동,광주,,,"버들동 덮밥, 연어버들동",광주 광산구 선운로20번길 54 1층,070-4795-4877,17:00-01:00,매주 월요일,없음
185935,까투리버들행운점,광주,,,"오뎅탕, 은행꼬치",광주 서구 상무버들로 36,062-383-8253,,,없음
185936,버디,광주,,,"커피, 녹차",광주 북구 하서로 150,062-973-6307,,,없음
185938,버몬지,광주,,,"연어사시미, 육회 냉파스타",광주 광산구 수완로74번길 12-2 1층,0507-1465-2423,18:00~04:00,없음,있음
185941,버블버블 도산점,광주,,,"치즈닭갈비, 해물오뎅탕",광주 광산구 남동길30번길 45-9,062-433-0968,15:30~03:00,,있음
185942,버블샵카페고래의꿈,광주,,,"커피, 녹차",광주 광산구 목련로273번길 88 운남주공아파트 상가 108호,062-956-7888,,,없음
185943,버섯농장,광주,,,"버섯 샤브샤브, 버섯 차돌구이",광주 북구 북문대로232번길 9-5 1층 버섯농장,062-513-0867,11:00~22:00,격주 화요일,있음
185945,버터스텔라,광주,,,"플레인스콘, 다양한스콘",광주 북구 저불로 34-1 1층,0507-1358-9246,11:00~23:00,매주 월요일,없음
185946,버터올마이티,광주,,,"휘낭시에, 버터쫀득바",광주 광산구 단전2길 8 1층,010-5721-1489,12:00~19:00,"매주 월요일, 화요일, 일요일, 공휴일",있음
185947,버터퐁,광주,,,"쫀득버터바, 크림치즈쿠키",광주 북구 자미로39번길 26,062-513-4783,12:00-21:00,없음,없음
185948,버터풀앤크리멀러스 광주첨단점,광주,,,"블루베리 요거트 크림 크로와상, 연유 크림 크로와상",광주 광산구 임방울대로800번길 71 5층,0507-1470-6250,10:00-22:00/22:30,없음,있음
185950,버터플레이버,광주,,,"수제청에이드, 솔티드카라멜스콘",광주 북구 서강로 78 골든프라자 1층,0507-1430-0606,11:00-21:00,매주 일요일,없음
185951|426369,버턴커피,광주,35.146559899722,126.9136177,"초코 바나나 치즈케이크, 딸기 크림치즈 스콘",광주 동구 천변우로 393-28 1층 1호,0507-1462-0271,11:00-22:00,없음,있음
185954,번,광주,,,"감바스, 에그인헬",광주 북구 우치로 104-12,0507-1318-4088,17:00~01:00,없음,없음
185956,번영식당,광주,,,"회무침, 삼겹살",광주 남구 군분로 149-2 고향국밥,062-368-8389,,,없음
185958,번지있는주막,광주,,,"소불고기, 돼지주물럭",광주 남구 용대로 116,062-672-1008,,,없음
185959,번트시에나,광주,,,"크림파스타, 감자퓌레 부채살 스테이크",광주 북구 자미로66번길 50 1층,010-3278-1633,18:00-02:00,매주 일요일,없음
185960,벋,광주,,,"고추장육회김밥, 명란크림파스타",광주 서구 상무오월로19번길 23-1 은총빌라 1층,0507-1343-8143,18:00-02:00/03:00,매주 일요일,없음
185962,벌떡 상무점,광주,,,"벌떡, 벌뎅","광주 서구 상무대로884번길 22 1층,벌떡 떡볶이 상무점",0507-1449-2155,15:00-01:00,매주 월요일,없음
185963,벌떼,광주,,,"육사시미, 아보카도 간장육회",광주 북구 저불로 51 1층,0507-1332-0523,18:00-01:00/02:00,매주 일요일,있음
185964,벌집삼겹살 하남점,광주,,,"양념갈비, 생삼겹살",광주 광산구 무진대로231번길 12,062-951-1934,,,없음
185965,벌크커피 문흥점,광주,,,"아메리카노, 요거트 스무디",광주 북구 서하로 361,062-251-1015,08:00-23:30,없음,없음
185966,벌크커피 양산중앙점,광주,,,"벌크업 아메리카노, 벌크업 요거트스무디",광주 북구 양산로 46 1층,0507-1302-6849,09:30~23:00,,없음
185969|426387,벌크커피 노대점,광주,35.105833333333,126.90416666667,"아메리카노, 블랙슈가마블티, 벌크업 아메리카노",광주 남구 효우로 85,062-651-7780,08:00-22:30,없음,없음
185970|186001,벌크커피동천하남대로점,광주,,,"양촌리다방커피, 딸기 슈크림 프라펫",광주 서구 하남대로 702 110호,0507-1390-2203,07:30-23:00,없음,있음
185972,벌크커피 상무버들마을점,광주,,,"아메리카노, 히비스커스티",광주 서구 상무버들로 22 1층,062-452-2428,,,없음
185973,벌크커피 효천2지구점,광주,,,"블랙슈가마블티, 복숭아 품은 요거트",광주 남구 효우2로 90 상가동 1층 103호,070-4146-4463,07:30/08:00-20:00,없음,없음
185974|426392,벌크커피 화정힐스테이트점,광주,35.1447203,126.88569569972,"에스프레소, 아메리카노, 벌크업 요거트스무디",광주 서구 화정로244번길 29-2 1층 벌크커피,0507-1335-4484,08:00-06:00,없음,있음
185975,벌크커피 계림센트럴점,광주,,,"토피넛라떼, 크림쿠키프라펫",광주 동구 경양로 234,062-222-3320,,,없음
185976,벌크커피 대성사거리점,광주,,,"프라펫, 딸기품은요거트",광주 남구 독립로 113-4,062-266-8159,,,없음
185977,벌크커피 매곡하백점,광주,,,"벌크업 아메리카노, 히비스커스",광주 북구 서하로 91 비젼타워 A동 107호,0507-1304-2837,,,있음
185978,벌크커피 백운점,광주,,,"벌크업 아메리카노, 바닐라라떼",광주 남구 백운로75번가길 12,0507-1386-1357,08:00/08:30~24:00,,없음
185980,벌크커피 오치점,광주,,,"아메리카노, 카페라떼",광주 북구 설죽로 333,010-3668-6812,08:00~23:00,없음,있음
185981,벌크커피용봉점,광주,,,"벌크업 아메리카노, 양촌리다방커피",광주 북구 비엔날레로 103 106동상가동 1층 4호,062-511-2235,09:00~22:00,없음,있음
185982,벌크커피 양산점,광주,,,"벌크업 아메리카노, 프라펫",광주 북구 하서로 387,062-575-0954,,,없음
185983,벌크커피 첨단LC타워점,광주,,,"요구르트 스무디, 자바칩 프라펫",광주 광산구 첨단중앙로 96 124호,062-974-2461,09:30~11:00,없음,있음
185985,벌크커피 호대점,광주,,,"프라펫, 벌크업 아메리카노",광주 광산구 선운로 3 1층 벌크커피호대점,0507-1306-6994,,,없음
185987,벌크커피 각화점,광주,,,"아메리카노, 양촌리다방커피",광주 북구 군왕로 311 301동 지하2층 4-1호,0507-1373-1514,,,있음
185989,벌크커피 계림점,광주,,,"아메리카노, 식혜",광주 동구 계림로30번길 15,070-7778-2455,,,있음
185990,벌크커피 광산중앙점,광주,,,"아메리카노, 양촌리다방커피",광주 광산구 임방울대로 154-11 에코빌딩 1층,0507-1385-5535,,,있음
185991,벌크커피 광주금호점,광주,,,"아메리카노, 히비스커스티",광주 서구 운천로 15 거성빌딩 1층,0507-1348-0900,08:00-24:00,없음,있음
185992,벌크커피 광주대점,광주,,,"아메리카노, 블랙슈가마블티",광주 남구 효덕로 290,062-451-4687,08:00-22:00,없음,있음
185993,벌크커피 광주여대점,광주,,,"에스프레소, 아메리카노",광주 광산구 사암로215번길 97,062-951-3650,,,없음
185995,벌크커피 금호매월점,광주,,,"아메리카노, 히비스커스티",광주 서구 서광주로 8,062-653-3393,08:30-22:00,없음,있음
185996,벌크커피 남동점,광주,,,"아메리카노, 카페라떼",광주 동구 제봉로 61,062-227-6108,07:30/09:00-22:00,없음,있음
185997,벌크커피 도산점,광주,,,"양촌리다방커피, 크림쿠키프라펫",광주 광산구 송도로 154 104호,0507-1361-5562,08:00/09:00-22:00,없음,없음
185998|426416,벌크커피 돌고개점,광주,35.1515683,126.8960916,"초코라떼, 쿠키라떼",광주 남구 구성로8번길 6,062-714-3336,,,있음
185999,벌크커피 동림푸른마을점,광주,,,"아메리카노, 크림쿠키 프라펫",광주 북구 북문대로242번길 9,062-418-4581,08:00/09:00-22:00,없음,있음
186000|426418,벌크커피 동명점,광주,35.1487247,126.92489829972,"플레인요거트스무디, 모카프라펫, 딸기요거트스무디",광주 동구 장동로 23-41,062-5463-0978,08:00-23:00,없음,없음
186004,벌크커피매곡점,광주,,,"아메리카노, 리얼모카",광주 북구 매곡로 55,0507-1489-0414,08:30/08:40-22:30,없음,있음
186005,벌크커피 첨단메디컬타워점,광주,,,"아메리카노, 양촌리다방커피",광주 광산구 임방울대로801번길 8,062-971-5575,00:00-24:00,없음,있음
186006,벌크커피 방림점,광주,,,"아메리카노, 카페라떼",광주 남구 방림로 30,062-672-6212,,,없음
186007,벌크커피백운광장점,광주,,,"아메리카노, 벌크업 아메리카노",광주 남구 회재로 1267 백운광장점 벌크커피,0507-1351-4687,09:00~22:30,없음,있음
186008,벌크커피 본촌점,광주,,,"아메리카노, 양촌리 다방커피",광주 북구 하서로 477 지플레이스2차상가 105호 벌크커피,062-431-1599,,,있음
186009,벌크커피 봉선점,광주,,,"아메리카노, 양촌리 다방커피",광주 남구 봉선로 106 107호,0507-1334-2598,,,없음
186010,벌크커피 봉선중앙점,광주,,,"아메리카노, 벌크업요거트스무디",광주 남구 봉선1로 120,0507-1347-0290,,,있음
186011,벌크커피 산수점,광주,,,"아이스아메리카노, 핫도그",광주 동구 필문대로 194,062-470-0105,,,없음
186012,벌크커피 삼각점,광주,,,"아메리카노, 히비스커스 티",광주 북구 안산로 70,062-263-6849,,,없음
186013,벌크커피 상무점,광주,,,"아메리카노, 히비스커스 티",광주 서구 상무중앙로 103 휴먼빌딩,062-371-3876,08:00-22:00,"매주 토요일, 일요일",있음
186014,벌크커피 상무중앙점,광주,,,"아메리카노, 요거트스무디",광주 서구 상무평화로 79,0507-1447-0413,07:00-22:00,없음,있음
186015,벌크커피 선수촌점,광주,,,"양촌리다방커피, 히비스커스티",광주 광산구 금봉로 101 1층 벌크커피 선수촌점,0507-1326-7290,08:00~22:00,없음,없음
186016,벌크커피선운점,광주,,,"아메리카노, 양촌리다방커피",광주 광산구 선운중앙로 50,062-942-8803,,,있음
186017,벌크커피 수완성덕점,광주,,,"아메리카노, 하비스커스티",광주 광산구 장덕로 55 1층 101호,0507-1460-3002,07:30-22:00,없음,없음
186018,벌크커피 수완임방울점,광주,,,"치즈케이크프라펫, 양촌리다방커피",광주 광산구 임방울대로216번길 9 1층 103호 벌크커피,0507-1335-2778,,,없음
186019,벌크커피 수완장덕점,광주,,,"아메리카노, 복숭아품은요거트",광주 광산구 풍영로200번길 75 1층 105호,070-4322-3703,,,없음
186020,벌크커피 수완점,광주,,,"아이스아메리카노, 히비스커스티",광주 광산구 임방울대로 356 1층 106호,062-953-4687,08:00/09:00-23:00,없음,있음
186021,벌크커피 신가점,광주,,,"아메리카노, 딸기스무디",광주 광산구 수등로 254,0507-1398-2232,08:30-01:00,없음,있음
186022,벌크커피 신안점,광주,,,"아메리카노, 리얼모카",광주 북구 자동차로 70 1층 벌크커피 신안점,0507-1380-8881,08:00/09:00-21:00,없음,없음
186023,벌크커피 신용점,광주,,,"아메리카노, 히비스커스 에이드",광주 북구 첨단연신로 261 104호,062-574-3001,08:00-23:00,없음,없음
186024,벌크커피 신창점,광주,,,"아메리카노, 육쪽마늘빵",광주 광산구 신창로 64,062-416-4687,08:00-24:00/01:00,없음,있음
186025|426443,벌크커피 신창중앙점,광주,35.1999348,126.8397972,"아메리카노, 히비스커스 에이드, 벌크업아메리카노, 딸기블라썸라떼",광주 광산구 신창로161번길 34,062-953-5013,,,있음
186026|426444,벌크커피쌍암점 광주쌍암동,광주,35.220138527778,126.84209441667,"아메리카노, 바닐라라떼, 벌크업 아메리카노",광주 광산구 첨단중앙로 164,062-974-2883,,,있음
186027,벌크커피 쌍촌점,광주,,,"아메리카노, 양촌리 다방커피",광주 서구 내방로 250,062-376-0110,08:00-23:00,없음,없음
186028|426446,벌크커피 쌍촌중앙점,광주,35.158333333333,126.86305555556,"양촌리 다방커피, 히비스커스티, 양촌리다방커피",광주 서구 상일로 32 1층,0507-1388-3979,,,없음
186029,벌크커피 양림점,광주,,,"아메리카노, 요거트 스무디",광주 남구 양림로 38,070-4118-0700,07:30/08:00-21:30,없음,없음
186030,벌크커피 연제점,광주,,,"아메리카노, 히비스커스티","광주 북구 양일로 78 포스콤타워 107,204호",0507-1309-0582,,,없음
186031,벌크커피 염주점,광주,,,"히비스커스티, 아메리카노",광주 서구 염화로 59 상가 103동106호,062-373-7735,,,없음
186032|426450,벌크커피 운남목련점,광주,35.178127277778,126.82394408333,"자두요거트스무디, 복숭아아이스티",광주 광산구 목련로273번안길 15,062-951-3989,,,있음
186033,벌크커피 운암문예회관점,광주,,,"아메리카노, 딸기요거트스무디",광주 북구 북문대로 31,062-511-5013,,,있음
186034,벌크커피 운암벽산점,광주,,,"아메리카노, 히비스커스티",광주 북구 대자로 36 1층 114호,0507-1423-4687,07:00/08:00-23:00,없음,있음
186035|426453,벌크커피 운암점,광주,35.179160299722,126.87389609972,"아메리카노, 리얼모카, 벌크업아메리카노, 벌크업 리얼모카",광주 북구 대자실로 22,070-7604-1633,08:30/09:00-23:30,없음,있음
186036,벌크커피 월계점,광주,,,"아메리카노, 크림쿠키프라펫",광주 광산구 월계로 86 1층 벌크커피,0507-1345-4687,,,있음
186037,벌크커피 일곡점,광주,,,"아메리카노, 양촌리 다방커피",광주 북구 설죽로 505-4,062-571-4687,,,있음
186038,벌크커피 임곡점,광주,,,"아메리카노, 양촌리 다방커피",광주 광산구 고봉로 803,062-953-6295,09:00-19:00/19:20/19:30,없음,있음
186039,벌크커피자연마을점,광주,,,"아메리카노, 블랙슈가마블티",광주 북구 일곡택지로 93,062-574-3937,,,없음
186040,벌크커피 전남대점,광주,,,"아메리카노, 양촌리 다방커피",광주 북구 호동로15번길 9,070-7543-7298,,,없음
186041,벌크커피 전남대직영점,광주,,,"아메리카노, 요거트스무디",광주 북구 자미로 61,0507-1372-4687,09:00-22:00,없음,없음
186042,벌크커피 전대예대점,광주,,,"아메리카노, 블랙슈가마블티",광주 북구 용주로30번길 56 112동 1층 107호,0507-1399-5019,08:00-23:00,없음,없음
186043,벌크커피 전철우사거리점,광주,,,"아메리카노, 에스프레소",광주 북구 용봉택지로 94,062-514-6232,09:30-01:00,없음,있음
186044,벌크커피 조대후문점,광주,,,"아메리카노, 양촌리 다방커피",광주 동구 필문대로273번길 32-1,070-7543-2634,08:00-23:00,없음,있음
186045,벌크커피 죽림마을점,광주,,,"아메리카노, 카페라떼",광주 북구 유림로160번길 1,0507-1350-5658,09:00-20:00,없음,없음
186046,벌크커피중흥점,광주,,,"고구마라떼, 멜론라떼",광주 북구 당뫼로 56,062-523-0124,,,있음
186047,벌크커피 진곡산단점,광주,,,"아메리카노, 크림쿠키 프라페",광주 광산구 진곡산단2번로 47-57 1층,062-952-8283,07:00/08:00/10:00-17:00/20:00,없음,있음
186048|426466,벌크커피 진월점,광주,35.1205549,126.89893999972,"아메리카노, 양촌리 다방커피, 양촌리다방커피, 인절미컵빙수",광주 남구 서문대로 686,0507-1405-2887,07:00-01:00,없음,없음
186049,벌크커피 첨단2지구점,광주,,,"아메리카노, 떠먹는 케이크 초코",광주 북구 첨단연신로107번길 7,062-573-1512,07:00/08:00-22:30,없음,없음
186051,벌크커피 첨단메디케어점,광주,,,"아메리카노, 스틱케잌",광주 광산구 월계로 223-8,062-720-9710,08:30-22:00,없음,있음
186052,벌크커피 첨단점,광주,,,"벌크업 아메리카노, 초코 블라썸 쉐이크",광주 광산구 첨단중앙로181번길 92 상가동 102호,062-973-4687,,,있음
186053|426471,벌크커피 충장점,광주,35.147063299722,126.918295,"양촌리다방커피, 청포도에이드",광주 동구 충장로 106-1,062-228-5016,,,없음
186054,벌크커피 치평점,광주,,,"아메리카노, 달고나카페라떼",광주 서구 상무자유로 174 1층,062-383-4687,08:00-22:00,"매주 토요일, 일요일",있음
186055,벌크커피 터미널점,광주,,,"모카 프라펫, 카라멜마끼아또",광주 서구 죽봉대로 86 대인빌딩,062-362-3535,,,있음
186056,벌크커피 펭귄마을점,광주,,,"아메리카노, 양촌리다방커피",광주 남구 백서로 101-2,062-710-5808,,,없음
186057,벌크커피 평동점,광주,,,"벌크업아메리카노, 양촌리다방커피",광주 광산구 평동로 819 1-2층,0507-1372-7341,06:00~22:00,없음,있음
186058|426476,벌크커피 풍암2지구점,광주,35.120388699722,126.86696539972,"아메리카노, 카페라떼",광주 서구 풍암신흥로 33,0507-1485-7942,,,없음
186059,벌크커피 풍암점,광주,,,"아메리카노, 블랙슈가마블티",광주 서구 풍암중앙로 41,062-652-4687,,,없음
186060,벌크커피 풍영점,광주,,,"아메리카노, 양촌리다방커피",광주 광산구 목련로153번길 85,062-953-8090,,,없음
186061,벌크커피하나로마트점,광주,,,"블랙슈가마블티, 아메리카노",광주 광산구 임방울대로 261 (신가동) 2층,062-955-4687,,,없음
186062,벌크커피 하남2지구점,광주,,,"블랙슈가마블티, 아메리카노",광주 광산구 손재로110번길 27,062-962-5949,08:00-23:00,없음,없음
186063,벌크커피하남산단중앙점,광주,,,"양촌리다방커피, 히비스커스티",광주 광산구 하남산단3번로 137,062-951-2787,,,없음
186064|426482,벌크커피 하남소촌점,광주,35.157897944444,126.79290769444,"아메리카노, 히비스커스에이드, 벌크업아이스아메리카노, 전통식혜",광주 광산구 소촌로152번길 5 상가동 102호,0507-1340-8882,07:00/08:00-23:40/23:50/24:00,없음,없음
186065,벌크커피 하남우산점,광주,,,"벌크업 아메리카노, 양촌리다방커피",광주 광산구 사암로215번길 16,062-955-8239,10:00~22:00,없음,있음
186067,벌크커피 화정모아점,광주,,,"아메리카노, 히비스커스티",광주 서구 화정로 142,062-373-4178,,,없음
186068|426486,벌크커피 화정점,광주,35.1409053,126.88176119972,"딸기라떼, 아메리카노, 양촌리 다방커피",광주 서구 월드컵4강로28번길 51 1층 벌크커피,0507-1307-6080,08:00-23:00,없음,없음
186069|426487,벌크커피 효천점,광주,35.102222222222,126.87555555556,"아메리카노, 카페라떼",광주 남구 효천중앙로 64 103호,062-433-4484,08:30-21:00,없음,있음
186070,벌크커피 흑석점,광주,,,"아메리카노, 요거트 스무디",광주 광산구 풍영로145번길 15,062-952-0107,10:00-22:00,없음,있음
186071,벌크커피 하남CGV점,광주,,,"블랙슈가마블티, 크림쿠키프라펫",광주 광산구 용아로400번길 30 1층 1064호 벌크커피 하남cgv점,0507-1311-9578,09:00-23:00,없음,있음
186072,벌크하남공단점,광주,,,"아메리카노, 멜론스무디",광주 광산구 하남산단8번로 170,062-955-1566,,,없음
186073,벌툰전남대점,광주,,,"라면, 아메리카노",광주 북구 면앙로6번길 76,062-264-8500,10:00-01:00,,없음
186074,범두정,광주,,,"대구탕, 콩나물국밥",광주 북구 동문대로 72-1,062-524-2472,11:00-21:00,없음,없음
186075,범맥주 광주수완점,광주,,,"옛날범통닭, 범꽃맥주, 눈꽃맥주, 불타는 통닭",광주 광산구 장신로 191,0507-1437-0328,17:00-06:00,없음,없음
186076,범씨족발,광주,,,"족발, 보쌈",광주 광산구 신창로105번길 34-24 1층 범씨족발,0504-2015-0505,17:00-23:50,매주 일요일,있음
186078,벗초밥,광주,,,"벗초밥, 참치회",광주 서구 풍암중앙로86번길 42 1층 벗초밥,062-654-7963,12:00-14:00/21:00,"둘째, 넷째 월요일",있음
186079,베네치아 지산본점,광주,,,"샐러드, 스테이크",광주 동구 지호로124번길 16,0507-1376-9363,11:30-14:30/21:00,매주 월요일,있음
186080,베누스,광주,,,맥주,광주 서구 염화로83번길 4-16,062-375-2778,,,없음
186082,베니스레스토랑,광주,,,"커피, 스테이크",광주 남구 봉선중앙로 87,062-653-5959,,,없음
186084,베데스다,광주,,,"티라미슈라떼, 달고나라떼",광주 남구 봉선2로 98 무등4차아파트 상가 1층 베데스다,010-9807-1770,10:00/11:00-22:00,,있음
186085,베라장,광주,,,"베라퐁, 아이스 더블라떼",광주 동구 장동로 23-59,062-412-0606,11:30-23:30/24:00,없음,있음
186086,베러그릭,광주,,,"그릭볼, 커스텀볼",광주 동구 동계천로 163-6 베러그릭 Bettergreek,070-8691-2231,11:00-21:00,매주 월요일,있음
186087,베러댄와플 광주운남점,광주,,,"망고빙수, 플레인",광주 광산구 목련로153번길 35,070-8882-7716,11:00-21:00,없음,없음
186089,베러데이즈,광주,,,"땡모반수박, 자두복숭아",광주 북구 중문로 11 1층 베러데이즈,0507-1434-3531,09:30-21:00,매주 화요일,있음
186090,베르데,광주,,,"베르데그린, 에스프레소",광주 남구 백서로 93 1층,0507-1404-5286,11:00-22:00,없음,있음
186091|426509,베르디구씨,광주,35.1298644,126.8864326,"샌드위치, 커피, 비엔나, 카페모카",광주 서구 풍암순환로128번길 89,062-452-0700,,,있음
186092,베를린호프,광주,,,"페퍼로니피자, 감바스",광주 북구 서양로 5,010-5332-3520,18:00-01:00,매주 일요일,없음
186093,베리니크,광주,,,"아메리카노, 헤즐넛",광주 서구 상무공원로 51 금호타운상가1층101호 베리니크카페,010-5092-7592,09:00-15:00/19:00,매주 일요일,없음
186095,베베엔젤 베이비카페,광주,,,"아메리카노, 돈까스",광주 광산구 장신로50번길 9-16 센터빌딩4층,062-400-4114,10:30-19:00,매주 월요일,있음
186096,배스킨라빈스 광주월곡,광주,,,"아이스크림 케이크, 밀크쉐이크",광주 광산구 사암로 275,062-955-3132,10:00-23:00,없음,있음
186097,배스킨라빈스 광주장덕,광주,,,"아이스크림 케이크, 밀크쉐이크","광주 광산구 풍영로 271 (장덕동) 107호, 108호",062-951-3133,10:00-23:00,없음,있음
186098,배스킨라빈스 광주학동,광주,,,"아이스크림 케이크, 밀크쉐이크",광주 동구 남문로 664,062-222-4549,10:00-23:00,없음,있음
186099,배스킨라빈스 광주양산점,광주,,,"쿼터, 패밀리",광주 북구 하서로 403,062-383-3131,10:00~23:00,없음,있음
186101,배스킨라빈스 광주운남,광주,,,"쿼터, 파인트",광주 광산구 하남대로 282,062-951-6369,10:00~23:00,없음,있음
186102,배스킨라빈스 광주일곡,광주,,,"쿼터, 패밀리",광주 북구 설죽로 514,062-572-3130,10:00~23:00,없음,있음
186103,배스킨라빈스 광주봉선,광주,,,"아이스크림 케이크, 밀크쉐이크",광주 남구 봉선로 164 삼환빌딩,062-672-3133,10:00-23:00,없음,있음
186104,배스킨라빈스 광주진월점,광주,,,"아이스크림 케이크, 밀크쉐이크",광주 남구 서문대로 648,062-673-5599,10:00-23:00,없음,있음
186105,배스킨라빈스 광주운암,광주,,,"파인트, 쿼터","광주 북구 북문대로 89 벽산블루밍1블럭 1층7, 8호",062-433-2331,10:00~23:00,없음,없음
186106,배스킨라빈스 광주상무점,광주,,,"아이스크림 케이크, 밀크쉐이크",광주 서구 치평로 60 삼성리더스빌,062-385-0031,10:00-23:00,없음,있음
186107|426525,배스킨라빈스 광주풍암,광주,35.125763499722,126.8802244,"아이스크림 케이크, 밀크쉐이크, 쿼터, 파인트",광주 서구 풍암중앙로 55 메디팜빌딩,062-654-6631,10:00-23:00,없음,있음
186108,배스킨라빈스 광주금호,광주,,,"아이스크림 케이크, 밀크쉐이크",광주 서구 금화로 93,062-351-0031,10:00-23:00,없음,있음
186109,배스킨라빈스 광주쌍촌,광주,,,"파인트, 쿼터",광주 서구 상무민주로 101,062-383-1661,10:00-23:00,없음,있음
186110,배스킨라빈스 문흥점,광주,,,"아이스크림 케이크, 밀크쉐이크",광주 북구 문산로 61 라인아파트,062-433-3134,10:00-23:00,없음,있음
186111,배스킨라빈스 광주송정,광주,,,"아이스크림 케이크, 밀크쉐이크",광주 광산구 광산로 32,062-945-5588,10:00-23:00,없음,있음
186113,베스트,광주,,,"맥주, 탕수육",광주 남구 광복마을길 7,062-655-9296,17:00-24:00,매주 일요일,있음
186115,베스트빈 지산점,광주,,,"아메리카노, 수제샌드위치",광주 동구 준법로 31,062-222-6647,08:30-19:00,"매주 토요일, 일요일",없음
186116,베스트식당,광주,,,"제육볶음, 닭도리탕",광주 남구 양림로 56-1 투모아,0504-0544-2623,00:00-24:00,없음,없음
186117,더베스트커피 북구청점,광주,,,"바닐라빈라떼, 돌체라떼",광주 북구 서방로 8 1층,0507-1359-3391,08:00-22:00,없음,없음
186118,베스트커피,광주,,,"바닐라빈라떼, 딸기쿠키프라페",광주 서구 상무대로 876 1층,0507-1474-0164,08:00/09:00~22:00,,있음
186119,베스트커피 신가사거리점,광주,,,"누텔라 크로플, 바닐라빈라떼",광주 광산구 목련로394번길 17-4,062-954-3615,08:00~05:00,없음,있음
186120,베스트커피 월곡점,광주,,,"초코바나나 와플, 딸기쿠키프라페",광주 광산구 사암로340번안길 6 1층 102호,0507-1333-8727,08:00~22:00,없음,없음
186122,베스트커피 운암금호점,광주,,,"아메리카노, 옛날다방커피",광주 북구 서강로 98 1층 베스트커피,062-515-7775,08:00-21:30,없음,없음
186123,베스트커피첨단호반점,광주,,,"아메리카노, 딸기쿠키프라페",광주 광산구 월계로 117-35 상가동 109호,0507-1330-6885,,,없음
186126,베어뭄,광주,,,"바닐라라떼, 마카롱",광주 광산구 사암로340번길 39 103호 베어뭄,0507-1390-2892,09:00/10:00-16:00/20:00/22:00,매주 월요일,있음
186128,베이글 베이글 베이글,광주,,,"커스터드 크림 써클 스콘, 클래식 클럽 베이글 샌드위치",광주 동구 제봉로 102 2층,0507-1497-7730,08:00-20:00,없음,있음
186129,베이끄,광주,,,맞춤제작 케이크,광주 광산구 첨단내촌로70번길 8-12,0507-1354-5458,14:30-18:30,없음,없음
186130,베이비블루,광주,,,"큐민 닭구이, 트러플 새우감자전",광주 동구 제봉로82번길 13-10,0507-1304-7976,18:00/17:00~01:00,공휴일,없음
186131,베이스먼트,광주,,,"Beer, Wine",광주 동구 동계천로 121 지하,010-7591-2727,,,없음
186132,베이식스피자 주월점,광주,,,"어니언메가포테이토, 대구연탄불고기",광주 남구 서문대로812번길 4-8 골드클래스 어반시티 상가 1층,0507-1439-9958,11:00-23:00,매주 화요일,있음
186135,베지가든,광주,,,"매실차, 수제쿠키",광주 동구 제봉로82번길 16,062-228-0001,,,있음
186136,베지가든 무인카페 24시,광주,,,"수제 망고 요거트, 수제 블루베리 요거트",광주 서구 풍암2로57번길 10,010-8308-4055,00:00/09:00-22:00/24:00,없음,있음
186138,베지풀 스테이크 샐러드,광주,,,"수비드닭가슴살 스테이크 샐러드, 로스트치킨 스텡크 샐러드, 부리또, 요거트",광주 광산구 첨단중앙로182번길 90 대라수어썸시티상가동 1층 110호,062-974-1310,11:00~21:00,"매주 일요일, 공휴일",있음
186139,베지프룻,광주,,,"폴드포크 샐러드, 그릭요거트 샐러드",광주 동구 동계로1번길 14-14 1층,070-8230-9399,11:00/12:00-20:00,매주 월요일,없음
186140,베지프리,광주,,,"부스트업, 비프홀릭",광주 서구 상무연하로 60 1층 베지프리,0507-1302-9493,09:00~22:00/20:00,,있음
186143,베트남노상식당T광주송정점,광주,,,"노상 프리미엄 쌀국수, 분짜",광주 광산구 송정로30번길 72 1층 베트남노상식당T 광주송정점,0507-1356-9366,10:00-23:00,매주 금요일,있음
186144,하노이어이 월곡점,광주,,,"하노이 분짜, 하노이 쌀국수",광주 광산구 목련로 94 1층,010-5626-8863,10:30-22:00,매주 화요일,없음
186145,베트남쌀국수,광주,,,"갈비밥, 보비지",광주 동구 제봉로17번길 24,062-226-2221,,,없음
186146,베트남쌀국수,광주,,,쌀국수,광주 광산구 월곡중앙로33번길 20,062-959-1737,,,없음
186148,베트남쌀롱,광주,,,"쌀국수, 파인애플 볶음밥",광주 남구 서문대로663번길 16-10,0507-1491-8402,11:00-15:00/21:00,매주 화요일,없음
186150,베트남전통쌀국수커피,광주,,,"내장죽, 쌀국수",광주 광산구 평동로800번길 41,0507-1359-9401,09:00-21:00,없음,있음
186153,베트남 하노이 쌀국수,광주,,,"쌀국수, 비빔면",광주 북구 우치로 187,0507-1335-0228,10:00-22:00,,없음
186155,베풀장커피,광주,,,"베풀장 커피, 아메리카노",광주 북구 면앙로 202-2 1층,0507-1388-9570,10:00-21:00,매주 일요일,없음
186156,벤또스시,광주,,,"연어물회, 광어물회",광주 북구 설죽로196번길 27,0507-1324-3700,11:30/17:30-23:30/02:00,없음,없음
186162,아트베라,광주,,,커피,광주 동구 동계천로 151 지하1층,0507-1335-4194,11:30-18:00/22:00,없음,없음
186164,벨트25,광주,,,"아메리카노, 카페라떼",광주 남구 회재로 1255-1,062-675-6965,11:00-21:00,매주 일요일,없음
186165,벳투콴,광주,,,쌀국수,광주 광산구 비아로 17,062-955-1345,,,없음
186166,벼타작,광주,,,"반마리백숙, 청국장",광주 북구 설죽로320번길 22,062-574-1922,16:00-23:00,없음,없음
186167,벽돌집 본점,광주,,,"삼겹살, 양념꽃게장",광주 남구 봉선2로 37 벽돌집본점,062-653-0505,17:00-24:00/01:00/02:00,없음,없음
186168,벽옥,광주,,,"돼지한마리, 생삼겹살",광주 남구 군분로 73,062-367-3392,14:00-02:00,없음,없음
186169,변사또 문흥대주점,광주,,,꼬치,광주 북구 면앙로121번길 77,062-267-8077,,,없음
186171,변사또꼬치구이,광주,,,"통닭, 꼬치구이",광주 서구 내방로 430 삼익아파트,062-352-7404,,,없음
186172,변재경참치,광주,,,"스페셜 참치, 변재경 참치",광주 남구 봉선2로 59 1층,062-671-0827,17:00-22:00/24:00,"첫째, 셋째 일요일",있음
186175,별난구이,광주,,,"옻닭, 한방백숙",광주 서구 상무평화로 97-3,062-381-8892,,,있음
186177,별난식당,광주,,,"제주 흑돼지 오겹살, 백반정식",광주 광산구 하남울로12번하길 28 별난식당,062-362-0012,11:30-14:00/22:00,매주 일요일,있음
186181|426599,별동네포차,광주,35.144966666667,126.92970277778,"닭볶음탕, 제육볶음",광주 남구 대남대로159번길 18 1층,0507-1321-1523,17:00-24:00,매주 일요일,없음
186182,술과안주별따러,광주,,,"생선구이, 갈치조림",광주 광산구 월곡중앙로1번길 14-6,062-953-3345,,,없음
186183,별미식당,광주,,,"쌍화차, 대추차",광주 남구 용대로193번길 4-1 별미식당,062-673-4559,09:30-21:00,없음,없음
186184,별미국밥,광주,,,"소머리국밥, 갈비탕",광주 서구 구성로 77,062-361-0558,00:00-24:00,없음,있음
186185,별미국밥 화정점,광주,,,국밥,광주 서구 염화로65번길 8-1,062-381-1559,,,없음
186186,별미순대국밥,광주,,,"오리탕, 불백",광주 북구 서방로63번길 4 1층,062-262-9825,10:30-22:00,없음,있음
186187,별미손만두,광주,,,"고기만두, 김치만두",광주 북구 북문대로 245,062-515-5867,,,없음
186188|426606,별미손만두 본점,광주,35.1373466,126.89395829972,"고기만두, 김치만두",광주 남구 군분로 42,062-352-0113,,,있음
186189,별미식당,광주,,,"뼈해장국, 낙지볶음",광주 동구 백서로125번길 31,062-222-5758,,,없음
186190,별미집,광주,,,"콩나물국밥, 돼지불고기",광주 북구 첨단연신로108번길 148,062-575-2135,,,있음
186191,별미콩나물국밥집,광주,,,"콩나물국밥, 돼지불고기",광주 서구 상무연하로 61,062-374-2131,00:00-24:00,없음,있음
186192,별미떡,광주,,,"팥시루, 앙꼬절편",광주 남구 백양로51번길 5,062-655-1486,06:00/07:30-09:00/19:30,없음,없음
186193,별미추어탕,광주,,,"추어탕, 매기탕 대",광주 광산구 목련로 85,062-951-3777,11:00-21:00,없음,있음
186194,별미생바지락칼국수,광주,,,"검정콩물국수, 팥죽",광주 북구 문화소통로 238,062-267-7825,,,있음
186195,별미콩나물국밥집,광주,,,"콩나물국밥, 돼지불고기",광주 북구 저불로 29,062-512-2134,00:00 - 24:00,없음,없음
186196,별미해장국,광주,,,"파박감자탕, 닭볶음탕",광주 북구 동문대로204번길 36,010-6600-0089,11:00-23:00,매주 일요일,있음
186199,별밤룸포차 구시청점,광주,,,"오돌뼈숯불구이, 양념돼지숯불구이",광주 동구 문화전당로35번길 9-1,0507-1420-0789,17:00~02:00,없음,없음
186201,별밤포차 수완점,광주,,,"꼼장어숯불구이, 간장돼지숯불구이",광주 광산구 수완로74번길 50-4 별밤포차,0507-1342-1121,18:00-02:00,없음,없음
186202,별밤포차첨단1호점,광주,,,"간장돼지숯불구이, 양념돼지숯불구이",광주 광산구 임방울대로826번길 80 1층 101호,062-973-1110,,,없음
186203,별밤포차,광주,,,"홍어회 무침, 오징어 초무침",광주 광산구 월곡중앙로 51,062-953-3130,,,없음
186206,별밤포차 쌍촌점,광주,,,"양념돼지숯불구이, 양념꼼장어숯불구이",광주 서구 상무대로868번길 23 1층,0507-1469-0781,17:00~02:00,없음,없음
186208,별밤포차 화정점,광주,,,"알탕, 닭갈비숯불구이",광주 서구 염화로83번길 4-10 1층 별밤포차,0507-1420-0791,17:00~02:00,없음,없음
186209,별밤포차 첨단점,광주,,,"알탕, 매콤떡볶이",광주 광산구 첨단내촌로70번길 21 1층,062-971-0789,17:30-02:00,없음,없음
186210,별밤호프,광주,,,"후라이드,양념통닭",광주 북구 대천로 181-1,062-434-7179,,,없음
186212,달빛별빛포차,광주,,,"키조개 삼합, 키조개 바다세트",광주 북구 밤실로 182-6 1층,0507-1384-6080,17:00-02:00,없음,없음
186213,별빛,광주,,,"아메리카노, 헤이즐넛",광주 서구 상무대로 826 3층,010-3400-8575,11:00-21:00,없음,있음
186215,별빛스푼,광주,,,"아메리카노, 생연어 아보카도샐러드",광주 광산구 수등로94번길 8-11,0507-1368-7935,10:00-21:00,없음,없음
186216,별빛스푼 샐러드 전대점,광주,,,"수비드 닭가슴살 포케, 크래미 포케 샐러드",광주 북구 호동로 28,062-266-0337,,,있음
186217,별빛포차,광주,,,"닭볶음탕, 닭발",광주 북구 태봉로 70,0507-1340-0062,17:00-06:50,없음,없음
186225,별채,광주,,,"전통육개장, 비빔밥",광주 동구 동명로 24,062-222-0087,12:00 - 20:30,매주 토요일,없음
186226,주작상회 별채,광주,,,"꼬막밥, 고등어 김치찌게",광주 서구 상무중앙로78번길 5-6 영효빌딩 102호,010-5032-1212,,,없음
186227,별천지,광주,,,"백반, 갈치조림",광주 서구 상무대로695번길 8,062-375-2795,,,없음
186228,별터,광주,,,"맥주, 마른안주",광주 광산구 남동길30번길 35,062-944-1202,,,없음
186229,병어랑아구랑,광주,,,"아구찜, 낙지미나리무침",광주 북구 문산로 102,062-262-7776,12:00 - 20:00,,없음
186231,병천순대국밥 용봉점,광주,,,"명품순대국밥, 머리고기순대국밥",광주 북구 저불로 37,062-513-9222,00:00 - 24:00,없음,없음
186232|426650,병풍도왕새우직판장,광주,35.180959,126.810461,"간장새우장, 왕새우소금구이",광주 광산구 풍영로101번안길 7-3,0507-1429-9984,04:00 - 01:00,없음,없음
186233,보광옥,광주,,,"돼지갈비, 김치찌게",광주 동구 충장로46번길 16,062-224-5790,11:00 - 21:30,매주 월요일,있음
186236,보글보글백반집,광주,,,"오리탕, 추어탕",광주 광산구 상무대로 308,062-945-7566,,,없음
186238,보길도죽드림,광주,,,"키조개관자죽, 전복죽",광주 북구 면앙로139번길 47,062-266-5560,,,없음
186239,카페보노 CBS점,광주,,,"아메리카노, 머핀",광주 서구 금호운천길 54-9,062 - 364 - 9449,08:30 - 24:00,,있음
186241,보노보노웍 신창수완점,광주,,,"파스타, 돈까스",광주 광산구 신창로106번길 23-10,0507-1493-8800,10:00 - 24:00,,없음
186242,보노보노웍 필라프&파스타,광주,,,"까르보나라, 불해장 파스타",광주 북구 우치로 281 1층,062-262-9019,,,없음
186243,보니보니,광주,,,"청양마늘치킨, 후라이드치킨",광주 북구 대자로 48-1,062-522-9279,16:00 - 01:00,매주 일요일,없음
186249,보드라운커피,광주,,,"아메리카노, 에스프레소",광주 광산구 하남대로261번길 16 1층 보드라운커피,062-961-8458,09:30 - 21:30/17:00,없음,있음
186250,보테가아르테,광주,,,"아메리카노, 카페라테",광주 서구 상무오월로3번길 32-5,062-376-9199,11:00 - 22:00,매주 일요일,없음
186251,보람식당,광주,,,"삼겹살, 돼지불고기",광주 동구 제봉로194번길 5-8,062-227-8669,10:00 - 20:30,,없음
186252,보램보램,광주,,,"사과청 얼그레이, 아쌈",광주 남구 봉선로25번길 11,0507-1351-8769,12:00~22:00,"공휴일, 매주 수요일",있음
186254,보름달,광주,,,"육전, 제육볶음",광주 서구 염화로65번길 4-18 1층,010-2477-0323,,,있음
186255,보리밥정식뜰,광주,,,"보리밥정식, 청국장",광주 광산구 본량동서로 6,062-941-5598,,,없음
186256,보리수,광주,,,"커피, 닭백숙",광주 남구 회재로1223번길 18-1,062-676-3968,,,없음
186257,보리수,광주,,,"맥주, 마른안주",광주 서구 치평로 124,062-375-7747,,,없음
186259|426676,보리와이삭,광주,35.1528253624074,126.924785546174,"녹차, 약밥, 수정과",광주 동구 동계로12번길 5,062-267-8284,11:00/14:00 - 23:00/22:00,없음,없음
186261,보리피리,광주,,,"효소 오리 불고기, 전복 산삼배양근 삼계탕",광주 북구 북문대로187번길 5,062-524-5295,11:00 - 21:40,"매주 목요일, 금요일",있음
186262,보리향,광주,,,가정식 백반,광주 북구 동운로213번길 28,062-523-2226,,,없음
186263,보물섬회수산,광주,,,"우럭, 물회",광주 남구 봉선2로 90,062-522-5373,12:00 - 24:00,매주 월요일,없음
186265,보물섬 수완점,광주,,,"우럭구이, 물회",광주 광산구 수완로52번길 30-2,062-953-1245,,,있음
186267,보물섬회수산,광주,,,"우럭, 물회",광주 북구 서하로 417,062-522-5373,12:00 - 24:00,매주 월요일,없음
186268,보물섬 회 직판장,광주,,,"살아있는 꽃게찜, 동해안 오징어, 광어, 우럭, 숭어, 연어, 도다리, 참돔, 모둠회",광주 서구 천변좌로 243 1층208호 주차장출구앞,062-351-8345,10:00~01:00,"첫째, 셋째 일요일",있음
186270,보미 광주유동,광주,,,"국밥, 산낙지",광주 서구 천변좌로 140,062-362-3371,,,없음
186271,보배김밥,광주,,,"보배김밥, 치즈김밥",광주 남구 월산로151번길 11,062-365-4934,,,없음
186272,보배반점 문흥점,광주,,,"차돌짬뽕, 짜장면",광주 북구 대천로 121 1층,062-266-4002,11:30 - 22:00,,없음
186273,보배반점 상무점,광주,,,"짜장면, 짬뽕",광주 서구 치평로 80 1층,0507-1497-0215,11:00 - 22:00,,있음
186274,보배반점 수완점,광주,,,"짜장면, 짬뽕",광주 광산구 수완로14번길 41 보배반점 수완점,0507-1372-0186,11:30 - 22:00,,있음
186275,보배반점 양산점,광주,,,"짜장면, 짬뽕",광주 북구 양일로 74 1층 보배반점 양산점,0507-1475-9456,11:30 - 22:00,,없음
186276|426692,보배반점 운암점,광주,35.1790985,126.87555349972,"차돌짬뽕, 짜장면, 보배짬뽕, 볶음밥, 탕수육, 깐풍기, 유린기",광주 북구 북문대로 105,062-521-1211,11:00 - 22:00,없음,없음
186277,보배반점 진월점,광주,,,"차돌짬뽕, 해물쟁반짜장",광주 남구 금당로 1 1층(진월동),0507-1311-8972,11:30 - 22:00,없음,없음
186278,보배반점 첨단점,광주,,,"탕수육, 짜장면",광주 광산구 임방울대로826번길 30 1층 115호,0504-2015-3551,11:00 - 22:00,,있음
186279,보배반점 풍암점,광주,,,"짜장면, 차돌짬뽕",광주 서구 풍금로 23 1층 보배반점,0507-1381-6436,11:30 - 22:00,없음,없음
186280|426696,보배반점 화정점,광주,35.147651899722,126.8857186,"차돌짬뽕, 해물짬뽕, 보배 짜장면",광주 서구 군분로179번길 2 1층,062-363-8282,11:30 - 22:00,없음,없음
186282,보보스,광주,,,"생맥주, 마른안주",광주 북구 대자로 72-1,062-513-6788,,,없음
186288,보성골,광주,,,"옻닭, 삼겹살",광주 북구 안산로 54,062 - 262 - 1833,,,없음
186289|426705,보성녹계,광주,35.121388888889,126.8625,"삼계탕, 옻삼계탕, 백숙",광주 서구 풍암신흥안길 21-2,062-653-9993,10:00 - 22:00,없음,없음
186290,보성녹돈 쌍촌점,광주,,,"생고기, 육회",광주 서구 내방로 252,062-373-1434,11:00 - 22:00,,없음
186291,보성녹차돼지식육식당,광주,,,"생목살, 생삼겹살",광주 북구 북문대로19번길 10-3,062-511-3247,,,있음
186292|426708,보성녹차돼지한우,광주,35.1484967,126.91160329972,"등심, 생삼겹, 생고기, 안창살",광주 동구 천변우로 363-11,062-223-8589,,,없음
186293|426709,보성녹차숙성생막걸리,광주,35.1220045,126.86159419972,"홍어삼합, 모듬전, 제육볶음, 홍어전",광주 서구 풍암신흥안길 32,062-682-8253,,,없음
186295,보성식당,광주,,,"김치찌게, 된장찌게",광주 동구 남문로 676,062-226-5348,,,없음
186296|426712,보성식육식당,광주,35.1738464,126.8855917,"한우, 삼겹살, 안창살, 살치살",광주 북구 비엔날레로 16,062-522-5633,,,없음
186297|426713,보성아구찜,광주,35.1416937971295,126.799661447658,"아구찜, 아구탕",광주 광산구 광산로 83,062-944-5750,11:00 - 21:30,격주 일요일,없음
517291,소코아 순천점,전남,,,"소코아카레, 반반카레",전남 순천시 왕지4길 18,0507-1320-9381,11:30-21:00,,있음
517292,알트로,전남,,,"알틀로 수비드 살치살 스테이크, OSS 리조또",전남 순천시 시민로 66,0507-1393-3015,11:30-21:30,매주 월요일,있음
517293,카페로와,전남,,,"크림도넛, 에그타르트",전남 순천시 낙안면 삼일로 57,0507-1309-7644,09:00-20:00,없음,있음
517294,와플릭 순천점,전남,,,"다크초코크림 크넛플, 크렘브륄레 크넛플",전남 순천시 연향번영길 55,0507-1387-3311,11:00-20:00,매주 월요일,있음
517295,팔마가든,전남,,,"오리전골, 비빔공기",전남 순천시 죽도봉길 114,061-752-7448,10:00-20:30,없음,있음
517296,오블리크,전남,,,"반반케이크, 아인슈페너",전남 순천시 해룡면 매안1길 20,010-7937-0525,09:00-22:00,없음,있음
517297,아마씨 아름엄마 씨앗밥상,전남,,,"연잎밥정식, 단호박푸레커리",전남 순천시 역전2길 50,0507-1330-2599,11:30-20:00,"매주 목요일, 금요일",있음
517298,코우텐동,전남,,,"코우텐동, 에비텐동",전남 순천시 해룡면 매안4길 3-11,0507-1330-5072,11:20-22:00,매주 수요일,있음
517299,르꼬앙,전남,,,"피자 낭트, 라자냐",전남 순천시 오천2길 3-15,010-5555-2099,11:30-22:00,매주 월요일,있음
517300,얼브라운,전남,,,"피스타치오 크림 뇨끼, 베이컨 에그베네딕트",전남 순천시 저전길 24,061-904-1444,10:00-17:00,매주 화요일,있음
517301,고데레,전남,,,"바닐라빈라떼, 플랫화이트",전남 순천시 장명5길 11,061-742-0072,11:30-21:30,매주 월요일,있음
517302,남도사또밥상,전남,,,"꼬막정식, 사또정식",전남 순천시 낙안면 삼일로 69,061-755-2928,07:00-20:30,없음,있음
517303,르필리에,전남,,,"채끝등심스테이크, 클래식까르보나라",전남 순천시 왕지4길 14-7,0507-1325-8184,11:30-22:00,,있음
517304,산미태,전남,,,"토리돈코츠 라멘, 카라 토리돈코츠 라멘",전남 순천시 연향상가5길 17,0507-1315-9356,11:30-23:00,넷째 일요일,있음
517305,산정골해장국,전남,,,"해물등뼈찜, 묵은지뼈전골",전남 순천시 중앙3길 4,061-746-1188,07:00-22:30,없음,있음
517306,키레이,전남,,,"모듬사시미, 연어사시미",전남 순천시 오천6길 54,061-741-4051,12:00-01:00,매주 일요일,있음
517307,광동각,전남,,,"유린기, 새우크림마요",전남 순천시 봉화3길 24,0507-1334-7623,11:30-22:00,매주 수요일,있음
517308,멜터웨이즈,전남,,,"아메리카노, 카페라떼",전남 순천시 옥천길 32,0507-1421-0186,11:30-18:00,"매주 월요일, 화요일, 수요일",있음
517309,골목식당,전남,,,"골목비빔면, 닭간장구이",전남 순천시 중앙시장길 49,010-9879-9885,12:00-21:00,매주 일요일,없음
517310,리노,전남,,,"블랙트러플 파스타, 런치파스타",전남 순천시 영동길 71,061-753-0623,12:00-21:30,"매주 월요일, 일요일",있음
517311,다이키,전남,,,"모듬사시미, 우니사케동",전남 순천시 왕지4길 4-13,061-724-4051,11:30-24:00,매주 일요일,있음
517312,다채로운,전남,,,"아메리카노, 옐로우라떼",전남 순천시 왕지5길 9-8,0507-1493-0920,10:00-21:00,매주 일요일,있음
517314,운평769,전남,,,"아메리카노, 카페라떼",전남 순천시 서면 청소년수련원길 153,0507-1325-5539,09:00-18:00,매주 월요일,있음
517315,동백카츠 순천호수공원점,전남,,,"등심카츠, 안심카츠",전남 순천시 왕지2길 3-10,061-724-5553,11:00-21:00,,있음
517316,순천 산들담은 순천본점,전남,,,"산들담은정식 순한맛, 산들담은정식 매콤한맛, 떡갈비 정식",전남 순천시 해룡면 정채봉길 30,0507-1449-0180,11:30-21:30,매주 일요일,있음
517317,비버베이크하우스,전남,,,"쑥크림라떼, 딸기라떼",전남 순천시 강변로 675,0507-1314-7535,10:00-21:00,매주 화요일,있음
517318,시놀,전남,,,"아몬드크림라떼, 베베 스콘",전남 순천시 남신월4길 9-21,0507-1381-6261,11:00-21:00,,있음
517319,쇠판,전남,,,"윗등심와규, 한우특안심",전남 순천시 오천2길 17,0507-1317-4093,13:00/17:00-21:00/22:00,매주 월요일,있음
517320,벌트,전남,,,"크림라떼, 쑥 인절미 크럼블 휘낭시에",전남 순천시 조비길 182,0507-1380-5811,11:40-17:00,매주 일요일,있음
517321,스시태,전남,,,"사시미코스, 오마카세",전남 순천시 해룡면 조례못등3길 11-9,061-722-0541,18:00-22:00,매주 일요일,없음
517322,순천만 꼬막정식,전남,,,"짱뚱어탕, 인삼튀김, 칠게튀김, 매실짱아찌, 꼬막정식",전남 순천시 순천만길 21,061-746-1900,09:00-21:00,없음,있음
517323,카페 숲,전남,,,"블루베리 주스, 블루베리 요거트 스무디",전남 순천시 승주읍 고산도목길 11-4,0507-1486-7701,11:00-18:00,매주 월요일,있음
517324,스포일러 커피,전남,,,"아메리카노, 두유라떼",전남 순천시 왕지4길 4-13,0507-1414-5277,12:00-22:00,없음,있음
517325,해브어구떼,전남,,,"소금빵, 크림라떼",전남 순천시 호남길 134,010-8284-3800,11:00-18:00,매주 월요일,없음
517326,뱀부스,전남,,,"닭다리살 스테이크, 바베큐 폭립 스테이크",전남 순천시 해룡면 상성길 279,0507-1413-8786,11:00/11:30-22:00,,있음
517327,라스 우바스,전남,,,"소금베이글, 바질햄치즈 샌드위치",전남 순천시 북문길 189,0507-1372-1885,10:00-19:00,매주 월요일,없음
517328,대부수산 신대점,전남,,,"왕새우소금구이, 비빔밥",전남 순천시 해룡면 매안4길 4,061-745-8383,11:30-22:00,없음,있음
517329,양와당 본점,전남,,,"팥양갱, 구운 찰떡",전남 순천시 구암1길 11-3,061-745-2345,11:00-22:00,없음,있음
517330,살락스,전남,,,"토마호크 스테이크, 꽃게탕로제파스타",전남 순천시 서문로 48,010-4448-6471,11:30-21:30,없음,있음
517331,모우라,전남,,,"모우라버거, 치즈버거",전남 순천시 연향번영길 67,0507-1377-4454,11:30-20:30,매주 월요일,있음
517332,하고스 순천점,전남,,,"감베리, 새우칠리토마토파스타",전남 순천시 왕지4길 13-15,0507-1494-1400,11:20-21:00,매주 목요일,있음
517333,순천갈대장어 연향점,전남,,,"민물장어, 장어탕",전남 순천시 연향번영1길 23,061-741-9595,11:30-21:30,,있음
517334,조계산 보리밥집 원조집,전남,,,"보리밥, 야채파전",전남 순천시 송광면 굴목재길 247,061-754-3756,10:00-17:00,매주 월요일,있음
517335,우리밀해물칼국수,전남,,,"해물칼국수, 팥칼국수, 전복짱뚱어탕, 꼬막비빔밥, 서대회무침",전남 순천시 순천만길 502,061-741-1465,08:00-20:00,없음,있음
517336,갈마골아구찜,전남,,,"아구찜, 청국장 아구탕",전남 순천시 장명3길 9,061-743-9106,11:00-21:00,매주 화요일,있음
517337,고구려초밥 금당본점,전남,,,"생연어초밥, 스테이크",전남 순천시 기적의도서관길 31,061-721-6332,11:30-22:00,,있음
517338,낭만반점,전남,,,"찹쌀등심탕수육, 삼선짬뽕",전남 순천시 대석1길 51-25,0507-1405-2031,10:30-20:30,,있음
517339,전원식당,전남,,,"곱창전골, 새끼보 곱창구이",전남 순천시 별미길 10,0507-1311-7197,10:00-22:00,"첫째, 셋째 수요일",없음
517340,순광식당,전남,,,"산낙지비빔밥, 생대구탕",전남 순천시 중앙5길 31,061-745-6331,11:00-20:30,매주 일요일,있음
517341,팔도강산버거,전남,,,"팔도강산 하우스 버거, 팔도강산 오리지널 베이컨 버거",전남 순천시 금곡길 13,070-7576-4645,11:00-19:30,"매주 월요일, 화요일, 수요일, 목요일",없음
517342,서석대,전남,,,"한우등심, 생갈비",전남 순천시 왕지3길 8,061-721-0092,11:30-21:40,없음,있음
517343,산들바람,전남,,,"옹수세트, 전통비빔밥",전남 순천시 연향2로 17-6,061-723-8803,11:00-20:00,매주 일요일,있음
517344,브런치빈 순천점,전남,,,"스파이시 쉬림프 파스타, 리코타 샐러드",전남 순천시 해룡면 매안2길 11-12,061-722-1257,09:00-21:00,없음,있음
517345,구디츠,전남,,,"파스타, 샐러드",전남 순천시 왕지1길 3-6,0507-1410-9019,11:00-21:00,"매주 월요일, 일요일",있음
517346,카페쉐어,전남,,,"쉐어에이드, 카카오라떼",전남 순천시 매산길 77,070-8808-0615,11:00-21:00,,있음
517347,솥티,전남,,,"도미관자솥밥, 연어솥밥",전남 순천시 옥천길 23,0507-1389-5320,11:30-20:30,,있음
517348,백두산갈비,전남,,,"묵은지매운갈비찜, 매운갈비찜",전남 순천시 장자보1길 36-25,0507-1419-0606,11:00-21:30,매주 일요일,있음
517349,진일기사식당,전남,,,"김치찌개, 백반",전남 순천시 승주읍 선암사길 48,061-754-5320,07:00-20:00,,있음
517350,청회수산,전남,,,"왕새우 소금구이, 새우튀김",전남 순천시 별량면 일출길 191,0507-1461-0272,11:30-21:00,,있음
517351,순복식당,전남,,,"머리국밥, 순대국밥",전남 순천시 북문길 65,061-753-8889,09:00/10:00-15:00/19:00,매주 화요일,있음
517352,밥팜 순천만정원점,전남,,,"밀푀유나베정식, 돈가스덮밥",전남 순천시 오천3길 30,061-904-8484,11:00-21:30,없음,있음
517353,자매밀방,전남,,,"물밀면, 비빔밀면",전남 순천시 왕지2길 4-26,061-722-0636,11:00-20:00,매주 수요일,있음
517354,일품,전남,,,"꼬막비빔밥, 멍게비빔밥",전남 순천시 순천만길 668,0507-1437-5799,08:00-22:00,없음,있음
517355,컨트리맨즈 순천점,전남,,,"시골콥샐러드, 오리지널 시카고",전남 순천시 왕지4길 23,061-726-7263,11:30-21:30,,있음
517356,남흥회관,전남,,,"한우등심, 한우갈비살",전남 순천시 장명2길 4,0507-1345-9736,11:00-22:00,공휴일,있음
517357,스시나리,전남,,,"초밥, 우동",전남 순천시 팔마2길 105,0507-1365-7730,18:00-22:00,매주 화요일,없음
517358,깨복쟁이원조막창,전남,,,"막창구이, 닭곱창구이",전남 순천시 팔마2길 83,061-727-9228,15:00-24:00,격주 수요일,있음
517359,언베일커피스탠드,전남,,,"에스프레소, 아메리카노",전남 순천시 해룡면 신대4길 4-25,061-727-1972,10:00/12:00-20:00/21:00,매주 일요일,있음
517360,돌깨마을 맷돌순두부,전남,,,"해물순두부, 쫄면순두부",전남 순천시 오천2길 19,061-741-7779,11:00-20:00,,있음
517361,카페 뚜시,전남,,,"핑라우, 크림라떼",전남 순천시 해룡면 매안4길 3-12,0507-1316-2015,10:00-18:00/22:00,매주 금요일,있음
517362,애슐리퀸즈 NC 순천점,전남,,,"스테이크, 초밥",전남 순천시 비봉2길 22,0507-1405-8020,11:00-21:00,,있음
517363,알로이,전남,,,"쌀국수 소고기, 뿌커리덮밥",전남 순천시 연향상가3길 23,061-726-0991,11:00-22:30,"둘째, 셋째, 넷째 월요일",있음
517364,도화원,전남,,,"짜장면, 우동",전남 순천시 중앙2길 10,061-741-5050,,,있음
517365,조훈모과자점 죽도봉점,전남,,,"배빵, 아메리카노",전남 순천시 봉화로 46,0507-1416-3822,08:00-22:00,,있음
517366,금향,전남,,,"바스크치즈케이크, 초코펄",전남 순천시 충숙길 64,0507-1308-5191,10:30-21:30,매주 수요일,있음
517367,오리명가,전남,,,"오리로스, 숯불회전구이",전남 순천시 해룡면 중흥1길 8,0507-1407-5292,12:00-21:00,,있음
517368,팔각도 순천조례점,전남,,,"숯불 닭갈비, 닭 연골",전남 순천시 봉화2길 57,0507-1400-8896,12:00/16:00-23:00,,있음
517369,포시즌팬트리,전남,,,"문어리조또, 카프레제",전남 순천시 장천2길 22,061-743-5386,11:00-22:00,매주 월요일,없음
517370,시즈너블,전남,,,"아메리카노, 과일잼스콘",전남 순천시 영동길 27,0507-1481-8993,12:00-21:00,,없음
517371,in my oven,전남,,,"마카롱, 초콜릿테린느",전남 순천시 왕지2길 4-26,010-8009-1059,12:00-19:00,"매주 수요일, 목요일",없음
517372,비스트로 몽드,전남,,,"치킨 리조또, 매생이 크림 파스타",전남 순천시 남신월2길 13,061-804-9866,18:00-01:00/02:00,매주 월요일,없음
517373,맛있는채움,전남,,,"꼬막비빔밥 정식, 생선구이정식",전남 순천시 오천2길 18-8,061-741-6120,11:00-20:00,매주 월요일,있음
517374,수련산방,전남,,,"연밥정식, 산채비빔밥",전남 순천시 월등면 농곡길 1-4,0507-1329-0035,11:30-15:00,매주 수요일,있음
517375,온달집 순천조례점,전남,,,"숯불닭다리살, 숯불 매콤꼼장어",전남 순천시 봉화2길 8,0507-1378-0173,17:00-03:00/04:00,,있음
517376,순천만장작구이,전남,,,"양념 닭발, 소금구이 닭발",전남 순천시 팔마4길 37,0507-1394-8895,17:30-22:00,없음,있음
517377,금당토박이,전남,,,"등심샤브샤브, 버섯불고기",전남 순천시 기적의도서관길 29,061-723-9993,,,있음
517378,우즈베이커리카페 순천점,전남,,,"아메리카노, 샐러드파스타",전남 순천시 용당둑길 111,061-745-5616,09:00-22:00,없음,있음
517379,영애씨 순천아랫장석쇠불고기,전남,,,"석쇠불고기, 고등어구이",전남 순천시 장평로 60,0507-1433-4412,10:30-21:00,매주 일요일,있음
517380,글로어 순천호수공원점,전남,,,"우유크림도넛, 크렌베리크림도넛",전남 순천시 왕지4길 20-12,0507-1455-4568,11:00-20:00,매주 화요일,있음
517381,꼬막정찬담우,전남,,,"꼬막 정찬, 꽃게장 정찬",전남 순천시 순천만길 524,061-741-3220,08:00-21:00,없음,있음
517382,1937모밀우동,전남,,,"모밀, 튀김우동",전남 순천시 호남길 89,070-4320-1937,11:30-15:00,"매주 화요일, 수요일",없음
517383,아날로그카페,전남,,,"에스프레소, 아메리카노",전남 순천시 순천만길 223,0507-1362-5408,11:30-21:30,매주 일요일,있음
517384,쿠로몬,전남,,,"모듬 사시미, 연어 사시미",전남 순천시 해룡면 매안2길 26-4,061-724-5834,12:00-03:00,매주 일요일,있음
517385,페이트론커피로스터,전남,,,"아메리카노, 플랫화이트",전남 순천시 해룡면 매안2길 8-3,0507-1346-9059,10:00-18:00,매주 화요일,있음
517386,낙원회관,전남,,,"꼬막정식, 한정식",전남 순천시 중앙3길 5-1,0507-1396-0112,11:00-21:00,,있음
517387,아스라이 조례점,전남,,,"까르보불닭, 라이풍 깐풍기",전남 순천시 남신월1길 8-5,0507-1456-1286,17:00-03:00/04:00,,있음
517388,팡파르,전남,,,"세가지버섯크림뇨끼, 버섯크림리조또",전남 순천시 옥천길 38,0507-1322-9181,12:00-21:00,"매주 화요일, 수요일",있음
517389,카페오버랩 순천조례점,전남,,,"아메리카노, 카페라떼",전남 순천시 유동1길 26,0507-1363-6006,10:00-24:00,없음,있음
517390,김형제고기의철학 순천신대점,전남,,,"이베리코 숙성 꽃목살, 이베리코 숙성 부채살 아바니코",전남 순천시 해룡면 향매로 59,061-725-9293,17:00-24:00,없음,있음
517391,부처리호수,전남,,,"설화생갈비살, 채끝등심",전남 순천시 조례2길 36,0507-1480-9320,11:30-22:00,없음,있음
517392,돼지마을,전남,,,"고추장불고기, 간장불고기",전남 순천시 삼산2길 36,061-752-7879,11:00-22:00,"둘째, 넷째 토요일",있음
517393,오버랩 호수,전남,,,"수제 바닐라빈 라떼, 아포가토",전남 순천시 조례2길 38-1,0507-1483-4300,09:00-23:00,,있음
517394,초원식당,전남,,,"촌닭백숙, 산채정식",전남 순천시 승주읍 승암교길 14,0507-1369-5811,09:00-19:00,,있음
517395,드류,전남,,,"깜파나 펠라 비노 스푸만테 말바지아, 일 깜빠노네",전남 순천시 남신월3길 6,010-2367-0501,18:00-03:00,"첫째, 셋째 일요일",없음
517396,정호네감자탕,전남,,,"감자탕, 뼈해장국",전남 순천시 장자보1길 77,061-721-9618,11:00-21:30,매주 일요일,있음
517397,사오 순천점,전남,,,"크로칸슈, 크로칸볼",전남 순천시 연향중앙상가길 12,0507-1411-4500,10:30-21:30,없음,있음
517398,상사이야기,전남,,,"수제돈까스, 바지락수제비",전남 순천시 상사면 상사호길 267,061-742-8845,11:00-19:00,매주 월요일,있음
517399,호수초밥,전남,,,"호수초밥, 장어덮밥",전남 순천시 조례동 640-7,0507-1415-1261,11:30-21:30,없음,있음
517400,도네김치찌개,전남,,,"한돈생삼겹살, 숯불돼지불고기",전남 순천시 봉화2길 67,061-725-9233,11:00-02:00,,있음
517401,쿠우쿠우 순천점,전남,,,"초밥, 피자",전남 순천시 해룡면 향매로 59,061-722-6274,11:00-21:30,,있음
517402,시도,전남,,,"볼로네제 스파게티, 문어콩피, 치즈플레터, 항정살 스테이크",전남 순천시 옥천길 33,0507-1311-9919,12:00-24:00/01:00,매주 월요일,없음
517403,가온밥상,전남,,,"게장정식, 생선구이 정식",전남 순천시 팔마1길 12,0507-1380-1700,10:00-20:00,매주 수요일,있음
517404,순천중식,전남,,,"짜장면, 간짜장",전남 순천시 하대석길 77,061-906-9995,11:30-20:00,매주 일요일,있음
517405,낭만먹거리,전남,,,"김밥, 잔치국수",전남 순천시 상인제1길 2,0507-1369-7801,11:00-19:00,매주 일요일,있음
517406,몽프레,전남,,,"드립커피, 믹스케이크",전남 순천시 해룡면 매안2길 12-3,0507-1401-5428,10:00-22:00,공휴일,있음
517407,열무밭애,전남,,,"쌈밥정식, 황제쌈밥",전남 순천시 해룡면 향매1길 15-14,0507-1349-2785,10:30-20:00,매주 수요일,있음
517408,겨비겨비 신대점,전남,,,"삼겹살, 차돌박이",전남 순천시 해룡면 신대3길 6-10,0507-1324-3639,17:00-24:00,매주 일요일,있음
517409,작은부엌,전남,,,"카레라이스, 돼지불고기",전남 순천시 향교길 39,010-6281-0245,11:30-19:30,"매주 월요일, 일요일",있음
517410,홍대개미 순천점,전남,,,"큐브 스테이크 덮밥, 스테이크 덮밥",전남 순천시 왕지2길 18,061-724-1709,11:00-21:00,매주 화요일,있음
517411,통큰샤브 순천점,전남,,,"샤브샤브, 치킨",전남 순천시 왕지로 2,061-725-8899,11:30-21:30,,있음
517412,SAMO COFFEE,전남,,,"크림커피, 세이모쿠키",전남 순천시 역전2길 14,0507-1428-8871,10:00/11:00-21:30/22:00,매주 수요일,있음
517413,모토이시 순천점,전남,,,"호루몬라멘, 특선와규세트",전남 순천시 남신월1길 8-6,0507-1310-9242,16:30/17:00-02:00,,있음
517414,맘마롱,전남,,,"마카롱, 아몬드플로랑탱",전남 순천시 풍덕새길 8-15,0507-1383-3885,11:00/12:00-19:00/19:30/20:00,매주 월요일,있음
517415,홍익돈까스 순천점,전남,,,"홍익돈까스, 해물 볶음 우동",전남 순천시 해룡면 대가길 2,061-726-1200,11:30-21:00,,있음
517416,추어본가,전남,,,"본가추어탕, 칼칼이 추어탕, 추어만두, 추어튀김, 돈가스",전남 순천시 해룡면 향매1길 15-10,0507-1423-7978,11:00-19:30,매주 토요일,있음
517417,솔밭식당,전남,,,"곱창전골, 돼지고기전골",전남 순천시 별미길 7,061-752-6103,10:00-21:00,"첫째, 셋째 수요일",있음
517418,배드슈가,전남,,,"빅토리아 조각 케이크, 쉬폰 조각 케이크",전남 순천시 옥천길 25,0507-1313-7316,12:00-21:00,,없음
517419,순천만487카페,전남,,,"아메리카노, 카페라떼",전남 순천시 순천만길 487,0507-1487-8854,10:00-22:00,없음,있음
517420,장대콩국수,전남,,,"냉콩국수, 팥칼국수",전남 순천시 이수로 51,061-744-1057,09:00-18:00/20:00,없음,있음
517421,동강막창 조례점,전남,,,"숯불초벌막창, 숯불갈매기살",전남 순천시 봉화2길 63,061-721-2966,17:00-02:00,,있음
517422,양은냄비 호수공원점,전남,,,"갈비찜, 생갈비김치찌개",전남 순천시 왕지2길 5,0504-2015-4396,10:00-22:00,,있음
517423,커피볶는날,전남,,,"바닐라라떼, 자몽허니블랙티",전남 순천시 팔마4길 13,061-726-2722,09:00-23:00,없음,있음
517424,초밥시대,전남,,,"연어초밥, 우동",전남 순천시 오천5길 17,0507-1309-6044,11:30-20:30,매주 월요일,있음
517425,펜스터,전남,,,"모스코뮬, 펜스터",전남 순천시 연향상가3길 10,0507-1334-0555,18:00-01:00,매주 화요일,없음
517426,천사곱창 순천조례점,전남,,,"소곱창전골, 한우특모듬",전남 순천시 남신월3길 7-1,0507-1436-5343,16:00/17:00-24:00,,없음
517427,불야성,전남,,,"양푼갈비, 닭도리탕",전남 순천시 중앙초등길 5,061-745-2088,17:30-24:00/04:00,,있음
517428,해강 시청본점,전남,,,"보리 굴비 백반, 떡갈비",전남 순천시 장명4길 12,0507-1350-8803,11:00-20:00,매주 수요일,있음
517429,만석국밥집,전남,,,"국밥, 순대고기국밥",전남 순천시 팔마로 106,061-741-6637,07:00-23:00,없음,없음
517430,디마브,전남,,,"쉬림프토마토스튜, 디마브오픈샌드위치",전남 순천시 왕지3길 4-93,0507-1446-1292,10:30-17:00,"매주 월요일, 화요일",있음
517431,로스팅힐,전남,,,"아메리카노, 카페라떼",전남 순천시 덕암길 88-1,061-741-2324,08:30/13:00-21:30,매주 월요일,있음
517432,카페 어그원,전남,,,"쑥라떼, 흑임자라떼",전남 순천시 해룡면 송산2길 22-102,0507-1475-3210,11:00-21:00,매주 월요일,있음
517433,대한민국1등한우곱창,전남,,,"국내산 한우 곱창모듬구이, 국내산 한우 곱창구이",전남 순천시 해룡면 신대2길 6-41,061-727-5598,17:00-22:00,없음,있음
517434,맛찬들왕소금구이 순천신대점,전남,,,"숙성 생삼겹살, 숙성 생목살",전남 순천시 해룡면 향매1길 17,061-724-6689,11:00-23:00,,있음
517435,서식,전남,,,"수육세트, 숯불닭다리살",전남 순천시 남신월3길 5,0507-1395-8907,17:00-04:00,,없음
517436,오대옥천냉면,전남,,,"비빔냉면, 검은콩국수",전남 순천시 대석초등길 73,061-725-5538,09:00-21:00,없음,있음
517437,투데이지,전남,,,"크로핀, 아메리카노",전남 순천시 연향상가1길 14,0507-1341-8168,12:00-21:00,매주 화요일,있음
517438,노다지,전남,,,"대구탕, 알탕",전남 순천시 남신월길 45,061-723-7999,11:00-20:30,매주 일요일,있음
517439,리코,전남,,,"리코감바스, 수비드돼지안심스테이크",전남 순천시 호남1길 62,0507-1381-7366,11:30-20:30,매주 월요일,없음
517440,황비물회,전남,,,"전복물회, 돈까스",전남 순천시 해룡면 향매1길 16-17,061-725-5989,11:00-21:00,,있음
517441,소옽 순천호수공원점,전남,,,"스테이크솥밥, 전복 솥밥",전남 순천시 왕지4길 10-15,0507-1376-3287,11:00-21:00,,있음
517442,박구윤회관,전남,,,"꼬막정식, 게장백반",전남 순천시 팔마2길 90,061-753-5366,,,있음
517444,달노루과자점,전남,,,"티라미수 크림쿠키, 당근호두케이크",전남 순천시 향교길 48,010-9810-3801,12:00-19:00,"매주 월요일, 화요일, 수요일, 목요일",있음
517445,롱타임노씨 순천신대점,전남,,,"얼큰 해장 파스타, 치즈라볶이",전남 순천시 해룡면 신대1길 4-21,0507-1350-0904,12:00/15:00-02:00,,있음
517446,베니샤프커피 본점,전남,,,"녹차라떼, 복숭아 아이스티",전남 순천시 용당둑길 153,061-751-4545,11:00-18:00,매주 월요일,있음
517447,타코야미 순천중앙점,전남,,,"타코야끼, 치즈 타코야끼",전남 순천시 연자로 3-1,070-4130-0529,12:00/12:30-21:00,,없음
517448,왕뼈랑돌솥이랑,전남,,,"왕뼈 해장국, 왕뼈 묵은지해장국",전남 순천시 기적의도서관1길 18,061-723-9882,07:00-22:00,매주 토요일,있음
517449,단미멜로우,전남,,,"블루베리쌀케이크, 인절미티라미수쌀케이크",전남 순천시 장승길 20,0507-1318-2615,10:30-20:30,매주 수요일,있음
517450,선암식당,전남,,,"산채정식, 돌솥 비빔밥",전남 순천시 승주읍 승암교길 6,0507-1353-5232,08:00-19:00,없음,있음
517451,아웃백스테이크하우스 순천점,전남,,,"갈릭 립아이 커플 세트, 투움바 파스타",전남 순천시 왕지5길 4,061-727-0681,11:30-22:00,없음,있음
517452,옴팡골콩나물국밥,전남,,,"콩나물국밥, 모주 한잔",전남 순천시 호남길 101,0507-1391-5860,07:30-21:00,,있음
517453,청수정,전남,,,"순천정식, 순천삼합",전남 순천시 공마당2길 143,061-752-5280,10:00/11:30-20:00,매주 일요일,있음
517454,에이치,전남,,,"한우안심, 한우꽃등심",전남 순천시 왕지2길 4-14,061-721-0271,11:30-22:00,매주 일요일,있음
517455,마말레이드,전남,,,"카사타, 마말레이드 스콘",전남 순천시 옥천길 60,0507-1480-9030,12:00-18:00,매주 월요일,없음
517456,현풍닭칼국수 순천점,전남,,,"닭칼국수, 삼계칼국수",전남 순천시 왕지2길 4-36,061-726-9990,09:30-22:30,없음,있음
517457,자산어보,전남,,,"사시미류, 능성어",전남 순천시 대석1길 27,061-725-8989,11:30-22:00,,있음
517458,텐코우,전남,,,"에비텐동, 코우텐동",전남 순천시 왕지3길 18-22,0507-1328-8528,11:30-22:00,매주 월요일,있음
517459,해방곱창 순천신대점,전남,,,"모듬구이, 곱창 버섯전골",전남 순천시 해룡면 신대3길 4,010-5834-2239,11:30-23:30,,있음
517460,낙안분식,전남,,,"명란크림파스타, 버섯크림 파스타",전남 순천시 호남길 10,0507-1330-7875,11:00-20:00,매주 일요일,없음
517461,청년다방 순천중앙점,전남,,,"차돌떡볶이, 통큰오짱떡볶이",전남 순천시 중앙로 120-1,061-751-7896,11:00-21:30,매주 화요일,없음
517462,등촌샤브칼국수 순천점,전남,,,"등촌샤브칼국수, 물만두",전남 순천시 해룡면 신대3길 4,0507-1352-4251,11:00-21:30,,있음
517464,우리식당 신대점,전남,,,"왕갈비탕, 생고기김치찌개",전남 순천시 해룡면 향매2길 18,061-723-7952,11:00-21:00,매주 화요일,있음
517465,안녕홍매화 신대점,전남,,,"흑염소 떡갈비, 흑염소 육회",전남 순천시 해룡면 매안로 135,0507-1307-9076,11:30-22:00,,있음
517466,Miel,전남,,,"미니케이크, 아메리카노",전남 순천시 왕지로 65,0507-1342-6509,11:00-19:00,매주 화요일,없음
517467,정락회관,전남,,,"한우떡갈비, 영양솥밥",전남 순천시 장천2길 7,061-744-6369,11:00-21:00,없음,있음
517468,정직유부 순천신대점,전남,,,"순두부우동, 참깨두계면",전남 순천시 해룡면 좌야로 150,061-723-6979,10:30-20:00,없음,있음
517469,오롯,전남,,,"광어사시미, 연어사시미",전남 순천시 봉화2길 16,010-4773-0918,18:00-03:00/04:00,,없음
517470,히요리,전남,,,"에비크림카레, 야끼카레",전남 순천시 옥천길 52-1,0507-1317-3754,11:30-20:30,매주 일요일,있음
517472,깐깐한족발 순천조례점,전남,,,"참숯족발, 직화매운족발",전남 순천시 봉화2길 20,0504-0544-2519,17:00-01:00,없음,있음
517473,스타벅스 순천용당DT점,전남,,,"스타벅스 돌체 라떼, 카페 모카",전남 순천시 중앙로 398,1522-3232,07:00/07:30/08:00-22:00,,있음
517474,엔차이,전남,,,"짜장면, 짬뽕",전남 순천시 해룡면 신대로 245,061-723-7131,11:00-21:00,매주 월요일,있음
517475,플러스팔이커피,전남,,,"까눌레, 솔트카라멜휘낭시에",전남 순천시 왕지4길 20-12,0507-1360-3809,12:00-21:00,없음,있음
517476,고반식당 순천조례점,전남,,,"숙성 생목살, 돈치맛살",전남 순천시 남신월3길 18-31,0507-1495-3307,16:00/17:00-23:00,,있음
517477,웰돈카츠&떡볶이 순천점,전남,,,"로스카츠, 치즈카츠",전남 순천시 오천6길 11,061-743-0815,11:00-21:00,,있음
517478,Oui,전남,,,"차돌박이샐러드파스타, 아마트리치아나",전남 순천시 왕궁중앙길 65,0507-1341-7286,11:00-21:00,매주 일요일,있음
517479,역전횟집,전남,,,"모둠회, 아나고 회",전남 순천시 풍덕주택길 29,061-743-4056,08:00-22:00,없음,있음
517480,마리나부페 순천점,전남,,,"초밥, 스테이크",전남 순천시 해룡면 율산길 118,0507-1354-0051,12:00-21:30,"매주 월요일, 화요일",있음
517481,다다카츠,전남,,,"치즈카츠, 안심카츠",전남 순천시 시민로 23-1,061-906-0110,11:00-21:00,,있음
517482,옛날삼겹살,전남,,,"양념닭발, 옛날삼겹살",전남 순천시 남신월4길 15,061-727-7781,17:00-24:00,매주 일요일,없음
517483,순천만갈대,전남,,,"꼬꼬국수, 갈대네 고추참치김밥",전남 순천시 팔마로 63,0507-1420-8848,10:00-17:00,매주 수요일,있음
517484,카페알록,전남,,,"매실라임모히또, 히비스커스레몬티",전남 순천시 조례신대앞길 9,0507-1308-6721,12:00-22:00,없음,있음
517485,순천문산선지국,전남,,,"한우선지국, 한우내장탕",전남 순천시 왕궁길 108,0507-1329-7417,10:00-21:00,매주 일요일,있음
517486,하르방연탄구이 본점,전남,,,"제주 흑돼지 오겹살, 제주 흑돼지 목살",전남 순천시 팔마4길 3,061-723-7428,17:00-24:00,없음,있음
517487,이가 고기도마 신대점,전남,,,"국내산 숙성삼겹살, 이베리코 꽃목살",전남 순천시 해룡면 향매1길 15-33,061-726-1192,16:00-24:00,없음,있음
517488,해피치즈스마일 순천점,전남,,,"돈가스플레이트, 떡볶이",전남 순천시 비봉2길 9,061-721-7212,11:00-21:00,,있음
517489,신대초밥,전남,,,"연어초밥, 돈까스",전남 순천시 해룡면 매안2길 7,061-727-1191,11:30-22:00,없음,있음
517490,블랙도세기,전남,,,"꽃갈비살, 꽃목살",전남 순천시 성죽길 19,010-4090-7644,17:00-22:00,,있음
517491,철뚝집 조례점,전남,,,"철뚝삼겹살, 철뚝우삼겹",전남 순천시 봉화로 266,0507-1335-1969,00:00-24:00,없음,있음
517492,호이테라멘,전남,,,"돈코츠라멘, 카라이라멘",전남 순천시 향교길 14,0507-1311-1895,11:00-20:00,매주 월요일,없음
517493,유케야 순천점,전남,,,"국내산냉장육회, 산낙육회",전남 순천시 오천6길 16,061-903-9452,11:00-24:00,매주 월요일,있음
517494,민속촌,전남,,,"삼겹살, 돼지갈비",전남 순천시 해룡면 매안1길 39,0507-1431-9316,11:30-21:10,매주 일요일,있음
517495,꽃돌게장1번가,전남,,,"꽃게정식, 꽃게탕",전남 여수시 봉산2로 36,061-644-0003,10:00-21:30,,있음
517496,모이핀,전남,,,"아메리카노, 카페라떼",전남 여수시 돌산읍 무술목길 50,0507-1477-6003,09:00-21:00,없음,있음
517497,나진국밥,전남,,,"수육, 국밥",전남 여수시 화양면 화양로 1391,061-683-4425,10:30-16:00,매주 화요일,있음
517498,명동게장,전남,34.7329194004045,127.721924666936,"돌게장백반정식, 날치알밥",전남 여수시 봉산남4길 23-26,0507-1353-0593,07:00-21:00,,있음
517499,바다김밥,전남,34.7407835798129,127.73594143675,"계란김밥, 갓참치김밥",전남 여수시 통제영5길 10-4,061-664-9734,08:00-20:00,없음,있음
517500,돌문어상회,전남,34.737706314407,127.74701511569,"돌문어삼합, 돌문어라면",전남 여수시 하멜로 78,061-665-4595,12:00/15:30-23:00,,있음
517501,카페 모카힐,전남,34.7381469139413,127.742268083439,"더치커피, 청귤에이드",전남 여수시 고소3길 70,0507-1408-2007,10:00-22:00,없음,있음
517502,여수밥상 갈치야,전남,34.6065960898165,127.78740757097,"갈치조림, 갈치구이",전남 여수시 돌산읍 향일암로 378,061-644-9636,07:30-19:30/20:00,매주 수요일,있음
517504,희망선어,전남,34.7404992888445,127.736774814239,"선어, 생선조림",전남 여수시 동문로 10-10,0507-1361-7114,12:00-22:00,,있음
517505,대박마차 삼합 새조개샤브샤브,전남,34.7551303245034,127.69447942012,"대하소금구이, 전어세트",전남 여수시 문수7길 33-1,0507-1349-8050,15:00-23:00,,있음
517506,낭만포차16번 돌문어삼합,전남,34.7370798334613,127.748206437968,"돌문어삼합, 딱새우회",전남 여수시 하멜로 92,0507-1376-9204,10:00-01:00,없음,있음
517507,여기어때횟집대게 예술랜드물회하모샤브,전남,34.7069053114801,127.758639075736,"모듬 회세트, 새조개세트",전남 여수시 돌산읍 진모길 9-7,0507-1348-9977,10:00-22:00/23:00,,있음
517508,호남갈비,전남,34.7450795952684,127.7419489771,"소갈비, 돼지갈비",전남 여수시 동문로 93-1,061-662-3501,11:30-21:30,없음,있음
517509,아이스크림옥,전남,34.7393476025094,127.7354280448,"젤라또 싱글컵, 젤라또 패밀리박스",전남 여수시 이순신광장로 75,0507-1424-3691,09:30/10:00-22:00,,있음
517510,석정,전남,34.7570397055443,127.658016914893,"보리굴비 정식, 자연산 송이 돌솥밥",전남 여수시 시청서5길 11-1,061-686-5235,11:00-21:00,없음,있음
517511,오동동김밥,전남,34.744163307321,127.749826308058,"간장게장 김밥, 갓김치 김밥",전남 여수시 오동도로 61-12,061-663-3799,09:00-18:00,매주 월요일,있음
517512,낭만해물삼합 돌문어,전남,34.7395443826592,127.734844720825,"해물삼합, 서대회무침",전남 여수시 중앙로 72-27,0507-1433-1069,07:00-23:00,"둘째, 넷째 수요일",있음
517513,이순신갈비탕,전남,34.7403097141028,127.735031234142,"왕갈비탕, 육개장",전남 여수시 중앙로 67,061-664-6664,08:00-18:00/20:30,매주 일요일,있음
517514,소코아 여수웅천점,전남,34.7475912189763,127.678440214214,"소코아카레, 에비카레",전남 여수시 웅남5길 3,0507-1323-3017,11:30-20:00,,있음
517515,경도회관,전남,34.7218018375401,127.721815239544,"하모사시미, 새조개샤브샤브",전남 여수시 대경도길 2-2,061-666-0044,11:00-21:00,,있음
517516,거북이식당,전남,34.7286746560467,127.722360620336,"꽃게장정식, 게장백반정식",전남 여수시 국포1로 26,061-681-4420,09:00-21:00,없음,있음
517517,잠수기장어탕식당,전남,34.725237433152,127.712813695001,"통장어탕, 장어구이",전남 여수시 어항단지로 21,061-643-3880,06:00-22:00,없음,있음
517518,발콘드예울,전남,34.7462620195887,127.670873377288,"아메리카노, 크로플",전남 여수시 예울마루로 37-53,0507-1417-2725,10:00-24:00,없음,있음
517519,연화정,전남,34.7437307069159,127.750488303926,"갈치조림, 게장꼬막정식",전남 여수시 오동도로 61-20,061-663-8888,08:00-21:00,없음,있음
517520,피읖 카페,전남,34.7131496414699,127.764094393275,"콜드브루, 아인슈페너",전남 여수시 돌산읍 돌산로 3292-6,061-643-3292,09:30-21:00,없음,있음
517521,맛나게장,전남,34.7608669868509,127.670633032203,"꽃게장 갓고등어 정식, 돌게장 갓고등어 정식",전남 여수시 신기남3길 22-4 1층,061-684-4992,10:00-17:00,매주 수요일,있음
517522,무수희,전남,34.7376186910271,127.742993311834,"감태삼치롤, 차슈보쌈삼합",전남 여수시 이순신광장로 177,0507-1393-5025,11:30-22:00,,있음
517523,바다김밥 돌산직영점,전남,34.7154380481499,127.752737356356,"모듬김밥, 중화어묵김밥",전남 여수시 돌산읍 강남해안로 155,0507-1322-9734,08:00-20:00,없음,있음
517524,아와비,전남,34.5937274365772,127.766540342917,"전복죽, 전복",전남 여수시 돌산읍 돌산로 595,061-644-2211,12:00-19:00,매주 일요일,있음
517525,한꾼에,전남,34.7407085748551,127.729560407801,"매운돼지갈비찜, 장어구이",전남 여수시 충무연등천길 2,061-655-2020,16:00-24:00,없음,있음
517526,낭만포차 인생삼합,전남,34.7373933986932,127.741327204963,"인생삼합, 돌문어전복탕",전남 여수시 이순신광장로 159,0507-1409-1633,16:00-24:00/02:00,매주 수요일,있음
517527,나래밥상,전남,34.6878674691201,127.771604127747,"간장돌게장, 간장꽃게장, 양념게장, 생선구이, 서대회무침, 멍게비빔밥",전남 여수시 돌산읍 돌산로 2940,061-641-8677,09:00-17:30/19:00,매주 수요일,있음
517528,미가칼국수,전남,34.7514188983906,127.743445284781,"들깨칼국수, 해물칼국수",전남 여수시 박람회길 23-10,061-641-7666,10:30-21:00,"둘째, 넷째 일요일",있음
517529,낙원갈비집 여수점,전남,34.7547032971878,127.705446969659,"눈꽃수제갈비, 친환경마늘양념 본꽃살",전남 여수시 문수로 96,0507-1381-9885,11:30/17:00-23:00,,있음
517530,짚회관,전남,34.7592741823933,127.665563078804,"향우갈비, 훈연 매운양념 삼겹",전남 여수시 시청동3길 10,0507-1385-1992,11:00-22:30,없음,있음
517531,길언니,전남,34.7383732893561,127.743828518265,"길언니새우장정식, 길언니양념게장정식",전남 여수시 이순신광장로 189,0507-1466-5758,11:00-17:00,매주 목요일,있음
517532,로스티아,전남,34.7003772045197,127.760950845779,"딱새우크림파스타, 트러플명란갓파스타",전남 여수시 돌산읍 돌산로 3116,0507-1307-6406,10:00-20:00,없음,있음
517533,쫑포밤바다포차 낭만포차 삼합,전남,34.7373933986932,127.741327204963,"돌문어해물삼합철판, 돌문어꽃게해물탕",전남 여수시 이순신광장로 159,0507-1317-7372,11:30/14:00-02:00,,있음
517534,카페 보아스,전남,34.6448774276476,127.616328989276,"아메리카노, 크로플",전남 여수시 화양면 안포장수로 154-1,0507-1355-7457,10:30/11:00-19:30,매주 화요일,있음
517535,목구멍 여수점,전남,34.7590119299422,127.665948819251,"삼겹살, 특목살",전남 여수시 시청동4길 12,061-685-9297,16:00-24:00,없음,없음
517536,카페 하얀파도,전남,34.7318566013869,127.737476483983,"멜로우슈페너, 아메리카노",전남 여수시 돌산읍 진두해안길 13-1,061-644-2761,10:30-21:00,없음,있음
517537,진남횟집 물회 하모샤브샤브 돌산본점,전남,34.719557560069,127.750759871163,"하모샤브샤브, 새조개샤브샤브",전남 여수시 돌산읍 강남로 46,061-644-2289,10:30-22:00,,있음
517538,경원이네,전남,34.7549625679966,127.704351884431,"명품해물삼합, 한우차돌삼합",전남 여수시 문수3길 6-3,061-652-8407,16:30/17:00-22:00,매주 일요일,있음
517539,카페 포,전남,34.7389526499262,127.740064540969,"아메리카노, 아인슈페너",전남 여수시 고소5길 16,0507-1319-6363,10:00-19:00/21:00,매주 수요일,있음
517540,서울식당,전남,,,"게장백반, 순두부된장찌개",전남 여수시 돌산읍 향일암로 70-1,061-644-7797,07:00-18:00,,있음
517541,유명횟집,전남,34.7275913124679,127.715541010373,"광어, 자연산모듬회",전남 여수시 국포1로 103,061-644-8040,11:00-22:00,,있음
517542,"뮤뮤카페,케이크",전남,,,"레더링케이크, 아메리카노",전남 여수시 소호1길 38,0507-1483-3459,11:00-21:00,없음,있음
517543,석천식당,전남,34.7351967460439,127.723480223308,"불고기 꽃 게장백반, 간장게장",전남 여수시 봉산남1길 24-1,061-643-5051,10:00-20:30,,있음
517544,대감게장,전남,34.7603086528338,127.660210165449,"갈치조림정식, 게장정식",전남 여수시 시청서2길 51-8,061-666-8100,09:00-20:00,"둘째, 넷째 수요일",있음
517545,원조굴구이,전남,34.6962101283704,127.772099008296,"굴구이, 굴파전",전남 여수시 돌산읍 안굴전길 61-1,061-644-6553,10:00-22:00,없음,있음
517546,오동,전남,34.7381424437648,127.741758984511,"우유푸딩, 얼그레이푸딩",전남 여수시 고소3길 63,010-8005-3619,11:00-17:00/18:00,,있음
517547,MAHE,전남,34.6238073284901,127.635955733961,"아메리카노, 크림에스프레소",전남 여수시 화정면 화백길 6,0507-1390-7541,09:00-21:00,없음,있음
517548,거북이수제바게트,전남,34.7200003149986,127.745919265623,"수제바게트버거, 쑥 아이스크림",전남 여수시 돌산읍 강남해안로 63,061-644-6449,09:00-21:00,없음,있음
517549,여수낭만포차100도 본점,전남,34.737706314407,127.74701511569,"돌문어삼합, 딱새우",전남 여수시 하멜로 78,0507-1320-9304,12:00/15:00-01:00/02:00,,있음
517550,오마이양대창 여수학동점,전남,34.7584112093121,127.664650824146,"특양구이, 대창구이",전남 여수시 시청동3길 24-4,061-681-3222,16:00-23:00,매주 일요일,있음
517551,수산시장 삼합 조개 굴구이 시청점,전남,34.7582097497782,127.664435574752,"해물삼합, 생굴회 보쌈",전남 여수시 시청동3길 24-3,0507-1375-8973,16:00-02:00/04:00,,있음
517552,라이라이,전남,34.7611264486824,127.665285551136,"레몬 탕수육, 찹쌀 탕수육",전남 여수시 거북선공원2길 21,061-684-3388,11:30-21:00,매주 월요일,있음
517553,만끽,전남,34.7397889200873,127.648246174954,"소갈비찜 리조또, 봉골레 리조또",전남 여수시 소호7길 17-5 1층,0507-1382-2124,11:30-22:00,매주 월요일,있음
517554,선베드 카페,전남,34.7973538637905,127.7559081641,"아메리카노, 칵테일",전남 여수시 오천3길 69,010-3120-9482,10:30-22:00,,있음
517555,돌산게장명가 대교점,전남,34.7337408733854,127.726966560888,"돌게모듬장, 갈치조림정식",전남 여수시 대교로 62,061-642-1125,08:30-21:00,없음,있음
517556,고소먹방,전남,34.7389225923776,127.739076719687,"오징어튀김, 갓잡은 떡볶이",전남 여수시 고소3길 35,0507-1379-0582,11:00-15:00/19:30,매주 화요일,있음
517557,동백한식,전남,34.7151725147134,127.756213208901,"동백특선백반, 야채불고기",전남 여수시 돌산읍 강남해안로 189,0507-1388-6466,08:00-17:00,"매주 월요일, 셋째 일요일",있음
517558,국동칼국수,전남,34.7251017304264,127.710305513356,"육전김밥, 쫄면",전남 여수시 신월로 578-1,061-641-9734,08:00-19:00,,있음
517559,한려식당,전남,34.7399416693546,127.73662845557,"생삼겹살, 대패삼겹살",전남 여수시 중앙로 81-1,061-662-2691,11:00-22:00,없음,있음
517560,와요,전남,34.7404685241604,127.732160557265,"앙버터스콘, 케이크",전남 여수시 통제영1길 1,0507-1311-5789,11:00-18:00,"매주 수요일, 목요일",없음
517561,카페 안포,전남,34.6618105384702,127.63053640872,"아메리카노, 카페라떼",전남 여수시 화양면 굴개길 106-17,061-681-0617,11:00-18:00,없음,있음
517562,조롱박,전남,34.7407959754375,127.733333490065,"아귀찜, 대창찜",전남 여수시 통제영2길 8-9,061-662-1733,10:00-22:00,없음,있음
517563,월성소주코너,전남,34.7578796321899,127.709744141329,"삼치사시미, 삼치머리구이",전남 여수시 문수로 153,061-653-5252,15:00-21:00,없음,있음
517564,단디,전남,34.741536419538,127.741826118375,"소금빵, 무화과 크림치즈 깜빠뉴",전남 여수시 관문1길 14,0507-1446-2041,11:00-18:00,"매주 월요일, 일요일",없음
517565,솔레일,전남,34.7477352658643,127.678213041462,"커피, 롤케이크",전남 여수시 웅남3길 21,061-685-8129,12:00-22:00,"매주 월요일, 금요일",있음
517566,카페솜솜,전남,34.7704794166941,127.654562353518,"쌀소금빵, 쫀득버터바",전남 여수시 무선로 107-1,010-3661-9618,10:30-20:00,매주 일요일,없음
517567,한식의정석 24시,전남,34.7576666550213,127.665954072721,"쌈야채정식, 흑돈 수제돈까스",전남 여수시 시청동5길 23,0507-1447-0721,00:00/10:00-24:00,매주 화요일,있음
517568,쇼쿠지 여수점,전남,34.7543616413535,127.654656957976,"텐동, 명란우삼겹덮밥",전남 여수시 장성1길 21,0507-1337-2184,11:30-21:00,매주 화요일,있음
517569,정우굴구이,전남,34.6960441069448,127.771854525897,"굴구이, 굴찜",전남 여수시 돌산읍 안굴전길 57,061-643-6125,10:00-22:00,,있음
517570,상아식당,전남,,,"원조통장어탕, 장어구이",전남 여수시 어항단지로 21,061-643-7840,07:00-21:00,없음,있음
517571,남진이네게장갈치명가,전남,34.7354620471787,127.723977493359,"순살갈치조림, 갈치회 코스요리",전남 여수시 봉산1로 49,0507-1377-6080,10:00-22:00,없음,있음
517572,웅천부일식당,전남,34.747417845507,127.674730925015,"서대회무침, 전어회무침",전남 여수시 웅남2길 12-2,061-681-3060,11:00-21:00,매주 일요일,있음
517573,풍산식당,전남,34.7397630600487,127.734859869669,"서대회, 장어탕",전남 여수시 중앙로 72-26,061-662-8697,08:00-21:00,매주 월요일,있음
517574,등촌샤브칼국수 여수점,전남,34.7566874840366,127.664746556971,"샤브소고기, 등촌칼국수",전남 여수시 선소로 29,0507-1335-3067,11:00-21:00,없음,있음
517575,내조국국밥 관문점,전남,34.7442225195961,127.741731865686,"머리국밥, 얼큰해장국",전남 여수시 동문로 84-3,0507-1357-5251,00:00-24:00,"둘째, 넷째 화요일",있음
517576,구이랑회,전남,34.7358251516529,127.732222127681,"모듬생선구이 정식, 서대회무침",전남 여수시 남산로 60-31,061-642-9293,09:00-21:00,,있음
517577,동백산장,전남,34.6861719568615,127.776864900758,"삼겹살 정식, 톳돌솥밥",전남 여수시 돌산읍 무술목길 12-8,0507-1350-4375,11:00-22:00,매주 수요일,있음
517578,순동이네,전남,34.7518331833654,127.674939280328,"수비드 목살 플레이트, 레몬맥주",전남 여수시 웅남1길 52,010-6266-6663,11:30-21:00,매주 일요일,있음
517579,포트타운 다이닝,전남,34.742773610032,127.672310638202,"뇨끼, 쉬림프오일파스타",전남 여수시 웅천남4로 17,061-922-5710,11:00-21:30,,있음
517580,세아네과일&카페,전남,34.7178675916039,127.754979819312,"생과일쥬스, 생과일빙수",전남 여수시 돌산읍 강남9길 46,0507-1400-4857,10:00-18:00/20:00,매주 월요일,있음
517581,하이마레,전남,34.7374525351991,127.742258816292,"너티크림라떼, 아메리카노",전남 여수시 이순신광장로 169,0507-1370-5597,11:00-22:00,없음,있음
517582,여수카페 종화동,전남,34.739842510192,127.735376412931,"여수 찰옥수수빵, 생과일파르페",전남 여수시 중앙로 72-6,061-662-1230,10:30-21:00,,있음
517583,터진만두,전남,34.7282929358959,127.641493306032,"찐만두, 군만두",전남 여수시 소호로 253-1,061-686-2585,10:30-21:00,,있음
517584,소울라운지,전남,34.7380494285944,127.738033138122,"진토닉, 잭콕",전남 여수시 이순신광장로 130,0507-1423-6223,19:30-01:00/02:00,매주 수요일,없음
517585,내조국국밥 돌산점,전남,34.7182414440953,127.755205590522,"얼큰해장국, 순대국밥",전남 여수시 돌산읍 강남동로 35,0507-1376-5251,09:00-21:00,,있음
517586,카페 낭만도시,전남,34.736456319826,127.750202397262,"아메리카노, 카페라떼",전남 여수시 여수시민로 6,0507-1360-7633,11:00-22:00,없음,있음
517587,진미꽃게탕,전남,34.7604809972956,127.660194061737,"꽃게탕, 낙지볶음",전남 여수시 시청서1길 8-12,061-684-1747,09:00-21:00,매주 월요일,있음
517588,여수게장 낭만별식,전남,34.7329986372578,127.743132663224,"하모샤브샤브, 하모 사시미",전남 여수시 돌산읍 진두해안길 72,0507-1407-1935,11:00-20:00,,있음
517589,할렐루야호떡,전남,34.7669528814619,127.657456464384,"호떡, 쌀떡볶이",전남 여수시 학동북4길 7,010-6651-4133,12:00-21:00,매주 일요일,있음
517590,돌산백반,전남,34.7215213047643,127.747864713113,"백반, 갈치조림",전남 여수시 돌산읍 강남8길 13,0507-1333-7374,06:30-20:00,매주 일요일,있음
517591,당머리첫집 하모샤브샤브,전남,34.729450801031,127.731326953077,"여수하모샤브샤브, 여수새조개샤브샤브",전남 여수시 남산남1길 34,0507-1365-4602,09:30-22:00,없음,있음
517592,해풍게장,전남,34.7616234377366,127.670338672232,"게장백반, 갈치조림",전남 여수시 신기남4길 26,061-681-7753,11:00-20:00,매주 화요일,있음
517593,WOOS BRUNCH,전남,34.7668074452587,127.652857420731,"머쉬룸 스프, 크랜베리 치킨 샌드위치",전남 여수시 선원2길 34-7,0507-1375-3706,11:30-17:00,"매주 월요일, 일요일",있음
517594,서목,전남,34.7206019797485,127.703572803032,"아메리카노, 카페라떼",전남 여수시 신월5길 68-1,0507-1361-2574,11:00-20:30,,있음
517595,하모샤브샤브 여수맛집횟집,전남,34.7329986372578,127.743132663224,"대방어회, 자연산 돌돔",전남 여수시 돌산읍 진두해안길 72,0507-1307-5806,10:00-24:00,없음,있음
517596,조선제일국밥 본점,전남,34.7440788466232,127.74323842972,"모듬국밥, 머리국밥",전남 여수시 흙산로 16,061-662-0333,07:00-14:00/21:00,,있음
517597,어나더키친 여수점,전남,34.7462587462529,127.670502055427,"필레미뇽안심스테이크, 토마호크 스테이크 세트",전남 여수시 예울마루로 37-33,061-686-9085,11:30-22:00,"첫째, 셋째 월요일",있음
517598,토박이국밥,전남,34.7067494181579,127.613258063141,"토박이국밥, 해물칼국수",전남 여수시 화양면 화양로 1389,061-692-4569,10:30-20:00,없음,있음
517599,김태욱초밥참치,전남,34.7464678648982,127.672399649758,"연어초밥, 참치초밥",전남 여수시 예울마루로 35-38,0507-1322-0183,11:00-23:00,없음,있음
517600,교동포차 26번 해물삼합,전남,34.7407085748551,127.729560407801,"해물삼합, 꽃게탕, 찜, 금풍생이",전남 여수시 충무연등천길 2,061-921-9929,16:00-02:00,,있음
517601,플랜 디 맨션,전남,34.7505861432329,127.710923236979,"아메리카노, 카페라떼",전남 여수시 여서동7길 23,1522-2578,10:00-24:00,없음,있음
517602,낭도엄마맛집,전남,34.6086228997789,127.539675445707,"문어라면, 서대회무침",전남 여수시 화정면 여산길 33,0507-1377-2726,09:00-19:00,매주 수요일,없음
517603,이루소,전남,34.7789447087828,127.745079239162,"생딸기우유, 에이드",전남 여수시 만성리길 49,0507-1304-7940,10:00-21:00,"첫째, 셋째 월요일",있음
517604,나폴리횟집 새조개하모샤브샤브,전남,34.7330816824467,127.742625798176,"사시미, 하모샤브샤브",전남 여수시 돌산읍 진두해안길 68,0507-1355-1701,11:00-22:00,없음,있음
517605,엑스포해물삼합,전남,34.7533258137106,127.743087991811,"문어해물삼합, 문어해물차돌삼합",전남 여수시 박람회길 46,061-662-1110,11:00/17:00-22:00,,있음
517606,황금게장,전남,34.720399701256,127.758318759106,"게장정식, 갈치구이",전남 여수시 돌산읍 돌산로 3396,061-644-3939,10:00-19:30,,있음
517607,내조국국밥 본점,전남,34.7258237991079,127.711378679774,"모듬국밥, 얼큰해장국",전남 여수시 신월로 592,0507-1418-5251,09:00-21:00,"둘째, 넷째 수요일",있음
517608,가우바오,전남,34.7389877453439,127.744422800986,"여수치킨바오, 여수갓분짜",전남 여수시 이순신광장로 197-2,0507-1344-5884,12:00-20:00,,있음
517609,360웨스트 여수죽림본점,전남,34.7634748645942,127.638188921905,"티본스테이크, 플랭크스테이크",전남 여수시 소라면 죽림3길 17-3,0507-1492-2256,11:00-21:00,,있음
517610,라라브레드 여수점,전남,34.7407597500488,127.674616840422,"라라 플레이트, 아보카도 새우의 역습",전남 여수시 웅천남5로 42,061-686-1013,10:00-20:00,없음,있음
517611,좌수영스시오마카세,전남,34.740630164003,127.736627031979,"사시미, 스시",전남 여수시 동문로 6-2,0507-1345-6245,12:00-23:00,없음,있음
517612,선소닭구이,전남,34.7479491932624,127.657581371306,"양념닭구이, 통생삼겹살",전남 여수시 소호1길 38,0507-1350-7402,16:00-22:00,없음,있음
517613,짱구네간장게장,전남,34.740369014031,127.723881070729,"게장백반, 양념게장",전남 여수시 봉강2길 23,061-642-6813,11:00-15:30,매주 일요일,있음
517614,늘푸른식당 게장백반,전남,34.7312927480665,127.722971575877,"꽃게장정식, 생선구이정식",전남 여수시 봉산남8길 14,061-642-4276,06:00-21:00,없음,있음
517615,카페 옥수,전남,34.7493836741796,127.684027347366,"플레인치아바타, 옥수수치아바타",전남 여수시 웅천4길 12-11,0507-1481-2325,10:00-20:00,매주 일요일,있음
517616,호시탐탐,전남,34.7532242981868,127.655235661688,"전복새우솥밥, 소고기표고솥밥",전남 여수시 장성3길 24,0507-1319-8133,12:00-23:00,매주 월요일,있음
517617,나진국밥형제가,전남,34.7540189368176,127.655242156945,"국밥, 수육",전남 여수시 장성5길 11,061-684-2689,10:00-15:00,매주 화요일,있음
517618,수평선횟집,전남,34.6618954857639,127.793712899674,"사시미, 멍게",전남 여수시 돌산읍 계동해안길 78,061-644-4120,11:30-20:00,,있음
517619,거북선횟집 갯장어하모샤브샤브,전남,34.7161840427044,127.754792038076,"새조개샤브샤브, 감성돔 사시미",전남 여수시 돌산읍 강남동로 13,0507-1329-6767,10:00-21:30,,있음
517620,문자네통장어,전남,34.749573235777,127.683819120183,"산장어구이, 우거지통장어탕",전남 여수시 웅천4길 12-7,061-681-0390,10:30-20:50,둘째 일요일,있음
517621,통제영,전남,34.7572923042783,127.658645509166,"스시 오마카세, 사시미 오마카세",전남 여수시 시청서4길 22-12,0507-1464-0036,12:00-22:00,없음,있음
517622,다도해식당 여수엑스포점,전남,34.7482267769678,127.744628108055,"게장백반, 서대회무침",전남 여수시 동문로 135-1,061-662-0338,09:00-21:00,없음,있음
517623,덕일감자국 본점,전남,34.7644509315032,127.637649416627,"감자국, 볶음밥",전남 여수시 소라면 죽림중앙로 46,061-682-2940,11:00-22:00,"둘째, 넷째 일요일",있음
517624,카페 공정,전남,34.6411643102774,127.576019869157,"바닐라라떼, 피넛 크림라떼",전남 여수시 화양면 장수로 634,0507-1333-9713,10:00-20:00/21:00,,있음
517625,노다웃오리지널리티,전남,34.7503341201926,127.681951897687,"하겐다즈라떼, 생크림딸기케이크",전남 여수시 웅천3길 7-3 1F,070-4256-7933,10:30/12:00-19:00,,있음
517626,지지전골마당,전남,34.7417612463688,127.731795556201,"모듬전골, 소곱창",전남 여수시 통제영1길 17-1,061-664-3432,,,있음
517627,해안식당 여수웅천점,전남,34.7393587023032,127.676421153393,"해안아구찜, 갑오징어무침",전남 여수시 웅천남6로 21,0507-1378-8916,11:00-21:00,매주 화요일,있음
517628,밀터,전남,34.7280649219002,127.641725082184,"녹두해물전, 해물칼국수",전남 여수시 소호로 253,061-683-3900,11:30-21:30,없음,있음
517629,조개까는세상,전남,34.7576314370039,127.666212858688,"조개구이, 대하구이",전남 여수시 시청동5길 21-2,061-684-6633,17:00-23:00/03:00,,있음
517630,두거리우신탕 무선점,전남,34.7764674225532,127.649710681758,"우신찜, 우신탕",전남 여수시 화산로 119,061-692-6222,10:00-21:00,매주 토요일,있음
517631,좋은마차,전남,34.7445076866577,127.742122189699,"삼치선어회, 생선구이",전남 여수시 공화남2길 25,061-662-2228,15:00-22:00,없음,있음
517632,산골식당,전남,34.7332812037021,127.723052221286,"갯장어 소금구이, 갯장어 양념구이",전남 여수시 봉산1로 24,0507-1365-3455,08:00-22:30,없음,있음
517633,유자가든,전남,34.7738054141343,127.746215783089,"간장게장, 갈치조림",전남 여수시 망양로 208,061-654-5100,09:00/10:00-21:00/22:00,"둘째, 넷째 수요일",있음
517634,여수카페하멜,전남,34.7369757775094,127.748344173397,"별가사리 피자, 새우 크림 파스타, 세계맥주, 커피, 디저트",전남 여수시 하멜로 94-1,0507-1380-4406,11:00-23:50,없음,있음
517635,조선피자,전남,34.737706314407,127.74701511569,"김치베이컨피자, 달콤하와이안피자",전남 여수시 하멜로 78,061-686-1012,15:00-23:30/01:00,,있음
517636,요쿠야마치 여수점,전남,34.7498197163799,127.68193150638,"요쿠야텐동, 에비텐동",전남 여수시 웅천로 342,0507-1397-7817,11:00-21:00,매주 화요일,있음
517637,여수육개장 여육장 본점,전남,34.7594517614931,127.665182991667,"육개장, 육갈탕",전남 여수시 시청동3길 12-4,0507-1361-6006,10:00-21:00,없음,있음
517638,여수욕보해장국,전남,34.7394914851264,127.731743220685,"해장국, 새우전",전남 여수시 이순신광장로 7,0507-1310-5331,06:30-12:00/13:00,매주 화요일,있음
517639,여수맛집 정가네 갓.갈치조림 게장,전남,34.7330816824467,127.742625798176,"정가네 갓 갈치조림, 정가네 갈치구이",전남 여수시 돌산읍 진두해안길 68,0507-1448-5020,09:00/10:00-20:00/21:00,,있음
517640,카페뷰,전남,34.754220500453,127.656344856031,"감베로니 로제, 불고기크림",전남 여수시 장성3길 6,0507-1438-1500,10:00-23:00,없음,있음
517641,플랜비,전남,34.7343092461982,127.72329538475,"그리닐라떼, 아메리카노",전남 여수시 봉산1로 35,0507-1332-4643,10:00-21:00,격주 화요일,있음
517643,금풍식당,전남,34.75705271015,127.658162497557,"조기매운탕, 알찜",전남 여수시 시청서5길 13,061-682-4309,06:30-20:00,매주 월요일,있음
517644,코너,전남,34.7077013966214,127.613884430064,"여수찰옥수수빵, 콘치즈크로플",전남 여수시 화양면 나진길 13-1,010-2775-5324,10:00-18:00/20:00,매주 화요일,있음
517645,갓몬스터,전남,34.7410729579768,127.736040860769,"갓불고기버거, 갓몬스터버거",전남 여수시 진남상가길 5-1,0507-1310-6604,10:30-20:00,매주 수요일,있음
517646,리블링스,전남,34.7406616846483,127.726335963309,"컵케이크, 케이크",전남 여수시 서교1길 14,0507-1314-8196,12:00-18:00/19:00,매주 화요일,없음
517647,돌산 정담,전남,34.7196992694725,127.756209007518,"수육 정식, 주물럭 정식",전남 여수시 돌산읍 강남동로 53,0507-1301-3899,11:30-21:00,매주 월요일,있음
517648,오팔공,전남,34.7396780470492,127.745172393879,"전복뚝배기, 해물칼국수",전남 여수시 이순신광장로 210,0507-1376-0580,17:00-23:00/24:00,,있음
517649,여정식당,전남,34.7522464765871,127.70171406495,"아귀찜, 아귀탕",전남 여수시 여문문화길 56,0504-0953-9704,11:30-21:00,매주 수요일,있음
517650,하멜선어횟집,전남,34.7205011275586,127.745919942504,"갈치회, 선어모듬",전남 여수시 돌산읍 강남해안로 57,061-663-1313,,,있음
517651,알프키친 여수,전남,34.7412798107758,127.7316455323,"버터 밀크 오믈렛라이스, 돌문어 트러플 파스타, 에이드, 커피, 생맥주, 화이트 와인, 스테이크, 레드와인",전남 여수시 충무로 54-2,061-921-9551,11:30-21:00,매주 화요일,있음
517652,갯벌낙지수제비 여수점,전남,34.7440040757958,127.651586493931,"낙지비빔밥, 해물찜",전남 여수시 소호로 459,061-685-0795,10:30-21:00,,있음
517653,옐로우치치,전남,34.7510190828094,127.676864267584,"베이컨 에그인헬 브레드, 콥샐러드",전남 여수시 웅남1길 20-38,0507-1382-3226,10:00-22:00,매주 월요일,있음
517654,목하식당,전남,34.7384729759825,127.739477715442,"연어장식, 연어아보카도 덮밥",전남 여수시 고소3길 43,0507-1310-4997,11:00-15:00,매주 일요일,있음
517655,여수달구나,전남,34.736883674444,127.749923781291,"옥수수달구나, 달구나와플",전남 여수시 여수시민로 1,0507-1359-3063,12:00/17:00 - 01:00,,있음
517656,화양식당,전남,34.7457478343144,127.743140681257,"장어구이, 장어탕",전남 여수시 공화남1길 3,061-663-5505,07:30 - 20:00,없음,있음
517657,하얀집,전남,34.7294349045934,127.73185754622,"갯장어샤브샤브, 갯장어회",전남 여수시 남산남1길 27-1,061-641-8478,11:00 - 21:00,없음,있음
517658,산해반점,전남,34.7407879303849,127.735877813602,"삼선짬뽕, 탕수육",전남 여수시 통제영5길 10-2,0507-1360-3365,11:00-21:00,"첫째, 셋째 월요일",있음
517659,함남면옥,전남,34.7401174852684,127.736516889113,"냉면, 회냉면, 설렁탕",전남 여수시 중앙1길 8,061-662-2581,10:30 - 20:00,없음,없음
517660,골목길 식탁,전남,34.741536419538,127.741826118375,"갓 명란 오일 파스타, 돌게 빼쉐 파스타",전남 여수시 관문1길 14,0507-1369-1512,10:00 - 20:30,매주 월요일,있음
517661,통큰샤브,전남,34.7602937830137,127.665936830985,"소고기샤브샤브, 볶음밥",전남 여수시 망마로 25,061-681-3999,11:30 - 22:00,없음,있음
517662,연안식당 여수여천점,전남,34.7569207730379,127.657172694011,"꼬막비빔밥, 꽃게살비빔밥",전남 여수시 시청서5길 3,0507-1359-2235,06:30-22:00,없음,있음
517663,본부,전남,34.7607713800589,127.657771169739,"로스가츠, 히레가츠",전남 여수시 도원로 242,0507-1322-6326,11:30 - 22:00,없음,있음
517664,여수돼지국밥,전남,34.7654612603146,127.661946219495,"국밥, 수육",전남 여수시 학동서1길 12,061-682-2858,,,있음
517665,놀스365 본점,전남,34.7521895579434,127.746500508793,"페스츄리 갓 시금치 피자, 트러플 프로슈토 마팔디네",전남 여수시 박람회길 1,0507-1477-9924,11:00-22:00,매주 화요일,있음
517666,해궁 샤브샤브,전남,34.7294355029783,127.731472794516,"하모샤브샤브, 새조개샤브샤브",전남 여수시 남산남1길 32,061-643-6477,11:00 - 22:00,없음,있음
517667,윤심이네실비집,전남,34.7337521083059,127.721316636075,"갓돈짜글이, 계란말이",전남 여수시 봉산남3길 15,0507-1315-6925,10:30 - 18:00,매주 수요일,있음
517668,고향민속식당,전남,34.7477374290464,127.74419737659,"갈치조림정식, 갓고등어조림정식",전남 여수시 동문로 129,061-664-0786,08:00 - 21:00,없음,있음
517669,피어하우스,전남,34.7461068853288,127.672720515303,"에스프레소, 아메리카노",전남 여수시 예울마루로 35-43,0507-1438-7279,12:00 - 19:00/22:00/23:00,매주 월요일,있음
517670,아그집쭈꾸미볶음전문점 여수본점,전남,34.7615624065725,127.635924279351,"쭈꾸미볶음, 왕새우튀김",전남 여수시 소라면 죽림중앙로 8,0507-1389-3811,11:00 - 21:00,,있음
517671,거북선어,전남,34.7379994383526,127.738175736571,"모듬회, 전복버터구이",전남 여수시 이순신광장로 130-1,0507-1409-4118,16:00 - 22:30,,없음
517672,자매식당,전남,34.725237433152,127.712813695001,"통장어탕, 소금구이",전남 여수시 어항단지로 21,061-641-3992,07:00 - 20:30,없음,있음
517673,여수대표짬뽕,전남,34.7755203617876,127.651205352316,"탕수육정식, 레몬크림새우",전남 여수시 무선8길 17,061-692-1335,10:30 - 20:30,매주 월요일,있음
517674,거북선상회 여수점,전남,34.7410484700682,127.739265452817,"돌문어갓삼합, 한우육회",전남 여수시 동문로 38,0504-2015-4676,12:00 - 23:50,없음,있음
517675,등가게장,전남,34.7327552007985,127.71993888634,"갈치조림, 게장정식",전남 여수시 봉산남4길 12,0507-1420-0332,09:00 - 20:30,없음,있음
517676,군산횟집,전남,,,"붕장어 샤브샤브 세트, 하모샤브샤브세트",전남 여수시 국포1로 51,061-644-2740,10:00 - 22:00,없음,있음
517677,강남집,전남,34.7635931518857,127.666845556532,"모듬순두부찌개, 전복새우장",전남 여수시 학동6길 1,010-2614-5123,11:00 - 21:00,매주 일요일,있음
517678,너랑,전남,34.6627575031907,127.634319037647,"아메리카노, 카페라떼",전남 여수시 화양면 굴개길 81-1,010-3330-3156,10:30 - 19:00,"매주 토요일, 일요일",있음
517679,컨트리맨즈 여수웅천점,전남,34.7465439553447,127.670009552718,"시카고피자, 컨트리맨즈 파스타",전남 여수시 예울마루로 37-26,0507-1495-6544,11:30 - 21:30,매주 월요일,있음
517680,진복식당,전남,34.7403615199467,127.736527353702,"보리밥정식, 게장정식",전남 여수시 중앙1길 5,0507-1399-7556,08:00 - 21:00,매주 수요일,있음
517681,카페보우,전남,34.7397090953075,127.73828321245,"보우떡볶이, 보우토스트",전남 여수시 고소3길 24-1,0507-1322-6419,10:00 - 19:00/21:00/22:00,매주 수요일,있음
517682,쿠우쿠우 여수점,전남,34.7465439553447,127.670009552718,"모듬초밥, 아메리카노",전남 여수시 예울마루로 37-26,061-682-6274,11:00 - 21:30,,있음
517683,어부사시사,전남,34.7511898439604,127.711025171051,"모듬회, 매운탕",전남 여수시 여서동7길 15-2,061-652-0003,11:30 - 22:00,없음,있음
517684,구백식당,전남,34.7387488001192,127.732047330118,"서대회, 아구찜",전남 여수시 여객선터미널길 18,061-662-0900,07:00 - 15:00/18:00,"둘째, 넷째 화요일",있음
517685,유람선회센터 새조개 하모샤브샤브,전남,34.7299059915209,127.737370064218,"자연산 돌돔, 갯장어 샤브샤브",전남 여수시 돌산읍 돌산로 3617-19,0507-1400-5766,11:00 - 22:30,없음,있음
517686,덕충식당,전남,34.7468001047787,127.744235818224,"아구찜, 서대회",전남 여수시 공화남3길 9,061-664-7838,,,있음
517687,여수 학동커피,전남,34.7614804260848,127.659386546852,"서리태커피, 아인슈페너",전남 여수시 도원로 257-5,061-686-2006,12:00 - 22:00,없음,있음
517688,한사발의꿈,전남,34.7393570205411,127.735211813136,"가오리찜, 골뱅이 황태포 무침",전남 여수시 이순신광장로 71-1,0507-1359-3875,15:00 - 23:30/24:00,"둘째, 넷째 수요일",있음
517689,지노한우,전남,34.7571634055618,127.657360834842,"한우 특 생갈빗살모듬, 한우양념 생갈빗살모듬",전남 여수시 시청서3길 25-2,0507-1368-9285,11:00 - 22:00,없음,있음
517690,우정통닭,전남,34.7541492327693,127.692566391929,"후라이드통닭, 산오징어",전남 여수시 여문2로 69,061-652-5959,15:00 - 01:30,셋째 일요일,있음
517692,골목포차,전남,34.7622945288498,127.668223044045,"산낙지 탕탕이, 산오징어볶음",전남 여수시 흥국로 54,010-2310-1667,17:00 - 02:00,매주 일요일,있음
517693,달빛옥상,전남,34.7603264166782,127.666957345868,"후라이드치킨, 광어회",전남 여수시 거북선공원2길 8-1,0507-1312-4129,18:00 - 02:00/05:00,,없음
517694,여수돌문어타코,전남,34.7386138373554,127.744040763035,"매운 타코야끼, 달달 타코야끼",전남 여수시 이순신광장로 191-3,0507-1345-9564,11:00/12:00 - 23:00,매주 화요일,있음
517695,짱조아마차,전남,34.7524651556268,127.744034031397,"모듬선어, 삼치회",전남 여수시 박람회길 36,0507-1320-9879,14:00 - 23:00,매주 월요일,있음
517696,카페 라온피네,전남,34.6442420797573,127.614763154706,"발로나 카페모카, 샷그린티라떼",전남 여수시 화양면 장수로 143,0507-1363-2337,11:00 - 19:00,매주 화요일,있음
517697,상무초밥 여수낭만포차거리점,전남,34.7385182374854,127.744388561603,"진심초밥세트, 연어초밥",전남 여수시 이순신광장로 196,0507-1365-7339,11:00 - 22:00,없음,있음
517698,스타벅스 여수해양공원점,전남,34.7383404694239,127.744228418302,"블랙 글레이즈드 라떼, 할로윈 매직 유스베리 티",전남 여수시 이순신광장로 192,1522-3232,09:00 - 21:00,,있음
517699,바바나 비치,전남,34.6571603662439,127.731100296852,"자몽에이드, 아메리카노",전남 여수시 돌산읍 평사로 383,0507-1312-4440,10:00 - 20:00,없음,있음
517700,옛날그집,전남,34.7405573774581,127.734186062793,"게장백반한상차림, 생선구이",전남 여수시 통제영3길 6,0507-1450-0146,09:00 - 21:00,없음,있음
517701,율촌우리식당 본점,전남,34.884539324158,127.577615230101,"왕갈비탕, 생고기김치찌개",전남 여수시 율촌면 율촌로 113,0507-1406-8281,11:00 - 21:00,매주 월요일,있음
517702,내조국국밥 웅천점,전남,34.7472807013298,127.676769010272,"모듬국밥, 얼큰해장국",전남 여수시 웅천중앙로 96,061-692-5251,07:00 - 22:00,,있음
517703,봄177,전남,34.7376608177524,127.743121116714,"수제리코타치즈샐러드, 한우불고기머쉬룸파니니",전남 여수시 이순신광장로 177-1,0507-1402-3408,10:00 - 21:00,매주 화요일,있음
517704,보물섬,전남,,,"해물전복물회, 전복비빔밥",전남 여수시 하멜로 49,061-921-8635,11:00 - 20:00,매주 월요일,있음
517705,송백,전남,34.7512929471228,127.708259198111,"갈치사시미, 민어사시미",전남 여수시 여서동2길 15,061-651-6146,16:00 - 22:00,"둘째, 넷째 화요일",있음
517706,비하이브,전남,34.742773610032,127.672310638202,"비하이브 라떼, 초당옥수수 빙수",전남 여수시 웅천남4로 17,0507-1346-6720,12:00 - 19:00/21:00,매주 목요일,있음
517707,준스시,전남,34.7768559282473,127.646747506857,"광어초밥, 연어초밥",전남 여수시 성산로 92-1,061-691-1472,11:30 - 21:00,"매주 토요일, 일요일",있음
517708,언덕에바람,전남,34.594858488572,127.755359167337,"잉글리쉬 블랙퍼스트, 아쌈",전남 여수시 돌산읍 돌산로 717,061-643-6338,10:00 - 19:00,매주 화요일,있음
517709,그 해 남산동65번지,전남,34.7318747427596,127.731973280795,"65번지 샐러드, 토마토햄치즈 그릴샌드위치",전남 여수시 남산남2길 20,010-7758-6900,10:00 - 16:00/17:00,매주 월요일,있음
517710,동네방네,전남,34.7580289011696,127.664704991722,"막회물회, 새우소금구이",전남 여수시 시청동3길 26,0507-1410-9669,16:00 - 02:00,없음,있음
517711,청해식당,전남,34.7388931397285,127.744312867415,"장어탕, 통장어구이",전남 여수시 이순신광장로 197,061-663-3226,11:00 - 21:00,없음,있음
517712,또오넛,전남,34.7705578155361,127.705061676429,"청포도요거트, 인절미도넛",전남 여수시 만성로 84,0507-1399-5683,12:00 - 19:00,없음,있음
517713,여수낭만포차32번 낭만도시,전남,34.736456319826,127.750202397262,"돌문어묵은지해물삼합, 여수식딱새우회",전남 여수시 여수시민로 6,0507-1320-5270,16:00 - 01:00,없음,있음
517714,비스토니커피,전남,34.6278752362213,127.721201437755,"아메리카노, 카페라떼",전남 여수시 돌산읍 돌산로 1411,0507-1459-1411,09:00 - 18:00/20:00,없음,있음
517715,엑스포해물예찬,전남,34.7330816824467,127.742625798176,"해물삼합, 해물전골",전남 여수시 돌산읍 진두해안길 68,061-641-1185,09:30 - 21:00,없음,있음
517716,코코야,전남,34.7595817409361,127.664143038178,"스지미소나베, 모듬사시미",전남 여수시 시청동1길 11-1,0507-1489-0512,11:30/17:30 - 24:00,매주 일요일,없음
517717,양와당,전남,34.7612338007273,127.651702180951,"팥양갱, 팥빙수",전남 여수시 도원로 185-1,061-682-9567,11:30 - 22:00,없음,있음
517718,죠지스시,전남,34.7756432346401,127.649954825421,"간장새우초밥, 장어초밥",전남 여수시 무선6길 43,0507-1329-6179,11:00 - 21:00,매주 일요일,있음
517719,대풍마차,전남,34.7458208207652,127.652534564089,"도다리, 매운탕",전남 여수시 소호4길 10-1,061-681-7295,10:00 - 22:00,,있음
517720,더계동,전남,34.6620446594136,127.793492645501,"수제달고나라떼, 생자몽에이드",전남 여수시 돌산읍 계동해안길 74,0507-1388-2803,10:00 - 19:30,"둘째, 넷째 수요일",있음
517721,앤드로이,전남,34.7160363174171,127.752399893254,"브라운치즈크로플, 크림리조또",전남 여수시 돌산읍 강남10길 45,0507-1320-0222,10:00 - 18:00/19:00,매주 화요일,있음
517722,쫑포 피자수퍼,전남,34.7373555129191,127.742071775921,"고마 새우 피자, 미트살라미 피자",전남 여수시 이순신광장로 167,061-666-3243,12:00 - 22:00,없음,있음
517723,구오,전남,34.7593014465835,127.666132342866,"생조개술찜, 마제소바",전남 여수시 시청동4길 6,0507-1311-6429,17:00 - 02:00,매주 월요일,없음
517724,골목집,전남,34.7321297937055,127.720932401146,"게장백반정식, 갈치조림정식",전남 여수시 어항로 23-1,0507-1410-5746,10:00 - 21:00,없음,없음
517725,여수달빛포차,전남,34.7189256193283,127.745618026498,"해물 삼합, 선어회",전남 여수시 돌산읍 강남해안로 76-1,061-644-7756,17:00 - 24:00,없음,있음
517726,가치커피,전남,34.7532318199539,127.655663620875,"달콤한크림커피, 블랙커피",전남 여수시 장성3길 20,0507-1445-7022,12:00 - 21:00,매주 월요일,있음
517727,돌산용궁횟집 하모샤브샤브 물회,전남,34.7156864901281,127.752355242489,"모듬회, 하모샤브샤브",전남 여수시 돌산읍 강남10길 49,061-644-9219,09:00 - 22:00,없음,있음
517728,남해생선구이,전남,34.7584434563706,127.670835480298,"갈치모듬구이, 조기매운탕",전남 여수시 망마로 75,061-692-3399,10:00 - 15:30,없음,있음
517729,설성식당,전남,34.7128597924046,126.817074047444,"연탄불고기, 홍어",전남 강진군 병영면 병영성로 92,061-433-1282,11:00 - 19:00,매주 월요일,있음
517730,예향,전남,34.6384320379944,126.77210614094,"떡갈비, 한정식",전남 강진군 강진읍 보은로3길 11-1,061-433-5777,11:00 - 22:00,매주 월요일,있음
517731,백운차실,전남,34.7423901076186,126.709926186137,"월산떡차, 레몬홍차",전남 강진군 성전면 백운로 107,0507-1345-4995,10:00-18:30,매주 화요일,있음
517732,다강한정식,전남,34.6420457361136,126.777194953849,"떡갈비, 간장게장",전남 강진군 강진읍 중앙로 193,061-433-3737,11:30 - 20:50,매주 월요일,있음
517733,벙커,전남,34.4538278593938,126.807713729233,"아메리카노, 카페라떼",전남 강진군 마량면 까막섬로 73,0507-1356-6556,10:00/10:30 - 20:00/21:00,매주 월요일,있음
517734,가출,전남,34.5363624113203,126.790236968399,"아메리카노, 카페라떼",전남 강진군 대구면 중저길 15-20,0507-1373-3510,09:30 - 21:00,없음,있음
517735,병영서가네,전남,34.7111576923193,126.816095893319,"가마솥연탄불고기백반, 한방갈비탕",전남 강진군 병영면 병영성로 73,061-434-0892,10:00-20:00,매주 화요일,있음
517737,이화김밥,전남,34.6402814688082,126.770401479066,"이화김밥, 돈까스김밥",전남 강진군 강진읍 중앙로 128,0507-1467-6263,07:00 - 21:00,,있음
517738,그리너,전남,34.6400434412297,126.763349289854,"나폴리탄 파스타, 차돌박이 오일 파스타",전남 강진군 강진읍 서문길 29-9,0507-1358-1480,10:00 - 22:00,없음,있음
517739,초당가는길,전남,34.5756983205264,126.747837097911,"더덕주스, 에스프레소",전남 강진군 도암면 다산초당길 25-6,0507-1461-8523,09:00 - 20:00,없음,있음
517740,가우도국밥,전남,34.6106368704934,126.789779071248,"소고기전, 도가니탕",전남 강진군 칠량면 청자로2길 90,061-433-9244,07:30 - 20:00,매주 화요일,있음
517741,조선제일국밥,전남,34.6397359519757,126.772438173423,"순대국밥, 머리국밥",전남 강진군 강진읍 보은로4길 24,061-434-4567,08:00/11:00 - 15:00/20:00,매주 일요일,있음
517742,명동식당,전남,,,"백반, 육회",전남 강진군 강진읍 서성안길 5,061-433-2147,11:00 - 22:00,없음,없음
517743,BHC치킨 전남강진점,전남,34.6401626633365,126.769304695587,"치퐁당 후라이드, 골드킹 콤보",전남 강진군 강진읍 남문길 2,0507-1406-1788,12:00 - 24:00,없음,있음
517744,짜장꽃,전남,34.6385882880849,126.763924054049,"짜장면, 짬뽕",전남 강진군 강진읍 탐진로 65,061-434-1600,11:00 - 23:00,매주 화요일,없음
517745,림스카페,전남,34.6029978760398,126.736006623946,"아메리카노, 요거트스무디",전남 강진군 강진읍 해강로 1038-7,061-432-2264,11:00/12:00 - 18:00/19:00,매주 월요일,있음
517746,카페 월평리,전남,34.6916223725261,126.708548239223,"아메리카노, 카페라떼",전남 강진군 성전면 예향로 2-1,0507-1432-9078,09:00 - 21:00,"첫째, 셋째 월요일",있음
517747,김가네손칼국수,전남,34.6416058235371,126.769619509177,"바지락칼국수, 수제비",전남 강진군 강진읍 보은로3길 54,061-434-5855,11:00 - 20:00,없음,없음
517748,차이나루,전남,34.6398634390532,126.768951164857,"탕수육, 쟁반짜장",전남 강진군 강진읍 중앙로 113,061-432-4977,11:00 - 20:00,매주 월요일,있음
517749|517947,청자골식당,전남,34.5973437630503,126.734214159898,"한방오리백숙, 오리버섯전골",전남 강진군 강진읍 해강로 974,061-433-7403,11:00 - 20:00,없음,있음
517750,엄마손김밥,전남,34.6374409026853,126.761863486926,"떡볶이, 김밥",전남 강진군 강진읍 고성길 3,061-433-1415,08:30 - 14:00/19:00,매주 일요일,없음
517751,신흥식당,전남,34.6891642781324,126.713760142522,"짜장, 짬뽕",전남 강진군 성전면 시천길 45,061-432-5252,11:00 - 21:00,매주 일요일,없음
517753,본죽&비빔밥cafe 전남강진점,전남,34.6375649890887,126.769394450124,"전복죽, 낙지김치죽",전남 강진군 강진읍 영랑로 18-2,061-433-6288,08:00/09:00 - 20:00/21:00,매주 토요일,있음
517754,달초밥,전남,34.6399125096019,126.770879665207,"연어초밥, 광어초밥",전남 강진군 강진읍 영랑로4길 28-1,061-432-2347,12:00 - 23:00,매주 일요일,없음
517755,금보석,전남,34.6430328880505,126.782028756461,"짬뽕, 볶음밥",전남 강진군 군동면 진흥로 11,061-433-7771,11:00 - 21:00,없음,있음
517756,하나의정원,전남,34.742254065095,126.713881609248,"하나스튜정식, 연잎 밥",전남 강진군 성전면 월남3길 83,0507-1416-1539,11:00 - 21:00,"매주 월요일, 화요일, 수요일",있음
517757,강진식당,전남,,,백반,전남 강진군 강진읍 보은로1길 6,061-434-1117,,,없음
517758,강진한식뷔페,전남,34.6405631172995,126.766906269558,"소고기백반, 돼지불고기백반",전남 강진군 강진읍 영랑로 58,061-433-2750,11:30 - 15:00,매주 일요일,있음
517759,롯데리아 강진점,전남,34.63799296945,126.767153620951,"한우 트러플머쉬룸, 한우불고기버거",전남 강진군 강진읍 중앙로 88,061-432-1174,10:00 - 21:00,,있음
517760,옛날팥죽,전남,34.7142495868904,126.70954797331,"팥 칼국수, 바지락칼국수",전남 강진군 성전면 신풍길 39-22,061-433-6622,10:00 - 20:00,없음,있음
517761,BBQ치킨 전남강진점,전남,34.6398010997326,126.769973732908,"황금올리브치킨, 오리지날 양념치킨",전남 강진군 강진읍 보은로2길 36,0504-3142-1330,14:00 - 24:00,없음,있음
517762,구수리카페,전남,34.467822157646,126.793569276999,"아메리카노, 카페라떼",전남 강진군 대구면 까막섬로 416-6,0507-1330-9043,10:00 - 18:00,매주 화요일,있음
517763,족발야시장 전남강진점,전남,34.6382933213412,126.769380218895,"족마호크, 오리지널족발, 보쌈",전남 강진군 강진읍 보은로1길 25,061-433-4969,16:00 - 01:00,없음,없음
517765,해오름식당,전남,34.6409096193493,126.769987468646,"김치전, 깻잎전",전남 강진군 강진읍 보은로3길 45-4,061-434-7117,15:00 -01:00,없음,있음
517766,멕시카나치킨 강진성전점,전남,,,"마늘알마니치킨, 모두의마요치킨",전남 강진군 성전면 별뫼로 373,061-433-1712,14:00 - 22:00,없음,없음
517767,홍춘이보리밥,전남,34.6405399825526,126.771207543244,"보리밥, 손칼국수",전남 강진군 강진읍 보은로4길 37,061-434-3301,11:30 - 19:30,"둘째, 넷째 일요일",있음
517768,나루,전남,34.6388821340551,126.770716609654,"치킨샐러드, 생우럭구이",전남 강진군 강진읍 보은로2길 24,0507-1330-1765,,,있음
517769,보현통닭,전남,34.6391007589354,126.770778939175,"강진닭강정, 먹태",전남 강진군 강진읍 영랑로3길 24,061-432-3609,,,없음
517770,저두맛집,전남,34.6392446122973,126.772021027745,"바지락초무침, 생오리주물럭",전남 강진군 강진읍 보은로3길 20,061-433-7114,,,있음
517771,임실49피자 전남강진점,전남,34.6388266567358,126.763009625121,"치즈크러스트 피자, 쉬림프골드피자",전남 강진군 강진읍 서성리 87-5,061-433-4947,09:00 - 23:00,없음,있음
517772,맘스터치 강진점,전남,34.638208578863,126.769233215674,"꿀간장누룽지싸이순살, 마늘톡겨자싸이순살",전남 강진군 강진읍 영랑로3길 6-1,061-433-9979,11:30 - 21:00,매주 일요일,있음
517774,동명카츠 강진점,전남,34.6381045988017,126.762310173752,"등심돈카츠, 안심돈카츠",전남 강진군 강진읍 탐진로 51,061-433-6267,11:00 - 20:00,매주 일요일,없음
517775,우정횟집,전남,34.4726762227833,126.748380108554,"전어무침, 전어회",전남 강진군 신전면 운주로 599,061-432-4547,11:00 - 20:00,없음,있음
517776,국수나무 전남강진점,전남,34.6394267245948,126.768254567753,"생면국수, 치즈돈까스",전남 강진군 강진읍 중앙로 105,061-434-0101,11:30 - 21:00,없음,없음
517777,진선미식당,전남,34.6910431946468,126.709449206945,"생삼겹살, 생삼겹주물럭",전남 강진군 성전면 송계로 898,061-432-2744,08:00 - 21:00,매주 토요일,있음
517778,무지개식당,전남,34.6389773760754,126.76950004305,"오리소금구이, 오리주물럭",전남 강진군 강진읍 영랑로4길 12-2,061-433-9990,,,있음
517779,장수통닭,전남,,,"후라이드, 깐풍치킨",전남 강진군 성전면 송계로 888,061-434-7070,09:00 - 22:00,없음,없음
517780,강진장어촌,전남,34.6427552996599,126.782765930353,"장어구이, 한방어죽장어탕",전남 강진군 군동면 진흥로 15,0507-1389-4950,11:00 - 21:00,"첫째, 셋째 월요일",있음
517781,역전할머니맥주 전남강진점,전남,34.6386559686149,126.769380305708,"치즈라볶이, 짜빠구리",전남 강진군 강진읍 영랑로3길 9,0507-1486-1982,18:00 - 23:50/24:00/01:00,,없음
517782,미고,전남,34.6440303840151,126.772148524727,"플레인요거트스무디, 아메리카노",전남 강진군 강진읍 탐진로 164,010-6209-1634,09:00 - 22:00,매주 일요일,있음
517784,이디야커피 강진점,전남,34.6363829927086,126.769471229809,"아메리카노, 카페라떼",전남 강진군 강진읍 영랑로 5,061-432-5775,09:00/10:00 - 24:00,없음,있음
517785,매자리식당,전남,34.5485572297508,126.801072410428,"민물 장어구이, 민물 장어탕",전남 강진군 칠량면 청자로 1157,061-433-7035,09:00 - 20:40,"둘째, 넷째 월요일",있음
517786,다올우리콩두부사랑,전남,34.639145158068,126.773555426022,"두부 전골, 맑은순두부찌개",전남 강진군 강진읍 오감길 2,0507-1404-1379,11:00 - 21:00,매주 일요일,있음
517787,금강산식당,전남,,,"돼지갈비, 생삽겹",전남 강진군 강진읍 영랑로4길 21,061-434-8833,09:00 - 21:00,없음,없음
517788,녹향월촌한우명품관,전남,34.7414630038037,126.708907857139,"생고기, 육회",전남 강진군 성전면 백운로 95-5,061-433-3118,09:00 - 21:00,없음,있음
517789,등뼈가 전남강진점,전남,34.6382443628907,126.769804072251,"해장국, 감자탕",전남 강진군 강진읍 보은로1길 22,061-434-9991,,,있음
517790,우리수산회센타,전남,34.635877406935,126.764298510461,"우렁탕, 장어탕",전남 강진군 강진읍 삼일로 30,061-433-4340,,,있음
517791,Cafe. jpg,전남,34.6454177560725,126.772811829056,"아메리카노, 카페라떼",전남 강진군 강진읍 사의재길 53-1,061-432-0005,10:00 - 22:00,없음,있음
517792,코코모,전남,34.6391051143523,126.764641226695,"수제등심돈까스, 명란 크림파스타",전남 강진군 강진읍 탐진로 73,061-433-1111,11:30 - 21:00,매주 일요일,있음
517793,카페청,전남,34.6447032203899,126.770565226922,"아메리카노, 딸기듬뿍라떼",전남 강진군 강진읍 사의재길 31-8,061-434-8500,,,있음
517794,다현식당,전남,34.6399100971392,126.767367269821,"우럭탕, 갈치찜",전남 강진군 강진읍 영랑로 50,061-434-1200,11:00 - 20:00,,있음
517795,"꽃달, 그랏쎄",전남,34.6424037402821,126.768744956406,"아메리카, 카페라떼",전남 강진군 강진읍 탐진로 127,0507-1464-8206,09:00 - 01:00,없음,있음
517796,거목마루,전남,34.659003077684,126.723780141815,"닭곰탕, 해물파전",전남 강진군 성전면 도림로 34,061-434-8088,11:00 - 20:00,매주 일요일,있음
517797,대덕닭집,전남,34.6404708280435,126.77172896914,"간장치킨, 파닭치킨",전남 강진군 강진읍 시장길 6-7,061-434-4784,,,있음
517798,우아민물나라,전남,34.7288777113704,126.722602693907,"추어탕, 메기탕",전남 강진군 성전면 사문로 95,061-432-5777,,,있음
517799,으뜸식당,전남,34.639145158068,126.773555426022,"아귀찜, 해물찜",전남 강진군 강진읍 오감길 2,061-432-2011,,,있음
517800,라온테이블,전남,34.6398433185407,126.773603699263,"비빔막국수, 어른김밥",전남 강진군 강진읍 시장길 19 41호,010-4093-8032,10:00 - 15:00,매주 일요일,있음
517801,교촌치킨 강진점,전남,34.6384921903073,126.7691962204,"블랙시크릿콤보, 레블반반오리지날",전남 강진군 강진읍 영랑로3길 7,061-434-8599,12:00 - 24:00,없음,있음
517802,제주예일갈비,전남,34.7123519840692,126.812308808378,"제주 양념갈비, 생갈비",전남 강진군 병영면 장강로 1000,061-434-0007,11:00 - 21:00,"첫째, 셋째 수요일",있음
517803,남문식당,전남,34.6413834693943,126.767923552892,"떡갈비, 갈비찜",전남 강진군 강진읍 남문길 21-1,061-434-1012,11:30 - 19:00,없음,없음
517804,메리베리,전남,34.6402814688082,126.770401479066,"스콘, 휘낭시에",전남 강진군 강진읍 중앙로 128-2,061-433-0245,11:00 - 20:00,없음,없음
517805,청자다방 강진점,전남,34.6380318748484,126.768033228867,"스페셜티 블랜드 커피, 리얼군고구마라떼",전남 강진군 강진읍 평동2길 30,061-434-1020,09:00 - 22:00,없음,있음
517806,원정흑염소,전남,34.6966306107609,126.707462405708,"흑염소탕, 흑염소 수육",전남 강진군 성전면 예향로 59-10,061-434-1001,11:00 - 20:30,"둘째, 넷째 월요일",있음
517807,명랑핫도그 강진점,전남,34.639301555249,126.768085862923,"트위스트 팩, 마라로제 떡볶이",전남 강진군 강진읍 중앙로 103,061-434-3600,11:00 - 20:30,없음,있음
517808,병영북카페,전남,34.7184931392523,126.814324520883,"아메리카노, 대추빙수",전남 강진군 병영면 홍교로 586,0507-1498-9098,09:00 - 21:00,매주 일요일,있음
517809,탐진대중음식점,전남,34.6386989630474,126.774390445963,"돼지머리고기, 돼지족발",전남 강진군 강진읍 보은로 149,061-434-5634,,,없음
517810,은행나무,전남,34.639908961011,126.771006083924,"한정식, 회춘탕",전남 강진군 강진읍 영랑로4길 30,061-433-2366,11:30 - 20:00,없음,있음
517811,대성숯불갈비,전남,34.6361972081189,126.763631998064,"제육볶음, 애호박찌개",전남 강진군 강진읍 삼일로 38,061-433-8526,,"둘째, 넷째 일요일",있음
517812,하나로식당,전남,34.6398979162067,126.771172987174,"회춘탕, 갈치찜",전남 강진군 강진읍 보은로3길 29,061-434-0078,07:00/09:00 - 21:00,,없음
517813,강진착한한우명품관,전남,34.6440287318242,126.780137011669,"착한 갈비탕, 육회비빔냉면",전남 강진군 강진읍 종합운동장길 50-10,0507-1405-6572,11:00 - 22:00,매주 일요일,없음
517814,25시해장국,전남,34.6380829582763,126.769063531492,"뼈해장국, 콩나물해장국",전남 강진군 강진읍 영랑로3길 4,061-434-6677,00:00 - 24:00,없음,없음
517815,네네치킨 강진점,전남,,,"코찡마요치킨, 후라이드치킨",전남 강진군 강진읍 탐진로 60,0507-1356-4492,16:00 - 24:00,없음,없음
517816,강남회관,전남,34.6386520318101,126.770542956058,"삼겹살, 생목살",전남 강진군 강진읍 보은로2길 23,061-433-1088,11:00 - 22:00,없음,없음
517817,카페 헤일로,전남,34.4504985223034,126.815996835656,"아메리카노, 카페라떼",전남 강진군 마량면 미항로 123,061-434-3479,10:00 - 22:00,없음,있음
517818,강진행복푸드,전남,34.6411267887965,126.770186137825,"강진책빵, 아메리카노",전남 강진군 강진읍 보은로3길 48,061-433-0369,09:00/13:00 - 19:00,,있음
517819,영랑살롱,전남,34.6371911271359,126.762146784826,"수제 소세지, 반건조 노가리",전남 강진군 강진읍 삼일로 54-1,0507-1358-3040,18:00 - 24:00,"매주 토요일, 일요일",있음
517820,9월의봄,전남,34.6413325585519,126.767460914457,"자몽쥬스, 치즈케이크",전남 강진군 강진읍 탐진로 112-4,0507-1416-7947,10:30 - 22:00,"매주 토요일, 일요일",있음
517822,메가MGC커피 강진터미널점,전남,34.6388580105255,126.767591829456,"아메리카노, 연유라떼",전남 강진군 강진읍 중앙로 97,061-433-1485,08:00 - 22:00,없음,있음
517823,독도수산,전남,34.5127396058533,126.722447219179,"낙지 연포탕, 낙지 복음",전남 강진군 신전면 백도로 1530,061-434-1875,09:00 - 21:00,없음,있음
517824,달롱작,전남,34.6420024172926,126.784746096986,"마들렌, 마카롱",전남 강진군 군동면 백금포길 7,0507-1389-6799,10:00 - 19:00,매주 일요일,없음
517825,거목촌식당,전남,34.6391504130298,126.767437993802,"삼겹살, 돼지고기주물럭",전남 강진군 강진읍 서성안길 4,061-434-2106,,,없음
517826,둥지식당,전남,34.6413434221397,126.770148238551,"육회, 떡갈비",전남 강진군 강진읍 보은로3길 48-3,061-433-2080,11:00 - 19:00,없음,있음
517827,원앤식스,전남,34.639301555249,126.768085862923,"아메리카노, 카페라떼",전남 강진군 강진읍 중앙로 103,061-433-1060,,,없음
517828,한촌설렁탕 전남강진점,전남,34.6385586599834,126.763706334249,"얼큰설렁탕, 누룽지 반마리 삼계탕",전남 강진군 강진읍 탐진로 63,061-434-8400,10:00 - 21:00,없음,있음
517829,뽕잎팥죽,전남,34.6381151635918,126.766755083483,"새알동지죽, 팥칼국수",전남 강진군 강진읍 중앙로 85-1,061-434-3056,10:00 - 19:00,매주 일요일,없음
517830,뚜레쥬르 전남강진점,전남,34.6390381814222,126.768146582438,"사르르팥절미쉐이크, 사르르딸기쉐이크",전남 강진군 강진읍 중앙로 102,061-433-5870,07:00-22:30,없음,있음
517831,족장의 하루,전남,34.4496954996102,126.817803259529,"민물장어, 바다장어주물럭",전남 강진군 마량면 미항로 141-1,061-433-3084,10:00 - 22:00,없음,있음
517832,찬찬포차,전남,34.640532186333,126.770320950247,"암돼지오겹살, 대패삼겹살",전남 강진군 강진읍 중앙로 127-3,061-432-9656,,,없음
517833,오뚜기식당,전남,,,"아구탕, 오리탕",전남 강진군 강진읍 영랑로3길 10-1,061-433-6161,11:00 - 21:00,매주 일요일,없음
517835,푸라닭 전남강진점,전남,34.638881099193,126.770358221902,"바질페스타, 콘소메이징",전남 강진군 강진읍 영랑로3길 20,061-434-9206,12:00-23:30,없음,있음
517836,현우농장,전남,34.5032753819452,126.710498645459,"촌닭황칠한방백숙, 닭도리탕",전남 강진군 신전면 백도로 1385-13,061-434-8580,,,없음
517837,낭만지구,전남,34.6402593590469,126.771781137617,"건강차, 커피",전남 강진군 강진읍 보은로4길 32-1,010-9155-9039,15:00 - 23:00,"매주 월요일, 일요일",있음
517838,콩불 강진점,전남,34.6384848199115,126.768589073776,"콩불, 치즈콩불",전남 강진군 강진읍 영랑로 30,061-434-0953,,,없음
517839,남일곱창,전남,34.6396544040868,126.77255193485,"곱창전골, 한우소머리곰탕",전남 강진군 강진읍 보은로4길 22-1,061-433-2955,,,있음
517841,대화루,전남,34.6388791827396,126.766312100145,"옛날짜장면, 우동",전남 강진군 강진읍 서성안길 13-1,061-432-8280,11:30 - 24:00,매주 월요일,없음
517842,페리카나 강진점,전남,34.6391460436601,126.765064179042,"양념치킨, 후라이드",전남 강진군 강진읍 탐진로 76-1,061-433-8292,,,없음
517843,가우도수미식당,전남,34.527188953545,126.769372250568,"물회, 매운탕",전남 강진군 도암면 월곶로 448,061-432-0191,,,있음
517844,마실,전남,,,"황칠오리백숙, 회춘탕",전남 강진군 강진읍 구강포로 90,061-433-6272,10:00 - 22:00,없음,있음
517845,강진사랑김밥,전남,,,"참치김밥, 고추김밥",전남 강진군 강진읍 영랑로4길 25,061-434-5028,09:00 - 18:00/19:00,매주 일요일,없음
517846,오트릿,전남,34.641058649058,126.770525856871,"오트릿 밀크티, 오트크림 아인슈페너",전남 강진군 강진읍 보은로3길 42-5,070-8095-9995,11:00/12:30-22:00,,있음
517847,스마일명품찹쌀꽈배기 남성리점,전남,34.6400957454957,126.770051775161,"찹쌀 꽈배기, 찹쌀 찰 도너츠",전남 강진군 강진읍 중앙로 124,0507-1420-7444,10:00 - 20:00,없음,없음
517848,디저트39 강진점,전남,34.63799296945,126.767153620951,"오리지널 도쿄롤, 커스타드 크로칸 슈",전남 강진군 강진읍 중앙로 88,061-432-4505,,,있음
517849,석천한정식,전남,34.6923711659438,126.708916894631,"간장게장, 수육",전남 강진군 성전면 예향로 12-1,061-432-5050,,,없음
517851,장가네 한우곰탕,전남,34.6374592185222,126.769663585766,"한우 곰탕, 한우 육개장",전남 강진군 강진읍 영랑로1길 3,0507-1411-6190,11:00 - 20:00,매주 일요일,있음
517852,술판 boozeup,전남,34.6398689979381,126.770127875533,"튀김쥐포, 나쵸",전남 강진군 강진읍 영랑로4길 21,061-433-7953,16:00 - 23:59,매주 일요일,없음
517853,교촌식당,전남,,,"백반, 갈치조림",전남 강진군 강진읍 보은로4길 23-1,061-433-8177,06:00 - 20:00,없음,없음
517854,이바돔감자탕 강진점,전남,34.638438269601,126.763634583524,"남도묵은지감자탕, 치즈돈까스",전남 강진군 강진읍 탐진로 61,061-433-8535,10:00 - 22:00,,있음
517856,난타5000피자 강진점,전남,34.6382077626371,126.766955067631,"오븐구이치킨, 치즈오븐스파게티",전남 강진군 강진읍 중앙로 87,061-433-5092,12:00 - 21:30,"첫째, 셋째 월요일",있음
517857,계라리식당,전남,34.5795296766161,126.715659181948,"항아리 등갈비, 생태찌개",전남 강진군 도암면 해강로 685,010-9608-0180,10:00 - 21:00,없음,있음
517858,착한돼지식육식당,전남,34.6337804817447,126.780126320836,"황칠왕갈비탕, 담양식숯불구이",전남 강진군 강진읍 이학래길 1-4,061-432-9232,09:00 - 21:00,"첫째, 셋째 월요일",있음
517859,참숯골,전남,34.6340659609069,126.760130687375,"생오리숯불구이, 유황삼겹숯불구이",전남 강진군 강진읍 송계로 20,061-433-5240,,,있음
517860,양자강,전남,34.6915089508812,126.708237493726,"짜장면, 우동",전남 강진군 성전면 별뫼로 379,061-434-3730,10:00 - 19:00,없음,없음
517861,판자촌,전남,34.6410725221996,126.770233841519,"한우생고기, 한우육회",전남 강진군 강진읍 보은로3길 46-6,061-433-0599,,,없음
517862,신전떡볶이 강진점,전남,34.6392660241339,126.768600209973,"떡볶이, 모듬튀김",전남 강진군 강진읍 중앙로 108,061-433-0202,10:30 - 22:00,없음,없음
517863,두찜 전남강진점,전남,34.6374890220111,126.769454754701,"까만찜닭, 로제닭발",전남 강진군 강진읍 영랑로 18,0507-1426-2239,11:00 - 23:00,매주 월요일,있음
517864,배스킨라빈스 전남강진점,전남,34.6382651304928,126.768774004006,"더블샷 리얼칩 카푸치노 블라스트, 해피 베어 데이",전남 강진군 강진읍 영랑로 28,061-433-0031,10:00 - 23:00,없음,있음
517865,처갓집양념치킨 강진점,전남,,,"고추치킨, 슈프림골드치즈볼",전남 강진군 강진읍 영랑로3길 18,061-434-7722,,,있음
517866,청자골회타운,전남,34.4491221745213,126.820980489286,"장어 주물럭탕, 생선 매운탕",전남 강진군 마량면 미항로 173-1,061-432-5589,09:00 - 21:00,없음,있음
517867,귀빈횟집,전남,34.4496588437209,126.817886368381,"자연산 회, 우럭 회 정식",전남 강진군 마량면 미항로 143,061-432-2589,10:00 - 20:30/21:00,,있음
517868,숙이네국밥,전남,34.640718817775,126.771539165142,"수육 국밥, 오징어 콩나물 국밥",전남 강진군 강진읍 중앙로 138-3,061-432-1588,07:00 - 20:00,,없음
517869,석문정,전남,34.5579480331027,126.723825097185,"약오리, 토종닭백숙",전남 강진군 도암면 백도로 2059-7,061-434-6660,,,있음
517870,금두꺼비 강진본점,전남,34.639141457716,126.766619476614,"강진한우특갈비탕, 한우뚝배기 불고기",전남 강진군 강진읍 서성4길 11,061-433-7900,,"첫째, 셋째 일요일",있음
517871,김가네김밥 강진점,전남,34.6398634390532,126.768951164857,"김가네김밥, 돈까스롤",전남 강진군 강진읍 중앙로 113,061-432-5955,,,없음
517872,휴다움카페,전남,34.7116733979562,126.816754414768,"아메리카노, 헤이즐넛라떼",전남 강진군 병영면 병영성로 80,061-433-8272,09:00 - 21:00,매주 화요일,있음
517873,파스쿠찌 강진군청점,전남,34.6412275905326,126.766495837938,"콜드브루 아메리카노, 콜드브루 라떼",전남 강진군 강진읍 탐진로 103,061-432-8497,08:00 - 23:00,없음,있음
517874,우성식당,전남,,,"목살, 삼겹살",전남 강진군 강진읍 남문길 2,061-434-4389,,,있음
517875,전주콩나물국밥유명한집,전남,34.642812082065,126.769550403269,"콩나물국밥, 김치찌개",전남 강진군 강진읍 탐진로 135,061-432-3236,,,있음
517876,사천성,전남,34.639008432376,126.769572595136,"짜장면, 우동",전남 강진군 강진읍 영랑로4길 14,061-432-6070,11:00-16:00,"매주 토요일, 일요일",있음
517877,해송해물칼국수,전남,34.450011763953,126.817099487225,"해물칼국수, 해물찜",전남 강진군 마량면 미항로 135,061-432-3376,,,있음
517878,이어도회센터,전남,34.4493180856428,126.822666548725,"자연산 제철 모듬회, 스페셜 물회",전남 강진군 마량면 미항로 185-2,0507-1329-8998,11:00 - 21:30,"둘째, 넷째 화요일",있음
517879,성화야식,전남,34.6378934218912,126.768654082955,"김치찜, 오삼불고기",전남 강진군 강진읍 영랑로 25-3,061-434-8285,,,있음
517880,한양곱창,전남,34.639133857231,126.77083523536,"돼지 모둠구이, 돼지 곱창전골",전남 강진군 강진읍 영랑로3길 24-1,061-434-7675,,,없음
517881,가우도수산,전남,34.5275220587209,126.771878465108,"우럭탕, 연포탕",전남 강진군 도암면 월곶로 476,061-434-6002,,,있음
517882,벚꽃가든,전남,34.6623701345571,126.778517802706,"토종닭백숙, 도토리묵",전남 강진군 군동면 까치내로 235,061-434-6355,10:00 - 21:00,없음,있음
517883,카페라임,전남,34.6339428223247,126.765928968387,"베이글과 크림치즈, 오트밀쵸코쿠키",전남 강진군 강진읍 보은로 55,061-434-9139,08:30 - 22:30,매주 일요일,있음
517884,월오황토가,전남,34.7431372584064,126.713529771238,"한방약오리탕, 오골계백숙",전남 강진군 성전면 월남3길 96,061-434-6878,09:00 - 21:00,,없음
517885,다산기사식당,전남,34.5167369025909,126.721136562445,"백반, 아구찜",전남 강진군 신전면 백도로 1575,061-433-3383,09:00 - 21:00,없음,있음
517886,찐분식,전남,34.6384386833333,126.767129798749,"참치김밥, 떡볶이",전남 강진군 강진읍 서성4길 1,061-433-6265,06:00 - 21:00,없음,없음
517887,강진골국밥,전남,34.639017958491,126.772631000275,"모듬국밥, 살코기국밥",전남 강진군 강진읍 영랑로1길 36,0507-1337-2396,07:00 - 20:00,"첫째, 셋째 금요일",없음
517888,카페179,전남,34.4491210276373,126.821490851809,"아메리카노, 생강차",전남 강진군 마량면 미항로 179,0507-1302-3106,10:00 - 19:00,"첫째, 셋째 화요일",있음
517889,원더풀찹쌀꽈배기 강진점,전남,34.6386918509529,126.769955854967,"꽈배기, 씨앗팥도너츠",전남 강진군 강진읍 영랑로3길 14,061-433-7174,09:30 - 20:00,없음,없음
517890,보은식당,전남,34.6392437577553,126.767556833722,"삼겹살, 백반",전남 강진군 강진읍 영랑로 43,061-432-8789,06:00 - 19:00,없음,있음
517891,가장맛있는족발 강진점,전남,34.6378431805791,126.76916082731,"해물부추전, 모듬오뎅탕",전남 강진군 강진읍 영랑로 22,061-433-5892,15:00 - 22:30,없음,없음
517893,울타리식당,전남,,,"닭곰탕, 황태찜",전남 강진군 강진읍 보은로 99,061-433-8551,,,없음
517894,히트피자 강진점,전남,34.6340959586903,126.766154836972,"콤비네이션피자, 불고기피자",전남 강진군 강진읍 삼일로 2,061-434-6111,,,없음
517895,유림수산횟집,전남,34.4503641525897,126.816322176812,"장어주물럭, 장어탕",전남 강진군 마량면 미항로 127 유림수산횟집,061-434-2666,10:00 - 22:00,없음,있음
517896,김태연국민동태탕,전남,34.6402672464336,126.769218242473,"양푼이 섞어탕, 양푼이 동태탕",전남 강진군 강진읍 남문길 6-1,061-432-8959,,,있음
517897,케이스테이카페,전남,34.6201257963807,126.793487962937,"아메리카노, 카페라떼",전남 강진군 군동면 청자로 299,0507-1371-6146,09:00 - 22:00,"둘째, 넷째 일요일",있음
517898,반올림피자샵 강진점,전남,,,"반올림고구마피자, 통마늘불고기피자",전남 강진군 강진읍 탐진로 60,061-432-1666,12:00 - 22:00,매주 월요일,없음
517899,뜨란에,전남,,,"닭백숙, 떡볶이",전남 강진군 도암면 봉황로 556,0507-1365-9981,00:00 - 24:00,없음,있음
517901,큰맘할매순대국 강진점,전남,34.6401626633365,126.769304695587,"순대국, 소뼈맑은해장국",전남 강진군 강진읍 남문길 2,061-432-8952,00:00-24:00,,없음
517902,유미정,전남,34.6380794916818,126.763817085294,"돼지갈비전골, 암돼지 생목살",전남 강진군 강진읍 탐진로 60,061-433-6222,11:30 - 21:00,없음,있음
517903,멕시카나치킨 전남강진점,전남,34.6407392261309,126.766701273668,"마늘알마니치킨, 모두의마요치킨",전남 강진군 강진읍 영랑로 60,0507-964-1958,,,없음
517904,커피베이 강진탐진로점,전남,34.6385882880849,126.763924054049,"카페라떼, 아메리카노",전남 강진군 강진읍 탐진로 65,0507-1379-2611,10:00 - 22:00,없음,없음
517905,오케이식당,전남,,,"백반, 고등어조림",전남 강진군 강진읍 영랑로1길 23-1,061-432-8072,11:00 - 21:00,없음,있음
517906,이삭토스트 강진터미널점,전남,34.6393044546929,126.768663252714,"미트팡 토스트, 햄치즈 토스트",전남 강진군 강진읍 중앙로 108-2,061-432-5545,,,없음
517907,커피&제주,전남,34.6439224301443,126.780925886743,"아메리카노, 카페라떼",전남 강진군 군동면 군동계산길 71,061-434-2828,07:30 - 21:00,없음,있음
517908,정든횟집,전남,34.4490646988418,126.823361674073,"회정식, 우럭 매운탕",전남 강진군 마량면 미항로 193-3,061-432-0606,06:00 - 21:30,없음,있음
517909,화면장,전남,34.5146337965326,126.722315045605,"화면장짬뽕, 유슬짜장면",전남 강진군 신전면 백도로 1550,0507-1482-2242,11:00 - 14:00/20:00,,있음
517910,정가네식당,전남,34.644816404562,126.815655783098,"돼지등갈비찜, 불고기백반",전남 강진군 군동면 진흥로 321,061-433-1937,11:00 - 15:00/19:00,매주 일요일,없음
517911,한판,전남,34.6427784132061,126.78212965864,"한우 한판, 돼지 한판",전남 강진군 군동면 진흥로 13,061-433-4144,,,없음
517912,보리가익어갈무렵,전남,34.639145158068,126.773555426022,"귀리보리밥정식, 파전",전남 강진군 강진읍 오감길 2,061-433-7854,11:00 - 21:00,없음,없음
517913,모란아구찜,전남,34.6389581726035,126.770646052808,"아구찜, 코다리찜",전남 강진군 강진읍 보은로2길 24-1,0507-1472-1294,,,없음
517914,궁전한우촌,전남,34.6337408799822,126.766953710374,"안창살, 살치살",전남 강진군 강진읍 보은로 62,061-432-2771,09:00 - 21:00,없음,있음
517915,태화관중화요리,전남,34.449426672323,126.818341192328,"짬뽕, 짜장면",전남 강진군 마량면 미항로 147-1,061-433-1911,09:00 - 20:00,없음,있음
517917,풍미식당,전남,34.6911254336799,126.709196819546,"아구찜, 아구탕",전남 강진군 성전면 송계로 900-1,061-432-5199,,,있음
517918,마실,전남,,,"아메리카노, 카페라떼",전남 강진군 병영면 병영성로 172,061-432-1048,10:00 - 21:00,매주 일요일,있음
517919,탐진국밥,전남,34.6359618612011,126.758760863091,"소머리수육, 소머리국밥",전남 강진군 강진읍 탐진로 8,061-433-7511,09:00 - 20:30,없음,있음
517920,카페더윤,전남,34.4499189140256,126.81916051914,"아메리카노, 카페라떼",전남 강진군 마량면 마량5길 33,010-8600-8455,11:00 - 22:00,매주 일요일,없음
517922,케냐에스프레소,전남,34.6393237336735,126.769943748866,"아메리카노, 카페라떼",전남 강진군 강진읍 보은로2길 31,061-434-1700,09:00 - 22:00,없음,있음
517923,작천문화센터 카페테리아,전남,34.7029852689147,126.773044576573,"아메리카노, 카페라떼",전남 강진군 작천면 평리길 43,061-433-4696,10:00 - 21:00,매주 일요일,있음
517925,석정가든,전남,,,"닭백숙, 꿩 탕",전남 강진군 성전면 사문로 21-11,061-433-3334,09:00 - 21:00,없음,없음
517927,도원참치,전남,34.7172985505852,126.761171692597,"참치사시미, 생대구탕",전남 강진군 작천면 까치내로 1020,061-432-0957,,,없음
517928,만호성,전남,34.4584990478556,126.815727125356,"오리백숙, 회춘탕",전남 강진군 마량면 미항로 5-17,061-433-2209,10:00 - 21:00,매주 일요일,없음
517929,파리바게뜨 전남강진점,전남,34.6390271065263,126.768343041307,"해피스마일 케이크, 초코반 딸기반 케이크",전남 강진군 강진읍 중앙로 104,061-433-0030,,,있음
517930,먹거리타운,전남,34.6395997830516,126.769386963749,"돈가스, 치즈돈가스",전남 강진군 강진읍 중앙로 116,061-434-6004,,,없음
517931,셀렉토커피 전남강진점,전남,34.6398634390532,126.768951164857,"흑당밀크버블티, 초코버블티",전남 강진군 강진읍 중앙로 113,0507-1463-0069,10:00 - 19:00,없음,있음
517932,굽네치킨 전남강진점,전남,,,"고추바사삭, 불금치킨",전남 강진군 강진읍 탐진로 65,061-433-9392,13:00 - 23:00,없음,있음
517933,우정식당,전남,,,"오리탕, 오리주물럭",전남 강진군 강진읍 영랑로 18,0507-1334-3017,06:00 - 22:00,없음,있음
517934,거북초밥,전남,34.6378431805791,126.76916082731,"특모듬초밥, 튀김우동",전남 강진군 강진읍 영랑로 22,061-434-2525,11:30 - 23:00,없음,있음
517935,탐진오리탕,전남,34.6375271884171,126.769425965222,"오리탕, 맥주",전남 강진군 강진읍 영랑로 18-1,061-432-0435,,,없음
517936,웰빙돈가스,전남,34.6398634390532,126.768951164857,"돈가스, 치즈돈가스",전남 강진군 강진읍 중앙로 113,061-434-1555,10:00 - 21:00,없음,없음
517937,찬찬통삼겹살,전남,34.6385882880849,126.763924054049,"통삼겹살, 대패삼겹살",전남 강진군 강진읍 탐진로 65,061-434-9656,17:00 - 23:00,없음,있음
517938,황금들식육식당,전남,34.7055448356691,126.772738724904,"돼지삼겹살, 돼지목살",전남 강진군 작천면 까치내로 850,061-432-5511,11:00 - 22:00,없음,있음
517939,마량반점,전남,34.4493441014949,126.819499858849,"짜장면, 우동",전남 강진군 마량면 미항로 159,061-432-8285,,,있음
517940,장터국밥,전남,,,"소머리국밥, 모듬국밥",전남 강진군 강진읍 영랑로3길 35-1,061-434-9463,07:00 - 21:00,없음,있음
517941,한끼김밥,전남,34.6413290826313,126.774831815471,"한끼김밥, 참치김밥",전남 강진군 강진읍 중앙로 170-7,061-434-0599,,,없음
517942,자담치킨 전남강진점,전남,,,"소보로치킨, 후라이드치킨",전남 강진군 강진읍 영랑로4길 25,061-433-9954,12:00/13:00 - 24:00,,없음
517943,월향다원,전남,34.7309593955179,126.688636543275,"녹차, 국화차",전남 강진군 성전면 무위사로 253-36,061-432-4964,08:00 - 10:00,없음,없음
517945,청풍식당,전남,34.6404178615678,126.774560081596,"닭개장, 닭곰탕",전남 강진군 강진읍 동성로 18,061-434-1230,11:00 - 14:30/20:00,매주 토요일,없음
517946,웅이포차,전남,34.6380794916818,126.763817085294,"알탕, 얼큰해물어묵탕",전남 강진군 강진읍 탐진로 60,010-9474-5474,,,없음
517948,AUTO무인카페24시,전남,34.6401113685483,126.769636839173,"아메리카노, 카페라떼",전남 강진군 강진읍 중앙로 119,0507-1482-5242,00:00 - 24:00,없음,없음
517949,리치비치치킨,전남,34.6380794916818,126.763817085294,"닭강정, 골뱅이소면",전남 강진군 강진읍 탐진로 60,061-432-2010,,,있음
517950,전설낙곱새,전남,,,"대창, 곱창",전남 강진군 강진읍 서성안길 39-1,0507-1415-2257,11:00/13:00 - 22:00,,없음
517951,김밥나라,전남,34.6400267321279,126.769927737866,"원조김밥, 라면",전남 강진군 강진읍 중앙로 122,061-433-0911,,,없음
517953,본전갈비,전남,34.4503375371424,126.817511315018,"양념돼지갈비, 삼겹살",전남 강진군 마량면 마량8길 7,061-432-9631,,,없음
517954,산채골,전남,34.6411485661793,126.769211656352,"곤드레나물돌솥밥, 영양돌솥밥",전남 강진군 강진읍 연지길 23,061-433-8898,,,없음
517955,다복,전남,,,"묵은지갈비찜, 돼지주물럭",전남 강진군 강진읍 영랑로2길 21,061-434-4774,,,없음
517956,치킨플러스 전남강진점,전남,34.6387917440187,126.770250274927,"킹부각치킨, 마늘스태미나치킨",전남 강진군 강진읍 영랑로3길 18,061-433-0515,,,있음
517957,송원치킨 강진읍점,전남,,,"후라이드치킨, 양념치킨",전남 강진군 강진읍 영랑로3길 14,0507-1369-1257,,,없음
517958,만전각,전남,34.6389238010102,126.769818336709,"짜장면, 간짜장",전남 강진군 강진읍 영랑로3길 15,061-434-1226,11:00 - 14:00/22:00,,있음
517959,월출식당,전남,34.6912546944233,126.707199863171,"생삼겹살, 한우암소등심",전남 강진군 성전면 별뫼로 371-2,061-433-8114,12:00 - 20:00,,없음
517960,닭카페,전남,34.4600595927519,126.81449138126,"닭백숙, 오리백숙",전남 강진군 마량면 미항로 2,061-433-1300,11:00 - 24:00,없음,없음
517961,제일식당,전남,,,"바지락회, 오리로스",전남 강진군 칠량면 칠량로 59,061-432-7065,,,없음
517962,큰샘골,전남,34.6440529729776,126.771550526443,"백반, 삼겹살",전남 강진군 강진읍 동성로 66,061-433-0668,11:00 - 21:00,매주 일요일,없음
517963,참새포차,전남,,,"양념돼지갈비, 삼겹살",전남 강진군 군동면 백금포길 31,061-433-9977,,,있음
517964,거시기쪽갈비생족발구이,전남,34.6391754327878,126.772096363737,"생삼겹, 매운쪽갈비",전남 강진군 강진읍 보은로3길 18-1,061-434-4929,,,없음
517965,에덴분식,전남,,,"팥칼국수, 콩물국수",전남 강진군 강진읍 중앙로 151,061-433-0985,10:00 - 19:00,없음,없음
517966,카페베네 강진점,전남,34.6408912611041,126.770769977093,"콜드브루, 콜드브루 라떼",전남 강진군 강진읍 중앙로 131-1,061-434-6233,10:00 - 22:00,없음,있음
517967,선창횟집,전남,,,"전어회, 전어구이",전남 강진군 신전면 운주로 636,061-434-0790,,,없음
517969,돼지반점,전남,34.6405733628895,126.773443348367,"짜장면, 짬뽕",전남 강진군 강진읍 동명3길 7,0507-1355-1256,11:00 - 15:00,"둘째, 넷째 월요일",없음
517970,옛날시골통닭,전남,34.6401729162019,126.770199457828,"무뼈닭발튀김, 닭똥집",전남 강진군 강진읍 중앙로 126,061-434-1333,,,없음
517971,청자골회센터,전남,34.6393170908419,126.771156368411,"우럭, 돔",전남 강진군 강진읍 영랑로3길 28,061-432-0099,,,없음
517972,닭이야기,전남,34.6206264046728,126.750137281382,"삼계탕, 옻백숙",전남 강진군 강진읍 해강로 1285,0507-1341-8023,,,없음
517973,멕시칸치킨,전남,,,"후라이드, 양념치킨",전남 강진군 마량면 마량7길 3,061-432-2719,,,없음
517974,떡볶이랑꽈배기랑,전남,,,"김밥, 떡볶이",전남 강진군 성전면 예향로 2,0507-1477-4113,07:00 - 20:00,매주 일요일,없음
517975,흥진식당,전남,34.6415889958994,126.769205855259,한정식,전남 강진군 강진읍 보은로3길 55,061-434-3031,11:00 - 21:00,"매주 토요일, 일요일",없음
517976,구어조은닭 강진점,전남,,,"오리지날구이, 바베큐양념구이",전남 강진군 강진읍 중앙로 168-1,061-433-9592,,,없음
517977,티썸하우스,전남,34.6438544476848,126.771246213476,"아인슈페너, 흑당버블티",전남 강진군 강진읍 탐진로 155,0507-1397-6699,11:00 - 19:00,매주 월요일,있음
517978,용천통닭 강진점,전남,34.6372033933369,126.769235454477,"간장치킨, 모래집",전남 강진군 강진읍 영랑로 15,061-432-9992,,,없음
517979,원조소문난갈비탕,전남,34.7797269218347,127.333098987102,"갈비탕, 갈비찜",전남 고흥군 동강면 고흥로 4259,061-833-2052,08:00 - 20:00,"매주 토요일, 일요일",있음
517980,평화국밥,전남,34.6840075022645,127.369211904232,"모듬국밥, 순대만국밥",전남 고흥군 과역면 과역로 951,061-832-8580,11:00 - 15:00/17:00,매주 월요일,있음
517981,수문식당,전남,34.7743986536351,127.385490516919,"장어탕, 장어구이",전남 고흥군 남양면 망월로 674-24,061-833-1828,,,있음
517982,시드니월남쌈,전남,34.5061981990344,127.273644280464,"월남쌈, 짜조",전남 고흥군 도화면 더수연안길 33,0507-1401-0179,11:00 - 21:00,없음,있음
517983,보성식당,전남,34.6815289717934,127.360865996761,"삼겹살 백반, 순이막걸리",전남 고흥군 과역면 고흥로 3009,061-833-9381,06:30 - 19:30,매주 화요일,있음
517984,성실산장어숯불구이,전남,34.5256702381235,127.135748595358,"장어탕, 장어소금구이",전남 고흥군 도양읍 비봉로 177,061-843-9985,09:00 - 22:00,없음,있음
517985,mkr coffee,전남,34.5256702381235,127.135748595358,"마카다미아 라떼, 아인슈페너 바닐라",전남 고흥군 도양읍 비봉로 177,061-843-0023,11:00 - 21:00,매주 수요일,있음
517986,한끼밥상,전남,34.5281031428274,127.133893906577,"보쌈, 낙지볶음",전남 고흥군 도양읍 녹동남문길 8-9,061-843-3764,11:00 - 20:00,"매주 토요일, 일요일",있음
517987,엉클제이,전남,34.6061607240382,127.281507898112,"아메리카노, 아인슈페너",전남 고흥군 고흥읍 터미널길 10,0507-1300-3556,09:00 - 18:00,없음,있음
517988,바다양푼이동태탕 고흥과역점,전남,34.6766249235477,127.360936052642,"동태탕, 알곤이탕",전남 고흥군 과역면 무궁화길 12-13,061-835-5553,11:00 - 21:00,매주 일요일,있음
517989,삼원갈비,전남,34.6073103139773,127.279278084671,"왕돼지갈비, 한우 왕갈비탕",전남 고흥군 고흥읍 여산당촌길 35,061-834-5757,09:30 - 22:00,없음,있음
517990,덕성루,전남,,,"짜장면, 잡채밥",전남 고흥군 고흥읍 봉동주공길 3-1,061-834-2626,10:00 - 21:00,없음,있음
517992,아리랑산장어,전남,34.6060937613378,127.282554727747,"장어구이, 장어냄비탕",전남 고흥군 고흥읍 고흥로 1714,061-832-2356,09:00 - 21:00,매주 일요일,없음
517993,까페죽암리415,전남,34.7829993839733,127.386136778323,"아메리카노, 카페라떼",전남 고흥군 동강면 죽암안길 45-1,0507-1421-7903,10:30 - 18:00,"매주 월요일, 화요일",있음
517994,롯데리아 고흥점,전남,34.6077990433959,127.282307239094,"한우 트러플머쉬룸, 한우불고기버거",전남 고흥군 고흥읍 여산당촌길 8,061-833-2266,09:00 - 22:00,없음,있음
517995,얌샘김밥 고흥군청점,전남,34.6047452878693,127.279192309974,"소세지김밥, 얌샘김밥",전남 고흥군 고흥읍 고흥군청로 24,061-832-3378,07:00 - 20:00,없음,있음
517996,나로커피,전남,34.6047454952404,127.280006589367,"아메리카노, 카페라떼",전남 고흥군 고흥읍 고흥군청로 30,010-9492-3323,09:00 - 22:00,없음,있음
517997,서울식당,전남,,,"회무침, 회덮밥",전남 고흥군 봉래면 나로도항길 151,061-835-5111,07:00 - 20:00,없음,있음
517998,소신2020,전남,34.5264364731259,127.135342371401,"생돈까스, 곰취물냉면",전남 고흥군 도양읍 비봉로 167,0507-1432-1280,11:00 - 20:00,없음,있음
517999,고흥회관,전남,34.6088098061176,127.28286048043,"자연산활어, 광어회",전남 고흥군 고흥읍 서문여산길 40,061-832-8999,10:00 - 21:00,없음,있음
518000,뉘우머리펜션&레스토랑,전남,34.5421863655261,127.120360959845,"수제 등심 돈까스, 새우볶음밥",전남 고흥군 도양읍 도양해안로 85,0507-1323-0606,10:00 - 20:00,매주 월요일,있음
518001,월포가든,전남,34.4878135485597,127.200962486837,"매생이칼국수, 매생이떡국",전남 고흥군 금산면 오룡동길 21,061-842-8425,08:30 - 19:30,매주 수요일,있음
518002,일성식당,전남,34.591334667059,127.412606984532,"문어해물짬뽕, 해물짬뽕",전남 고흥군 영남면 팔영로 629,061-834-7016,10:00 - 19:30,매주 월요일,없음
518003,이씨네수라간,전남,34.5295492839509,127.137996423799,"왕갈비탕, 짬뽕갈비탕",전남 고흥군 도양읍 녹동남촌1길 6-1,0507-1399-7071,11:00 - 20:00,없음,있음
518004,빵야대가,전남,34.6047053191219,127.276953101545,"한우살치살, 한우육회비빔밥",전남 고흥군 고흥읍 고흥군청로 4,0507-1378-2630,10:00 - 22:00,매주 월요일,있음
518005,담양숯불갈비,전남,,,"한우꽃등심, 한우육회",전남 고흥군 고흥읍 고흥로 1723,061-833-9922,,,있음
518007,샐러든해,전남,34.7800570274034,127.333161603749,"드링크요거트, 그린샐러드",전남 고흥군 동강면 원유둔1길 8-1,061-835-8885,10:30 - 14:00/17:00,"매주 일요일, 공휴일",있음
518008,거금특산품,전남,34.4880105940067,127.12268626242,"매생이호떡, 유자호떡",전남 고흥군 금산면 거금로 715,0507-1357-1864,08:30-19:00,,있음
518009,해그라미 Cafe,전남,34.4909335720146,127.176888016596,"수제바닐라빈라떼, 아메리카노",전남 고흥군 금산면 평산길 98,010-9554-1135,09:00/10:00 - 18:00/21:00,,있음
518010,산티아고 커피,전남,34.5271782932567,127.135003304467,"아메리카노, 카페라떼",전남 고흥군 도양읍 비봉로 159,0507-1333-5804,10:00 - 21:00,매주 화요일,있음
518011,녹동항횟집,전남,34.5275722616974,127.134727934894,"활어회정식, 물회",전남 고흥군 도양읍 비봉로 156,061-844-8889,11:00 - 21:00,"첫째, 셋째 수요일",있음
518012,블레스트리 카페,전남,34.6140018242833,127.290300852275,"썸머라떼, 민트바닐라라떼",전남 고흥군 고흥읍 고흥로 1848-4,0507-1393-8391,09:00-21:00,매주 일요일,있음
518013,두마리양동시장통닭 고흥도화점,전남,34.5086493459371,127.323646222753,"간장치킨, 양념치킨",전남 고흥군 도화면 천마로 2299,0507-1337-8294,10:30 - 21:00,없음,있음
518014,삼국시대감자탕 녹동점,전남,34.5243791105917,127.141291991331,"묵은지감자탕, 우거지감자탕",전남 고흥군 도양읍 우주항공로 6,061-842-3900,00:00/06:00-22:00/24:00,,있음
518015,굽네치킨 고흥녹동점,전남,,,"고추바사삭, 오븐바사삭",전남 고흥군 도양읍 녹동남촌1길 24-1,061-842-9494,12:00 - 24:00,없음,없음
518016,녹동 미가,전남,34.5286757120449,127.143910766946,"삼겹살, 대패삼겹살",전남 고흥군 도양읍 천마로 147,061-843-3322,11:00 - 22:00,없음,없음
518017,족발의장인 족장 고흥1호점,전남,34.6072914982577,127.288831396064,"산삼족발, 매운족발",전남 고흥군 고흥읍 봉동주공길 9-1,0507-1322-2293,16:00 - 24:00,없음,있음
518018,고흥원,전남,34.595848217349,127.27576460414,"코다리조림, 돼지석쇠구이",전남 고흥군 고흥읍 장전신전길 3-7,061-834-0030,,,있음
518019,한성관,전남,34.6047452878693,127.279192309974,"우동, 짬뽕",전남 고흥군 고흥읍 고흥군청로 24,061-835-7880,,,있음
518020,맥시칸치킨 고흥점,전남,34.6095322533853,127.288275811426,"후라이드치킨, 양념치킨",전남 고흥군 고흥읍 흥양길 5,061-835-6666,10:00 - 23:00,없음,없음
518021,청년다방 전남고흥점,전남,34.6101921438297,127.284341301674,"차새대떡볶이, 피자로니 떡볶이, 불향차돌떡볶이",전남 고흥군 고흥읍 봉황길 8,061-835-7779,,,없음
518022,카페 마들렌,전남,34.5331271081913,127.126719886647,"아메리카노, 카페라떼",전남 고흥군 도양읍 목넘가는길 149-17,0507-1395-1081,11:30 - 20:00,"매주 월요일, 화요일",있음
518023,아람분식,전남,34.4651741010971,127.455486507329,"김밥, 돈가스",전남 고흥군 봉래면 나로도항길 89,061-833-6869,07:00 - 19:00,없음,없음
518024,한복자엉터리김밥 본점,전남,34.5279152399957,127.137099158203,"매운멸치 김밥, 야채김밥",전남 고흥군 도양읍 녹동시장길 27,061-843-8919,07:00 - 19:00,매주 월요일,있음
518025,삼보횟집,전남,34.5277364574589,127.133623631271,"매운탕, 낙지볶음",전남 고흥군 도양읍 목넘가는길 10,061-844-8811,08:00 - 24:00,없음,있음
518026,또래오래 전남고흥점,전남,,,"핫뿌레이크, 단짠치킨",전남 고흥군 고흥읍 고흥로 1727,0507-1432-9258,13:00 - 23:00,,없음
518027,커피마을,전남,34.6866821607896,127.370830252646,"아메리카노, 카페라떼",전남 고흥군 과역면 문화마을길 13-50,0507-1407-4291,10:00 - 23:00,없음,있음
518028,김밥천국,전남,,,"치즈돈가스, 라면",전남 고흥군 도양읍 우주항공로 38,061-844-1008,05:00 - 20:00,매주 수요일,없음
518029,일조갈비,전남,34.5713237129932,127.34120995405,"돼지갈비, 갈비탕",전남 고흥군 포두면 우주로 601-3,061-832-5406,,,있음
518030,레디투커피,전남,34.5271782932567,127.135003304467,"에스프레소, 아메리카노",전남 고흥군 도양읍 비봉로 159,0507-1440-5805,10:00 - 21:30,매주 화요일,있음
518031,동강가야성,전남,34.7819339964985,127.327327691514,"짜장면, 간짜장",전남 고흥군 동강면 동서로 14,061-832-3331,,매주 월요일,있음
518032,두찜 녹동점,전남,34.5295113987669,127.136170697461,"까만찜닭, 빨간찜닭",전남 고흥군 도양읍 비봉로 128,061-844-4848,11:00 - 23:00,매주 일요일,없음
518033,BHC치킨 전남녹동점,전남,,,"단팥 트위스트, 크림치즈 트위스트",전남 고흥군 도양읍 천마로 72,061-843-1177,12:00 - 24:00,없음,있음
518034,히트피자 치킨매니아 고흥읍점,전남,34.6063881477827,127.282914847533,"불고기피자, 골드피자",전남 고흥군 고흥읍 고흥로 1718,061-832-7877,12:00 - 23:00,없음,없음
518035,투썸플레이스 전남녹동점,전남,34.5288615186955,127.140802221453,"아메리카노, 카페라떼",전남 고흥군 도양읍 우주항공로 54,0507-1424-8813,09:00 - 22:00,없음,있음
518036,창평국밥,전남,,,"모듬국밥, 순대국밥",전남 고흥군 고흥읍 봉동주공길 11-1,061-833-7877,11:00 - 21:00,매주 토요일,없음
518037,오두막빵굼터,전남,34.7674708146766,127.296183308014,"마늘빵, 단팥빵",전남 고흥군 대서면 봉두로 457-3,061-832-7200,09:00 - 18:00,매주 화요일,있음
518038,유자엔카페,전남,34.8236368683607,127.345242874584,"유자콤비피자, 덤벙빵",전남 고흥군 동강면 고흥로 4797,0507-1426-8999,08:30 - 19:00,없음,있음
518039,삼미식당,전남,34.6150077998203,127.274622355583,"오리불고기, 오리구이",전남 고흥군 고흥읍 두원로 109-58,061-835-3982,,,있음
518040,836숯불바베큐치킨 고흥점,전남,34.6082539859017,127.287562399433,"치킨 소금구이, 순살 양념구이",전남 고흥군 고흥읍 시장천변길 13,0507-1313-0836,12:00 - 01:00,없음,없음
518041,삼부자횟집,전남,34.525614641487,127.136375329698,"하모회, 하모 샤브샤브",전남 고흥군 도양읍 동두메2길 5,061-842-1177,09:00 - 21:00,매주 월요일,있음
518042,고흥을담다 여행자카페,전남,34.6104479887061,127.285337931678,"고흥유자 사파이어, 고흥노을 석류에이드",전남 고흥군 고흥읍 흥양길 36-1,0507-1496-8919,10:00 - 21:00,없음,있음
518043,오랑오랑,전남,34.6074897795499,127.291272926873,"아메리카노, 카페라떼",전남 고흥군 고흥읍 학교길 39,0507-1486-3132,09:30-17:30/18:30,매주 일요일,있음
518044,디디치킨 고흥점,전남,,,"치뿌린치킨, 마늘치킨",전남 고흥군 고흥읍 봉황길 6,061-833-6001,,,없음
518045,만나식당,전남,,,"콩국수, 토종닭백숙",전남 고흥군 영남면 해맞이로 15,061-834-8115,09:00 - 21:00,없음,없음
518046,고센,전남,,,"팥칼국수, 바지락 칼국수",전남 고흥군 포두면 우주로 835,061-833-0408,11:30 - 20:30,없음,있음
518047,한솔회마트,전남,34.6082350626741,127.283126843449,"자연산활어 회, 장어소금구이",전남 고흥군 고흥읍 서문여산길 50,061-832-3389,11:30 - 21:00,없음,없음
518048,유자씨의하루,전남,34.8236368683607,127.345242874584,"고흥유자빵, 아메리카노",전남 고흥군 동강면 고흥로 4797,0507-1368-8324,08:00 - 19:00,없음,있음
518049,가화루,전남,34.6072136284518,127.282277456519,"눈꽃 콩국수, 짜장면",전남 고흥군 고흥읍 서문여산길 68-3,061-832-8700,10:30 - 20:30,매주 일요일,있음
518050,도손커피,전남,34.6779303415682,127.361157767275,"아메리카노, 카페라떼",전남 고흥군 과역면 무궁화길 15,0507-1340-5228,10:00 - 21:00,매주 수요일,있음
518051,녹동국밥,전남,34.5268248015065,127.138573670585,"소머리국밥, 모듬국밥",전남 고흥군 도양읍 녹동중앙길 25,061-842-8289,08:00 - 20:00,없음,없음
518052,우주인쑥섬,전남,34.4637752836073,127.449284139129,"서대회무침 정식, 쑥 부침개",전남 고흥군 봉래면 쑥섬길 37-1,0507-1400-3022,07:30 - 18:00,없음,있음
518053,핑크문,전남,34.7188145970379,127.341883248711,"석류 에이드, 블루베리 스무디",전남 고흥군 남양면 우주항공로 3685,010-2473-5533,10:00 - 20:00,"둘째, 넷째 목요일",있음
518054,티파니카페&펜션,전남,34.5447347951092,127.369295290018,"카페라떼, 아메리카노",전남 고흥군 포두면 내산길 3-6,061-833-8416,10:00 - 21:00,매주 월요일,있음
518056,포두식당,전남,34.5717526586054,127.340388488087,"한정식 한상, 백반한정식",전남 고흥군 포두면 후동2길 4,061-834-5555,11:00 - 20:00,없음,없음
518057,BHC치킨 고흥나로점,전남,,,"하바네로 포테킹, 치퐁당 후라이드",전남 고흥군 봉래면 하반로 466,0507-1359-8315,12:00 - 21:00/22:00,"첫째, 셋째 일요일",있음
518058,큰맘할매순대국 고흥점,전남,34.6051668415089,127.280471454775,"순대국, 소뼈맑은해장국",전남 고흥군 고흥읍 고흥군청로 33,061-835-7511,10:00 - 21:00,매주 월요일,있음
518059,득량식당,전남,34.527757493209,127.132850652197,"장어탕, 복분자",전남 고흥군 도양읍 목넘가는길 20,061-842-2082,,매주 화요일,있음
518060,요거프레소 고흥녹동점,전남,34.5290303306364,127.140750113766,"딸기 생크림 오믈렛, 바나나 생크림 오믈렛",전남 고흥군 도양읍 천마로 120,061-844-3861,09:30 - 23:00,없음,있음
518061,팥죽이야기,전남,34.6083569397953,127.286600492596,"팥칼국수, 새알팥죽",전남 고흥군 고흥읍 시장길 1,0507-1498-8254,10:00 - 18:00,매주 일요일,있음
518062,임실치즈피자,전남,,,"콤비네이션 치즈크러스트피자, 페퍼로니 치즈크러스트피자",전남 고흥군 고흥읍 봉황길 34,061-833-0561,12:00 - 22:30,없음,없음
518063,화돌농장,전남,34.6073124999476,127.287725742922,"돼지생갈비, 돼지생오겹살",전남 고흥군 고흥읍 고흥로 1768-6,0507-1437-3395,16:00 - 23:00,없음,있음
518064,맘스터치 녹동점,전남,34.5288615186955,127.140802221453,"싸이플렉스버거, 언빌리버블버거",전남 고흥군 도양읍 우주항공로 54,061-842-4422,11:00 - 20:50,매주 월요일,있음
518065,카페CCD 전남고흥점,전남,34.5252027321526,127.136083847999,"아메리카노, 카페라떼",전남 고흥군 도양읍 비봉로 185,0507-1416-5500,11:00 - 22:00,,있음
518066,마왕족발 전남고흥점,전남,34.6057504279353,127.280395029853,"마왕통구이, 마왕보쌈구이",전남 고흥군 고흥읍 터미널길 5-20,061-835-0999,12:00 - 23:00,매주 일요일,없음
518067,홍루이젠 고흥녹동점,전남,34.5253560754862,127.14116185047,"잠봉뵈르 샌드위치, 초코퐁당샌드위치",전남 고흥군 도양읍 우주항공로 16,0507-1329-9434,08:00/09:00 - 18:00/19:00,매주 일요일,있음
518068,이디야커피 고흥녹동점,전남,34.5241608984232,127.144197837795,"카페 아메리카노, 연유 밀크티",전남 고흥군 도양읍 녹동신항1길 32,0507-1351-7707,08:00 - 23:00,없음,있음
518069,맛나부러,전남,34.5241592356307,127.143159099742,"백반, 돌솥비빔밥",전남 고흥군 도양읍 비봉로 257,0507-1396-5089,05:30 - 24:00,없음,있음
518070,두찜 전남고흥점,전남,34.6070778054744,127.289157837516,"로제찜닭, 트러플크림찜닭게티",전남 고흥군 고흥읍 봉동주공길 13,061-833-9952,11:00 - 23:00,"첫째, 셋째 일요일",있음
518071,푸라닭 전남고흥점,전남,34.6051668415089,127.280471454775,"바질페스타, 콘소메이징",전남 고흥군 고흥읍 고흥군청로 33,061-832-9206,12:00-24:00,없음,있음
518072,돌게장백반,전남,34.5279573613517,127.132752940408,"돌게장백반, 꽃게탕",전남 고흥군 도양읍 북문길 3-12,061-844-9090,07:00 - 18:30,없음,있음
518073,청춘당꽈배기 녹동점,전남,34.5281517533936,127.140925306358,"찹쌀꽈배기, 찹쌀팥도너츠",전남 고흥군 도양읍 우주항공로 46,061-842-2816,10:00 - 20:00,매주 월요일,있음
518074,바다다,전남,34.7131690458773,127.271900767661,"녹차 라떼, 밀크티",전남 고흥군 두원면 두원로 1306-24,0507-1391-8399,10:00 - 19:00/21:00,,있음
518075,굽네치킨 고흥읍점,전남,,,"고추바사삭, 불금치킨",전남 고흥군 고흥읍 봉황길 32-1,061-834-9494,12:00 - 02:00,"매주 토요일, 일요일",없음
518076,시골집식당,전남,34.6411821349735,127.413807852114,"닭도리탕, 비빔밥",전남 고흥군 점암면 팔봉길 5,061-834-1292,,,없음
518077,서귀포로맨스 전남고흥점,전남,34.6047518656051,127.279547849871,"동문시장라볶이, 제주바다해물찜",전남 고흥군 고흥읍 고흥군청로 26,0507-1387-2377,17:00 - 01:00,매주 일요일,있음
518078,통뼈감자탕,전남,34.5257274420941,127.141111503228,"우거지 감자탕, 뼈다귀 해장국",전남 고흥군 도양읍 우주항공로 20,061-842-9292,00:00 - 24:00,없음,있음
518079,정다운식당,전남,34.5271782932567,127.135003304467,"생선구이정식, 백반",전남 고흥군 도양읍 비봉로 159,061-843-0217,,,있음
518080,목포횟집,전남,34.5275722616974,127.134727934894,"자연산 활어회, 매운탕",전남 고흥군 도양읍 비봉로 156,061-844-1272,10:00 - 21:00,,있음
518081,트레비어 고흥점,전남,34.52890041707,127.138396079425,"콤비네이션피자, 로제 감바스",전남 고흥군 도양읍 녹동남촌1길 11,061-844-1112,17:00 - 01:00,없음,없음
518082,과역한우직판장,전남,34.6826100845602,127.368805111503,"갈비탕, 익힘비빔밥",전남 고흥군 과역면 과역로 952-14,061-834-1092,11:30 - 21:00,매주 일요일,있음
518083,고센,전남,,,"영양돌솥밥, 삼계탕",전남 고흥군 고흥읍 봉황길 26-16,061-833-6637,11:00 - 21:00,없음,있음
518084,김가네  고흥녹동점,전남,34.5243791105917,127.141291991331,"김가네 김밥, 참치마요김밥",전남 고흥군 도양읍 우주항공로 6,061-844-0020,08:00 - 20:00,없음,있음
518085,노다지식당,전남,34.610222600112,127.287500717159,"도가니탕, 도가니수육",전남 고흥군 고흥읍 신계학림길 3-1,061-832-0664,06:00 - 22:00,없음,있음
518086,또래오래 전남녹동점,전남,34.5272394694482,127.145322191464,"핫뿌레이크, 단짠치킨",전남 고흥군 도양읍 녹동신항8길 44,061-844-1133,13:00 - 23:00,없음,있음
518087,천해횟집,전남,34.5276581997286,127.134455662079,"활어회, 매운탕",전남 고흥군 도양읍 목넘가는길 2,061-842-3950,10:00 - 21:00,"매주 토요일, 일요일",있음
518088,소담식당,전남,34.5265764408836,127.13577359231,"서대회, 한정식",전남 고흥군 도양읍 명동길 6-23,061-842-0999,,,있음
518089,정일품정육식당,전남,34.6054978920869,127.29179298405,"불고기전골, 육회비빔밥",전남 고흥군 고흥읍 봉동주공길 43,061-833-8866,11:00 - 21:00,매주 토요일,있음
518090,오태식해바라기치킨 고흥녹동점,전남,34.5279917933471,127.134895260183,"김양기메가순살세트, 양기고추간장치킨",전남 고흥군 도양읍 녹동남문길 8-21,061-844-0199,12:00 - 24:00,,있음
518091,열도분식 전남고흥점,전남,34.6072579804006,127.28890094657,"모듬초밥, 생연어초밥",전남 고흥군 고흥읍 봉동주공길 11,0507-1369-4457,11:00 - 21:00,매주 토요일,없음
518092,좋은자리뷔페,전남,34.6157997179512,127.290688408718,"백반, 소주",전남 고흥군 고흥읍 고흥로 1865,061-834-5700,,매주 일요일,있음
518093,모던통닭 고흥점,전남,34.6088439441814,127.285387938472,"모던통닭, 계새치킨",전남 고흥군 고흥읍 원동남계길 52,0507-1435-8597,16:00 - 02:00,없음,있음
518094,야김밥이다,전남,34.6074874124683,127.287978956446,"치즈돈까스, 제육볶음",전남 고흥군 고흥읍 봉동주공길 2,061-833-5788,06:00 - 19:30,없음,있음
518095,고흥뚝섬한우,전남,34.6070108447574,127.289303152484,"한우불고기백반, 돼지주물럭백반",전남 고흥군 고흥읍 봉동주공길 15,061-833-9229,,,있음
518096,배스킨라빈스 전남고흥점,전남,34.6073928114164,127.283647738489,"오레오 쉐이크, 설향딸기 블라스트",전남 고흥군 고흥읍 고흥로 1731-1,061-835-3111,10:00 - 23:00,없음,있음
518097,청춘감성쌀핫도그 고흥점,전남,34.6097213173232,127.287612704943,"점보핫도그, 모짜렐라핫도그",전남 고흥군 고흥읍 흥양길 13,061-835-3293,,,없음
518098|518219,서울왕족발,전남,34.5383181850456,127.147009232142,"족발, 쟁반국수",전남 고흥군 도양읍 천마로 80,061-844-1090,,,없음
518100,신전떡볶이 고흥점,전남,34.6075927974873,127.284324590507,"떡볶이, 치즈떡볶이",전남 고흥군 고흥읍 고흥로 1737,061-835-8171,10:30 - 20:30,없음,있음
518101,별미촌,전남,34.599520395198,127.277084803175,"생삼겹, 양념갈비",전남 고흥군 고흥읍 고흥로 1625,0507-1322-3309,09:00 - 21:00,없음,있음
518102,돔카페,전남,34.5500590933509,127.395346479522,"효소차, 바지락 칼국수",전남 고흥군 포두면 봉암길 45,0507-1390-7737,10:00 - 17:00,없음,있음
518103,벌크커피 고흥점,전남,34.6075953129839,127.284405604525,"아메리카노, 카페라떼",전남 고흥군 고흥읍 고흥로 1737-1,061-835-5555,09:30 - 18:00/20:00,매주 월요일,있음
518104,풍짬,전남,34.6475273736581,127.197085432216,"짜장밥, 짜장면",전남 고흥군 도덕면 고흥만로 1137,061-844-5546,,,있음
518105,메가MGC커피 고흥중앙점,전남,34.6074175529163,127.283474473523,"아메리카노, 헤이즐럿 아메리카노",전남 고흥군 고흥읍 봉황길 45,0507-1406-1127,08:00 - 22:00,없음,있음
518106,누리팥죽,전남,34.4638654667196,127.458235039391,"팥칼국수, 새알팥죽",전남 고흥군 봉래면 축정2길 2,061-833-7455,,,있음
518107,스시야,전남,34.6079751271777,127.280573460139,"연어초밥, 장어초밥",전남 고흥군 고흥읍 여산당촌길 26-10,061-834-3939,12:00 - 20:00,매주 일요일,있음
518108,마라부마라탕,전남,34.6075520628632,127.284590799155,"마라탕, 마라샹궈",전남 고흥군 고흥읍 고흥로 1739-1,0507-1397-7337,11:00 - 21:00,매주 월요일,없음
518109,삼성식당,전남,34.4761935111185,127.146983027695,"훈제삼겹살, 전복 훈제삼겹살",전남 고흥군 금산면 거금일주로 2978-20,0507-1470-2006,17:00 - 20:30,"매주 일요일, 월요일, 화요일, 수요일, 목요일",있음
518110,장수식당,전남,34.5273284866538,127.135156035511,"붕장어 삼합구이, 붕장어회",전남 고흥군 도양읍 명동길 3-8,061-843-9289,,,있음
518111,배스킨라빈스 전남고흥녹동,전남,34.5286997894109,127.140809791651,"콜드브루 아메리카노, 콜드브루 오트라떼",전남 고흥군 도양읍 우주항공로 52,061-844-4447,10:00 - 23:00,없음,있음
518113,더벤티 전남고흥점,전남,34.6051668415089,127.280471454775,"카페라떼, 믹스커피",전남 고흥군 고흥읍 고흥군청로 33,061-834-5696,08:00 - 20:00,매주 일요일,있음
518114,오연수족발보쌈,전남,,,"왕족발, 냉채족발",전남 고흥군 고흥읍 홍교길 7,0507-1363-9092,11:00 - 24:00,"둘째, 넷째 일요일",없음
518115,오늘처럼,전남,,,"매운탕, 낙지덮밥",전남 고흥군 영남면 팔영로 604-9,0507-1353-7018,11:00 - 21:00,매주 월요일,있음
518116,인생닭강정 고흥녹동점,전남,34.5287868170647,127.137853131276,"달콤닭강정, 순살후라이드",전남 고흥군 도양읍 녹동남촌2길 19-1,0507-1346-8983,14:00 - 22:30,매주 수요일,없음
518117,호림관,전남,34.678588293079,127.36118768486,"해물잡탕밥, 차돌박이짬뽕",전남 고흥군 과역면 고흥로 2975-4,061-834-4009,09:30 - 19:30,매주 월요일,있음
518118,네네치킨 고흥점,전남,,,"레드마요치킨, 순살레드마요치킨",전남 고흥군 고흥읍 봉황길 10,0507-1325-3777,12:00 - 23:30,매주 일요일,있음
518119,아리랑산장어구이탕,전남,34.5256702381235,127.135748595358,"장어탕, 장어구이",전남 고흥군 도양읍 비봉로 177,061-842-7797,,,있음
518120,할매안흥찐빵 거금대교점,전남,34.4880105940067,127.12268626242,"안흥찐빵, 감자고기만두",전남 고흥군 금산면 거금로 715,0507-1387-6657,09:00 - 19:00,없음,있음
518121,낙지해물짬뽕집,전남,34.625951445991,127.271223912684,"낙지해물짬뽕, 낙지쟁반짜장",전남 고흥군 고흥읍 두원로 232,061-834-3800,11:00 - 19:00,없음,있음
518122,별미정고흥점,전남,34.599520395198,127.277084803175,"생갈비, 갈비탕",전남 고흥군 고흥읍 고흥로 1625,061-835-8253,09:00 - 23:00,없음,있음
518123,나로식당,전남,34.4659264841245,127.45458221949,"대패삼겹살백반, 갈비백반",전남 고흥군 봉래면 나로도항길 110-8,061-834-9396,06:00 - 09:00,없음,있음
518124,고고도시락카페&고고푸드,전남,34.527386108596,127.135464264865,"한우 수제 떡갈비도시락, 한돈 돼지갈비찜 도시락",전남 고흥군 도양읍 명동길 5-8,0507-1385-1888,10:00 - 22:00,매주 일요일,있음
518125,맥시칸치킨 청우점,전남,,,"순살닭강정, 후라이드치킨",전남 고흥군 봉래면 나로도항길 56,061-833-6889,09:00 - 23:00,없음,있음
518126,해태식당,전남,,,"사시미, 한정식",전남 고흥군 고흥읍 흥양길 25,061-835-4637,12:00 - 20:00,"매주 토요일, 일요일",없음
518127,안성장어나라,전남,34.5271782932567,127.135003304467,"하모샤브샤브, 하모사시미",전남 고흥군 도양읍 비봉로 159,061-842-2913,08:30 - 21:00,없음,있음
518128,뚱스&숯불구이,전남,34.5978811962374,127.278322316213,"물냉면, 한우갈비살",전남 고흥군 고흥읍 백련장전길 21,0507-1387-3635,11:30 - 21:30,매주화요일,있음
518129,이디야커피 고흥군청점,전남,34.6047518656051,127.279547849871,"아메리카노, 카페 라떼",전남 고흥군 고흥읍 고흥군청로 26,0507-1342-3819,08:30 - 21:00,,있음
518130,청해정육식당,전남,34.5322868119656,127.138316719116,"한우차돌박이, 꽃갈비살",전남 고흥군 도양읍 번영1길 3,0507-1415-3917,11:00 - 22:00,없음,있음
518131,점암반점,전남,34.6522254844588,127.380323917846,"짜장면, 짬뽕",전남 고흥군 점암면 모룡길 57,061-835-1551,,,없음
518132,오리랑오리고흥점,전남,34.6046744180586,127.292437470139,"오리불고기, 오리전골",전남 고흥군 고흥읍 봉동주공길 54,061-832-1888,,,있음
518133,고흥만뜨락,전남,34.6051668415089,127.280471454775,"청둥소금구이, 토종닭 숯불구이",전남 고흥군 고흥읍 고흥군청로 33,061-832-3052,17:00 - 22:00,매주 일요일,있음
518135,바다속으로,전남,34.608010779179,127.283595109263,"매운탕, 광어",전남 고흥군 고흥읍 봉황길 28-25,061-835-2222,,,있음
518137,황금코다리 고흥점,전남,34.6225995402813,127.294923194957,"코다리갈비조림, 코다리조림",전남 고흥군 고흥읍 고흥로 1951,061-832-6776,11:00 - 21:30,매주 화요일,있음
518138,살푸섬포차,전남,,,"닭볶음탕, 오돌뼈",전남 고흥군 도양읍 우주항공로 28,0507-1492-5627,15:00 - 03:00,없음,없음
518139,소나무집가든,전남,34.6031226263505,127.290081908733,"닭백숙, 오리백숙",전남 고흥군 고흥읍 봉남봉동길 81,061-833-0300,12:00 - 22:00,없음,있음
518140,국수나무 전남고흥점,전남,34.6059882019187,127.282438369998,"소고기낙지덮밥, 베트남소고기쌀국수",전남 고흥군 고흥읍 고흥로 1712-1,061-835-7789,11:30 - 21:00,없음,없음
518141,이디야커피 고흥점,전남,34.6071649906078,127.289036904798,"흑임자 팥붕어빵, 쌍쌍 츄로스 세트",전남 고흥군 고흥읍 봉동주공길 11-2,061-833-0806,10:00 - 22:00,매중 일요일,있음
518142,피자스쿨 전남고흥점,전남,34.6092692402276,127.288607870804,"치즈피자, 페퍼로니피자",전남 고흥군 고흥읍 고흥로 1789,061-834-1254,,,없음
518143,좀쇄,전남,34.6051652206161,127.278976544298,"생연어초밥, 초새우초밥",전남 고흥군 고흥읍 고흥군청로 31,0507-1410-1221,11:30 - 21:00,매주 일요일,있음
518144,노블레스,전남,34.5242743937231,127.1405610937,"안심스테이크, 왕새우 치즈구이",전남 고흥군 도양읍 우주항공로 3,061-843-3885,11:30 - 22:00,매주 화요일,있음
518145,다기닭 동강점,전남,34.7813416186263,127.333658623945,"뼈후라이드, 순살후라이드",전남 고흥군 동강면 원유둔1길 24-8,061-835-9748,11:00 - 23:59,셋째 일요일,있음
518146,김밥왕국,전남,34.6056380101611,127.291439042889,"돈까스, 순두부",전남 고흥군 고흥읍 봉동주공길 37-4,061-832-3344,,,없음
518147,카페 쌍방울,전남,34.6083903904081,127.286405451257,"쌍방울커피, 블랙 라떼",전남 고흥군 고흥읍 시장천변길 35,0507-1418-0622,09:30 - 20:00,매주 일요일,없음
518148,요거프레소 고흥점,전남,34.6074290304552,127.282256489583,"아메리카노, 카페라떼",전남 고흥군 고흥읍 여산당촌길 7,061-835-6381,07:00 - 23:00,없음,없음
518149,대원식당,전남,,,백반,전남 고흥군 도양읍 비봉로 257,061-842-5018,06:00 - 17:00,없음,없음
518150,크라운호프 고흥점,전남,34.6051668415089,127.280471454775,"크라운어묵탕, 아귀포",전남 고흥군 고흥읍 고흥군청로 33,0507-1348-3053,17:00 - 24:00,없음,없음
518151,촌닭이두마리 고흥시장점,전남,34.6079586896391,127.284634488376,"옛날통닭, 닭똥집튀김",전남 고흥군 고흥읍 봉황길 33,061-835-6500,11:00 - 23:00,매주 일요일,없음
518152,명장진국설렁탕 녹동점,전남,34.5277695207397,127.138735240416,"설렁탕, 갈비탕",전남 고흥군 도양읍 녹동남촌1길 25,061-843-6900,10:30 - 22:00,매주 일요일,없음
518153,109COFFEE,전남,34.5089567458117,127.319051997026,"아메리카노, 카페라떼",전남 고흥군 도화면 당오천변1길 9,0507-1378-1009,09:00 - 20:30,,있음
518154,토크쇼 고흥점,전남,34.6094345281408,127.284864120986,"닭날개, 통닭 후라이드",전남 고흥군 고흥읍 홍교길 11,061-835-7760,,,없음
518155,맘스터치 고흥점,전남,34.6099014182787,127.289634919904,"싸이플렉스버거, 언빌리버블버거",전남 고흥군 고흥읍 고흥로 1796-5,061-832-9933,10:30 - 22:30,없음,없음
518156,참식당,전남,34.5248180517635,127.141271493709,"참치, 매운갈비찜",전남 고흥군 도양읍 녹동신항2길 6,0507-1464-0286,17:00 - 24:00,매주 화요일,없음
518157,거금팔경식당,전남,34.4571077223412,127.122576292543,"소갈비살, 차돌박이",전남 고흥군 금산면 거금중앙길 49,0507-1490-1537,10:00 - 22:00,없음,있음
518158,상희네밥집,전남,34.6077090102533,127.281244485939,"콩나물불고기, 가정식백반",전남 고흥군 고흥읍 여산당촌길 18,061-832-6025,,,있음
518159,심야식당,전남,34.6095821604106,127.28514417152,"연어사시미, 참사시미",전남 고흥군 고흥읍 홍교길 9,010-5050-3006,,,없음
518160,녹동민물장어직판장,전남,34.5249820364225,127.144194024922,"민물장어, 봉평메밀물막국수",전남 고흥군 도양읍 녹동신항2길 32,061-842-4300,10:00 - 21:00,매주 일요일,있음
518161,동해루,전남,34.5279717461592,127.136307066039,"짜장면, 짬뽕",전남 고흥군 도양읍 녹동시장길 9-1,061-842-3182,,,있음
518162,가마솥국밥,전남,34.6084456996079,127.281073073611,"모듬구이, 순대",전남 고흥군 고흥읍 터미널길 35-4,061-834-5633,,,없음
518163,롸잇나우 분식,전남,,,"떡볶이, 엄마김밥",전남 고흥군 도양읍 비봉로 125-1,061-842-9538,,,없음
518164,다복식당,전남,34.5749768511503,127.241257803421,"한방옻오리백숙, 오리주물럭",전남 고흥군 풍양면 죽시장터길 30,061-834-7507,06:00 - 21:00,"첫째, 셋째 일요일",있음
518165,녹동별난국밥,전남,34.5241253360989,127.14377725067,"돼지국밥, 순대국밥",전남 고흥군 도양읍 비봉로 263,061-843-8898,,,있음
518166,해변식당,전남,34.5271782932567,127.135003304467,"특정식, 게장정식",전남 고흥군 도양읍 비봉로 159,061-844-8822,,,있음
518167,바닷가장어숯불구이,전남,34.5271782932567,127.135003304467,"장어탕, 장어소금구이",전남 고흥군 도양읍 비봉로 159,061-842-5033,08:30 - 20:30,,있음
518168,유가네한우곰탕 고흥나로점,전남,34.4874162855399,127.468184622817,"한우소머리곰탕, 곰탕",전남 고흥군 동일면 우주로 2818,061-833-9888,,,있음
518169,짱구식당,전남,,,"오리야채불고기, 생삼겹살",전남 고흥군 도양읍 명동길 5-2,061-842-5888,,,없음
518170,사계절산장어숯불구이,전남,34.5280875516544,127.134791830265,"장어양념구이, 장어소금구이",전남 고흥군 도양읍 녹동쌍충길 10,0507-1330-6179,07:00 - 20:00,없음,없음
518171,웰덤치킨 고흥점,전남,34.6068428078082,127.288812289538,"크리미어니언, 할라피뇨크리미, 후라이드, 양념치킨, 떡볶이",전남 고흥군 고흥읍 봉동주공길 12,061-835-4255,13:00 -  01:00,없음,없음
518172,남해아구,전남,34.5275888974033,127.138392929515,"아구찜, 아구탕",전남 고흥군 도양읍 녹동남촌1길 26-1,061-842-0935,,,있음
518173,풍경채,전남,34.6122369762558,127.281810688424,"갈비탕, 육회비빔밥",전남 고흥군 고흥읍 흥양길 76,061-832-6777,11:30 - 21:00,"매주 토요일, 일요일",있음
518174,미미,전남,34.6058382554105,127.290630359447,"마카롱, 고구마케이크",전남 고흥군 고흥읍 봉동주공길 32,0507-1428-3223,11:00 - 19:00,"매주 일요일, 월요일, 화요일",없음
518175,양산박,전남,34.5748981071638,127.241145215235,"돼지갈비, 냉면",전남 고흥군 풍양면 죽시장터길 32,061-834-5229,10:00 - 20:30,"둘째, 넷째 일요일",있음
518176,팥죽나라국수마을,전남,34.6068708784949,127.289481793229,"팥칼국수, 동지팥죽",전남 고흥군 고흥읍 봉동주공길 17,061-834-7380,10:00 - 18:30/19:30,매주 일요일,있음
518177,페리카나 금산점,전남,34.461719519675,127.127508261616,"양념치킨, 후라이드",전남 고흥군 금산면 상하촌길 24-1,061-842-7471,,,없음
518178,평산횟집,전남,34.4889907295269,127.176840366365,"아나고, 세꼬시",전남 고흥군 금산면 평산길 80,061-843-1716,08:00 - 20:00,없음,있음
518179,금산식당,전남,34.5241592356307,127.143159099742,"백반, 맥주",전남 고흥군 도양읍 비봉로 257,061-842-3669,07:00 - 19:00,없음,있음
518180,녹동오늘감사한끼,전남,34.5256702381235,127.135748595358,"콩불고기비빔밥, 직화불고기쌈밥",전남 고흥군 도양읍 비봉로 177,061-843-7077,03:00 - 15:00,매주 월요일,있음
518181,마실,전남,,,"아메리카노, 파스타",전남 고흥군 봉래면 축정2길 2,061-835-8087,11:00 - 21:00,매주 일요일,없음
518182,숙이네 해장국,전남,34.5088334595795,127.317135394561,"소고기해장국, 뼈해장국",전남 고흥군 도화면 중심길 5,0507-1490-5951,10:00 - 22:00,매주 월요일,있음
518183,미성참갈비,전남,34.5285427374029,127.138619867154,"양념갈비, 대패삼겹",전남 고흥군 도양읍 녹동남촌3길 22,061-842-0045,,,있음
518185,김국뎅,전남,34.5293160311136,127.136514249585,"떡볶이  빨간맛, 찰순대",전남 고흥군 도양읍 비봉로 129,061-842-1090,,,없음
518186,피자스쿨 녹동점,전남,34.5304598579091,127.138061102158,"치즈피자, 페퍼로니피자",전남 고흥군 도양읍 천마로 86,061-843-1253,11:00 - 22:00,"둘째, 넷째 월요일",없음
518187,죽이요,전남,,,"닭죽, 야채죽",전남 고흥군 도양읍 녹동남촌2길 33,061-844-9797,11:00 - 21:00,없음,없음
518188,일미식당,전남,,,"백반, 한정식",전남 고흥군 두원면 두원로 473-1,061-835-4018,,,있음
518189,소주한잔,전남,34.6070184890072,127.282229043591,"오징어, 아귀포",전남 고흥군 고흥읍 서문여산길 70,061-835-6023,18:00 - 24:00,없음,있음
518190,BBQ치킨 고흥거금도점,전남,34.4631045683534,127.128329692496,"황금올리브치킨, 오리지날 양념치킨",전남 고흥군 금산면 거금중앙길 137,061-843-1008,13:00 - 24:00,없음,있음
518191,바다마을,전남,34.5283437877656,127.133108420864,"활어회, 장어구이",전남 고흥군 도양읍 북문길 7-4,061-833-9192,11:00 - 21:30,없음,없음
518192,덕이네,전남,34.6543358743292,127.318489358647,"추어탕, 오리탕",전남 고흥군 두원면 고흥로 2410,061-832-6837,,,있음
518193,먹곡가든,전남,34.5903881961261,127.266389362261,"백숙, 오리불고기",전남 고흥군 고흥읍 고흥로 1455-18,061-834-5566,11:00 - 20:00,없음,있음
518194,명태골 녹동점,전남,34.5264893150061,127.14043792372,"코다리냉면, 미나리삼겹살",전남 고흥군 도양읍 우주항공로 29,061-843-0072,11:30 - 21:00,매주 토요일,있음
518195,참빛횟집,전남,,,"장어구이, 장어탕",전남 고흥군 도양읍 비봉로 257,061-843-8890,,,있음
518196,역전할머니맥주 고흥읍점,전남,34.607615581163,127.28452767244,"치즈라볶이, 옛날통닭",전남 고흥군 고흥읍 고흥로 1739,061-834-5553,,,없음
518197,나로커피아일랜드,전남,34.4696438784514,127.463229702641,"까페라떼, 바닐라까페라떼",전남 고흥군 봉래면 신금리 885,0507-1385-3323,,,있음
518198,맥도날치킨 녹동점,전남,,,"후라이드치킨, 양념치킨",전남 고흥군 도양읍 명동길 5-5,061-842-9985,,,없음
518199,밤이달다,전남,34.5283219679701,127.144609653994,"국물닭발, 국물날개",전남 고흥군 도양읍 천마로 156,061-844-0818,17:00 - 24:00,매주 월요일,있음
518200,태성각중화요리,전남,34.5710853186021,127.340033772919,"짜장면, 팔보채",전남 고흥군 포두면 우주로 598,061-835-8200,,매주 월요일,있음
518201,신토불이팥죽,전남,34.5279062845322,127.133958835336,"팥죽, 칼국수",전남 고흥군 도양읍 녹동남문길 6,0507-1319-6305,10:00 - 18:00,없음,없음
518202,옛날통닭 고흥점,전남,,,"옛날통닭, 날개튀김",전남 고흥군 고흥읍 고흥로 1768,061-835-9229,,,없음
518203,히트피자 녹동점,전남,34.5287185493987,127.137397723604,"군고구마피자, 포테이토피자",전남 고흥군 도양읍 녹동남촌2길 25,061-844-3082,,,없음
518204,황토흑돼지,전남,34.4652663102826,127.454883824266,"삼겹살, 갈비",전남 고흥군 봉래면 나로도항길 101,061-834-6340,10:00 - 22:00,둘째 일요일,있음
518205,풍어수산,전남,34.6296705607163,127.495312363942,"반건조생선, 왕새우",전남 고흥군 영남면 우천우두길 24-91,010-4559-5344,08:00 - 18:00,"첫째, 셋째 월요일",있음
518206,도화에오면,전남,34.5109433817305,127.320285331798,"전통차, 다방커피",전남 고흥군 도화면 중심길 42-2,0507-1415-8275,10:00 - 22:00,없음,있음
518207,신의 한수 포차,전남,34.6091788722452,127.284326617444,"까르보 치킨 빠네, 소곱창 구이",전남 고흥군 고흥읍 봉황길 18,0507-1315-4636,11:00 -01:00,"둘째, 넷째 화요일",없음
518208,불로만치킨바베큐 고흥점,전남,,,"립사이 바베큐, 까르보나라 한식 바베큐",전남 고흥군 고흥읍 봉황길 20-1,061-833-9092,,,없음
518209,신성식당,전남,34.5291290933099,127.133640233503,"통장어, 족발탕",전남 고흥군 도양읍 녹동남문길 17,061-842-7700,10:00 - 22:00,없음,없음
518210,광일기사식당,전남,34.6741508029367,127.359953243487,"삼겹살, 백반",전남 고흥군 과역면 고흥로 2925-3,061-833-9444,,,있음
518211|518221,나우커피 고흥점,전남,34.6047053191219,127.276953101545,"아메리카노, 카페라떼, 아이스 카페라떼",전남 고흥군 고흥읍 고흥군청로 4,0507-1399-4390,17:00 - 01:00,없음,없음
518212,정든보리밥뷔페,전남,34.7829220170841,127.334233440191,"보리밥, 김치",전남 고흥군 동강면 원유둔1길 41,0507-1366-8588,11:30 - 15:00,매주 일요일,없음
518213,카페꽁띠,전남,34.5256702381235,127.135748595358,"아메리카노, 카페라떼",전남 고흥군 도양읍 비봉로 177,0507-1447-9104,,"첫째, 셋째 월요일",있음
518214,김밥천국고흥점,전남,34.6080551181716,127.284258679731,"야채김밥, 참치마요김밥",전남 고흥군 고흥읍 봉황길 36,061-835-8196,,매주 화요일,없음
518215,일조식당,전남,34.6521911297695,127.380875938072,"자연산민물장어, 한정식한상",전남 고흥군 점암면 점암학교길 24,061-832-8265,,,없음
518216,수에즈 Coffee,전남,34.5241592356307,127.143159099742,"아메리카노, 카페라떼",전남 고흥군 도양읍 비봉로 257,061-842-4989,,,있음
518217,남도맛집,전남,34.4651996301209,127.4543917298,"장어탕, 하모 샤브샤브",전남 고흥군 봉래면 나로도항길 109,061-832-4505,,,있음
518218,돼지발차기,전남,34.528880728018,127.138110560976,"족발, 막국수",전남 고흥군 도양읍 녹동남촌1길 12,061-842-4242,10:00 - 22:00,없음,없음
518220,금다연,전남,34.6106134219408,127.287938724577,"한정식, 복분자",전남 고흥군 고흥읍 신계학림길 8,061-835-2288,,,있음
518222,오슈,전남,34.6096678108948,127.288588752833,"아메리카노, 플레인 요거트",전남 고흥군 고흥읍 흥양길 4,0507-1467-1719,12:00 - 19:00/20:00,매주 일요일,없음
518223,난타5000피자 고흥점,전남,34.6076745040996,127.282562808121,"페파로니 피자, 콤비네이션 피자",전남 고흥군 고흥읍 여산당촌길 6-1,061-835-5092,,,있음
518224,곡성가든,전남,35.3025007675257,127.144291919106,"트러플 안심 스테이크, 곡성 작두갈비 스테이크",전남 곡성군 옥과면 배감길 16-19,061-362-9085,11:30-22:00,매주 월요일,있음
518225,지리산가는길,전남,35.1763526349638,127.352021958511,"치즈돈까스, 등심돈까스",전남 곡성군 죽곡면 대황강로 1334,0507-1438-5842,11:00 - 20:00,매주 월요일,있음
518226,청솔가든,전남,,,"참게수제비, 메기탕",전남 곡성군 오곡면 대황강로 1560,061-362-6931,11:30 - 19:00,없음,있음
518227,01DORA,전남,35.2786987969539,127.30587503296,"아메리카노, 카페라떼",전남 곡성군 오곡면 기차마을로 260,061-362-0005,10:00 - 22:00,없음,있음
518228,단편,전남,35.2755537493666,127.310267838885,"아메리카노, 카페라떼",전남 곡성군 오곡면 기차마을로 202,0507-1320-1918,10:00 - 22:00,없음,있음
518229,별천지가든,전남,35.2135404009306,127.371857109325,"참게탕, 은어튀김",전남 곡성군 오곡면 섬진강로 1266,061-362-8746,11:00-21:00,,있음
518230,미실란밥카페반하다,전남,35.3018995938458,127.299880322443,"발아오색낭만세트, 멜론돈까스",전남 곡성군 곡성읍 섬진강로 2584,061-363-7060,11:30-15:00,"매주 월요일, 화요일",있음
518231,제일식당,전남,,,"목살주물럭, 생삼겹살",전남 곡성군 오곡면 오지리 476,061-363-2955,11:00 - 20:00,매주 일요일,있음
518232,청계참다슬기,전남,35.3113021331066,127.26300842075,"다슬기 해장국, 다슬기 정식",전남 곡성군 곡성읍 청계동로 409,061-363-4774,11:00 - 21:00,"첫째, 셋째 화요일",있음
518233,광수사,전남,35.2790824092634,127.294837488962,"낙지탕탕이, 해물어묵탕",전남 곡성군 곡성읍 곡성로 833,0507-1428-9889,08:00 - 21:00,매주 토요일,있음
518234,BBQ치킨 옥과점,전남,,,"황금올리브치킨, 오리지날양념치킨",전남 곡성군 옥과면 대학로 147,061-363-9282,15:00 - 01:00,없음,있음
518235,스페셜,전남,35.2726913953247,127.13304359823,"등심까스, 치즈까스",전남 곡성군 옥과면 리문2길 18,0507-1377-1986,11:00 - 14:00,매주 일요일,있음
518236,엄마바지락칼국수,전남,35.2825931998584,127.298297367864,"바지락 칼국수, 떡만두국",전남 곡성군 곡성읍 읍내18길 4,061-363-5430,11:00 - 14:00/20:00,,없음
518237,도림장어,전남,35.1271925587269,127.250955867048,"장어구이, 누룽지",전남 곡성군 석곡면 주석로 623-12,0507-1429-6366,11:30 - 19:30,매주 월요일,있음
518238,유나네뼈다귀국밥,전남,35.2769337428301,127.289787710922,"우거지 해장국, 우거지 감자탕",전남 곡성군 곡성읍 학교로 3,0507-1384-2883,09:00 - 22:00,없음,있음
518239,뜨레핀,전남,35.28224064994,127.296773222494,"로제해물떡볶이, 아메리카노",전남 곡성군 곡성읍 중앙로 133,010-9395-4150,11:00 - 17:00,"매주 일요일, 월요일",있음
518240,북경원,전남,35.1292333529582,127.253586964627,"짜장면, 짬뽕",전남 곡성군 석곡면 석곡로 24,061-362-3106,11:30 - 20:00,"첫째, 셋째 월요일, 둘째, 넷째 일요일",있음
518241,맥시칸치킨 곡성점,전남,,,"후라이드치킨, 양념치킨",전남 곡성군 곡성읍 군청로 19,061-362-2850,13:00 - 22:30,없음,있음
518242,나루터,전남,35.1880535706892,127.394305089229,"다슬기 무침, 다슬기수제비",전남 곡성군 죽곡면 하한길 3,061-362-5030,11:00 - 20:00,없음,있음
518243,고향숯불갈비,전남,,,"돼지 숯불갈비, 삼겹살",전남 곡성군 곡성읍 학교로 155,061-362-2070,11:00 - 22:00,"첫째, 셋째, 다섯째 일요일",없음
518244,살아있는 꼼장어,전남,35.307376752094,127.295882649894,"국내산꼼장어, 한방 장어탕",전남 곡성군 곡성읍 청계동로 86,061-363-4141,11:00 - 21:00,없음,있음
518245,맘스터치 곡성읍점,전남,35.2818168561968,127.290941469737,"트리플딥치즈싸이버거, 텍사스바베큐치킨버거",전남 곡성군 곡성읍 군청로 51,061-362-3377,11:00 - 21:00,,있음
518246,친정엄마네,전남,35.2797685130675,127.298437597104,"왕돈가스, 뼈다귀탕",전남 곡성군 곡성읍 곡성로 856,0507-1427-9971,07:00 - 21:00,"둘째, 넷째 수요일",있음
518247,초원숯불갈비,전남,35.2807096295414,127.294933960551,"생갈비, 양념갈비",전남 곡성군 곡성읍 중앙로 110-1,061-363-3439,,,있음
518248,함지박식당,전남,35.2758669852514,127.136617785183,"바지락 죽, 바지락 비빔밥",전남 곡성군 옥과면 리문6길 10-1,0507-1327-3078,11:00 - 20:00,매주 일요일,있음
518249,BHC치킨 전남곡성점,전남,35.2797385721403,127.293990200094,"치퐁당 후라이드, 골드킹 콤보",전남 곡성군 곡성읍 읍내8길 11-1,061-363-9199,12:00 - 24:00,,있음
518250,BHC치킨 곡성옥과점,전남,35.2746570530628,127.136112468079,"치퐁당 후라이드, 하바네로 포테킹",전남 곡성군 옥과면 리문5길 18,0507-1327-1711,15:00 - 23:00,매주 일요일,없음
518251,풍미,전남,35.2816534844216,127.293313414239,"생선구이 돌솥밥, 곤드레 돌솥밥",전남 곡성군 곡성읍 읍내17길 9,0507-1315-5270,10:00 - 21:00,없음,있음
518252,하생촌,전남,35.210871571094,127.371310861253,"아메리카노, 카페라떼",전남 곡성군 오곡면 섬진강로 1232,0507-1348-8681,10:00 - 19:00,,있음
518253,오가네,전남,35.2763614716455,127.290243682365,"닭볶음탕, 닭곰탕",전남 곡성군 곡성읍 곡성로 782,061-363-1311,11:30 - 20:30,매주 일요일,있음
518254,두목소머리국밥,전남,35.2791384840903,127.296529099792,"곰탕, 소머리국밥",전남 곡성군 곡성읍 곡성로 848,061-363-9953,09:00 - 21:00,매주 월요일,있음
518255,신포우리만두 곡성점,전남,35.2814595438795,127.293785043082,"치즈돈가스, 돌솥비빔밥",전남 곡성군 곡성읍 읍내11길 8,061-363-6677,,,있음
518256,멜롱살롱,전남,35.2927511843883,127.317827544426,"멜론쥬스, 아메리카노",전남 곡성군 곡성읍 곡고로 188-11,0507-1367-8963,10:00 - 18:00,,있음
518257,송다원,전남,35.2610126854504,127.132642299261,"능이버섯삼계탕, 오리능이백숙",전남 곡성군 옥과면 가곡길 129-1,061-362-4700,11:30 - 21:00,매주 화요일,있음
518258,곡성멜론,전남,35.2831687715826,127.298708171545,"아메리카노, 카페라떼",전남 곡성군 곡성읍 중앙로 154-1,010-8600-0245,10:00 - 19:00,없음,있음
518259,오늘도무사히,전남,35.2797685130675,127.298437597104,"흑돼지 크림 파스타, 흑돼지 토마토 파스타",전남 곡성군 곡성읍 곡성로 856,0507-1312-8522,11:30 - 14:00,"매주 일요일, 월요일",있음
518260,코리엔탈깻잎두마리치킨 석곡점,전남,,,"블랙캐비어치킨, 골드트러플치킨",전남 곡성군 석곡면 석곡로 42-3,0504-0953-0902,14:00 - 24:00,없음,없음
518261,곡성횟집,전남,35.2769337428301,127.289787710922,"우럭회, 전어구이",전남 곡성군 곡성읍 학교로 3,061-362-8889,11:00 - 21:30,"첫째, 셋째 월요일",있음
518263,초정 발효 밥카페,전남,35.2719197488611,127.132393110265,"야채 비빔밥, 야채 전복죽",전남 곡성군 옥과면 대학로 78-21,010-8611-0053,10:00 - 20:00,매주 일요일,있음
518264,궁전회관,전남,35.2782811560333,127.289485404863,"보리굴비정식, 한정식",전남 곡성군 곡성읍 중앙로 54,061-362-1539,11:00 - 21:00,없음,있음
518265,백련제민물장어,전남,35.2859786013368,127.163156727284,"백련제민물장어, 백련제추어탕",전남 곡성군 겸면 입면로 163-10,061-363-0592,11:00 - 20:00,매주 월요일,있음
518266,삼시세끼,전남,,,"돈까스 김밥, 즉석 떡볶이",전남 곡성군 곡성읍 중앙로 105-2,010-9588-6943,08:00 - 20:00,,있음
518267,라짬뽕,전남,35.2752160412038,127.133464184632,"짜장면, 짬뽕",전남 곡성군 옥과면 대학로 123,0507-1339-5871,11:00 - 20:00,매주 토요일,있음
518268,압구정김밥 곡성점,전남,35.2821940672155,127.290640974672,"돈가스, 치즈돈가스",전남 곡성군 곡성읍 군청로 51-2,061-363-0089,09:00 - 14:00/19:30,매주 일요일,없음
518269,맘스터치 전남과학대점,전남,35.2743704868867,127.132649783992,"싸이플렉스버거, 언빌리버블버거",전남 곡성군 옥과면 대학로 114,061-363-0027,11:00/12:00 - 21:00,,있음
518270,롯데리아 곡성점,전남,35.2783611253839,127.29340530381,"한우 트러플머쉬룸, 한우불고기버거",전남 곡성군 곡성읍 곡성로 817,061-363-3900,,,있음
518271,둘둘치킨 옥과점,전남,35.2758357694089,127.134471896628,"후라이드치킨, 양념치킨",전남 곡성군 옥과면 대학로 135-1,061-362-2274,13:00 - 01:00,없음,없음
518272,크로크루,전남,35.2797685130675,127.298437597104,"오리지널 크로플, 하겔슈가 크로플",전남 곡성군 곡성읍 곡성로 856,0507-1344-2944,10:00 - 19:30,매주 일요일,있음
518273,소나무,전남,35.1771069763595,127.352486723837,"단팥빵, 모카빵",전남 곡성군 죽곡면 대황강로 1343-1,0507-1305-7820,10:30 - 21:00,매주 월요일,있음
518274,수다라,전남,35.1491275444673,127.318835659825,"아메리카노, 카페라떼",전남 곡성군 죽곡면 대황강로 802,0507-1322-2283,10:30 - 21:00,"둘재, 넷째 수요일",있음
518275,스물CAFE,전남,35.2787643559122,127.302961055968,"에스프레소, 로즈밀크",전남 곡성군 오곡면 승법길 20,0507-1490-2121,10:30 - 21:00,"둘째, 넷째 월요일",있음
518276,그레이스,전남,35.2797208376761,127.293349972955,"아메리카노, 카페라떼",전남 곡성군 곡성읍 군청로 16,061-363-5005,11:50/12:30 - 21:30,매주 일요일,없음
518277,카페거북당,전남,35.2748970869904,127.132945206641,"복숭아 아이스티, 인생 밀크티",전남 곡성군 옥과면 대학로 117,0507-1482-9098,08:00 - 22:00,없음,있음
518278,예성식당,전남,35.2772637110337,127.137645199502,"황칠옻닭, 황칠옻오리",전남 곡성군 옥과면 대학로 169,0507-1334-3703,06:00 - 21:00,없음,있음
518279,본죽&비빔밥cafe 전남곡성점,전남,35.2797385721403,127.293990200094,"전복죽, 낙지김치죽",전남 곡성군 곡성읍 읍내8길 11-1,061-363-8867,09:00 - 21:00,,있음
518280,약대추산장,전남,35.2505670090961,127.302028728621,"능이오리백숙, 능이닭백숙, 능이닭탕, 흑염소 탕, 전골, 수육",전남 곡성군 오곡면 미산길 118-13,061-362-0037,11:30 - 20:00,매주 월요일,있음
518281,섬진강민물매운탕,전남,35.2754396178364,127.137450095899,"메기매운탕, 잡어탕",전남 곡성군 옥과면 리문6길 19,061-362-5223,,,있음
518282,통큰통갈비 옥과점,전남,35.2749948125321,127.135123714311,"돼지갈비, 제육볶음",전남 곡성군 옥과면 리문4길 10,061-362-2030,10:30 - 21:30,없음,있음
518283,본때 곡성점,전남,35.281499589423,127.290902302418,"감자탕, 부대찌개",전남 곡성군 곡성읍 군청로 47,061-363-4242,11:00 - 22:00,매주 일요일,있음
518284,흥남면옥,전남,35.2819421974681,127.290580937124,"물냉면, 비빔냉면",전남 곡성군 곡성읍 군청로 51-5,061-363-4884,11:00 - 20:00,없음,있음
518285,또가원,전남,35.2566422914041,127.109540156352,"핸드드립 커피, 호밀호두빵",전남 곡성군 오산면 연화길 58-4,0507-1428-0012,12:30 - 18:00,"매주 월요일, 화요일",있음
518286,바세츠아이스크림 전남곡성점,전남,35.2810547728161,127.294703390915,"아포가토, 패스츄리도넛",전남 곡성군 곡성읍 중앙로 109-1,061-362-1114,10:00 - 22:00,없음,없음
518287,동막골,전남,35.2807018170552,127.299944389067,"추어탕, 닭볶음탕",전남 곡성군 곡성읍 곡성로 882,0507-1426-1880,11:00 - 21:00,"둘째, 넷째 일요일",있음
518288,청국장과흑두부,전남,35.2672070162753,127.126038076819,"버섯전골 돌솥밥, 청국장 돌솥밥",전남 곡성군 옥과면 천변로 19,061-362-0104,11:00 - 20:00,매주 월요일,있음
518290,송정가든,전남,,,"토종닭 백숙 코스 요리, 토종닭 볶음탕 코스 요리",전남 곡성군 오곡면 섬진강로 1550,061-362-8531,,,있음
518291,감성분식 청춘식당 과학대점,전남,,,"참치김밥, 김치볶음밥",전남 곡성군 옥과면 대학로 136,061-362-7179,11:00 - 19:30,매주 토요일,없음
518292,삼기국밥,전남,35.2828224762584,127.299474377114,"내장국밥, 새끼보국밥",전남 곡성군 곡성읍 읍내22길 9-1,061-363-0424,09:00 - 21:00,없음,있음
518293,묵이네초밥,전남,35.2797685130675,127.298437597104,"활어회 초밥, 생연어 초밥",전남 곡성군 곡성읍 곡성로 856,0507-1341-5369,12:00 - 20:00,없음,있음
518294,명장,전남,35.2745664651018,127.133526977667,"짜장, 짬뽕",전남 곡성군 옥과면 대학로 112-14,061-363-7972,,,있음
518295,명성호수산장,전남,35.2584886609169,127.290116321655,"흑염소, 오리백숙, 닭백숙, 오리로스, 능이 닭곰탕, 토끼탕",전남 곡성군 오곡면 오죽로 1777,061-362-6700,10:00 - 20:00,없음,있음
518296,커피팩토리,전남,35.2749446357461,127.134856324909,"콜드브루 라떼, 수제팥빙수",전남 곡성군 옥과면 리문4길 8,061-363-6502,08:00 - 22:00,없음,있음
518297,맹성식당,전남,35.3053157795921,127.187785214032,"제육볶음, 삼계탕",전남 곡성군 입면 송전로 6,061-363-1431,10:30 - 21:00,매주 토요일,있음
518298,함박가든,전남,35.278017970594,127.292257314542,"해물탕, 아구찜",전남 곡성군 곡성읍 곡성로 805,061-363-8484,09:00 - 22:00,없음,있음
518299,소문난왕짬뽕,전남,35.193543519319,127.37456535781,"짜장면, 간짜장",전남 곡성군 오곡면 대황강로 1635,061-363-3881,,,있음
518300,곡성바게트버거,전남,35.2753071535526,127.311141249097,"바게트버거, 매일딸기우유",전남 곡성군 오곡면 기차마을로 194,0507-1320-3624,12:00 - 18:00,"매주 월요일, 화요일, 수요일",있음
518301,Bs coffee&Brunch,전남,35.2781859339456,127.292686480585,"에스프레소, 아메리카노",전남 곡성군 곡성읍 곡성로 809,061-363-3722,10:00 - 18:00,없음,있음
518302,청년피자 곡성점,전남,35.2799394832161,127.292799740492,"바삭한허니비피자, 할라불고기피자",전남 곡성군 곡성읍 중앙로 90,061-363-6789,11:00 - 23:00,없음,없음
518303,토마토도시락 전남과학대점,전남,35.2745321252711,127.132870859686,"치킨마요, 돈까스마요",전남 곡성군 옥과면 대학로 116,061-363-7988,08:00 - 20:00,,없음
518304,기차마을가든,전남,35.2768621233307,127.307198199,"불고기백반, 참게장백반",전남 곡성군 오곡면 기차마을로 233,061-363-1367,08:00 - 23:00,없음,있음
518305,오곡커피,전남,35.2719180594099,127.314858439783,"아메리카노, 카페라떼",전남 곡성군 오곡면 기차마을로 144,061-363-8666,10:30/11:00 - 18:00/20:00,매주 일요일,있음
518306,밍글,전남,35.2785707728278,127.289817174421,"아메리카노, 헤이즐넛",전남 곡성군 곡성읍 중앙로 58,0507-1497-4000,12:00 - 01:00,매주 일요일,있음
518307,삼화관광농원,전남,35.2872238998595,127.166720581779,"오리구이, 오리전골",전남 곡성군 겸면 입면로 208,061-362-8586,11:00 - 21:00,매주 월요일,있음
518308,용식이삼겹,전남,,,"삼겹살, 꽃살",전남 곡성군 곡성읍 중앙로 139,0507-1360-8293,17:00 - 22:00,매주 월요일,없음
518309,광주가든,전남,35.1616815507413,127.339465431516,"쏘가리탕, 자연산 장어구이",전남 곡성군 죽곡면 대황강로 1071,061-363-6700,10:00 - 21:00,없음,있음
518310,맥시칸치킨 석곡점,전남,,,"후라이드치킨, 양념치킨",전남 곡성군 석곡면 석곡로 77,061-362-3962,,,있음
518311,대원식당,전남,,,"아구찜, 아구탕",전남 곡성군 석곡면 석곡8길 8-7,0507-1337-2287,05:00 - 22:00,없음,있음
518312,옥과흑염소,전남,35.2751911839598,127.137153682194,"흑염소탕, 삼계탕",전남 곡성군 옥과면 리문6길 22-1,061-362-6663,11:30 - 20:00,"첫째, 셋째 월요일",있음
518313,산과바다,전남,35.2795777688152,127.288526258653,"가정식백반, 생선구이",전남 곡성군 곡성읍 학교로 34,061-363-8599,11:30 - 14:00,"매주 토요일, 일요일",있음
518314,동운식당,전남,35.1263635820009,127.252212486327,"불백, 황칠왕갈비탕",전남 곡성군 석곡면 주석로 620-4,061-362-3266,10:00 - 22:00,없음,있음
518315,두마리찜닭 두찜 전남곡성점,전남,35.2805447216704,127.292952728244,"로제찜닭, 트러플크림찜닭게티",전남 곡성군 곡성읍 군청로 26,061-362-8301,11:00 - 23:00,없음,없음
518316,뜨란채밥상 한식뷔페,전남,35.2806308374174,127.294681300081,"백반, 불고기도시락",전남 곡성군 곡성읍 중앙로 108-2,061-363-8413,11:00 - 14:00,매주 일요일,있음
518317,뚜꺼비,전남,35.236044359261,127.122435017505,"짜장, 짬뽕",전남 곡성군 오산면 오산로 585,061-363-1119,,,있음
518318,하누리,전남,35.1311488220383,127.253593341763,"설렁탕, 갈비탕",전남 곡성군 석곡면 강변로 2,0507-1407-9288,08:00 - 22:00,없음,없음
518319,오븐마루치킨 옥과점,전남,35.2756647912848,127.1348710379,"오리지널로스트, 바베큐로스트",전남 곡성군 옥과면 대학로 138-1,061-363-1192,16:00 - 02:00,없음,없음
518320,맥시칸치킨 입면1점,전남,,,"하림닭강정, 후라이드치킨",전남 곡성군 입면 입면로 489,061-363-9922,13:00 - 22:00,없음,없음
518321,오리엔스 송정가,전남,,,"아메리카노, 라떼",전남 곡성군 오곡면 심청로 178,0507-1308-6231,12:00 - 18:00,"매주 월요일, 화요일, 수요일, 목요일",있음
518322,Cafe Roasting293,전남,35.2798704532612,127.293983861791,"카페라떼, 아메리카노",전남 곡성군 곡성읍 읍내8길 7-1,0507-1329-6043,11:00 - 17:00,"매주 토요일, 일요일",있음
518323,차이나궁,전남,35.2716731047753,127.315020374343,"짜장, 짬뽕",전남 곡성군 오곡면 기차마을로 140-1,061-363-7490,10:30 - 20:30,"첫째, 셋째 화요일",없음
518324,대복정,전남,,,"생선구이, 쭈꾸미철판구이",전남 곡성군 곡성읍 중앙로 153-3,0507-1437-7813,09:00 - 21:00,없음,없음
518325,류정수옛날손짜장,전남,35.2271061328095,127.227465810472,"짜장면, 짬뽕",전남 곡성군 삼기면 곡순로 1237,061-362-5133,10:00 - 21:00,없음,있음
518327,이디야커피 곡성점,전남,35.2783611253839,127.29340530381,"아메리카노, 카페라떼",전남 곡성군 곡성읍 곡성로 817,061-363-0050,09:00 - 21:00,"매주 토요일, 일요일",있음
518328,CAFE 다얼,전남,35.2752861674529,127.136691660282,"아메리카노, 헤이즐넛",전남 곡성군 옥과면 리문5길 11-5,070-4675-0690,10:00 - 19:00,매주 일요일,있음
518329,에이플러스커피,전남,35.2750520320331,127.133187046802,"아메리카노, 카페라떼",전남 곡성군 옥과면 대학로 121,061-362-8333,08:00 - 22:00,없음,있음
518330,기차반점,전남,35.2770690650725,127.307980252518,"탕수육, 수타 토란 짬뽕",전남 곡성군 오곡면 기차마을로 230-1,0507-1348-3404,10:30 - 18:00/20:00,,있음
518332,미스터붐치킨임실치즈피자 옥과점,전남,,,"후라이드치킨, 핫후라이드치킨",전남 곡성군 옥과면 대학로 110,061-363-3259,,,있음
518333,빵그래,전남,35.2753495918832,127.134790389112,"우유식빵, 아메리카노",전남 곡성군 옥과면 리문4길 6,0507-1379-7489,08:00 - 23:00,"매주 토요일, 일요일",없음
518334,순자강 민물매운탕,전남,35.312288151208,127.266730755413,"참게탕, 참게장",전남 곡성군 곡성읍 청계동로 371,061-363-3999,10:00/10:30 - 20:30/21:00,격주 화요일,있음
518335,시장밥집,전남,,,"백반, 김치찌개",전남 곡성군 곡성읍 곡성로 856,0507-1385-4588,10:00 - 17:00,,있음
518337,태안산장,전남,35.1336896670752,127.36609508469,"숯불닭구이, 한방백숙",전남 곡성군 죽곡면 태안로 622-6,061-362-4206,11:00 - 19:00,매주 월요일,있음
518338,B's coffee,전남,35.2767109901438,127.307544626786,"에스프레소, 아메리카노",전남 곡성군 오곡면 기차마을로 229,061-363-3721,10:00 - 22:00,없음,있음
518339,한끼,전남,,,"오징어볶음, 제육볶음",전남 곡성군 오곡면 기차마을로 138,061-363-8337,10:30 - 24:00,없음,없음
518340,언폴드커피,전남,35.2812935274198,127.29188194407,"아메리카노, 아인슈페너",전남 곡성군 곡성읍 군청로 37,0507-1355-3821,08:00/10:00 - 20:00,매주 일요일,있음
518341,요거프레소 전남곡성점,전남,35.2805191997522,127.293479149227,"아메리카노, 플레인 요거트 아이스크림",전남 곡성군 곡성읍 중앙로 97,061-363-6989,11:00 - 22:00,없음,있음
518342,옥과커피,전남,35.2656931943976,127.122365966531,"아메리카노, 카페라떼",전남 곡성군 오산면 오산로 978,0507-1312-3772,10:00/11:00 - 17:00,,있음
518343,큰손탕집,전남,35.2818175246453,127.293537694887,"갈치찌개, 삼겹살",전남 곡성군 곡성읍 읍내17길 11,061-363-5118,11:30 - 21:30,매주 일요일,없음
518344,옥과일번지포차,전남,35.2745053364216,127.135004856508,"모듬전, 알탕",전남 곡성군 옥과면 리문3길 11-3,0507-1495-2610,15:00-24:00,매주  일요일,있음
518346,김밥천국,전남,,,"추어탕, 칼국수",전남 곡성군 곡성읍 중앙로 111-1,061-363-4777,06:30 - 18:30,매주 목요일,있음
518347,벤티,전남,35.2805447216704,127.292952728244,"아메리카노, 카페라떼",전남 곡성군 곡성읍 군청로 26,0507-1451-7800,07:30 - 20:30/22:00,,있음
518348,파리바게뜨 전남곡성점,전남,35.2803871524693,127.293107916003,"아이스아메리카노, 단팥빵",전남 곡성군 곡성읍 중앙로 93,061-363-8202,07:00/08:00 - 22:00,,있음
518349,국수전문점,전남,35.2484669331845,127.260132823748,"잔치국수, 비빔국수",전남 곡성군 곡성읍 곡성로 357,061-362-5678,,,있음
518350,육장갈비 일품양평해장국 곡성점,전남,,,"육장갈비, 돼지왕갈비",전남 곡성군 오곡면 기차마을로 151,0507-1313-2592,10:00 - 22:00,"첫째, 셋째 일요일",있음
518351,가든산장,전남,35.1919259810112,127.375983788945,"메기참게매운탕, 참게탕",전남 곡성군 죽곡면 섬진강로 1015,061-362-8343,10:30 - 20:00,,있음
518352,진미식당,전남,,,"능이한방 해신탕, 능이한방 오리백숙",전남 곡성군 삼기면 괴소리 281-14,061-363-7702,11:00 - 15:00,매주 일요일,있음
518353,우리회관,전남,,,"삼겹살, 돼지갈비",전남 곡성군 곡성읍 중앙로 118,061-363-8321,,,있음
518354,곡성닭집,전남,35.2796428166371,127.295003627712,"후라이드치킨, 양념치킨",전남 곡성군 곡성읍 읍내10길 13-1,061-363-7643,,,없음
518355,톰아저씨빵집,전남,35.2761233429743,127.13507821586,"이불빵, 피자고로케",전남 곡성군 옥과면 대학로 141,061-363-6532,08:00 - 22:00,없음,있음
518356,도림산장,전남,35.2635713578794,127.263795250317,"황칠백숙, 옻닭",전남 곡성군 곡성읍 도림로 110,061-363-4303,10:00 - 21:00,없음,있음
518357,웃는집 하선오리,전남,35.2662459320218,127.104337870576,"황칠오리한방탕, 오리주물럭",전남 곡성군 오산면 운곡1길 49-18,061-363-5279,11:00/15:00 - 20:00,,없음
518358,처갓집양념치킨 곡성점,전남,35.2826982480592,127.297474876171,"양념치킨, 슈프림골드치즈볼",전남 곡성군 곡성읍 중앙로 141,061-363-7870,,,있음
518359,커피앳50th,전남,,,"아메리카노, 카페라떼",전남 곡성군 곡성읍 곡성로 806,061-363-5944,10:00 - 22:00,"매주 토요일, 일요일",있음
518360,석곡돼지한마리,전남,35.1302159549461,127.254905516998,"흑돼지 석쇠구이, 생삼겹",전남 곡성군 석곡면 석곡2길 13,061-362-3077,,,있음
518361,현숙손맛,전남,35.2810547728161,127.294703390915,"새우장 백반, 돌게장 백반",전남 곡성군 곡성읍 중앙로 109-1,0507-1403-6705,11:00 - 20:00,매주 일요일,없음
518362,시골밥상,전남,,,"백반, 누룽지",전남 곡성군 죽곡면 대황강로 801,061-363-7837,,,있음
518363,순대국밥뚝배기,전남,35.3055027384687,127.188292970337,"내장국밥, 머리국밥",전남 곡성군 입면 입면로 493,061-362-6244,,,없음
518364,바다세계 양푼이 동태탕,전남,35.2791384840903,127.296529099792,"동태탕, 동태내장탕",전남 곡성군 곡성읍 곡성로 848,061-363-0996,11:00 - 20:30,매주 화요일,있음
518365,거식이와머식이,전남,,,"두부김치, 돼지 짜글이",전남 곡성군 곡성읍 중앙로 76,061-363-9898,16:00 - 00:00,없음,있음
518366,다미식당,전남,,,"삼겹살, 생태탕",전남 곡성군 곡성읍 중앙로 126,061-362-1439,,,없음
518367,구름다리가든,전남,35.2300847134868,127.368746031621,"가정식백반, 제육볶음",전남 곡성군 오곡면 섬진강로 1466,061-363-8999,,,있음
518368,카페 꽃가람,전남,35.1305352143895,127.25593324708,"아메리카노, 카페라떼",전남 곡성군 석곡면 강변로 26,0507-1426-5009,,,있음
518369,다혜반점,전남,35.3057253799021,127.1923522015,"짜장면, 짬뽕",전남 곡성군 입면 입면로 530,061-363-6630,,,있음
518370,BC800커피 곡성본점,전남,35.2811126509982,127.294920252895,"아메리카노, 카페라떼",전남 곡성군 곡성읍 중앙로 111-1,070-4274-9600,,,없음
518371,광명숯불구이,전남,35.2755069734191,127.135991996686,"등심, 생고기",전남 곡성군 옥과면 리문5길 9,061-363-3161,11:30 - 21:00,없음,있음
518372,청풍,전남,35.2741004712695,127.132296419879,"짜장면, 짬뽕",전남 곡성군 옥과면 대학로 106,061-363-1988,,,있음
518373,엄니밥상,전남,35.2707620973557,127.315099057119,"백반정식, 얼큰 김치찌개",전남 곡성군 오곡면 기차마을로 131,0507-1319-5541,09:00 - 19:00,없음,없음
518374,섬진강장군목다슬기,전남,35.2546599638941,127.172942351329,"다슬기수제비, 다슬기정식",전남 곡성군 겸면 곡순로 1851,061-363-1668,,,있음
518375,옥과순대국밥,전남,35.2763644268939,127.135905278969,"막창구이, 곱창전골",전남 곡성군 옥과면 옥과리 88-2,061-362-5061,,,없음
518377,화소담,전남,35.2836858713742,127.301251390719,"아메리카노, 카페라떼",전남 곡성군 곡성읍 낙동원로 26,0507-1431-3912,,,없음
518378,에밀리아젤라또 곡성기차마을점,전남,35.2775315721907,127.308286688106,"바닐라 젤라치노, 초콜릿 젤라치노",전남 곡성군 오곡면 기차마을로 232,070-4659-2976,,,있음
518379,청년챌린지마켓,전남,35.2797685130675,127.298437597104,"핫도그, 치즈김치전",전남 곡성군 곡성읍 곡성로 856,0507-1332-4041,,,있음
518381,전주식당,전남,,,"다슬기탕백반, 다슬기수제비",전남 곡성군 오곡면 섬진강로 1063,061-362-8389,,,없음
518382,교동식당,전남,35.2815340348826,127.293434115954,"오리로스, 오리탕",전남 곡성군 곡성읍 읍내17길 10,061-363-3320,,,있음
518383,하한산장,전남,35.188000301386,127.393889480989,"쏘가리회, 다슬기수제비",전남 곡성군 죽곡면 섬진강로 849,061-362-8473,07:00 - 22:30,없음,있음
518384,예담골목식당,전남,35.2803422255792,127.294645739983,"소고기국밥, 제육볶음",전남 곡성군 곡성읍 읍내10길 5,0507-1382-4124,10:00 - 21:00,매주 일요일,없음
518385,남매갈비,전남,35.2809857218548,127.299113782784,"돼지갈비, 매운돼지갈비",전남 곡성군 곡성읍 곡성로 875,061-363-4949,11:00/17:00 - 21:00,,있음
518387,백화식당,전남,35.2809290373319,127.293924923482,"아구찜, 해물탕",전남 곡성군 곡성읍 읍내11길 3,061-363-2176,,,있음
518389,가향,전남,35.284233835355,127.2997835142,"짜장면, 짬뽕",전남 곡성군 곡성읍 낙동원로 33,061-362-0688,,,있음
518390,시골팥죽,전남,35.1507127432887,127.319697189861,"동지팥죽, 팥칼국수",전남 곡성군 죽곡면 오죽로 18-1,061-363-6049,,,있음
518391,별이반점,전남,35.2553102482323,127.172651547146,"해물짬뽕, 짜장면",전남 곡성군 겸면 곡순로 1858,061-363-5504,,,있음
518393,허가네삼겹살,전남,35.2760434715728,127.135572913908,"생삼겹살, 생목살",전남 곡성군 옥과면 리문5길 1,061-363-2631,,,없음
518394,동악산장,전남,35.2640060769951,127.262841544638,"능이닭곰탕, 능이백숙",전남 곡성군 곡성읍 도림로 119,061-363-3537,,,있음
518395,신정손짜장,전남,,,"짜장면, 짬뽕",전남 곡성군 옥과면 리문6길 1,061-362-5344,,,없음
518396,광주식당,전남,,,"오리주물럭, 오리로스",전남 곡성군 옥과면 대학로 183,061-363-1309,11:30 - 20:00,매주 일요일,있음
518397,삼거리닭집,전남,,,"후라이드, 양념치킨",전남 곡성군 곡성읍 중앙로 166-1,061-363-3731,,,없음
518398,백운산장,전남,35.18881593492,127.369345185495,"은어회, 은어튀김",전남 곡성군 오곡면 대황강로 1563,061-362-2890,,,있음
518399,호프나라,전남,35.1507127432887,127.319697189861,"후라이드, 양념치킨",전남 곡성군 죽곡면 오죽로 18-1,061-362-4515,,,있음
518400,농부밥상산책,전남,35.2797685130675,127.298437597104,"간장콩밥, 우렁콩밥",전남 곡성군 곡성읍 곡성로 856,061-363-9876,,,있음
518401,우리동네,전남,,,"잔치국수, 비빔국수",전남 곡성군 오곡면 기차마을로 234-1,0507-1491-1421,,,없음
518402,여울목횟집,전남,35.1878692937558,127.369093645832,"참게탕, 메기탕",전남 곡성군 오곡면 대황강로 1554,061-362-8392,,,있음
518403,카페 문 (cafe moon),전남,35.2776017294858,127.306357612541,"아메리카노, 카페라떼",전남 곡성군 오곡면 기차마을로 243,061-362-2670,07:30 - 18:30,매주 월요일,있음
518404,구이구이,전남,35.2817200047296,127.295682337519,"흑돼지삼겹살, 돼지막창구이",전남 곡성군 곡성읍 읍내15길 2,061-363-9279,,,없음
518405,그린회관,전남,35.2789865254158,127.293309623339,"오리탕, 훈제통오리",전남 곡성군 곡성읍 군청로 7-1,061-363-3205,09:00 - 22:00,없음,있음
518406,옥과백련찜탕,전남,35.282604286707,127.133507084954,"아구찜, 연잎 쌈밥",전남 곡성군 옥과면 미술관로 72,061-363-6213,,,있음
518407,터미널분식,전남,35.2762309357036,127.13630810977,"백반, 떡국",전남 곡성군 옥과면 대학로 154-1,061-363-6663,,,있음
518408,벽송,전남,35.2987671857717,127.203082332804,"돼지주물럭, 능이곰탕",전남 곡성군 입면 청계동로 1229,061-363-5537,,,있음
518410,청학,전남,35.2813508494056,127.291247469866,"짜장면, 탕수육",전남 곡성군 곡성읍 군청로 45,061-363-5800,,,있음
518411,한영식당,전남,35.2385717122457,127.120574550948,"백반, 다슬기수제비",전남 곡성군 오산면 오산로 620,061-362-7696,,,없음
518412,산동네가든,전남,35.1448625712307,127.261310521159,"능이백숙, 옻닭",전남 곡성군 석곡면 곡순로 114-30,061-363-9003,,,있음
518415,좋은친구들,전남,,,"라면, 떡볶이",전남 곡성군 곡성읍 삼인동길 1,061-362-9161,09:30 - 19:00,"매주 토요일, 일요일",없음
518416,역카페,전남,35.2770116972483,127.307855392415,"아메리카노, 카페라떼",전남 곡성군 오곡면 기차마을로 230,061-363-6851,,,있음
518417,부부식당,전남,,,"다슬기수제비, 다슬기무침",전남 구례군 구례읍 구례2길 30,0507-1345-9113,11:00 - 14:00,매주 월요일,있음
518418,목월빵집,전남,35.2148176907191,127.465858992225,"수제햄젠피빵, 제철나물피자",전남 구례군 구례읍 서시천로 85,0507-1400-1477,11:00-19:00,,있음
518419,무우루,전남,35.1894984147013,127.472120788135,"핸드드립, 수제케이크",전남 구례군 문척면 죽연길 6,0507-1303-7179,11:00 - 18:00,"매주 월요일, 화요일, 일요일",있음
518420,사나래밀,전남,35.2131844018153,127.461449308053,"눈꽃 빙수, 케이크",전남 구례군 구례읍 택지1길 16,0507-1324-2712,11:00-21:00,"매주 화요일, 수요일",있음
518421,백련산방,전남,35.2101515324277,127.470080529505,"석쇠불고기, 칡냉면",전남 구례군 구례읍 5일시장작은길 20,0507-1342-0405,,,있음
518422,평화식당,전남,35.2099524990369,127.463491964346,"육회비빔밥, 한우떡국",전남 구례군 구례읍 북교길 12,061-782-2034,11:00 - 21:00,매주 목요일,있음
518423,구례브라세리,전남,35.2116235339167,127.459129526971,"브라세리플레이트, 수제청귤에이드",전남 구례군 구례읍 백련길 23,0507-1481-1049,10:30/11:00 - 15:00,"매주 월요일, 화요일, 수요일",있음
518424,봉성식당,전남,35.2089501168463,127.468643284576,"소머리곰탕, 순대국밥",전남 구례군 구례읍 봉동길 8-9,061-782-7262,08:00 - 15:00/20:00,매주 일요일,있음
518425,봉성피자,전남,35.3186115515723,127.460218762975,"치즈바이트피자 M, 리치골드피자 M",전남 구례군 산동면 지리산온천로 280,061-781-9595,11:00 - 19:00,없음,있음
518426,들녘밥상,전남,35.2061882384392,127.514210688767,"뽕잎백반, 뽕잎전",전남 구례군 토지면 운조루길 49-1,061-781-8881,11:30 - 15:00,매주 월요일,있음
518427,이지원카페로,전남,35.3129217913565,127.45123834609,"아메리카노, 카페라떼",전남 구례군 산동면 지리산온천로 192,0507-1438-8858,09:00 - 21:00,매주 화요일,있음
518428,카페스윔,전남,35.2079173192697,127.464278464422,"아메리카노, 에스프레소",전남 구례군 구례읍 봉성로 63,0507-1385-7769,10:30 - 21:00,,있음
518430,토지다슬기식당,전남,35.1977593541507,127.525712394252,"다슬기 수제비, 다슬기탕",전남 구례군 토지면 섬진강대로 5048-1,061-781-2642,09:00 - 19:00,매주 화요일,있음
518431,오늘의선물,전남,35.2132069076506,127.46475557711,"바닐라빈라떼, 아메리카노",전남 구례군 구례읍 봉성로 122,0507-1319-1409,11:30 - 18:00,,없음
518432,원조목화식당,전남,35.2092357764664,127.463320631816,"한우소내장탕, 선지국",전남 구례군 구례읍 구례2길 33,061-782-9171,07:30 - 20:00,없음,있음
518433,이가원,전남,35.2100029314,127.462843414709,"숯불 볶음밥, 숯불 잡채밥",전남 구례군 구례읍 북교길 16,0507-1435-7078,11:00 - 21:00,매주 월요일,있음
518434,수락폭포가든,전남,35.3467677521865,127.458747201255,"토종약초백숙, 산양삼토종약초백숙",전남 구례군 산동면 수락길 73,061-781-9822,10:00 - 21:00,없음,있음
518435,잼있는커피티읕,전남,35.2087135108573,127.464785979601,"핸드드립커피, 베트남연유커피",전남 구례군 구례읍 로터리길 2-1,061-783-1988,13:00 - 18:00,"매주 월요일, 화요일",없음
518436,구례밥상,전남,35.2104254995765,127.47076378538,"낙지볶음정식, 코다리찜정식",전남 구례군 구례읍 5일시장큰길 28-1,061-781-0015,10:00 - 21:00,매주 일요일,있음
518437,카페블랑,전남,35.2010120278984,127.601578245465,"브라운치즈크로플, 아메리카노",전남 구례군 토지면 피아골로 9,0507-1476-6223,11:00 - 18:00,매주 월요일,있음
518438,구례한우 영농조합법인 식당,전남,35.2095811351504,127.474156057523,"육회비빔밥, 불고기전골",전남 구례군 구례읍 구례로 560-9,061-782-2800,11:00 - 21:00,없음,있음
518439,청와대,전남,35.2079024300376,127.466954924686,"짜장면, 짬뽕",전남 구례군 구례읍 봉남길 21-1,0507-1424-4485,11:00 - 20:00,매주 수요일,있음
518440,지리산흑돼지구이,전남,35.3168735032372,127.45756419373,"흑돼지구이, 더덕정식",전남 구례군 산동면 지리산온천로 270,0507-1323-3550,08:00 - 24:00,없음,있음
518441,토지우리식당,전남,35.1977182658301,127.525605617261,"다슬기회무침, 다슬기전, 다슬기수제비, 다슬기맑은탕국, 도토리야채무침, 추어탕",전남 구례군 토지면 섬진강대로 5048,061-781-2415,07:30 - 19:30,,있음
518442,티티키친,전남,35.2092012579561,127.466839689507,"키마카레 함박스테이크, 페스카토레",전남 구례군 구례읍 로터리길 19,0507-1361-4087,11:00 - 22:00,없음,있음
518443,구례칼국수,전남,35.2148444764111,127.468098246079,"냉칼국수, 닭반마리칼국수",전남 구례군 구례읍 서시천로 76-16,061-782-5235,11:30 - 15:00/20:00,매주 일요일,있음
518444,월인정원 오후 3시 빵집,전남,35.2079304165673,127.462197988815,"햇통밀 천연효모빵, 햇모밀 천연효모빵",전남 구례군 구례읍 학교길 97,010-8695-2444,15:00 - 18:30,"매주 월요일, 일요일",있음
518445,화계누룽지통닭구이,전남,35.2392689762288,127.487392995056,"누룽지통닭, 치즈 콘닭",전남 구례군 마산면 화엄사로 332,0507-1333-9301,12:00/17:00 - 22:00,매주 월요일,있음
518446,무안뻘낙지,전남,35.2138641457952,127.465956783363,"갈낙탕, 산낙지 탕탕이",전남 구례군 구례읍 숲거리길 20,061-783-8822,11:00 - 21:00,없음,있음
518447,수레메밀소바&등뼈가,전남,35.2095414677229,127.47342111334,"비빔메밀, 메밀들깨칼국수",전남 구례군 구례읍 구례로 558,061-781-6677,11:00 - 20:00,"둘째, 넷째 목요일",있음
518448,용궁가든,전남,35.1991888432463,127.574071616061,"참게메기잡탕, 쏘가리탕",전남 구례군 토지면 섬진강대로 4559,061-782-8440,10:00 - 20:00,매주 수요일,있음
518449,전원가든,전남,35.1694080620399,127.448512256945,"잡어탕, 은어튀김",전남 구례군 구례읍 섬진강로 76,061-782-4733,11:00 - 19:30,매주 월요일,있음
518450,호박마녀의한끼,전남,35.2073174310936,127.464572112008,"쫄만두, 김치말이 냉국수",전남 구례군 구례읍 봉성로 56-2,061-783-1030,10:00/10:30/11:00 - 20:00/21:00/22:00,,없음
518451,함지박속흑돼지,전남,35.211733543686,127.467899395947,"흑돼지 삼겹살, 흑돼지 주물럭",전남 구례군 구례읍 중앙로 68,061-782-8880,,,없음
518452,청기와뜰,전남,35.3126157167903,127.447839591853,"백세나물정식, 전복갈비탕",전남 구례군 산동면 지리산온천로 157,061-781-6060,10:00 - 20:00,"매주 토요일, 일요일",있음
518453,순대백화점,전남,35.2090653583598,127.467861245063,"순대국밥, 내장전골",전남 구례군 구례읍 중앙로 38-1,061-781-2800,,,없음
518454,서울회관,전남,,,"산채한정식, 고택찹쌀생주",전남 구례군 구례읍 봉성로 91-15,061-782-2326,,,없음
518455,BHC치킨 전남구례점,전남,,,"치퐁당 후라이드, 골드킹 콤보",전남 구례군 구례읍 택지길 50,0504-3142-1073,12:00 - 24:00,,있음
518456,진미식당,전남,,,"민물매운탕, 묵은지닭도리탕, 흑돼지삼겹살, 가정식백반",전남 구례군 산동면 관산구산길 42,061-783-8429,07:00 - 21:30,없음,있음
518457,황우마을 구례지점,전남,35.2185013893255,127.460556567756,"육회비빔밥, 불고기전골",전남 구례군 구례읍 용방로 23,061-783-2323,09:30/10:00-20:30/22:00,없음,있음
518458,Tea.밥,전남,35.1667788511441,127.453420901563,"파파카츠, 까르보나라",전남 구례군 구례읍 섬진강로 25,0507-1428-1838,10:00 - 20:00,매주 목요일,있음
518459,지리각식당,전남,35.2434623477414,127.488043236124,"버섯전골, 토종닭능이백숙",전남 구례군 마산면 화엄사로 381,061-782-2066,07:30 - 19:30,없음,있음
518460,피자나라치킨공주 전남구례점,전남,35.207073904103,127.464614982137,"페퍼로니 피치세트, 치즈크리스피 피치세트",전남 구례군 구례읍 봉성로 54,0507-1338-0253,12:00 - 22:00,,없음
518461,광양숯불갈비,전남,35.2150978843365,127.467667848591,"광양불고기, 돼지갈비",전남 구례군 구례읍 서시천로 76-7,061-782-1004,11:30 - 21:00,매주 일요일,있음
518462,마재갈비,전남,35.2150158452167,127.462156324531,"돼지생갈비, 돼지양념갈비",전남 구례군 구례읍 택지길 50,061-783-0778,16:00/17:00 - 23:00,,없음
518463,어부의집,전남,,,"낙지볶음, 굴전, 김치찌개, 생선구이",전남 구례군 구례읍 5일시장작은길 12,061-783-7155,08:00 - 21:00,,있음
518465,돈까스&국수,전남,35.207073904103,127.464614982137,"연어돈까스, 쌈돈까스",전남 구례군 구례읍 봉성로 54,0507-1428-0010,11:30 - 19:30,매주 일요일,없음
518466,부엔까미노,전남,35.3165626949286,127.46049273999,"산수유막걸리, 흑돼지바베큐",전남 구례군 산동면 하관1길 40,0507-1313-1732,18:00 - 22:00,없음,있음
518467,용화루,전남,35.2094459315799,127.470134778278,"황궁쟁반짜장, 짬뽕",전남 구례군 구례읍 봉동길 22,061-782-3883,11:00 - 19:30,없음,있음
518468,카페라,전남,35.2466241753572,127.591873115482,"아메리카노, 에스프레소",전남 구례군 토지면 피아골로 669,0507-1376-9151,10:00 - 21:00,없음,있음
518469,카페섬진강,전남,35.1971687347736,127.525788637192,"아메리카노, 팥빙수",전남 구례군 토지면 섬진강대로 5045,0507-1306-5527,12:00 - 22:00,매주 수요일,있음
518470,한국회관,전남,35.3163994425261,127.45703005285,"흑돼지삼겹, 더덕구이",전남 구례군 산동면 지리산온천로 266-8,061-783-9700,11:00 - 21:00,,있음
518471,커피림,전남,35.2097925552054,127.46442125656,"블랙라떼, 슈퍼말차",전남 구례군 구례읍 북교길 1,061-783-6040,,매주 일요일,없음
518473,커피팀버 구례점,전남,35.2149156203424,127.467927759132,"아메리카노, 카푸치노",전남 구례군 구례읍 서시천로 76-14,0507-1326-0995,10:00/12:00 - 22:00,,있음
518474,현이네왕족발,전남,35.2131727436146,127.463651505224,"족발, 보쌈",전남 구례군 구례읍 봉성로 119-18,061-783-5888,12:00 - 24:00,매주 월요일,있음
518475,구례자작나무,전남,35.19525865272,127.528615728245,"브리스킷 루꼴라 화덕피자, 브리스킷 토마토 파스타",전남 구례군 토지면 섬진강대로 5017-10,0507-1394-3946,10:30 - 21:00,매주 수요일,있음
518476,옥산식당,전남,35.2019473450077,127.527391175149,"짬뽕, 짜장면",전남 구례군 토지면 단산안길 50,061-781-2431,11:00 - 19:00,매주 일요일,있음
518477,천궁,전남,35.2107249668095,127.469081029394,"돼지불백쌈밥, 소불고기쌈밥",전남 구례군 구례읍 5일시장길 15-1,061-781-5995,06:30 - 15:00/20:00,,있음
518478,고향산장,전남,35.2640493598982,127.467992136434,"산채버섯전골, 산채더덕정식",전남 구례군 광의면 노고단로 3,061-781-6556,08:00 - 20:00,없음,있음
518479,산들좋은촌닭,전남,35.3182053137551,127.479132958534,"능이버섯백숙, 한방백숙",전남 구례군 산동면 원좌1길 24-9,061-781-5202,,,있음
518480,하얼빈짬뽕,전남,35.2010120278984,127.601578245465,"해물짬뽕, 소고기짬뽕",전남 구례군 토지면 피아골로 9,0507-1381-9945,11:00 - 20:00,매주 월요일,있음
518481,커피앤지인,전남,35.2087778437997,127.462272747579,"아메리카노, 에스프레소",전남 구례군 구례읍 학교길 106,0507-1309-7405,00:30 - 21:00,"매주 토요일, 일요일",있음
518482,본죽 전남구례점,전남,35.2090330596914,127.467262310217,"전복죽, 동지팥죽",전남 구례군 구례읍 로터리길 24-1,061-783-0304,10:00 - 20:00,매주 일요일,있음
518483,중동구판장,전남,35.3179154846795,127.468566418037,"튀김닭, 닭도리탕",전남 구례군 산동면 상관1길 19,061-783-1333,11:00 - 20:00,,없음
518484,유성식당,전남,35.2093165201638,127.469502114352,"아침백반, 김치찌개",전남 구례군 구례읍 봉동길 18,061-783-7823,,,있음
518485,BBQ치킨 구례중앙점,전남,,,"황금올리브치킨, 오리지날 양념치킨",전남 구례군 구례읍 구례1길 45,061-781-0148,11:00 - 23:00,매주 화요일,있음
518486,산수유두부마을식당,전남,35.3142823969009,127.436890513472,"두부전골, 순두부",전남 구례군 산동면 원촌길 79,0507-1492-2626,06:00 - 21:00,"첫째, 셋째 화요일",있음
518487,해달팥죽,전남,35.2109610456586,127.469030000961,"우리팥칼국수, 새알 팥죽",전남 구례군 구례읍 5일시장길 17-2,0507-1412-0670,11:00 - 17:00,,있음
518488,가장맛있는족발 족과의동침 구례점,전남,35.2152679216781,127.460910738535,"족발, 매콤족발",전남 구례군 구례읍 동편제길 33,061-782-5825,12:00 - 21:00/22:00,,있음
518489,일바치오,전남,35.2067851166472,127.462919928196,"아이스아메리카노, 사과당근착즙쥬스",전남 구례군 구례읍 학교길 82,061-782-1205,10:00 - 21:00,매주 일요일,없음
518490,황궁,전남,35.2026632974637,127.469213445383,"가정식백반, 돼지불백쌈밥",전남 구례군 구례읍 양정4길 27,061-781-7833,06:30 - 21:00,없음,있음
518491,일송정,전남,35.3125193231344,127.447388217046,"묵은지고등어쌈밥, 흑돼지쌈밥, 흑돼지삼겹살, 묵은지갈치조림, 산채한정식, 흑돼지바비큐",전남 구례군 산동면 지리산온천로 153,061-783-8989,10:00 - 21:00,,있음
518492,지리산흑돼지식당,전남,35.2434623477414,127.488043236124,"흑돼지목살, 흑돼지삼겹살",전남 구례군 마산면 화엄사로 381,061-782-8863,,,있음
518493,유정가든,전남,35.212851640606,127.461587454698,"삼계탕, 능이버섯전골",전남 구례군 구례읍 택지1길 13,0507-1403-9816,10:00 - 21:00,없음,있음
518494,송촌꼬마김밥 구례점,전남,35.2085543792716,127.467863365633,"고추김밥, 참치김밥",전남 구례군 구례읍 중앙로 34,061-783-9595,06:30/07:00 - 18:30/19:00,,있음
518495,용식이삼겹,전남,,,"삼겹살, 라면",전남 구례군 구례읍 5일시장작은길 36,061-782-7080,17:00 - 22:00,매주 일요일,있음
518496,호우시절,전남,35.2118844429319,127.466002580935,"커피, 와인",전남 구례군 구례읍 구례1길 73,010-5766-0729,,,있음
518497,킹스타피자 구례점,전남,35.2063225269414,127.464713601951,"고구마피자, 갈릭비프스테이크 피자",전남 구례군 구례읍 봉성로 46,061-783-0111,09:00 - 22:00,없음,없음
518498,쑥부쟁이 카페,전남,35.3099133609447,127.438765341243,"쑥부쟁이 쿠키, 우리쌀 산수유 머핀",전남 구례군 산동면 지리산온천로 72,061-781-7235,09:00 - 18:00,매주 일요일,있음
518499,이스트베이크샵,전남,35.2098624802533,127.462188510958,"아메리카노, 콜드브루",전남 구례군 구례읍 북교길 22,0507-1366-6035,10:00 - 19:00,매주 일요일,있음
518500,롯데리아 전남구례점,전남,35.2084160989037,127.464590011055,"핫치킨버거세트, 더블 한우불고기세트",전남 구례군 구례읍 봉성로 70,061-783-7504,09:00 - 22:00,없음,있음
518501,함흥냉면,전남,35.2121632627062,127.480906709298,"물냉면, 비빔냉면",전남 구례군 마산면 화엄사로 15,061-782-4326,11:00 - 19:00,없음,있음
518502,덕인관,전남,35.3126873965171,127.444412689591,"덕인 떡갈비 정식, 덕인 떨갈비 대통밥 정식",전남 구례군 산동면 지리산온천로 143-18,061-781-7881,10:00 - 22:00,없음,있음
518503,맘스터치 구례점,전남,35.2070065177985,127.464347627588,"트리플딥치즈싸이버거, 텍사스바베큐치킨버거",전남 구례군 구례읍 봉성로 53,061-781-5553,10:00/11:00 - 22:00,,있음
518504,38점빵,전남,35.2101515324277,127.470080529505,"지리산나물밥상, 약초커피",전남 구례군 구례읍 5일시장작은길 20,010-9088-1915,10:00 - 17:30,,있음
518505,신전떡볶이 구례점,전남,,,"떡볶이, 신전김밥",전남 구례군 구례읍 봉성로 54,0507-1484-9299,11:00 - 22:00,,없음
518506,우리밀전문식당,전남,35.2113388239816,127.481333130455,"팥칼국수, 들깨칼국수",전남 구례군 마산면 화엄사로 12,061-781-5700,11:00 - 16:00,매주 화요일,있음
518508,페리카나 지리산온천점,전남,35.3171404943763,127.459769236848,"양념치킨, 후라이드",전남 구례군 산동면 하관1길 26,061-783-7834,,,없음
518509,지리산과하나되기카페,전남,35.3121531648928,127.449997892094,"산수유 술빵, 산수유빵",전남 구례군 산동면 지리산온천로 176,061-783-4747,09:00/10:00 - 21:00,,있음
518510,원더풀명품찹쌀꽈배기,전남,35.2075266986247,127.464390453681,"찹쌀 꽈배기, 야채고로케",전남 구례군 구례읍 봉성로 59,061-781-7977,10:00 - 20:30,없음,없음
518511,카페랑,전남,35.1879075270662,127.619695374565,"에스프레소, 아메리카노",전남 구례군 간전면 남도대교로 78,0507-1388-7882,10:30 - 19:00/19:30,매주 월요일,있음
518512,볼빨간떡볶이,전남,35.206306944307,127.463629276594,"볼떡주먹밥세트, 볼떡세트",전남 구례군 구례읍 구례여중길 8,0507-1314-4423,,,없음
518513,지리산초원흑돈,전남,35.3189546491084,127.460536322167,"갈치정식, 흑돼지삼겹살",전남 구례군 산동면 관산구산길 1,061-783-0061,08:00 - 21:00,없음,있음
518514,자연드림파크레스토랑,전남,35.2736253423982,127.413185232993,"가정식백반, 레몬에이드",전남 구례군 용방면 용산로 107-73,0507-1329-6102,11:00/17:00 - 13:30/19:00,,있음
518515,오닭꼬치 전남구례점,전남,35.2113646480068,127.470776564946,"닭꼬치, 모짜치즈닭꼬치",전남 구례군 구례읍 5일시장작은길 27,061-896-8585,17:00 - 24:00,매주 일요일,없음
518516,갯마을,전남,,,"게장백반, 생선조림",전남 구례군 구례읍 택지2길 42-9,0507-1362-8856,,,없음
518517,보름달,전남,35.2022912036661,127.466699554196,"연어덮밥, 피자품은돈까스",전남 구례군 구례읍 수달생태로 21,061-781-0589,10:00 - 22:00,매주 일요일,없음
518518,맥시칸치킨 구례점,전남,,,"후라이드치킨, 양념치킨",전남 구례군 구례읍 봉동길 4,061-783-6888,09:00 - 24:00,없음,없음
518519,커피숍 쉼,전남,35.3179472984045,127.467542679593,"더치커피, 유자차",전남 구례군 산동면 상관1길 9,0507-1419-4363,10:00 - 20:00,"매주 화요일, 수요일",없음
518520,장수왕족발,전남,35.2091326528252,127.468010440095,"족발, 쟁반막국수",전남 구례군 구례읍 봉동길 4,061-782-8383,14:00 - 23:00,매주 화요일,없음
518521,카페테일,전남,35.2081260960495,127.468064296917,"생레몬에이드, 허브차",전남 구례군 구례읍 중앙로 28,061-782-1771,10:00 - 22:00,없음,없음
518522,땅고랑오리집,전남,35.2146574264613,127.464311895612,"오리불고기, 오리고추장 주물럭",전남 구례군 구례읍 택지2길 4-6,061-782-5252,11:30 - 20:00,매주 일요일,있음
518523,이삭토스트 전남구례점,전남,35.2063225269414,127.464713601951,"미트팡 토스트, 베이컨 베스트",전남 구례군 구례읍 봉성로 46,061-783-3360,08:00 - 21:00,매주 일요일,없음
518524,산아래첫집,전남,35.266675413913,127.579396342249,"버섯전골, 한방백숙",전남 구례군 토지면 직전길 76 산아래첫집,061-782-7460,,,있음
518525,해태닭집,전남,35.2098754410883,127.465065072586,"후라이드, 닭발튀김",전남 구례군 구례읍 상설시장길 4,061-782-1999,,,있음
518526,천하,전남,35.211235487661,127.464991667743,"닭갈비, 냉면",전남 구례군 구례읍 북문길 3-1,061-782-0006,11:00 - 24:00,없음,있음
518528,교촌치킨 구례점,전남,,,"블랙시크릿콤보, 블랙시크릿순살",전남 구례군 구례읍 중앙로 5,061-783-9995,12:00 - 23:00,없음,있음
518529,송죽원,전남,35.214273433066,127.482414365805,"쑥부쟁이솥밥, 쑥부쟁이대통밥",전남 구례군 마산면 화엄사로 44,061-782-4015,,,있음
518530,왕산석갈비,전남,35.2075907252441,127.469965504291,"왕갈비탕, 소꼬리탕",전남 구례군 구례읍 구례로 517-2,061-783-5033,11:00 - 20:30,매주 월요일,있음
518532,기사식당,전남,35.2064797587252,127.467606899335,"가정식백반, 등갈비찜",전남 구례군 구례읍 중앙로 9,061-781-4000,00:00 - 24:00,없음,있음
518533,청내식당,전남,35.2434623477414,127.488043236124,"산채한정식, 산채백반",전남 구례군 마산면 화엄사로 381,061-782-2867,10:00 - 18:30,없음,있음
518534,쉐프의꿈,전남,35.2150227370145,127.465040721461,"생크림마늘빵, 블루베리홍국쌀빵",전남 구례군 구례읍 봉성로 142,0507-1480-0303,07:30 - 22:00,없음,있음
518535,큰맘할매순대국 구례점,전남,35.2109219267044,127.468191814723,"소뼈맑은해장국, 버섯순두부",전남 구례군 구례읍 중앙로 60,061-782-2488,,,없음
518536,그리닛,전남,35.2029304547345,127.463691677678,"아메리카노, 카페라떼",전남 구례군 구례읍 봉성로 5-10,0507-1424-7070,08:00/10:00 - 15:00/18:30,매주 일요일,있음
518537,동해국수,전남,35.1646268199923,127.466001877062,"비빔국수, 잔치국수",전남 구례군 문척면 동해벚꽃로 383,0507-1413-6657,10:00 - 19:00,매주 월요일,있음
518538,용우동 구례점,전남,35.2068395944906,127.464698647401,"새우볶음밥, 김치볶음밥",전남 구례군 구례읍 봉성로 52,061-782-6393,11:00 - 20:00,매주 목요일,있음
518539,감나무집,전남,35.1908346245559,127.406319977737,"바지락칼국수, 해물파전",전남 구례군 구례읍 섬진강로 556,061-783-1114,,,없음
518540,빌리네,전남,35.2103899666566,127.467908929673,"을지로골뱅이소면, 통오징어명태전골",전남 구례군 구례읍 중앙로 54 빌리네,0507-1367-9412,11:30 - 21:30,없음,있음
518541,토박이가든,전남,35.2428940560862,127.487618159579,"흑돼지삼겹살, 흑돼지제육볶음",전남 구례군 마산면 화엄사로 377-1,061-782-8577,08:30 - 20:30,없음,있음
518542,조가네짬뽕,전남,35.2137322481372,127.468697015402,"짬뽕, 탕수육",전남 구례군 구례읍 서시천로 58,0507-1351-9388,11:00 - 19:30,매주 화요일,있음
518543,가보자연탄구이,전남,35.2111951792819,127.466379075845,"뒷고기 모듬, 뒷고기 삼겹살",전남 구례군 구례읍 북문길 16,0507-1324-5541,17:00 - 23:00,없음,있음
518544,BBQ치킨 지리산온천점,전남,35.3168450264699,127.456823841219,"황금올리브치킨, 오리지날 양념치킨",전남 구례군 산동면 지리산온천로 262,0504-3142-1911,15:00 - 24:00,없음,없음
518546,예원카츠,전남,35.209425748326,127.470341897024,"카레카츠, 등심카츠",전남 구례군 구례읍 봉동길 24,0507-1374-1256,11:00 - 20:00,매주 목요일,있음
518547,꽃뜨레,전남,35.1964597761362,127.477109098153,"갈낙탕, 냉면",전남 구례군 문척면 구성2길 46,061-783-8801,,,있음
518548,또만나요,전남,35.2152412335641,127.463321584482,"에스프레소, 아메리카노",전남 구례군 구례읍 동편제길 11,061-783-9728,09:00 - 22:00,없음,있음
518549,페리카나 구례점,전남,35.2088440600377,127.467259250616,"양념치킨, 후라이드",전남 구례군 구례읍 중앙로 35,061-782-8838,있음,,있음
518550,장어명가,전남,35.2192698885964,127.459864769554,"장어소금구이, 장어양념구이",전남 구례군 구례읍 용방로 31,061-783-9292,11:30 - 21:00,매주 수요일,있음
518551,마들렌,전남,35.2155942593757,127.459545518258,"마들렌라떼, 크로플",전남 구례군 구례읍 동편제길 42,070-8691-1340,11:00/12:00 - 21:00,,있음
518552,지정환피자 구례점,전남,,,"트윈폴더 피자, 크런치골드피자",전남 구례군 구례읍 오거리길 15,061-781-3006,,,없음
518553,구례한우곱창,전남,35.2096564397337,127.467842781127,"한우곱창구이, 한우대창구이",전남 구례군 구례읍 중앙로 46,0507-1319-2989,,,없음
518554,두부이야기,전남,35.3164410676473,127.457415721658,"도토리 산채전, 흑돼지묵은지전골",전남 구례군 산동면 지리산온천로 266-7,010-3948-7223,07:30 - 21:00,없음,있음
518555,시루마루,전남,35.2120218619825,127.469302100786,"콩나물국밥, 돌솥비빔밥",전남 구례군 구례읍 봉동골목길 32-15,061-782-9838,,,있음
518556,만리장성,전남,,,"짜장, 우동",전남 구례군 구례읍 서시천로 80,061-781-9339,,매주 월요일,있음
518557,구례호수공원가든,전남,35.2848678881404,127.424834985666,"생삼겹살, 된장찌게",전남 구례군 산동면 구만제로 677,010-5028-2440,08:00 - 22:00,없음,없음
518558,꽃순이네포차,전남,35.2098432879299,127.464894333948,"육전, 골뱅이",전남 구례군 구례읍 상설시장길 2-2,0507-1426-1682,16:00 - 23:59,매주 월요일,없음
518559,제주 소나이,전남,,,"생선구이정식, 제육볶음",전남 구례군 구례읍 상설시장길 2-1,0507-1305-7360,12:00 - 24:00,없음,없음
518560,고궁,전남,,,"감자탕, 뼈해장국",전남 구례군 산동면 하관길 26,061-783-6800,10:00 - 21:00,없음,있음
518561,돈치킨 구례점,전남,35.2095637961272,127.467839064825,"구운치킨, 구운마늘치킨",전남 구례군 구례읍 중앙로 44-1,061-783-9288,13:00 - 02:00,없음,없음
518562,봉동이가네,전남,35.2101840249625,127.472823779177,"가정식백반, 솥뚜껑미나리삼겹살",전남 구례군 구례읍 봉동길 47,0507-1311-7226,12:00 - 20:00,매주 일요일,있음
518563,구례애,전남,35.2084492766061,127.463647274915,"고등어구이 백반, 녹두빈대떡",전남 구례군 구례읍 구례2길 26,0507-1323-1761,,,있음
518564,남해회수산,전남,35.2059794222265,127.46893568272,"우럭, 광어",전남 구례군 구례읍 구례로 500,061-782-4976,11:30 - 22:00,매주 화요일,있음
518565,텐텐치킨HOF,전남,35.2111081605262,127.464066985588,"깻잎치킨, 후라이드",전남 구례군 구례읍 북문1길 6,061-783-9200,,,있음
518567,배스킨라빈스 전남구례점,전남,35.2078115509771,127.464594584315,"패밀리, 하프갤론",전남 구례군 구례읍 봉성로 62-1,061-781-0031,10:00 - 23:00,없음,있음
518568,남도식당,전남,,,"명태탕, 명태찜",전남 구례군 간전면 하천길 27,0507-1429-1315,,,없음
518570,이디야커피 구례점,전남,35.2093619025709,127.467463851443,"아메리카노, 연유밀크티",전남 구례군 구례읍 중앙로 41,0507-1399-0184,09:00 - 21:00,,있음
518571,감성커피 구례봉동점,전남,35.2109970822218,127.464757040825,"아메리카노, 아이스티",전남 구례군 구례읍 북문길 2,0507-1323-1493,08:30 - 20:30,,있음
518572,까막정,전남,35.1862772820832,127.464215073859,"토종닭한방백숙, 생선조림",전남 구례군 구례읍 까막정길 51-8,061-781-7575,,매주 일요일,있음
518573,자연돼지 전남구례점,전남,35.2145439195751,127.464483681508,"뒷고기 모듬, 초벌 막창구이",전남 구례군 구례읍 봉성로 137,061-782-5789,11:00 - 21:00,없음,있음
518574,청솔가든,전남,,,"백반, 삼겹살",전남 구례군 용방면 용방로 484,061-782-3137,10:00 - 22:00,없음,있음
518575,노고단가든식당,전남,35.25612480637,127.465426576059,"산채보리밥, 백반",전남 구례군 광의면 매천로 343,061-781-0529,,,없음
518576,고향맛집,전남,35.2106496379371,127.469098277807,"쑥부쟁이 비빔밥, 비빔국수",전남 구례군 구례읍 5일시장길 15,0507-1403-3236,10:30 - 15:00,매주 일요일,있음
518577,화엄사 다향찻집,전남,35.257316023389,127.497719732591,"아메리카노, 카페라떼",전남 구례군 마산면 화엄사로 539,061-783-1013,,,있음
518578,토담설렁탕,전남,35.210891083422,127.466187450208,"설렁탕, 갈비탕",전남 구례군 구례읍 구례1길 64,061-783-6868,,,있음
518579,산동화덕구이,전남,35.3121881520828,127.444657591792,"삼겹살, 된장찌개",전남 구례군 산동면 지리산온천로 131,0507-1352-1733,,,있음
518580,안다미로,전남,35.1697100071212,127.447807550178,"아메리카노, 수제차",전남 구례군 구례읍 섬진강로 86,0507-1410-3124,07:30 - 21:00,없음,있음
518581,드롭탑 전남구례점,전남,35.2082864805408,127.464661864404,"에스프레소, 블랙슈가 카페라떼",전남 구례군 구례읍 봉성로 68,0507-1386-7794,10:00 - 18:00/22:00,,없음
518582,운수대통,전남,35.2116043866767,127.467478023367,"오리야채불고기한마리, 생오리한마리",전남 구례군 구례읍 중앙로 67,061-783-8833,11:00 - 21:00,없음,없음
518583,이조왕족발갈비,전남,,,"왕족발, 불족발",전남 구례군 구례읍 북교길 28,061-782-0603,11:00 - 21:00,없음,있음
518584,또래오래 전남구례점,전남,,,"핫뿌레이크, 단짠치킨",전남 구례군 구례읍 봉성로 69-1,061-781-9992,13:00 - 23:00,없음,없음
518585,삼겹살데이,전남,35.2101515324277,127.470080529505,"닭장떡국, 삼겹살",전남 구례군 구례읍 5일시장작은길 20,061-783-5831,,,있음
518586,초원가든,전남,35.1915566926467,127.400475469187,"다슬기수제비, 다슬기탕",전남 구례군 구례읍 섬진강로 610,061-782-1776,10:00 - 18:00,없음,없음
518587,어울,전남,35.2111554306397,127.469341264313,"핸드드립, 딸기듬뿍생과일주스",전남 구례군 구례읍 5일시장작은길 16,0507-1312-2855,09:00 - 21:00,없음,있음
518588,온월,전남,35.2031083328823,127.469062924402,"명란 로제파스타, 핸드드립커피",전남 구례군 구례읍 양정4길 25,0507-1382-0232,10:00 - 20:00,매주 화요일,없음
518589,가야돌솥밥,전남,35.2100105429869,127.467478222195,"가야돌솥밥, 삼겹살",전남 구례군 구례읍 중앙로 49,061-782-8280,,,없음
518590,파리바게뜨구례중앙점,전남,35.2086001253513,127.464620711115,"단팥크림빵, 실키롤케익",전남 구례군 구례읍 봉성로 72,0507-1373-8201,,,있음
518591,복돈,전남,35.2152544002134,127.462353064931,"흑돼지오겹살, 돼지주물럭",전남 구례군 구례읍 동편제길 21,061-783-3000,11:00 - 21:00,없음,있음
518592,동바리해장국설렁탕,전남,35.2060782332798,127.469069130592,"감자탕, 오리불고기",전남 구례군 구례읍 구례로 502,061-783-0042,07:00 - 22:30,없음,있음
518593,촌닭이두마리 구례점,전남,35.2079992054119,127.467592987402,"통닭, 콜라",전남 구례군 구례읍 중앙로 25,061-781-9249,14:00 - 21:00,매주 일요일,없음
518594,비어락레스토랑,전남,35.2728287644567,127.412862014066,"등심돈가스 정식, 한우 불고기덮밥",전남 구례군 용방면 용산로 107-59,061-783-2200,,,있음
518595,명동돈까스분식,전남,35.2066962960559,127.464647753586,"돈까스, 육개장",전남 구례군 구례읍 봉성로 50,061-782-7577,,,없음
518596,쌍둥이식당,전남,35.2142103204355,127.466152060504,"돼지국밥, 순대국밥",전남 구례군 구례읍 봉북2길 13,061-782-9720,,,있음
518597,불곰산장,전남,35.2655436122066,127.583915623608,"토종닭백숙, 묵은지닭매운탕",전남 구례군 토지면 직전길 21,061-782-1240,06:00 - 12:00,"매주 토요일, 일요일",있음
518598,양진맛집,전남,35.2102938163811,127.464485282843,"조기구이 청국장정식, 양태구이 청국장정식",전남 구례군 구례읍 봉성로 87-2,061-782-3190,11:00 - 19:30,없음,없음
518599,이춘봉치킨 구례점,전남,35.206261203902,127.467718210124,"이춘봉바베큐치킨, 소금구이바베큐치킨",전남 구례군 구례읍 중앙로 7,061-783-9993,14:00 - 24:00,매주 일요일,없음
518600,송정가든,전남,,,"쏘가리회, 잡어탕",전남 구례군 토지면 섬진강대로 4565,0507-1325-8437,,,있음
518601,은카롱,전남,35.2092130295877,127.46726960117,"머랭쿠키, 더블초코 마들렌",전남 구례군 구례읍 로터리길 25,070-7543-2855,11:30 - 17:00,매주 일요일,있음
518602,비어락하우스,전남,35.2728287644567,127.412862014066,"함박스테이크, 치킨스테이크",전남 구례군 용방면 용산로 107-59,070-5109-2087,11:00 - 22:00,없음,있음
518603,봉서리서점,전남,35.1990161558591,127.45792128216,"아메리카노, 수제청음료",전남 구례군 구례읍 봉서산정길 61-3,010-3893-0245,11:00 - 18:00/22:00,"매주 월요일, 공휴일",있음
518604,종가집,전남,,,"흑돼지 생삼겹살, 두루치기",전남 구례군 산동면 지리산온천로 172,061-782-7272,,,있음
518606,태양식당,전남,35.3189546491084,127.460536322167,"산채더덕정식, 산채밥상",전남 구례군 산동면 관산구산길 1,061-783-5587,07:00 - 21:00,없음,없음
518608,지리산식당,전남,35.2662689962968,127.580695416665,"메기매운탕, 참게탕",전남 구례군 토지면 직전길 61-1,061-782-7445,,,없음
518609,산수유고장북카페,전남,35.331513921209,127.486644762293,"아메리카노, 카페라떼",전남 구례군 산동면 산수유꽃길로 251-7,061-781-7500,10:00 - 18:00,매주 월요일,있음
518610,뚜레쥬르 전남구례점,전남,35.2154419260309,127.464718562641,"단팥빵, 롤케이크",전남 구례군 구례읍 봉성로 146,061-781-3355,08:00 - 24:00,없음,있음
518611,미스터짱닭치킨 구례점,전남,35.2139943095852,127.464429370643,"파이브치킨, 포치킨",전남 구례군 구례읍 봉성로 131,061-783-9285,,,없음
518612,나들목식당,전남,35.1667788511441,127.453420901563,"참게탕, 메기탕, 매운탕",전남 구례군 구례읍 섬진강로 25,0507-1489-1721,07:00 - 21:00,없음,있음
518614,고향가든,전남,,,"가마솥 보양탕, 삼계탕",전남 구례군 마산면 화엄사로 179,061-783-3730,11:00 - 20:00,없음,있음
518615,지리산면옥,전남,35.2035820075471,127.462520693525,"산수유콩국수, 소바",전남 구례군 구례읍 학교길 48,061-782-5723,,,없음
518616,오몽글,전남,35.2091634083289,127.469076770248,"아메리카노, 딸기라떼",전남 구례군 구례읍 봉동길 14,061-782-5002,07:00 - 21:00,없음,없음
518617,솔밭가든,전남,35.3134060721855,127.485426086909,"토종 닭 숯불구이, 백숙",전남 구례군 산동면 당골길 86-3,061-783-1929,,,있음
518618,카페650,전남,35.2449250722849,127.591523797925,"아메리카노, 카페라떼",전남 구례군 토지면 피아골로 650,010-9136-0088,10:00 - 18:00,매주 월요일,있음
518619,삼거리식당,전남,,,"간짜장, 짬뽕",전남 구례군 산동면 원촌길 85,061-781-2015,10:00 - 13:00,매주 일요일,없음
518620,인생막창,전남,35.3171404943763,127.459769236848,"생막창, 생삼겹",전남 구례군 산동면 하관1길 26,010-2476-0828,,,있음
518621,투다리 구례점,전남,35.2143121168651,127.461697204013,"닭산적꼬치, 닭껍질꼬치",전남 구례군 구례읍 택지2길 28,061-781-0005,,,없음
518622,춘짜장,전남,35.2124041272242,127.465963377232,"짬뽕, 쟁반짜장",전남 구례군 구례읍 구례1길 79,061-781-9357,10:00 - 20:00,없음,없음
518623,구례숯불갈비,전남,35.2140172408592,127.464043563077,"묵은지갈비전골, 돼지갈비",전남 구례군 구례읍 택지2길 5-1,061-781-5507,11:30 - 21:30,매주 일요일,있음
518624,흑돼지,전남,35.2118421899994,127.464684100427,"삼겹살, 된장찌게",전남 구례군 구례읍 봉성로 108,061-783-4411,,,없음
518625,윤채밥상,전남,35.2435695910345,127.452992629707,"간장게장, 양념게장",전남 구례군 광의면 은행정1길 32-12,061-781-9288,11:30 - 19:30,"매주 토요일, 일요일",없음
518626,자연임실치즈피자 피아골점,전남,35.2008142903539,127.601393624069,"콤비네이션피자, 불고기피자",전남 구례군 토지면 외곡리 776,061-782-7222,11:00 - 24:00,없음,있음
518627,꾸이한끼 전남구례점,전남,,,"닭갈비덮밥, 소불고기덮밥",전남 구례군 구례읍 중앙로 46-1,061-937-9934,11:00 - 20:00,매주 월요일,있음
518628,식당바우네,전남,,,"다슬기삼계탕, 오리불백",전남 구례군 구례읍 봉성로 36,061-783-9966,04:00 - 22:00,"매주 토요일, 일요일",있음
518629,카페코우리,전남,35.3162179541059,127.457425022154,"아메리카노, 카페라떼",전남 구례군 산동면 지리산온천로 266-11,010-3702-9123,11:00 - 18:00,매주 일요일,있음
518630,황토가든,전남,35.31855388902,127.460922793637,"흑돼지삼겹살, 버섯전골",전남 구례군 산동면 관산구산길 7,0507-1315-1806,08:00 - 21:00,없음,있음
518631,진도리닭도리탕 구례점,전남,35.2132653229266,127.462989001629,"오리지날 닭도리탕, 뼈도리",전남 구례군 구례읍 구례2길 77,061-782-3369,,,없음
518632,산골집,전남,,,"닭도리탕, 오리주물럭",전남 구례군 산동면 우와길 63-4,0507-1307-2521,10:00 - 22:00,매주 화요일,없음
518633,비파가든,전남,35.2791189644218,127.446642112177,"산채영양돌솥밥, 생삼겹살",전남 구례군 광의면 난동길 42-11,061-781-3956,09:00 - 21:00,매주 월요일,있음
518634,한솔회관,전남,35.2061485004183,127.464355262251,"버섯전골, 불낙지",전남 구례군 구례읍 봉성로 43,061-782-7977,09:00/09:30 - 20:00,,있음
518635,바다양푼이동태탕 전남구례점,전남,,,"양푼이 섞어탕, 양푼이 알곤이탕",전남 구례군 구례읍 택지2길 6,061-783-1110,,,없음
518636,돌담수제비칼국수,전남,35.2577806048578,127.463912448536,"밭칼국수, 콩국수",전남 구례군 광의면 용전길 16-7,061-781-5433,,,있음
518637,란이네,전남,,,"아메리카노, 카페라떼",전남 구례군 구례읍 중앙로 11,010-3930-1304,10:00 - 20:00,없음,없음
518638,이지원참치,전남,35.3129217913565,127.45123834609,참치회,전남 구례군 산동면 지리산온천로 192,0507-1397-0399,12:00 - 19:00,매주 화요일,있음
518639,관광식당,전남,35.2434623477414,127.488043236124,"산채비빔밥, 버섯전골, 섬진강재첩국, 콩나물국밥, 된장찌개",전남 구례군 마산면 화엄사로 381,061-782-4159,10:00 - 22:00,없음,없음
518640,지리산한우직판장,전남,35.3103070774045,127.429952942547,"불고기전골, 차돌박이",전남 구례군 산동면 용산로 607,061-781-8838,,,있음
518641,참새미골체험식당,전남,35.2615811625208,127.466797915948,"버섯전골, 산채비빔밥",전남 구례군 광의면 매천로 401,061-781-7667,,,있음
419999,국수나무 광주운암점,광주,35.177975699722,126.87642189972,"국치정식, 국만정식",광주 북구 황계로 59,062-515-2673,11:30 - 21:00,없음,없음
420019,국수나무 풍암2지구마재점,광주,35.1213606,126.86545279972,"국치정식, 베트남소고기쌀국수",광주 서구 풍금로 16,062-654-1666,11:30 - 21:00,없음,없음
420040,국제수산,광주,35.178516299722,126.8737971,"광어, 세꼬시",광주 북구 대자실로 15,062-513-0422,,,없음
420041,국제연탄,광주,35.1493308,126.8576886,"국제등갈비, 얼룩도야지 삼겹살",광주 서구 상무대로876번길 12 국제연탄,0507-1330-4352,17:00 - 01:00,매주 일요일,없음
420065,굽네치킨 광주백운점,광주,35.136390666667,126.90819547222,"고추바사삭, 불금치킨",광주 남구 백운로 29,0504-3143-8728,12:00 - 01:30,없음,없음
420090,굽네치킨 월산점,광주,35.1478521,126.8850534,"고추바사삭, 불금치킨",광주 서구 화정로 258-1,0507-1484-8294,12:00 - 01:00,없음,없음
420096,굽는나먹는너,광주,35.2130402082763,126.836495438097,"마이야르 숙성 통삼겹, 마이야르 암목심",광주 광산구 첨단내촌로 72 1층 굽는나먹는너,0504-2015-3742,17:00 - 23:0,매주 월요일,없음
420109,굿족발보쌈,광주,35.1533803,126.8803886,"족발, 보쌈 대",광주 광산구 왕버들로252번길 46,0507-1457-9667,,,없음
420112,굿트,광주,35.1495448507092,126.924625266979,"실키라떼, 아메리카노",광주 동구 동계천로 137-5,0507-1309-7194,12:00 - 22:00,없음,없음
420131,권가네회센타,광주,35.153414099722,126.8807062,"생우럭탕, 대구탕",광주 서구 군분2로5번길 3,062-365-9222,,없음,없음
420139,규슈,광주,35.1518394886065,126.925865040103,"샤브2인세트 호주산, 샤브2인세트 국내산",광주 동구 동명로 47-3,062-400-4486,11:30 - 21:00,"샤브2인세트 호주산, 샤브2인세트 국내산",없음
420225,그때 그집,광주,35.150656599722,126.89382659972,"막창, 수육",광주 서구 월산로151번길 18-1 1층,0507-1355-6522,15:00 - 21:00,,없음
420245,금강산추어탕,광주,35.152820599722,126.88062139972,"추어탕, 가정식백반",광주 서구 상무대로 1087,062-367-9935,09:00 - 21:00,없음,없음
420249,금강해물탕,광주,35.148248799722,126.91211719972,"매운탕, 해물탕",광주 동구 중앙로 149-6,062-225-5289,,,없음
420252,금관꽃돼지,광주,35.1484973,126.92256209972,"꽃삼겹살, 목살",광주 동구 제봉로110번길 5,062-234-9922,17:00 - 23:00,,있음
420265,금당,광주,35.124006999722,126.8697446,"차돌짬뽕, 찹쌀탕수육",광주 서구 풍암신흥로80번길 9,062-384-8808,11:30 - 21:30,매주 월요일,있음
420266,금당골 한우 식육식당,광주,35.120092399722,126.86435679972,"생고기, 갈비살",광주 서구 풍암신흥로11번길 4-1,062-652-4162,,매주 일요일,없음
420274,금동봉자순대국밥,광주,35.1442442,126.91787239972,"봉자 속풀이 세트 1인 세트, 봉자 2인세트",광주 동구 백서로125번길 28-1,0507-1364-8298,00:00 - 24:00,없음,있음
420288,금복식당,광주,35.149402799722,126.8576584,백반,광주 서구 상무대로868번길 3-10,062-376-6833,06:30 - 21:30,,없음
420323,금일,광주,35.148428799722,126.85918949972,"허버큐브스테이크, 남뇨뇨소 좋아하는 뇨끼",광주 서구 상무대로884번길 22-1 1층,0507-1332-3841,,,없음
420333,금탑소머리국밥,광주,35.142625899722,126.9191,"특 소머리국밥, 소머리국밥",광주 동구 백서로 125,062-222-5531,06:00 - 21:30,,없음
420335,금탑소머리국밥 신창점,광주,35.196634699722,126.8387663,"소머리국밥, 따로국밥",광주 광산구 신창로 130,062-955-1525,10:00 - 24:00,,없음
420338,금탑소머리국밥,광주,35.126782099722,126.8785273,국밥,광주 서구 회재로 1054 유수빌딩,062-655-4885,,매주 월요일,없음
420355,금호순대국밥,광주,35.1212681,126.8661428,"순대국밥, 모듬국밥",광주 서구 풍금로12번길 5,0507-1416-0270,10:00 - 21:30,매주 토요일,있음
420362,금호포차,광주,35.1773425,126.8737086,"제육볶음, 김치찌개",광주 북구 대자실로 1,062-526-4949,,,없음
420366,금화국밥,광주,35.138205302331,126.791667546158,"국밥, 애호박찌개",광주 광산구 상무대로 209-1,062-944-0911,,,없음
420370,금화팥죽,광주,35.1536863624053,126.930873067726,"동지죽, 팥칼국수",광주 동구 필문대로192번길 3,062-523-3328,,,없음
420373,기가찬국밥 금호점,광주,35.1325933,126.8575916,"콩나물국밥, 내장국밥",광주 서구 금화로73번길 2-17 기가찬국밥 금호점,062-371-2933,00:00 - 23:59,,없음
420431,김가네김밥 조대후문점,광주,35.146216666667,126.92938888889,"김가네김밥, 바삭돈까스롤김밥",광주 동구 필문대로273번길 17,062-232-3045,09:00 - 22:00,격주 일요일,없음
420447,김가네김밥 예술회관점,광주,35.1757915,126.88011849972,"콩국수, 물냉면",광주 북구 대자로 55 벽산 블루밍3차아파트,062-522-1700,08:00 - 22:00,,없음
420458,김가네창평국밥,광주,35.147923099722,126.8856004,"머리국밥, 곱창전골",광주 서구 군분로 181 1층,0507-1433-8082,,,없음
420467,김경엽다슬기,광주,35.2211811,126.84344579972,"다슬기비빔밥정식, 다슬기수제비",광주 광산구 첨단중앙로170번길 13-14,062-971-7781,11:00 - 22:00,매주 일요일,없음
420486,김밥나라 구시청점,광주,35.1453002,126.91727659972,"원조김밥, 참치김밥",광주 동구 문화전당로35번길 18,062-222-8244,,,없음
420497,김밥나라 백운점,광주,35.140365583333,126.90605161111,"돈가스김밥, 치즈라볶이",광주 남구 백운로 79,0507-1362-8289,08:00 - 21:00,매주 일요일,없음
420512,김밥나라 운암낙천대본점,광주,35.1773425,126.8737086,"김밥, 참치김밥",광주 북구 대자실로 2,062-522-1784,,,없음
420520,김밥나라 풍암점,광주,35.125520999722,126.87905879972,"즉석김밥, 떡볶이",광주 서구 풍암1로21번길 7,062-681-5225,,,없음
420554,김밥랜드 송정점,광주,35.1398658078383,126.795648819713,"김밥, 참치김밥",광주 광산구 내상로 20,062-944-3891,06:00 - 22:00,매주 화요일,없음
420580,김밥천국송정점,광주,35.1378569648431,126.792109866602,"야채김밥, 참치마요김밥",광주 광산구 상무대로 208-1,062-945-8252,,,없음
420586,김밥천국 진월점,광주,35.112228388889,126.9004135,"야채김밥, 참치마요김밥",광주 남구 화산로31번안길 3 파란미술학원,062-654-0815,,,없음
420587,김밥천국화정점,광주,35.1528198,126.8804513,,광주 서구 상무대로 1085,062-369-8009,10:00 - 20:00/21:00,,없음
420604,김삿갓 전통국밥감자탕,광주,35.102777777778,126.89888888889,"김삿갓국밥, 콩나물국밥",광주 남구 효덕로 208,062-674-4884,,,없음
420615,김삿갓통닭 쌍촌점,광주,35.148757199722,126.8591258,"후라이드, 청양간장",광주 서구 상무대로884번길 18,062-385-7112,,,없음
420622,김서방국밥,광주,35.146864499722,126.8858649,"김서방국밥, 머리국밥",광주 서구 화정로260번길 11-2,062-369-7181,,,없음
420632,김식당,광주,35.151150899722,126.79314549972,"생대패삼겹살, 된장찌개",광주 광산구 소촌로 73,0507-1362-3394,11:00/14:00 - 23:00,,있음
420687,까르보네 광주선운점,광주,35.1487385,126.77112019972,"까르보나라, 고르곤졸라",광주 광산구 선운로 16 금호빌 1층,0507-1432-6699,11:00 - 21:00,매주 토요일,있음
420769,까페마롱 충장로점,광주,35.147160499722,126.9146329,"아메리카노, 에그타르트",광주 동구 중앙로160번길 18 1층 베스킨라빈스 건물,0507-1470-7334,11:00 - 20:00,,없음
420770,까페보니떼 광주풍암점,광주,35.1297659,126.88624459972,"아메리카노, 팥빙수",광주 서구 풍암순환로128번길 95,062-673-0010,,,없음
420777,깐깐한족발 진월점,광주,35.124783299722,126.8967016,"반반족발, 참숯구이족발 대",광주 남구 광복마을길 77,0507-1308-1232,11:30 - 23:30,,없음
420807,깔끄막칼국수보쌈,광주,35.153805499722,126.88014389972,"보쌈 대, 보쌈 중",광주 서구 상무대로1081번길 13-1,062-369-5353,,,없음
420841,꼬꼬닭샤브,광주,35.1752958,126.8800331,"한마리 샤브 전골, 만두",광주 북구 북문대로49번길 11 1층,0507-1389-4015,11:30-22:00,매주 일요일,있음
420854,꼬들집,광주,35.148032399722,126.857719,"꼬들살, 뽈살",광주 서구 운천로172번길 7,062-719-3188,17:00-02:00,매주 일요일,없음
420856,꼬르륵냠냠,광주,35.150371527778,126.77693175,"찰순대, 떡볶이",광주 광산구 선운중앙로 43,062-942-9339,,,있음
420864,꼬모,광주,35.133974999722,126.9058533,"그릭요거트, 빠네스프",광주 남구 봉선동 1132-2,010-2653-8566,11:00-22:00,매주 월요일,없음
420882,천리향양꼬치 염주점,광주,35.1411562149987,126.873428568055,"양꼬치, 샤브샤브",광주 서구 염화로65번길 4-14,0507-1366-3288,00:00-24:00,없음,있음
420886,꼬치와닭갈비,광주,35.1472657830033,126.926572512844,"숯불닭꼬치, 숯불떡갈비",광주 동구 백서로 220,062-234-9282,15:00-02:00,,있음
420897,꼴목식당,광주,35.136047361111,126.89517972222,"김치찌개, 순두부찌개",광주 남구 군분로24번길 1,0507-1441-0078,,,없음
420909,꽃길카페,광주,35.127276299722,126.8821554,"아메리카노, 카페라떼",광주 서구 풍암순환로 191,062-652-8729,,,없음
420910,꽃님이네,광주,35.1373766,126.89482329972,"오리로스, 삼겹살",광주 남구 군분로42번길 6-2,062-351-9875,,,없음
420912,고깃집꽃단미,광주,35.146008333333,126.92911388889,"족발, 보쌈",광주 동구 필문대로287번길 15-20,062-433-8288,,,없음
420923,꽃돼지숯가마,광주,35.1438585,126.8862043,"제주삼겹살, 목살",광주 서구 군분로139번길 20,070-7537-3467,14:00-24:00,"둘째, 넷째 화요일",있음
420926,꽃돼지연탄구이,광주,35.1510995,126.8561875,"제주삼겹살, 목살",광주 서구 운천로204번길 7-1,062-383-1492,15:00-02:00,없음,없음
420927,꽃돼지왕족발,광주,35.1779293,126.87637879972,"족발, 보쌈",광주 북구 북문대로 101-9 1층,0507-1478-8989,12:00-01:00,없음,있음
420966,꾸브라꼬 숯불두마리치킨 풍암점,광주,35.1231662,126.88406779972,"치밥강추 숯불 양념구이, 담백한 숯불 소금구이",광주 서구 풍암순환로 140,062-673-9296,,,있음
420967,꾸브라꼬숯불두마리치킨 효천점,광주,35.102777777778,126.88861111111,"숯불양념구이, 숯불데리야끼",광주 남구 효우2로26번길 13 106호,0504-2015-2258,,,있음
420993,불타는꿀꿀이,광주,35.138031599722,126.906045,"삼겹살, 닭발볶음",광주 남구 진다리로39번길 28,062-676-2303,17:00-02:00,"첫째, 셋째 일요일",있음
421006,꿀잔치닭강정학동점,광주,35.130653361111,126.92923736111,"치킨, 닭강정",광주 동구 남문로 671,062-233-0053,,,
421047,나라순대국밥,광주,35.118658299722,126.8972416,"순대국밥, 내장국밥",광주 남구 서문대로663번길 12 세원아파트,062-675-8894,,,없음
421098,나주곰탕,광주,35.153976999722,126.9115467,"곰탕, 도가니탕",광주 동구 독립로264번길 8-10,062-236-2767,,,있음
421100,나주곰탕,광주,35.134689305556,126.90156552778,"곰탕, 수육",광주 남구 독립로 10,062-676-7789,,,없음
421107|421119,나주곰탕하얀집 운암점,광주,35.178148999722,126.8774556,"곰탕, 수육곰탕, 수육",광주 북구 북문대로 160,0507-1336-2762,09:00-21:00,없음,있음
421113,노안골나주곰탕,광주,35.101944444444,126.89944444444,"곰탕, 수육곰탕",광주 남구 효덕로 201 1층나주곰탕,062-655-1778,,"둘째, 넷째 월요일",있음
421154,낙지세상,광주,35.153157999722,126.87940559972,"낙지초무침, 낙지전골",광주 서구 화운로156번길 23-2,062-365-8889,,,없음
421182,난타5000피자 화정1호점,광주,35.1462341,126.8843655,"골드 프리미엄소불고기, 골드 핫치킨",광주 서구 월드컵4강로28번길 56 신동아상가,0507-1363-5030,11:00-23:00,없음,없음
421215,난타5000피자 운암점,광주,35.1779116,126.87540959972,"골드피자, 치즈바이트피자",광주 북구 황계로55번길 12,062-527-5092,11:00-22:30,없음,없음
421220,날것,광주,35.1229043,126.8819996,"생고기, 생연어",광주 서구 풍암2로57번길 3 1층 날것,0507-1371-4455,17:00-01:00,없음,없음
421222,날쌘카페 쌍촌치평점,광주,35.15156849401,126.856394922427,"연어샌드위치, 에그감자샌드위치",광주 서구 상무대로867번길 15,0507-1476-1349,10:00-20:00,매주 토요일,없음
421240,남덕중참치 본점,광주,35.1335703,126.8582243,"혼마도로, 참치머리",광주 서구 금화로85번길 16-10,062-382-8880,17:00-02:00,없음,없음
421242,남도계절맛집,광주,35.120421399722,126.8659143,"모듬회, 돼지두루치기",광주 서구 풍금로3번길 4-3,062-450-9600,16:00-23:50,격주 일요일,
421276,남도인나주곰탕 풍암본점,광주,35.1205319,126.8648782,"수육곰탕, 도가니탕",광주 서구 풍금로11번길 10,062-652-7788,,,있음
421286,남동식당,광주,35.144366699722,126.91776489972,"지리산흑돼지, 한우생고기",광주 동구 백서로125번길 27,062-222-9288,11:30-24:00,매주 일요일,없음
421347,남해활어도매시장,광주,35.110555555556,126.89638888889,"쫄깃 광어, 달큰 우럭",광주 남구 효덕로 304-1 남해활어도매시장,062-671-7004,11:00-23:00,매주 월요일,있음
421366,내가백반,광주,35.1517672,126.88173489972,"아침백반, 닭국수",광주 서구 군분로229번길 2,062-363-0257,,,없음
421413,NIRVANA,광주,35.1453518,126.9190592,"참치카나페, 모스코뮬",광주 동구 문화전당로35번길 1 2층,0507-1467-2043,18:00-01:00/02:00,"매주 일요일, 월요일",없음
421454,네네치킨 진월점,광주,35.118713361111,126.89729308333,"후라이드, 양념치킨",광주 남구 서문대로663번길 16 김밥명가,0504-0953-0344,12:00-24:00,없음,없음
421461,네바다핫도그 동명점,광주,35.147945499722,126.92516159972,"치킨블라썸, 네바다 감자튀김",광주 동구 장동로 27 1층,0507-1495-1197,10:30-20:00,"매주 일요일, 월요일",있음
421482,노가리앤비어 광주금호점,광주,35.1337916,126.8579107,"먹태, 국물떡볶이",광주 서구 금화로85번길 12,0507-1393-7669,17:00 - 02:00,,있음
421512,노대분식,광주,35.105833333333,126.90416666667,"바삭돈까스롤김밥, 멸추김밥",광주 남구 효우로93번길 5,062-676-7337,,,있음
421629,누나김밥 화정동점,광주,35.145910999722,126.8818121,"누나김밥, 치즈김밥",광주 서구 화운로 63,062-417-3113,09:00 - 20:00,매주 일요일,없음
421633,누나네창평국밥,광주,35.151065,126.895465,"원조국밥, 머리국밥",광주 남구 월산로151번길 3,062-368-7588,,,있음
421650,눈치꼬치,광주,35.1382764656032,126.791694248191,"닭꼬치, 생맥주",광주 광산구 상무대로 211-3 눈치꼬치,0507-1403-5324,15:00 - 22:00,,없음
421655,뉴서해수산,광주,35.145106499722,126.8879158,"병어회, 하모회",광주 남구 군분로 147,0507-1463-6970,14:30 - 02:00,,없음
421664,뉴욕피자서구점,광주,35.144324199722,126.8577223,"뉴욕 콰트로골드피자, 밤고구마골드피자",광주 서구 화정로 1,062-385-1470,,,없음
421707,다담,광주,35.1423033,126.90287999972,"한식뷔페, 음료",광주 남구 독립로 96-1,062-673-0295,11:30 - 02:00,"매주 토요일, 일요일",있음
421758,다미정,광주,35.128826899722,126.88538869972,"굴비정식, 자연산활어",광주 서구 풍암순환로128번길 73,062-682-5516,11:00 - 22:00,,있음
421761,다반사차문화원,광주,35.148091299722,126.9220372,"홍차류, 보이차류",광주 동구 제봉로 108,062-227-7645,10:00 - 21:00,매주 일요일,있음
421877,다홍치마,광주,35.154078699722,126.91058979972,"모둠구이, 한정식",광주 북구 독립로 251 다홍치마,062-233-9952,,,있음
421890,단골집,광주,35.114166599722,126.90174829972,"김치찌개, 알탕",광주 남구 진제길 19,062-671-2292,,,없음
421926,달달한온도 본점,광주,35.147222222222,126.90972222222,"연유라떼, 아메리카노",광주 남구 중앙로107번길 15 광주시민회관 1층 카페 달달한온도,0507-1344-9699,11:00 - 22:00,없음,있음
422011,달콤한향기,광주,35.13219,126.91063499972,"아메리카노, 대추생강차",광주 남구 봉선중앙로 126,062-529-5263,12:30 - 23:00,,있음
422019,달퐁,광주,35.145434999722,126.8845478,"휴롬착즙쥬스R, 달퐁쥬스R",광주 서구 화정로244번길 17 금성빌딩 111호 달퐁,050-4309-1510,,,없음
422087,담양판그릴 진월점,광주,35.115337361111,126.89702605556,"마늘돼지갈비, 매운치즈갈비",광주 남구 서문대로627번안길 1 1층,070-4150-9192,11:00 - 22:00,,있음
422102,당신은지금치킨이땡긴다 소촌점,광주,35.1445112187286,126.791143399623,"마크 치킨 세트, 고바로우 치킨",광주 광산구 어등대로 669 1층,062-942-7111,15:00 - 03:00,,
422104,당신은지금치킨이땡긴다 월산점,광주,35.145284599722,126.8875455,"두준두준 반반세트, 육즙킹 트러플 크리스피 치킨",광주 남구 화정로260번길 35 1층,062-363-1440,16:00 - 03:00/01:00,없음,없음
422120,대궁,광주,35.157409299722,126.87821999972,"초밥, 모듬생선회",광주 서구 내방로 344-1,062-364-2624,11:00/16:00 - 22:30,없음,있음
422151,대박마라탕효천점,광주,35.102222222222,126.87388888889,"소고기마라탕, 소고기 마라샹궈",광주 남구 효천2로가길 5,062-652-9888,11:00 - 22:30,첫째 셋째 월요일,없음
422200,대오회관,광주,35.1500338,126.91048159972,"생선구이백반, 갈치구이",광주 동구 구성로 148,062-232-2750,09:00 - 21:00,없음,없음
422210,대왕김밥 풍암점,광주,35.1250949,126.87823109972,"김밥, 대왕김밥",광주 서구 풍암1로 20,062-681-0864,00:00 - 24:00,없음,없음
422213,대왕뼈해장국,광주,35.1387825,126.89302825,"대왕뼈해장국, 대왕뼈전골",광주 남구 군분로 59-1,0507-1408-8119,,,없음
422257,대탄집,광주,35.1779317,126.8750334,"소갈비살, 꽃등심",광주 북구 황계로55번길 18,062-511-3334,16:00 - 02:00,없음,없음
422267,대패갑1900 첨단1호점,광주,35.220806111111,126.84361266667,무한리필,광주 광산구 첨단중앙로170번길 36,0507-1340-9233,,,없음
422270|422274,칠우대패삼겹살 운암점,광주,35.1798318,126.8741463,"대패삼겹 한판, 볶음밥",광주 북구 북문대로 117,062-515-3392,11:00 - 23:00,없음,없음
422273,대패왕,광주,35.1363983,126.90820159972,"대패왕한판, 우렁된장찌개",광주 남구 백운로 29,062-653-0365,,,없음
422321,카페 더 모먼트,광주,35.146716499722,126.85692899972,"MMT 커피, 카페라떼",광주 서구 운천로 156 1층,0507-1331-8687,12:00 - 22:00,매주 일요일,없음
422351,더벤티 광주효천점,광주,35.102222222222,126.87527777778,"아메리카노, 카페라떼",광주 남구 효천중앙로 62 102호 더벤티 광주효천점,062-651-7702,08:00 - 22:00,없음,없음
422352,더벤티 광주풍암점,광주,35.1256545,126.8784124,"폴라포 포도 젤러쉬, 핑크피치 젤러쉬",광주 서구 풍암1로21번길 7 1층,062-682-1114,07:00 - 23:00,없음,없음
422368,더벤티 조선대점,광주,35.146094444444,126.92955833333,"아메리카노, 카페라떼",광주 동구 필문대로273번길 18,062-225-2332,09:00 - 00:30,없음,없음
422373,더벤티 상무점,광주,35.146688099722,126.84653369972,"아메리카노, 카페라떼",광주 서구 상무대로 773 1층 101-4,062-384-3326,10:00 - 19:00,없음,없음
422377,더벤티 광주신창호반점,광주,35.1996163,126.8399593,"아메리카노, 카페라떼",광주 광산구 신창로161번길 19 상가동 1층 110호,070-7585-5626,08:00 - 22:00,없음,없음
422413|427392,더비어,광주,35.1808332313766,126.811024602458,"계절과일, 과일화채, 모듬마른안주",광주 광산구 풍영로101번안길 3-1,062-954-0607,,,없음
422427,더스토리,광주,35.1429496066985,126.874248799148,"아메리카노, 카페라떼",광주 서구 월드컵4강로 67,010-5603-7848,11:30 - 22:30,없음,없음
422458,더찜,광주,35.148910399722,126.9123567,"아귀찜, 해물찜",광주 동구 천변우로 363-19,062-232-3737,,,없음
422479,더키친(Thekitchen) 광주서석동,광주,35.146967199722,126.92271359972,"돈까스, 비빔밥",광주 동구 제봉로82번길 13-11,062-233-3539,07:30 - 20:00,매주 일요일,없음
422550,덮덮밥 조선대점,광주,35.146027777778,126.93122222222,"야들야들 대패덮밥, 매콤야들 대패덮밥",광주 동구 지산로 21,070-4799-5259,09:00 - 22:00,매주 월요일,없음
422584,델리하우스,광주,35.1467770575479,126.840480480885,뷔페,광주 서구 상무누리로 30 김대중컨벤션센터 컨벤션동 2층,0507-1446-0003,11:30 - 21:00,매주 월요일,있음
422607,도노,광주,35.1488091,126.9123071,"아메리카노, 카페라떼",광주 동구 천변우로 363-46,062-522-3191,,,없음
422610,도담김밥,광주,35.133743299722,126.8958633,"도담김밥, 돈까스김밥",광주 남구 회재로 1233,062-675-0757,,,없음
422612,도담참치스시,광주,35.1451143,126.88527519972,"연어 사시미, 연어초밥",광주 서구 화정로244번길 27 도담참치스시,0507-1372-8980,10:00 - 22:00,없음,없음
422618,도도한돈,광주,35.191287799722,126.8118568,"스페셜 A 셋트, 스페셜 B 셋트",광주 광산구 장신로19번안길 9-1,0507-1497-9292,16:00 - 02:00,없음,있음
422630,도르르커피,광주,35.130325599722,126.85001529972,"아메리카노, 바닐라라떼",광주 서구 화개중앙로 139,062-654-0555,09:00 - 24:00,없음,있음
422648,도미노피자 광주금호점,광주,35.1430718,126.8576718,"와일드 와일드 웨스트 스테이크, 아메리칸 패티 멜트",광주 서구 운천로 117,062-383-3082,11:30 - 21:30,없음,없음
422668,도스마스 조선대점,광주,35.146069444444,126.92979444444,"부리또, 부리또.캔콜라",광주 동구 필문대로273번길 22-1,070-4220-3577,10:00 - 21:00,매주 일요일,없음
422687,도야지족발,광주,35.1211465,126.88247269972,"불맛족발, 보쌈",광주 서구 풍암순환로 101,062-654-5060,,,없음
422709,도이카페,광주,35.147247222222,126.93200555556,"아메리카노, 카페라떼",광주 동구 지산로 37,0507-1335-6846,09:00 - 22:00,없음,있음
422735,독도집,광주,35.149353699722,126.85769759972,"모듬회, 모듬해물",광주 서구 상무대로876번길 11,010-9265-9682,17:30 - 02:00,매주 일요일,없음
422745,돈가,광주,35.1268936,126.8795767,"돈가 삼겹살, 돈가 갈매기살",광주 서구 회재로 1054,062-651-9102,16:00 - 24:00,없음,있음
422750,돈값,광주,35.144686,126.88625059972,"생갈비, 통삼겹",광주 서구 군분로147번길 15-11 1층 돈값,062-716-9500,16:30 - 23:00,매주 일요일,없음
422770,돈까스만드는남자 운암직영점,광주,35.1790108,126.8769628,"수제돈까스, 통치즈돈까스",광주 북구 북문대로 96-1 수진화원 옆건물 2층,0507-1322-8369,11:30 - 21:30,매주 월요일,있음
422773,돈꼬기,광주,35.181669972222,126.809927,"모듬한판, 삼겹살",광주 광산구 풍영로101번안길 15 1층,0507-1437-3498,16:30/17:00 - 22:30,격주 일요일,없음
422780,돈담 고사리생삼겹살,광주,35.221140599722,126.84386039972,"고사리삼겹살, 생삼겹살",광주 광산구 첨단중앙로170번길 13-16 돈담 고사리생삼겹살,0507-1322-6508,06:00 - 22:00,없음,없음
422794,돈방석생삼겹,광주,35.185081472222,126.83377836111,"삼겹살, 대패삼겹살",광주 광산구 목련로394번길 23-25,062-951-3350,,,없음
422806,돈쌈냉면,광주,35.148356599722,126.91392659972,"물냉면.숯불고기, 비빔냉면.숯불고기",광주 동구 중앙로160번길 2,062-234-1008,10:00 - 22:00,없음,없음
422816,돈웅,광주,35.144469444444,126.92966388889,"매운쌈밥, 떡갈비 정식",광주 동구 필문대로287번길 24-24,0507-1471-9299,10:30 - 20:00,없음,있음
422823,돈지메국밥,광주,35.177137199722,126.89634359972,"곱창전골, 모듬수육",광주 북구 운용로95번길 5-12,062-514-3886,00:00 - 24:00,없음,있음
422830,돈치호테,광주,35.1372933,126.90739,"간장강정, 깐풍강정",광주 남구 백운로 42,0507-1373-8254,,,없음
422833,돈통구이,광주,35.1512212,126.8564451,"돈통삼겹싱글세트, 돈통매운양푼갈비찜",광주 서구 운천로204번길 8 1층,062-382-5668,,,있음
422852,돌마루 운남점,광주,35.177715277778,126.82430266667,"생삼겹, 3초삼겹",광주 광산구 목련로219번길 154,062-951-9005,11:00 - 24:00,없음,있음
422854,돌배기집 광주상무점,광주,35.154081499722,126.85463729972,"프라임 모둠, 돌배기",광주 서구 시청로60번길 21-6 콜롬버스시네마,0507-1405-8464,00:00 - 24:00,없음,있음
422855,돌배기집 광주충장로점,광주,35.145924999722,126.9169183,"차돌박이 대표구이 세트, 차돌박이 1인세트",광주 동구 백서로125번길 45 1층,062-228-5481,11:00 - 04:00,없음,없음
422856,돌샘,광주,35.151555899722,126.88208029972,"아구찜, 생삼겹살",광주 서구 군분로 232,062-363-0660,,,없음
422859,돌섬앞바다,광주,35.1217636,126.86861079972,"활어회, 굴비정식",광주 서구 풍암신흥로 60,062-672-7735,11:30 - 21:30,첫째 셋째 일요일,없음
422906,동네방네,광주,35.18155,126.80943397222,"스지수육, 꼬막무침",광주 광산구 풍영로101번안길 19-3 1층,062-955-0955,17:00 - 24:00,없음,없음
422909,동네수산물,광주,35.145484899722,126.8879728,"새우 소금구이, 우럭탕",광주 남구 군분로148번길 3 남부아파트,062-363-9797,15:00~23:00,매주 일요일,없음
422938,동막골,광주,35.147127777778,126.93202222222,"황태해장국, 황태미역국",광주 동구 지산로 37 1층 동막골,062-412-6846,12:00 - 22:00,매주 일요일,있음
422951,동명돈 광주동명동,광주,35.147634099722,126.92613599972,"두툼삼겹살, 통가브리살",광주 동구 장동로 38 동명돈,010-5572-3350,10:00 - 22:00,매주 일요일,없음
422979,동명카츠 염주화정점,광주,35.142724299722,126.87525309972,,광주 서구 염화로 97,062-383-9996,11:00 - 20:00,매주 일요일,없음
422982,동명카츠 풍암점,광주,35.1275076,126.8521628,"생 등심 돈카츠, 리얼 치즈 돈카츠",광주 서구 풍암순환로 42 상가동 103호,062-654-8183,11:00 - 20:30,매주 일요일,없음
422983,동명카츠 광주 효천1지구점,광주,35.101944444444,126.87555555556,"생등심 돈카츠, 치즈 돈카츠",광주 남구 효천중앙로 64,062-682-3311,11:00 - 19:00,매주 일요일,없음
422996,동백카츠 동명점,광주,35.148859,126.9251411,"등심카츠, 안심카츠",광주 동구 동계천로 147 1층 동백카츠 동명점,062-226-7799,11:00 - 21:00,없음,없음
423069,동진식육식당,광주,35.145240777778,126.91466522222,"주물럭, 생고기 비빔밥",광주 동구 서석로10번길 10-1,062-224-7211,11:00~21:30,매주 일요일,없음
423087,동해물과아구찜 광주북구점,광주,35.1776075,126.87330269972,"순살 아구찜, 낙지찜",광주 북구 서강로66번길 33 1층 102호,0504-1849-2317,11:00 - 00:30,없음,없음
423090,동해반점,광주,35.1381686601604,126.793694969259,"옛날짜장, 삼선짬뽕",광주 광산구 광산로 15,062-944-9126,11:00 - 21:00,매주 월요일,없음
423093,동해식육식당,광주,35.180632,126.809008,"삼겹살, 한우",광주 광산구 풍영로101번안길 19-14,062-952-9966,11:00 - 22:00,없음,있음
423101,동화,광주,35.1497741,126.9224824,"연어김초밥, 아부라소바",광주 동구 동명로 6 1층 b호,0507-1382-5561,17:00 - 24:00,매주 일요일,없음
423141,돼지세끼,광주,35.1380033,126.9065783,"생대패삼겹살, 생돼지갈비",광주 남구 백운로 53-1,0507-1323-0094,17:00 - 01:00,둘째 넷째 일요일,없음
423142,돼지세끼,광주,35.144765999722,126.88614839972,"생삼겹 대패, 생목살 대패",광주 서구 군분로159번길 15-25 1층,062-352-8908,17:00 - 23:00,없음,없음
423143,돼지세끼특수부위,광주,35.1447852,126.8861399,"갈매기살, 가브리살",광주 서구 군분로147번길 14,062-366-0687,17:00 - 23:00,매주 일요일,없음
423158,돼지전설 화정직영점,광주,35.146197399722,126.884776,"뽈살, 갈매기살",광주 서구 군분로169번길 18,062-418-9295,16:00 - 01:00,매주 일요일,없음
423169,두꺼비로맨스 구시청점,광주,35.145422699722,126.91760039972,"닭도리탕, 꼬치",광주 동구 문화전당로35번길 16-5 1층,010-2813-2487,17:00 - 04:00,없음,없음
423178,두두국밥,광주,35.1440757,126.85618259972,"야채곱창볶음, 야채곱창볶음",광주 서구 운천로 131 두두국밥,062-385-0185,10:00/11:00 - 22:00,공휴일,있음
423267,드로잉카페 톤 충장점,광주,35.1461794910872,126.915418549526,"나는야고흐, 미니오일파스텔","광주 동구 서석로7번길 6-29 2층, 드로잉카페톤",0507-1365-1724,13:00 - 22:00,매주 화요일,없음
424034,루틴,광주,35.104722222222,126.87388888889,"딸기라떼, 자몽에이드",광주 남구 효천3로 101호,0507-1410-0620,09:00 - 23:00,없음,없음
424053,LeBain,광주,35.149209999722,126.9231259,"싱글몰트 1샷, 모둠치즈",광주 동구 장동로 7 1층,0507-1333-7950,07:30 - 03:00,없음,없음
424289,마을카페남동풍,광주,35.099722222222,126.88666666667,"아메리카노, 복숭아아이스티",광주 남구 행암도동길 9-12,0507-1311-7297,10:00 - 21:00,매주 일요일,있음
424461,만선당 어부의밥상 첨단점,광주,35.216528699722,126.846539,"보리굴비정식, 아구찜정식",광주 광산구 첨단중앙로124번길 77 1층,0507-1373-2033,11:30 - 22:00,없음,있음
424673,매일해장국,광주,35.148999199722,126.85712119972,"살고기국밥, 암뽕국밥",광주 서구 운천로184번길 6-1,062-373-6608,11:00 - 21:00,매주 일요일,없음
424823,메가MGC커피 광주흑석점,광주,35.180331,126.81122997222,"아메리카노, 핫초코",광주 광산구 풍영로 93 수완지구 EG더원아파트 월드드림랜드 방향 하남로입구교차로 인근(광주광역시 광산구 풍영로 93(흑석동 601),062-954-1031,08:00 - 23:00,없음,있음
424908,메트로 남광주역점,광주,35.1393313,126.9229229,"햄치즈에그, 단호박에그",광주 동구 제봉로 1,0507-1325-7739,07:00 - 19:00,"매주 토요일, 일요일",있음
424947,멘무샤 충장NC웨이브점,광주,35.148790099722,126.91297009972,"돈코츠라멘, 미소라멘",광주 동구 중앙로 163,062-718-9597,11:00~22:00,없음,있음
425008,명랑핫도그 광주학동점,광주,35.1306833,126.92916999972,"모짜체다 핫도그, 통모짜 핫도그",광주 동구 남문로 671,062-223-9575,11:00/12:00~21:00/22:00,,없음
425032,명성능이버섯백숙,광주,35.130799,126.78993749972,"능이버섯 닭볶음탕, 오리로스구이",광주 광산구 도산로9번길 12,062-446-0822,11:00~21:30,매주 일요일,
425049,명인면옥 농성점,광주,35.1504381,126.8830683,"숯불고기, 숯불물냉면",광주 서구 군분로211번길 2,062-366-6392,11:00 - 21:00,없음,있음
425052,명인면옥,광주,35.132015,126.8924066,"고기국수, 고기비빔국수",광주 남구 회재로 1194,062-681-0234,,,있음
425071,명탐정보드게임카페,광주,35.1468433,126.9164733,"캐모마일, 얼그레이",070-8767-8588,070-8767-8588,,,없음
425124,모두가,광주,35.149152499722,126.92802639972,"모듬만두, 고기튀김만두",광주 동구 동계천로 171,010-2041-3800,11:00~21:00,매주 화요일,있음
425645,미스김 첨단점,광주,35.215462899722,126.8435347,"모듬김밥, 고추김밥",광주 광산구 첨단중앙로116번길 14,0507-1493-1890,09:00~20:30,격주 월요일,없음
425877,바르다김선생 광주충장로점,광주,35.145943299722,126.9171699,"바른김밥, 매운 제육쌈 김밥",광주 동구 서석로 30 1동,062-222-1101,10:00~01:40,없음,없음
425913,바른초밥 송정점,광주,35.143642416667,126.798645,"모듬초밥, 특선초밥",광주 광산구 상무대로 299,0507-1305-8895,10:00~22:00,매주 화요일,없음
426117,밥장인 돼지찌개 상무지구점,광주,35.1507355,126.85577279972,"돼지찌개, 강난손약과",광주 서구 운천로204번길 3-1 1층,0507-1406-4024,07:00~24:00,없음,있음
426380,벌떡 상무점,광주,35.1487648,126.85912419972,"벌떡, 벌뎅","광주 서구 상무대로884번길 22 1층, 벌떡 떡볶이 상무점",0507-1449-2155,15:00-01:00,매주 월요일,없음
426449,벌크커피 염주점,광주,35.1399140086725,126.873045996147,"히비스커스티, 딸기블라썸라떼",광주 서구 염화로 59,062-373-7735,,,있음
426791,본도시락 광주대점,광주,35.108055555556,126.89694444444,"불티돈까스 반상, 김치볶음밥돈까스 반상",광주 남구 효덕로 276 1층,062-654-4282,,매주 일요일,있음
426816,본죽 광주송정점,광주,35.1398217974122,126.796062611676,"트러플전복죽, 단호박죽",광주 광산구 내상로 21,062-941-6233,09:00 - 20:00/21:00,매주 일요일,있음
426819,본죽 광주진월점,광주,35.1202933,126.898735,"트러플전복죽, 단호박죽",광주 남구 서문대로 683,062-651-6288,09:00-21:00,없음,없음
426827,본죽&비빔밥cafe 광주백운고가점,광주,35.1346549,126.89843829972,"해물 약고추장비빔밥, 장똑똑이비빔밥",광주 남구 회재로 1257,062-651-6264,09:00 - 21:00,격주 일요일,없음
426833,본죽&비빔밥cafe 광주백운대성초교점,광주,35.142219527778,126.90854644444,"해물 약고추장비빔밥, 장똑똑이비빔밥",광주 남구 중앙로 80 101호,062-681-6288,09:30 - 21:00,격주 일요일,없음
426839,본죽&비빔밥cafe 광주운남점,광주,35.178970333333,126.82401275,"해물 약고추장비빔밥, 장똑똑이비빔밥",광주 광산구 하남대로 278-1,062-952-6288,09:00 - 21:00,없음,없음
426895,봉구비어광주조대점 광주지산동,광주,35.144938888889,126.92908611111,"봉구먹태, 봉구노가리",광주 동구 필문대로287번길 22,062-222-4788,,,없음
426906,봉구스밥버거 첨단점,광주,35.2139065,126.843798,"봉구스, 햄치즈",광주 광산구 첨단중앙로 96,062-974-2199,09:30 - 22:30,,있음
426908,봉구스밥버거 광주대점,광주,35.109722222222,126.89666666667,"봉구스밥버거, 봉구킹밥버거",광주 남구 효덕로 284,0507-1310-9794,,,없음
426931,이디야커피 봉선방림점,광주,35.1285699,126.91819329972,"카페 아메리카노, 토피 넛 라떼",광주 남구 봉선1로 120-1 1층,0507-1374-5006,09:00 - 23:30,없음,있음
426953,봉이선달,광주,35.140010833333,126.89178466667,"국산 대패삼겹살, 한우 육회",광주 남구 군분로 75-1,062-365-2911,15:00 - 24:00,없음,
427000,부리나치킨 첨단점,광주,35.220653527778,126.84264372222,"순살바베큐, 순살후라이드",광주 광산구 첨단중앙로170번길 17,062-973-0333,17:00 - 01:00,매주 일요일,있음
427004,부리나치킨 운암점,광주,35.1785555,126.8738778,"양념바베큐, 순살바베큐",광주 북구 대자실로 22 포레스힐2,062-528-9295,,,있음
427021,부부식당 국밥 순대,광주,35.13982,126.921525,"국밥, 수육",광주 동구 제봉로17번길 8-1,062-233-2458,05:00 - 21:00,셋째 일요일,있음
427041,부엌간 동명점,광주,35.1491685,126.92734339972,"페스츄리 스프, 알배추시저샐러드",광주 동구 동계천로 167-1 1층,0507-1397-6623,11:30 - 21:30,없음,있음
427055,부자김밥,광주,35.1466487,126.7761315,"부자김밥, 국물떡볶이",광주 광산구 선운로2번길 63-5,062-941-2399,10:00 - 22:00,,있음
427056,부자가든,광주,35.110555555556,126.89444444444,"비빔밥, 떡국",광주 남구 서문대로 562,062-672-0338,,,있음
427068,부흥반점,광주,35.1421599,126.9190016,"짜장면, 짬뽕",광주 동구 백서로125번길 2,062-222-4095,,,있음
427092,북툰 커피앤카페,광주,35.1988373,126.84126329972,"아메리카노, 카페모카",광주 광산구 신창로162번길 3,062-955-7950,,,있음
427098,분식집,광주,35.1492531,126.92515079972,"파튀김 떡볶이, 상추튀김",광주 동구 동계천로 143-5 1층,062-229-1448,11:30 - 20:30,,있음
427100,분포나인,광주,35.137453299722,126.91281329972,"소고기 쌀국수, 분짜",광주 남구 백서로 39 1층,0507-1439-2274,11:00 - 21:00,없음,있음
427105,불꼬챙이,광주,35.13532,126.7925266,"삼뚱이, 치즈 토핑 추가",광주 광산구 송정로8번길 37,062-269-4568,11:00 - 21:30,둘째 월요일,있음
427111,불노리야,광주,35.145844444444,126.92903888889,"통오겹살, 생삼겹",광주 동구 필문대로287번길 15-14,062-225-9878,15:00 - 03:00,없음,없음
427119,불땡국수 운암점,광주,35.1785471,126.874633,"나가사끼 짬뽕, 매콤해물삼겹볶음",광주 북구 북문대로103번길 26,062-513-4333,17:00 - 05:00,없음,없음
427166,브라더직화배달삼겹 광주광산점,광주,35.177402472222,126.82279966667,"브라더 볏짚삼겹 싱글세트 도시락, 브라더 볏짚삼겹 2인세트 도시락",광주 광산구 목련로273번안길 43,062-445-9000,,,없음
427254,블루웨일,광주,35.1492522827701,126.92775540231,"프리미엄크로플, 크림모카",광주 동구 동계천로 169-3,0507-1353-5642,11:00 - 23:00,없음,없음
427273,븟,광주,35.1925442421056,126.829798800114,"랍스타특선사시미, 해물 모듬사시미",광주 광산구 수완로74번길 11-28,0507-1355-5336,16:30 - 03:00,매주 일요일,없음
427283,비로그베이크샵,광주,35.1814654973521,126.811754972097,"바스크 치즈케이크, 에그타르트",광주 광산구 풍영로101번길 22 수완이지더원아파트 상가1동 114호,0507-1486-0425,11:00 - 20:00,"매주 월요일, 화요일",없음
427343,BBQ치킨 광주마재점,광주,35.1247023,126.85594249972,"황금올리브치킨, 오리지날 양념치킨",광주 서구 화개중앙로 55,0507-1275-0248,12:00 - 24:00,매주 월요일,없음
427355,비스트로피자 광주광산점,광주,35.1817290405167,126.810244802861,"4비트피자, 페퍼로니피자",광주 광산구 풍영로101번안길 16 1층,0507-1389-1557,11:00 - 01:00,없음,없음
427384,치킨&호프비어,광주,35.150475,126.89324499972,"후라이드치킨, 양념치킨",광주 서구 경열로66번길 8,062-364-7775,,,없음
427416,BHC치킨 서광주점,광주,35.146300599722,126.8812309,"치퐁당 후라이드, 하바네로 포테킹",광주 서구 화정로 211 상가동 101호,062-375-9238,11:30 - 23:30,,있음
427458,빅마마분식,광주,35.140911083333,126.90502166667,"빅마마김밥, 라면",광주 남구 독립로80번길 27 1호,0507-1368-7124,10:30 - 20:00,매주 일요일,없음
427467,파리바게뜨 광주빅스포점,광주,35.126249999722,126.89821,"클래식 모카 케이크, 크로크무슈",광주 남구 서문대로 745,062-606-8002,,,있음
427469,BIG APPLE,광주,35.119916899722,126.86530759972,"통베이컨스테이크, 피자",광주 서구 풍암신흥로 13,0507-1306-3407,17:00 - 24:00,매주 일요일,있음
427507,빛가람국밥,광주,35.122804999722,126.89571159972,"머리국밥, 새끼보국밥",광주 남구 서문대로749번다길 35,062-676-8298,,,있음
427524,빛고을맛집,광주,35.148693399722,126.9120347,"생선조림, 낙지볶음",광주 동구 천변우로 363-40,062-412-2217,,,없음
427530,빛고을전집,광주,35.1778126,126.8757396,"해물김치전, 해물파전",광주 북구 북문대로 101-9,062-523-1970,16:30 - 02:00,없음,없음
427539,빛나네삼겹살,광주,35.1200149,126.89610999972,"생삼겹살, 생고기",광주 남구 금당로 35-1,062-672-8406,10:00 - 22:00,"첫째, 셋째 일요일",있음
427564,빨간토마토피자,광주,35.180810972222,126.81081,"콤비네이션피자, 고구마리치골드피자",광주 광산구 풍영로101번안길 3-1,062-961-0083,,,없음
427582,빽다방 상무메가점,광주,35.1541353,126.85474709972,"앗 아메리카노, 원조커피",광주 서구 시청로60번길 21-6,010-4606-8464,09:00 - 22:00,없음,있음
427584,빽다방 광주소촌점,광주,35.1573862848631,126.791856163446,"앗메리카노, 우리포도주스",광주 광산구 소촌로 147,0507-1417-9043,08:00 - 22:00,없음,있음
427589,빽다방 광주진월금당점,광주,35.118370055556,126.89663694444,"앗메리카노, 고구마라떼",광주 남구 금당로 12-1,062-654-6286,09:00 - 20:30/21:30,,없음
427600,뼈다귀천국소천점,광주,35.1573862848631,126.791856163446,"감자탕, 뼈다귀해장국",광주 광산구 소촌로 147,062-942-1912,,,없음
427608,뼈삼,광주,35.148619199722,126.85757019972,"5대갈비살, 뼈삼겹살",광주 서구 상무대로876번길 18,0507-1338-4825,16:00 - 24:00,매주 일요일,없음
427623,뽕대감,광주,35.121760999722,126.86161149972,"짜장면, 짬뽕",광주 서구 풍암신흥안길 30,062-652-5882,11:00 - 22:00,,있음
427632,삐삐네분식 조대점,광주,35.147030555556,126.93193055556,"라면, 짬뽕",광주 동구 지산로 35,0507-1414-7623,09:00 - 22:00,없음,없음
427635,사계절,광주,35.1267276,126.8534676,"고등어구이, 조기찌개",광주 서구 화개중앙로 81,062-655-3184,,매주 일요일,없음
427645,사계절 삼겹살,광주,35.1531656,126.8793313,"삼겹살, 해물라면",광주 서구 화운로156번길 22,0507-1411-0301,18:00 - 24:00,없음,있음
427654,사계절밥상,광주,35.120307916667,126.89888761111,백반,광주 남구 서문대로 686,062-671-2244,11:30-14:30,매주 일요일,있음
427705,사랑채,광주,35.1411503826326,126.872937087922,"옷닭, 갈치조림",광주 서구 화정로138번길 45-17,062-382-7009,,,없음
427707,사랑채도너츠카페,광주,35.150571599722,126.89387499972,"아메리카노, 카페라떼",광주 남구 월산로151번길 19,062-363-8259,,,없음
427710,사리원,광주,35.103333333333,126.89805555556,"양념 돼지갈비, 토시살",광주 남구 효덕로 223,062-674-0997,10:30-21:30,없음,있음
427728,사이시옷,광주,35.146864499722,126.8858649,"아메리카노, 카페라떼",광주 서구 화정로260번길 9,062-400-5987,12:00-19:00,매주 일요일,없음
427742,사케류,광주,35.12559,126.90914829972,"닭꼬치, 해물계란탕","광주 남구 봉선2로 26-1 1층, 2층",0507-1350-1339,17:30-03:00,없음,
427767,산수골,광주,35.154166666667,126.92638888889,"가오리찜, 전어구이",광주 동구 경양로 340,062-233-3318,,,없음
427778,산수옥면가,광주,35.148853,126.92496429972,"모밀국수, 비빔모밀",광주 동구 장동로 23-20,0507-1360-6663,10:00-21:00,없음,없음
427787,산수원,광주,35.1536456739813,126.925929251001,"통갈비낙지찜, 불낙",광주 동구 동명로67번길 32-9,062-228-8025,,,없음
427817,산쪼메 광주대점,광주,35.108055555556,126.89694444444,"돈코츠라멘, 규동",광주 남구 효덕로 272,0507-1321-3022,09:30/11:00-20:00,,있음
427834,살맛나는 세상,광주,35.123790722222,126.89690397222,"매생이떡국, 매생이굴국밥",광주 남구 광복마을길 71,062-676-8592,,,있음
427836,살아있네,광주,35.2184633,126.84375389972,"해신탕, 낙지연포탕",광주 광산구 첨단중앙로152번길 6-15 1F,0507-1498-1423,15:00-23:50,매주 일요일,없음
427839,삶오로지다족발 구시청점,광주,35.1444734,126.9177061,"오로지족발, 오로지보쌈",광주 동구 백서로125번길 30 1층,062-222-9953,17:00-03:00,없음,없음
427850,삼겹천지,광주,35.1411723187877,126.873140716286,"천지 대패삼겹, 천지 대패우삼겹",광주 서구 염화로65번길 4-11,062-363-9233,10:00-24:00,매주 화요일,없음
518644,길손식당,전남,35.3238593122587,127.472863310473,"닭도리탕, 닭백숙",전남 구례군 산동면 대음길 8,0507-1386-1536,08:00 - 21:00,,있음
518647,산수유국수,전남,35.3186115515723,127.460218762975,"지리산김밥, 산수유 잔치국수",전남 구례군 산동면 지리산온천로 280,061-783-0086,,,있음
518650,산다라 전통떡갈비 오리,전남,35.3135420580128,126.981909438446,"한우떡갈비정식, 한돈떡갈비정식",전남 담양군 담양읍 천변7길 5-12,061-381-5225,10:30 - 21:00,매주 화요일,있음
518651,버트,전남,35.3179320378749,126.968066833119,"갈레트브루통, 휘낭시에",전남 담양군 담양읍 추성로 1186,061-383-7780,11:00 - 20:00,매주 화요일,있음
518652,아르볼,전남,35.3593901455436,127.028540421912,"말차크림비엔나, 티라미수",전남 담양군 금성면 금성산성길 124,0507-1347-7028,10:00 - 19:30,매주 화요일,있음
518653,기역니은디귿,전남,35.3344286455991,126.965506757019,"버터샌 베이글, 아메리카노",전남 담양군 월산면 담장로 114,0507-1356-5947,11:00 - 21:00,없음,있음
518654,뚝방국수,전남,35.3180279534151,126.979313138044,"멸치국물국수, 열무비빔국수",전남 담양군 담양읍 천변5길 20,061-382-5630,11:00 - 20:00,없음,있음
518655,남도예담,전남,35.3352842344125,126.9620409299,"한우떡갈비 대통정식, 한우떡갈비 공기정식",전남 담양군 월산면 담장로 143,0507-1437-7768,11:00 - 21:00,없음,있음
518656,고서회관,전남,35.224109113496,126.975132080014,"육회비빔밥, 육전, 미역국",전남 담양군 고서면 원등1길 16-7,0507-1339-1489,11:00/11:30 - 15:00,매주 월요일,있음
518657,승일식당,전남,35.3218909141378,126.98224883341,"돼지갈비, 비빔냉면",전남 담양군 담양읍 중앙로 98-1,061-382-9011,09:30 - 21:00,없음,있음
518659,제크와돈까스,전남,35.3548416295188,127.029100365026,"쌈돈가스, 눈꽃돈가스",전남 담양군 금성면 금성산성길 72,0507-1407-0518,11:00 - 15:00,매주 월요일,있음
518662,단청,전남,35.3001154091264,126.934034066834,"돼지갈비, 돼지떡갈비",전남 담양군 수북면 한수동로 524,061-383-4123,11:00 - 20:30,없음,있음
518663,투썸플레이스 담양백동사거리점,전남,35.3090402271787,126.980661865001,"데일리 오트 코코넛 라떼, 데일리 오트 바나나 프라페",전남 담양군 담양읍 죽향문화로 1,0507-1335-9633,08:00 - 22:00,없음,있음
518664,담양밤부리,전남,35.3331406478985,126.989048759188,"죽염라떼, 밤부에이드",전남 담양군 담양읍 죽향문화로 403,0507-1468-3941,10:00 - 21:00,,있음
518666,아우터베이크하우스,전남,35.3236051907403,126.975670017643,"체리크림치즈타르트, 에스프레소",전남 담양군 담양읍 시산1길 53,061-938-9961,12:00 - 20:00,매주 수요일,있음
518667,까망감,전남,35.3958365157826,127.000090702576,"월계딸기라떼, 딸기요거트",전남 담양군 용면 추월산로 900-9,0507-1318-1164,11:00 - 19:00/20:00,,있음
518669,노매럴,전남,35.3385307085207,127.022648843441,"솔티카라멜도넛, 초당옥수수도넛",전남 담양군 금성면 담순로 66,0507-1375-1232,11:00 - 21:00,,있음
518670,햇살부르는 바람소리,전남,35.1916102051513,127.008716017111,"피자, 돈가스",전남 담양군 가사문학면 지실길 61-37,061-382-5266,11:30 - 20:00,없음,있음
518671,카페 써니사이드,전남,35.3562866530555,126.990961342507,"아메리카노, 말차라떼",전남 담양군 용면 두장길 106-5,0507-1397-7834,11:00 - 20:00,,있음
518672,강의리추어탕,전남,35.2644884873453,126.904154768967,"추어탕, 추어튀김",전남 담양군 대전면 강의길 73,061-382-5688,11:00 - 20:30,없음,있음
518673,병풍산방,전남,35.286820875935,126.881398508967,"병풍 우렁이 쌈밥, 한우육회비빔밥",전남 담양군 대전면 대치5길 131,0507-1433-9286,11:30 - 20:30,,있음
518674,고서옛날창평국밥,전남,35.2227925628211,126.9772260658,"모듬국밥, 따로국밥",전남 담양군 고서면 창평현로 224-12,061-383-3823,,,있음
518676,양각리키친,전남,35.3187582496054,126.973897301135,"콥샐러드, 닭가슴살그린샐러드",전남 담양군 담양읍 추성로 1239,0507-1302-3790,11:00 - 16:20/21:00,매주 목요일,있음
518677,몽에뚜와르 제빵소,전남,35.3001154091264,126.934034066834,"몽블랑, 밤식빵",전남 담양군 수북면 한수동로 524,061-383-3666,10:00 - 21:30,없음,있음
518678,대가,전남,35.202552777778,126.989624,,전남 담양군 고서면 가사문학로 619,061-383-7050,11:00 - 21:00,없음,있음
518679,코튼드수플레,전남,35.2233794877818,126.973513333089,"아메리카노, 딸기수플레",전남 담양군 고서면 가사문학로 327,0507-1329-3893,12:00 - 19:00,매주 월요일,있음
518681,벽오동 본점,전남,35.231435136188,127.009296675388,"쌀밥정식, 보리밥정식",전남 담양군 창평면 의병로 41,061-382-6665,10:30 - 19:40,매주 수요일,있음
518682,돈돈 오모이다스,전남,35.3225946141955,126.987514908289,"돈까스, 마약라멘",전남 담양군 담양읍 객사9길 20,061-383-3340,11:00 - 16:00,매주 월요일,있음
518683,카페호시담,전남,35.3895640861609,126.964088083951,"크림라떼, 아메리카노",전남 담양군 용면 추령로 375-21,010-7649-2046,11:00 - 19:00/20:00,,있음
518685,모란창평국밥,전남,35.3233047587658,126.98572733408,"모듬국밥, 모듬수육",전남 담양군 담양읍 객사7길 5,061-382-2668,07:30 - 21:00,,있음
518686,담양식탁,전남,35.3165303867474,126.983430515325,"치즈돈까스, 떡갈비 카레",전남 담양군 담양읍 중앙로 38,0507-1351-7482,,매주 화요일,있음
518687,담양돈가스,전남,35.3222092862627,127.002237133066,"안심까스, 치즈롤까스",전남 담양군 담양읍 메타프로방스2길 8,061-382-0819,11:00 - 21:30,없음,있음
518688,창평황토방국밥집,전남,35.238719465636,127.014809015821,"막창국밥, 막창전골",전남 담양군 창평면 사동길 14-7,061-381-7159,07:00 - 21:00,없음,있음
518689,금성갈비,전남,35.3485979895467,127.032406950875,"돼지 숯불갈비, 갈비탕",전남 담양군 금성면 담순로 212,061-381-6784,09:00 - 21:00,매주 수요일,있음
518690,소호,전남,35.1864457596912,127.004491734986,"아메리카노, 당근케이크",전남 담양군 가사문학면 가사문학로 888,061-381-5959,10:00 - 20:00,없음,있음
518692,담원,전남,35.3171235264615,126.979159961369,"쌈밥정식, 제육볶음",전남 담양군 담양읍 천변5길 29,061-383-8787,11:00 - 20:00,,있음
518693,치도,전남,35.3175572435866,126.98383422481,"퀘사디야, 타코",전남 담양군 담양읍 지침1길 6,010-2120-2970,11:00 - 19:00,매주 월요일,있음
518694,황금소나무,전남,35.3157568957849,126.976563873468,"떡갈비정식, 된장찌개",전남 담양군 담양읍 천변5길 54-4,0507-1382-9010,11:30 - 21:00,매주 월요일,있음
518695,총각칼국수,전남,35.3219207926558,126.980211747544,"바지락칼국수, 팥칼국수",전남 담양군 담양읍 담주4길 24-17,0507-1325-2394,11:00 - 20:00,매주 월요일,있음
518696,아리에뜰,전남,35.4030956758244,126.998263836709,"햄치즈 치아바타 샌드위치, 아메리카노",전남 담양군 용면 추월산로 997,061-383-2064,10:00 - 20:00,없음,있음
518697,갑을원 한옥카페,전남,35.2369863789573,127.019129090744,"쌍화차, 대추차",전남 담양군 창평면 돌담길 67,061-382-3669,11:00 - 19:00,,
518698,청운식당,전남,35.3209493604294,126.9815229885,"막창순대, 모듬국밥",전남 담양군 담양읍 담주1길 7,0507-1307-2436,10:20 - 20:00,,있음
518700,오마이밥,전남,35.3178063834458,126.992088201065,"오마이갈비덮밥, 오마이숯불불고기덮밥",전남 담양군 담양읍 죽향대로 1302-1,0507-1355-3344,11:00 - 14:00/19:00,,있음
518701,별하당,전남,35.3130121836137,126.974523300807,"바닐라 라떼, 별하당 카스테라",전남 담양군 담양읍 천변5길 91,0507-1464-7874,11:00 - 20:00,"매주 월요일, 화요일",있음
518702,명지원,전남,35.2099480960393,126.99842226163,"아메리카노, 프라프치노",전남 담양군 고서면 덕촌길 37,010-8527-0903,10:00 - 20:00,없음,있음
518704,밀크레페,전남,35.3304221532811,126.967894851013,"복숭아요거트크레페, 커스터드망고크레페",전남 담양군 월산면 담장로 67,010-2493-1801,11:30 - 19:00/20:00,,있음
518705,제크와 새우 칼국수,전남,35.2545883593991,126.933543086702,"새우매운탕칼국수, 서울식 불고기 전골",전남 담양군 봉산면 와우길 57-25,0507-1358-0426,11:00 - 15:00,매주 월요일,있음
518706,구가네 META 밥상,전남,35.3215369028858,127.0013733697,"돌판오징어볶음, 돌판낙지볶음",전남 담양군 담양읍 메타프로방스1길 47,0507-1361-0108,11:00 - 20:30,,있음
518707,담양제과,전남,35.3196957108696,126.982246563849,"대나무우유, 대나무케이크",전남 담양군 담양읍 추성로 1318,0507-1413-2371,12:00 - 18:30,"매주 화요일, 수요일",없음
518708,담양죽녹원국수,전남,35.3250018927425,126.985064297279,"멸치국물국수, 육전",전남 담양군 담양읍 향교길 7-6,061-381-9596,09:30 - 20:30,"첫째, 셋째 화요일",있음
518709,모하이,전남,35.3164290978472,126.978933824892,"아메리카노, 아이슈페너",전남 담양군 담양읍 천변5길 35,0507-1319-4774,11:00 - 18:00/20:00,매주 수요일,있음
518710,퍼프슈,전남,35.3195038868636,126.944821681303,"아메리카노, 카페라떼",전남 담양군 담양읍 태왕2로 149,0507-1376-0141,11:00 - 20:00,매주 월요일,있음
518712,안나스키친,전남,35.3394515246558,126.950293134161,"전복밥, 차돌크림파스타",전남 담양군 월산면 도개길 185,010-7900-7073,11:00 - 19:00,매주 수요일,있음
518713,밤마을,전남,35.323371,126.983642,"밤파이, 밤타르트",전남 담양군 담양읍 객사4길 43-13,0507-1364-7987,10:00 - 19:00,매주 화요일,있음
518714,나정 오리꽃날개튀김 담양점,전남,35.322250910426,126.981664341642,"오리꽃날개튀김, 오리꽃날개 매운튀김",전남 담양군 담양읍 중앙로 103,061-381-0797,09:00 - 20:00,"둘째, 넷째 월요일",있음
518715,달빛뜨락,전남,35.2687045173268,126.941256581248,"죽순영계탕, 한우떡갈비",전남 담양군 봉산면 한수동로 155,0507-1334-2355,11:00 - 20:00,없음,있음
518716,담양소담,전남,35.3091025477057,126.986203529541,"귀리떡갈비, 닭무침",전남 담양군 담양읍 서당골길 4,0507-1399-8253,10:00 - 20:00,매주 화요일,있음
518718,여수복집,전남,35.3083480077729,126.981875738389,"복탕, 복지리",전남 담양군 담양읍 죽향대로 1146,061-382-5454,11:00 - 21:00,없음,있음
518719,카페주평,전남,35.3102050205247,126.93837423653,"바닐라 더블샷, 오렌지 쉬폰케익",전남 담양군 수북면 용구동1길 53,0507-1329-1794,,,있음
518720,센티드커피로스터스,전남,35.3136921895821,126.981702561735,"핸드드립, 아메리카노",전남 담양군 담양읍 천변7길 5-10,0507-1312-3626,11:00 - 19:00,,있음
518721,원조제일숯불갈비,전남,35.3006509884778,126.979893573231,"수제 한우 떡갈비, 수제 돼지 갈비",전남 담양군 담양읍 마두길 4,0507-1423-1234,10:00 - 20:30,없음,있음
518722,담양 숯불갈비,전남,35.3250142705877,126.986066871405,"돼지숯불갈비, 죽순초무침",전남 담양군 담양읍 향교길 2-1,061-382-9973,,,있음
518724,행복한임금님,전남,35.3181932819472,126.990238127562,"돼지떡갈비수라상, 소떡갈비수라상",전남 담양군 담양읍 지침6길 78-9,0507-1418-3050,11:30 - 20:30,,있음
182757,둥지식당,광주,,,"백반, 음료",광주 광산구 평동산단외로 161,,,,없음
182771,드롭탑 수완센트럴병원점,광주,,,"아메리카노, 카페라떼",광주 광산구 수완로 6,,,,있음
182783,드루와,광주,,,"맥주, 오뎅탕",광주 서구 월드컵4강로28번길 61-1,,,,없음
182791,드셩마셩,광주,,,"맥주, 오징어",광주 북구 연양로28번길 3,,,,없음
182854,디아치앤갤러리,광주,,,"아메리카노, 카페라떼",광주 서구 상무대로1147번길 7,,,,없음
182873,디저또,광주,,,"아메리카노, 마카롱",광주 광산구 신창로106번길 8-26 103호,,12:00 - 19:00,매주 일요일,없음
182888,디저트바이문,광주,,,"아메리카노, 카페라떼",광주 북구 용봉로 40,,10:00~18:00,"매주 금요일, 일요일",있음
182932,딱걸렸어,광주,,,없음,광주 남구 월산로 84-1,,,없음,없음
182938,딱한잔,광주,,,"맥주, 김치찌개",광주 북구 금호로 46,,,,없음
182942,딴따라,광주,,,"맥주, 모듬과일",광주 북구 안산로 3,,,,없음
182962,땡초돼지김치찌개 일곡점,광주,,,"김치찌개, 돼지김치찌개",광주 북구 오산정길 6-1 1층,,14:00~24:00,없음,없음
183018,또래분식,광주,,,"해물덮밥, 오징어덮밥",광주 북구 동문대로85번길 39,,,,없음
183030,또바기,광주,,,"홍어찜, 두부김치",광주 광산구 산정공원로 68,,상황에 따라 다름,상황에 따라 다름,없음
183047,또오리,광주,,,"옻닭, 오리탕",광주 남구 대남대로339번길 6,,,상황에 따라 다름,없음
183049,또와스낵,광주,,,"어묵탕, 꼬치",광주 북구 우치로 677,,,상황에 따라 다름,없음
183052,또와포차,광주,,,"맥주, 고기구이",광주 북구 서림로 55,,,상황에 따라 다름,없음
183054,또한잔비어,광주,,,"맥주, 감자튀김",광주 북구 청계로 82-12,,상황에 따라 다름,상황에 따라 다름,없음
183056,똑순이소주코너,광주,,,"닭백숙, 간제미찜",광주 동구 백서로 128-2,,,상황에 따라 다름,없음
183086,뚠뚠돼지김치찌개 수완점,광주,,,"참치김치찌개, 고등어참치찌개",광주 광산구 장신로20번안길 40-5,,,상황에 따라 다름,없음
183097,뚱보연탄구이,광주,,,"돼지항정살, 돼지막창",광주 북구 경열로211번길 14,,,,없음
183098|423593,뚱삼촌찹쌀꽈배기,광주,35.2135522,126.84373979972,"찹쌀꽈배기, 찹쌀유자도넛, 찹쌀유자도너츠",광주 광산구 첨단중앙로 96 엘씨타워,,,,없음
183108,뚱이네포차,광주,,,"오뎅탕, 맥주",광주 북구 서양로 166,,,,없음
183110|423605,뚱이모포차,광주,35.1485356,126.91156139972,"홍합찜, 해물찜, 닭볶음탕, 해물누릉지탕",광주 동구 천변우로 363-9,,,,없음
183122,뜨락,광주,,,"오뎅탕, 맥주",광주 북구 대자로 48-3,,,,없음
183129,뜰안카페,광주,,,커피,광주 남구 천변좌로552번길 20-1,,,매주 월요일,없음
183139,띵까띵까호프,광주,,,"맥주, 소시지",광주 북구 양일로 54,,상황에 따라 다름,상황에 따라 다름,없음
183150,라떼야커피 광주현대병원점,광주,,,"아메리카노, 토피넛프라페",광주 북구 설죽로 291,,,,없음
183164,"라멘선생,수제돈까스 상무점",광주,,,"돈가스, 라면",광주 서구 시청서편로12번길 13,,,,없음
183180,운천라스또리아,광주,,,"아메리카노, 카페라떼",광주 광산구 첨단중앙로 152,,,,있음
183181,라스또리아,광주,,,"아메리카노, 카페라떼",광주 북구 무등로 141,,,,없음
183222,라이트라이트샵,광주,,,"아메리카노, 카페라떼",광주 북구 우치로64번길 55,,12:00 - 22:00,매주 화요일,없음
183268,람바다,광주,,,"미역국정식, 꼬막비빔밥",광주 북구 갈마로 57,,상황에 따라 다름,상황에 따라 다름,없음
183289,러프나잇,광주,,,"트러플 짜파게티 스테이크, 삼겹살청양고추오일파스타",광주 동구 장동로 1-2,,07:00-20:00,전화문의,없음
183314,레드블루,광주,,,"맥주, 소시지",광주 광산구 첨단내촌로70번길 42,,상황에 따라 다름,상황에 따라 다름,없음
183315,레드블루,광주,,,"맥주, 소시지",광주 남구 대남대로181번길 11,,상황에 따라 다름,상황에 따라 다름,없음
183318,레드애플,광주,,,"계란토스트, 크림와플",광주 동구 의재로 35,,,,없음
183328|183332,레몬커,광주,,,"맥주, 소시지, 오뎅",광주 광산구 사암로171번길 46,,상황에 따라 다름,상황에 따라 다름,없음
183341,레오노,광주,,,와인,광주 서구 상무오월로3번길 28-2,,,상황에 따라 다름,없음
183369,로그타운PC 광주학동,광주,,,없음,광주 동구 남문로 750,,,,없음
183388,로드하우스,광주,,,"맥주, 소세지",광주 북구 서하로 328-1,,,,없음
183397,로맨스카페,광주,,,"아메리카노, 카페라떼",광주 북구 동문대로456번길 40 1층,,,,없음
183402,로머스뷔페,광주,,,"빵, 과일",광주 동구 충장로 3,,,,없음
183408,홈플러스 계림점,광주,,,"아메리카노, 카푸치노",광주 동구 무등로 314,,10:00 - 24:00,없음,있음
183436,로코코,광주,,,"맥주, 모듬소세지",광주 광산구 첨단내촌로70번길 46,,,,없음
183523,루 BAR,광주,,,"맥주, 칵테일",광주 광산구 수완로 72,,,,없음
183542,루체,광주,,,맥주,광주 서구 풍금로 13,,,,없음
183550,룰루랄라,광주,,,"맥주, 호프",광주 북구 황계로55번길 2,,,,없음
183574,르씨엘BAR,광주,,,맥주,광주 북구 저불로 31,,,,없음
183586,리버홀던펍,광주,,,"맥주, 호프",광주 북구 양일로 60,,,,없음
183587,RIVER BAR,광주,,,"술, 안주",광주 광산구 풍영로 219,,,,없음
183611,리얼펍&살얼음맥주 계림점,광주,,,"살얼음맥주, 모둠수제돈카츠",광주 동구 무등로 396 1층 리얼펍&살얼음맥주,,17:00 - 01:30,없음,없음
183641,릴리스아틀리에,광주,,,"아메리카노, 카페라떼",광주 동구 충장로46번길 1,,,,없음
183645,링크비어,광주,,,"과일샐러드, 과일화채",광주 서구 시청서편로4번길 9,,,,없음
183669,마니또,광주,,,"맥주, 호프",광주 남구 광복마을7길 7,,,,없음
183710,마루스시 신세계백화점 광주점,광주,,,"광어스시, 도미스시",광주 서구 무진대로 904,,11:00~20:30,없음,있음
183716,마루힐한식뷔페,광주,,,한식뷔페,광주 광산구 첨단중앙로182번길 90,,,,없음
183720,마륵소주방,광주,,,계절음식,광주 광산구 광산로 79,,,,없음
183728,마마,광주,,,"그냥백반,순두부찌개",광주 북구 설죽로214번길 69,,,,없음
183750,마성떡볶이 광주기아챔피언스필드 5층 외야석점,광주,,,"마성떡볶이, 찰순대",광주 북구 서림로 10 5층 외야석 마성떡볶이,,,에 따라 다름황상,있음
183764,마실,광주,,,"맥주, 안주",광주 광산구 사암로171번길 64,,,,없음
183801,마우이보일링크랩 화정점,광주,,,"보일링크랩, 케이준레드 보일링 크랩",광주 서구 상무대로1080번길 8-1,,,,없음
183803,마운트블랑,광주,,,"에스프레소, 아메리카노",광주 광산구 신창로105번길 16-11,,11:00~19:00,없음,없음
183830,마주보다,광주,,,"아메리카노, 샌드위치",광주 광산구 장덕로95번길 16 수완2차숲안애,,09:00 - 21:00/22:00,없음,없음
183843,마천루 롯데백화점 광주점,광주,,,"마천루탕수육, 중새우칠리",광주 동구 독립로 268,,,,있음
183849,마카나이 충장점,광주,,,"매운돈코츠라멘, 차슈덮밥",광주 동구 충장로 77-3,,11:00 - 22:00,없음,없음
183883,막걸리세상,광주,,,"닭도리탕, 홍어무침",광주 광산구 무진대로211번길 23,,,,없음
183897,막새기와,광주,,,차,광주 서구 시청서편로4번길 10,,,,없음
183912,만경식당,광주,,,백반,광주 북구 대자로 87,,,,없음
183941,만남의광장,광주,,,"맥주, 호프",광주 남구 봉선중앙로 109,,,,없음
183945,만남의광장 광주장덕동,광주,,,"맥주, 호프",광주 광산구 장덕로95번길 45,,,,없음
183946,옛날통닭 만남의광장,광주,,,"후라이드, 양념",광주 동구 양림로119번길 7,,,,없음
183983,만복식당,광주,,,백반,광주 서구 월드컵4강로58번길 8,,,,없음
184028,말바우그횟집,광주,,,"생선회, 전어",광주 북구 동문대로85번길 64,,,,있음
184094,맛나한식뷔페,광주,,,한식뷔페,광주 북구 북문대로 88 운암2차 남양휴튼,,,,없음
184099,맛나푸드,광주,,,도시락,광주 북구 양산택지로51번길 24,,,,없음
184127,맛있는갈비가,광주,,,담양식 숯불갈비,광주 서구 동천로18번길 12,,,,없음
184146,현미네국한그릇,광주,,,백반,광주 광산구 신창로 34 상가동 103호,,,,없음
184162,맛조은분식,광주,,,"발바닥 돈까스, 치킨팝콘",광주 광산구 송도로212번길 31-8,,,,없음
184173,맛쪼은 광주임동,광주,,,백반,광주 북구 서림로 31,,,,없음
184203,매월골프랜드커피앤쿡 광주매월동,광주,,,백반,광주 서구 풍서좌로 203-1,,,,없음
184231,매일커피볶는집,광주,,,아메리카노,광주 광산구 사암로 206,,,,없음
184256,맥주광장,광주,,,"맥주, 노가리",광주 광산구 광산로 60,,,,없음
184260,맥주마을,광주,,,맥주,광주 북구 안산로 17,,,,없음
184263,맥주세상,광주,,,맥주,광주 북구 면앙로 214,,,,없음
184264,맥주세상,광주,,,"맥주, 안주",광주 남구 용대로 156,,,,없음
184266,맥주세상,광주,,,"맥주, 안주",광주 남구 군분로 81,,,,없음
184268|424707,맥주천국,광주,35.1522781774649,126.913360849975,"맥주, 안주, 소주",광주 동구 구성로 184-3,,,,없음
184270,맥주클럽,광주,,,맥주,광주 광산구 풍영로 83,,,,없음
184326,먹&짝,광주,,,"먹태, 짝태",광주 서구 풍암2로57번길 3,,18:00~00:30,없음,있음
184333,먹태 쌍촌점,광주,,,"먹태, 안주",광주 서구 운천로204번길 10,,,,없음
184338,먼썬커피,광주,,,"아메리카노, 카페라떼",광주 광산구 월곡동 315-41,,10:00 - 19:00,매주 일요일,없음
184404,메가MGC커피 광주두암점,광주,,,"아메리카노 Hot, 바닐라아메리카노",광주 북구 군왕로 155,,08:00~23:00,없음,없음
184437,메가MGC커피 광주상무지구점,광주,,,"아메리카노, 라떼",광주 서구 상무연하로 75,,08:00 - 23:00,,없음
184446,메르시커피,광주,,,"아메리카노, 수제생강차",광주 북구 필문대로 95,,,,없음
184461,메이에르,광주,,,"아메리카노, 카페라떼",광주 북구 천지인로 295,,12:00~20:00,"첫째 월요일, 공휴일",없음
184525,면장님,광주,,,"칼국수, 만두",광주 남구 군분로 161,,,,없음
184526,면쟁이카페,광주,,,"가쓰오부시우동, 메밀국수",광주 동구 필문대로191번길 9-1,,,,없음
184527,남노명가,광주,,,"갈비양념구이, 갈비김치전골",광주 서구 운천로31번길 3,,,,없음
184533,명가녹두빈대떡,광주,,,"돼지갈비찜, 홍어찜",광주 동구 구성로 186-1,,,,없음
184671,모나코,광주,,,"맥주, 안주",광주 서구 내방로211번길 5,,,,없음
184702,모든일이술술술 광주두암동,광주,,,맥주,광주 북구 밤실로 195,,,,없음
184712,모럽트나얻크메르,광주,,,쌀국수,광주 광산구 광산로20번길 28,,,,없음
184733,모서리식당,광주,,,"산낙지 볶음, 산쭈꾸미볶음",광주 서구 하남대로 696,,,,없음
184767,호프모해,광주,,,맥주,광주 북구 저불로69번길 17-1,,,,없음
184790,목포수제왕꽈배기 광주본점,광주,,,빵,광주 광산구 하남대로 281,,,,없음
184804,몬코드,광주,,,아메리카노,광주 광산구 상무대로 247,,,,없음
184812,못생긴,광주,,,백반,광주 광산구 첨단내촌로36번길 12,,,,없음
184822,몽땅꾸이꾸이,광주,,,"가브리살, 대패삼겹살",광주 서구 풍금로4번길 3,,,,없음
184828,몽마르죠,광주,,,"맥주, 호프",광주 광산구 풍영로101번길 22,,,,없음
184830,몽실이네실내포차,광주,,,"가정식백반, 쌈밥",광주 북구 우치로383번길 12,,,,없음
184835,몽크,광주,,,"술, 안주",광주 북구 북문대로159번길 3,,,,없음
184836,몽키68,광주,,,백반,광주 서구 금호동 853,,,,없음
184847,무대포장어,광주,,,"장어, 장어포장구이",광주 북구 동문대로85번길 63,,10:00 - 22:00,,있음
184869,무등국밥,광주,,,"곱창볶음, 새끼보",광주 광산구 광산로30번길 65,,,,없음
184870,무등국밥,광주,,,국밥,광주 북구 서하로 202-2,,,,없음
184872,무등꽈배기분식,광주,,,"고로케, 감자고로케",광주 남구 군분로 37-2,,09:30 - 20:00,,없음
184877,무등짜장,광주,,,"짜장면, 짬뽕",광주 남구 대남대로339번길 2-1,,,,없음
184923,무등튀김,광주,,,떡볶이,광주 남구 군분로 27,,,,없음
184927|425352,무등포차,광주,35.136943805556,126.89425658333,"오뎅탕, 마른안주",광주 남구 군분로 36,,,,없음
184956,무지개식당,광주,,,백반,광주 서구 매월1로 45,,07:00 - 14:00,,없음
184968,무크재즈바,광주,,,맥주,광주 남구 금화로 406,,,,없음
185036,뮤,광주,,,"고르곤졸라, 까르보나라",광주 북구 안산로 12,,,,없음
185037,뮤즈BAR,광주,,,술,광주 서구 상무대로967번길 5,,,,없음
185041,미쓰우동 광주호대점,광주,,,"우동, 소바",광주 광산구 어등대로 420,,,,없음
185060,미꼬투리,광주,,,맥주,광주 북구 양산제로137번길 18,,,,없음
185113,미니콘서트,광주,,,아메리카노,광주 북구 밤실로 198 (두암동),,,,없음
185118,미담,광주,,,"아메리카노, 에스프레소",광주 북구 석곡로 618,,,,없음
185179,미미포차,광주,,,,광주 북구 우치로241번길 42,,,,없음
185189,미소BAR,광주,,,술,광주 북구 용봉택지로 94,,,,없음
185208,미소한잔,광주,,,맥주,광주 서구 계수로 70,,19:00 - 24:00,매주 일요일,없음
185217,미술관,광주,,,"골뱅이무침, 제육볶음",광주 서구 풍금로23번길 4-1,,17:00 - 01:00,매주 일요일,없음
185230,미스사이공 농성점,광주,,,"소고기쌀국수, 닭쌀국수",광주 서구 죽봉대로22번길 10,,,,없음
185260,호프만 본점,광주,,,"맥주, 노가리",광주 광산구 선운로20번길 55 서울빌딩,,16:00~01:00,,없음
185274,미연가든,광주,,,백반,광주 북구 송강로35번길 19-2,,,,없음
185314,미풍해장국,광주,,,해장국,광주 남구 대남대로 135,,06:00 - 24:00,매주 일요일,없음
185342,남도탁주,광주,,,술,광주 서구 천변좌로222번길 11,,,,없음
185347,민주네,광주,,,,광주 서구 월산로 218,,,,없음
185390,바나나호프,광주,,,맥주,광주 광산구 풍영로 83,,,,없음
185391,바닐라카페,광주,,,아메리카노,광주 광산구 수등로243번길 12-4,,,,없음
185439,바람난오돌뼈 비아점,광주,,,고기요리,광주 광산구 비아안길 70-11,,,,없음
185470,바른카페 두암타운점,광주,,,아메리카노,광주 동구 갈마로 58 스타빌딩,,,,없음
185477,바른밥집,광주,,,백반,광주 북구 대천로 25,,,,없음
185516,바른카페 학동점,광주,,,아메리카노,광주 동구 남문로753번길 20 상가 a동 106-1호,,08:00 - 17:00,,없음
185522,바른카페,광주,,,"에스프레소, 에스프레소 마끼아또",광주 북구 서하로 377,,08:00 - 22:00,,없음
185524,바른카페 양산점,광주,,,"아메리카노, 더치커피",광주 북구 양일로 76,,,,없음
185532,바름카츠,광주,,,"돈까스, 소바",광주 광산구 광산로 30 2층 (송정동),,10:00~23:00,,없음
185540,바베토피자금호점,광주,,,"피자, 치킨",광주 서구 금부로95번길 10-1,,,,없음
185559,바우손만두와전,광주,,,"만두, 전",광주 북구 동문대로97번길 71,,,,없음
185642,반찬장인,광주,,,"시금치무침, 콩나물무침",광주 광산구 목련로153번길 79 104호,,10:00-21:00,,없음
185662,밤비,광주,,,"맥주, 파전",광주 북구 금호로 5,,,,없음
185672,밤실한우촌,광주,,,"생비빔, 호박찌개",광주 북구 밤실로191번길 6,,11:30-22:00,없음,있음
185682,밥묵자 술도한잔,광주,,,"오리탕, 육계장",광주 동구 필문대로205번길 25-2,,,,없음
185693,밥이랑 술이랑,광주,,,"김치찌개, 된장찌개",광주 광산구 무진대로231번길 29-17,,,,없음
185698,밥장인 돼지찌개 첨단점,광주,,,"밥장인 돼지찌개, 밥장인 차돌 된장찌개",광주 광산구 임방울대로826번길 29-28 1층 밥장인 돼지찌개 첨단점,,10:30-21:00,매주 월요일,없음
185702,밥집가자,광주,,,"김치찌개, 된장찌개",광주 광산구 비아로 47,,,,없음
185708,밥통령 쌍촌점,광주,,,"돼지 고기 짜글이, 차돌 짜글이",광주 서구 상무대로916번길 20-4,,,,없음
185715,금방묵고또묵고,광주,,,"머리고기, 명태찜",광주 광산구 비아중앙로 26-1,,,,없음
185722,방백,광주,,,"옛날꼬치오뎅탕, 리얼불맛짬뽕탕",광주 동구 필문대로287번길 21,,,,없음
185725,방애실프루트디저트카페,광주,,,"과일모듬빙수, 팥빙수",광주 광산구 임방울대로 216,,10:00~22:00,"매주 토요일, 일요일",없음
185752,직화삼겹직구삼 쌍촌점,광주,,,"직화 삼겹살 한상, 직구삼 비빔냉면",광주 서구 상무대로955번길 16-1,,,,없음
185775,배밭가든 광주진곡동,광주,,,"김치찌개, 된장찌개",광주 광산구 임곡로 554,,,,없음
185790,배스킨라빈스 flow광주수완,광주,,,"싱글레귤러, 싱글킹",광주 광산구 장신로147번길 6-2 1층,,00:00~24:00,없음,있음
185818,배식왕,광주,,,"한식, 백반",광주 서구 쌍촌로27번길 3-3,,,,없음
185824,대통령수산시장,광주,,,"산오징어, 고등어",광주 동구 중앙로 231-2,,,,없음
185854,백미당 신세계백화점광주점,광주,,,"백미당우유소프트아이스크림, 백미당두유소프트아이스크림",광주 서구 무진대로 904,,,,있음
185864,백수간재미,광주,,,"간재미탕, 간재미 초무침",광주 남구 사직길 8 꿈의대화,,,,없음
185871,백우촌닭,광주,,,"닭, 오골계",광주 광산구 고봉로 796,,,,없음
185879,백운호프,광주,,,"맥주, 오징어",광주 남구 광복마을길 63,,,,없음
185909,버거스캔들 송정선운점,광주,,,"피쉬앤치즈버거, 스캔들버거",광주 광산구 선운로 3,,11:00~21:00,없음,없음
185930,버드리카페,광주,,,"수제전통차, 디저트",광주 남구 봉선1로47번길 8,,,,있음
185931,버들강추어탕,광주,,,"메기찜, 메기탕",광주 북구 삼소로 151,,,,없음
185961,벌교소주방,광주,,,"맥주, 오징어",광주 동구 무등로 470,,,,없음
185979,벌크커피 송정점,광주,,,"벌크업 아메리카노, 히비스커스티",광주 광산구 상무대로 208-1,,,,없음
185984,벌크커피 하남3점,광주,,,"벌크업 아메리카노, 히비스커스티",광주 광산구 고봉로 53,,,,없음
185988,벌크커피 경신여고사거리점,광주,,,"아메리카노, 히비스커스티",광주 북구 서암대로 38,,,,없음
185994,벌크커피 금남로점,광주,,,"히비스커스티, 아메리카노",광주 동구 예술길 2,,,,있음
186002,벌크커피두암점,광주,,,"아메리카노, 양촌리 다방커피",광주 북구 군왕로 46,,,,있음
186050,벌크커피 첨단메가박스점,광주,,,"아메리카노, 카페라떼",광주 광산구 앰코로 21 109동 103호,,,,있음
186066,벌크커피 학동점,광주,,,"아메리카노, 요거트스무디",광주 동구 남문로 683,,,,없음
186141,DO TRANG QUAN,광주,,,"분짜, 짜조",광주 광산구 사암로 347,,,,있음
186142,VIETNAMQUAN,광주,,,"야채볶음밥, 반권",광주 광산구 송정로29번길 61,,10:00~21:00,"매주 토요일, 일요일",없음
186152,SUNNY,광주,,,"분짜, 쌀국수",광주 광산구 월곡동 712,,,,없음
186170,변사또유동점,광주,,,"감자튀김, 맥주",광주 북구 유동길 47,,,,없음
186174,별꿈카페,광주,,,"에스프레소, 아메리카노",광주 북구 우치로 225,,10:00-21:00,없음,없음
186178,별난포차,광주,,,"바지락탕, 해물파전",광주 북구 매곡로 45,,,,없음
186207,별밤포차 풍암점,광주,,,"간장돼지숯불구이, 오돌뼈숯불구이",광주 서구 풍암1로21번길 15-13,,,,있음
186235,보글보글,광주,,,"모닝김밥, 채소김밥",광주 북구 금남로131번길 9,,,,없음
186245,보덕화소주코너,광주,,,"장어, 생선매운탕",광주 동구 구성로 232,,,,없음
186253,보름달,광주,,,"맥주, 마른안주",광주 서구 풍금로11번길 10-5,,,,없음
186286,보석식당,광주,,,"옻닭, 오리백숙",광주 동구 경양로247번길 11-2,,,,없음
186287,보성원조막창,광주,,,"막창, 곱창전골",광주 광산구 수등로258번길 3,,,,없음
517313,산쪼메 순천점,전남,,,"돈코츠라멘, 매운부타동",전남 순천시 왕지4길 3-24,,11:00-22:00,매주 월요일,있음
517443,순고후문호떡,전남,,,호떡,전남 순천시 청사큰길 77,,,,없음
517471,레이크파크,전남,,,"필터커피, 파크커피",전남 순천시 왕지4길 14-19,,,,있음
517503,포트앤포트 라운지 카페,전남,34.727913054368,127.749487370787,"아메리카노, 카페라떼",전남 여수시 돌산읍 백초길 28-52,,10:00-22:00,없음,있음
517752,플라이휠,전남,34.6347817666614,126.768610591626,"아메리카노, 카페라떼",전남 강진군 강진읍 금릉3길 4,,11:30 - 20:00,매주 일요일,없음
517764,돼지연탄석쇠불고기 배진강,전남,34.7140028804094,126.81539509051,"연탄불고기, 소주",전남 강진군 병영면 병영성로 107-16,,,,없음
517773,왕성식당,전남,34.6408340946455,126.770091292222,"제욕볶음, 쭈꾸미삼겹살볶음",전남 강진군 강진읍 보은로3길 45,,,,있음
517783,광주식당,전남,,,"백반, 팥죽",전남 강진군 강진읍 시장길 17-14,,,,없음
517821,남해반점,전남,34.4496064613003,126.818002483557,"우동, 짜장면",전남 강진군 마량면 미항로 143-2,,,,없음
517834,인달주점,전남,34.638953277072,126.764156093836,"새우 감바스, 나가사끼 짬뽕",전남 강진군 강진읍 서문길 2,,,,없음
517840,수경당,전남,34.6969405033897,126.757015457563,"아메리카노, 카페라떼",전남 강진군 작천면 박산1길 33,,11:00 - 18:00,"매주 화요일, 수요일",있음
517900,명품고로케,전남,34.6398433185407,126.773603699263,"고로케, 꽈배기",전남 강진군 강진읍 시장길 19,,08:30 - 18:30,매달 15일,있음
517916,대박마라탕 강진점,전남,34.6382933213412,126.769380218895,"마라탕, 마라샹궈",전남 강진군 강진읍 보은로1길 25,,,,있음
517924,순심이네보리밥,전남,34.6405976354999,126.772198051065,"백반, 보리밥",전남 강진군 강진읍 시장길 7,,,,없음
517926,옛날손짜장,전남,34.5170704245161,126.789961007292,"짜장, 삼선짜장",전남 강진군 대구면 청자로 1553,,,,없음
517944,블루버드153카페,전남,34.4495018661484,126.818835177826,"에스프레소, 아메리카노",전남 강진군 마량면 미항로 153,,10:00 - 23:00,없음,있음
517968,대산기사식당,전남,34.5934500812865,126.732768709604,"돼지막창구이, 애호박찌게",전남 강진군 도암면 강진서부로 514,,10:30 - 21:00,매주 월요일,없음
518006,바다정원카페,전남,34.5268260699857,127.135189533609,"아메리카노, 카페라떼",전남 고흥군 도양읍 비봉로 163,,,,없음
518134,수협회센터,전남,,,삼치회,전남 고흥군 봉래면 나로도항길 128,,,,있음
518136,카페드모먼트,전남,34.5998205562363,127.277370546366,"아메리카노, 카페라떼, 메이플시럽 크로플, 누텔라 아이스크림 크로플",전남 고흥군 고흥읍 고흥로 1625-2,,11:00/12:30 - 19:30/20:00/21:30,매주 토요일,있음
518262,소나무카페,전남,35.2737959113991,127.133032984388,"아메리카노, 카페라떼",전남 곡성군 옥과면 대학로 112-8,,,,있음
518289,나미식당,전남,35.283127911968,127.298610410134,"김치찌개, 된장찌개",전남 곡성군 곡성읍 중앙로 154,,,,있음
518326,영진바지락칼국수,전남,35.2764665072116,127.137457985987,"바지락칼국수, 들깨칼국수",전남 곡성군 옥과면 리문6길 17-4,,,,있음
518336,베트남쌀국수,전남,35.2752411481691,127.134882316072,"소고기쌀국수, 닭고기쌀국수",전남 곡성군 옥과면 리문4길 6-3,,,,있음
518376,라커룸 24시무인카페,전남,35.281001625062,127.292350254341,"아메리카노, 카페라떼",전남 곡성군 곡성읍 군청로 31-1,,,,없음
518380,길가온Coffee,전남,35.1325550076025,127.25382174995,"아메리카노, 카페라떼",전남 곡성군 석곡면 석곡로 62,,,,있음
518386,시장국밥,전남,35.2791463228509,127.298034116269,"모듬국밥, 내장국밥",전남 곡성군 곡성읍 읍내리 218,,,,있음
518388,탐앤탐스 곡성기차마을휴게소(순천방향),전남,,,"꼰대라떼, 콜라겐 요거트 스무디",전남 곡성군 겸면 호남고속도로 49,,,,있음
518392,카페 굴리엘모,전남,35.2301835301138,127.368203375556,"아메리카노, 카페라떼",전남 곡성군 오곡면 섬진강로 1465,,,,없음
518409,카페마루,전남,,,"에스프레소, 아메리카노",전남 곡성군 옥과면 리문3길 9,,,,있음
518413,카페굴리엘모 압록점,전남,35.1958090068335,127.375483951028,"아메리카노, 카페라떼",전남 곡성군 오곡면 섬진강로 1060,,,,있음
518414,강빛마을커피하우스,전남,35.1409938031754,127.314553062865,"아메리카노, 카페라떼",전남 곡성군 죽곡면 강빛마을길 7-1,,,,있음
518429,60년전통 손두부식당,전남,35.18933060289,127.473339864541,"해물순두부찌개, 황태순두부찌개",전남 구례군 문척면 동해벚꽃로 95,,,,있음
518464,행행행,전남,35.2097925552054,127.46442125656,"수비드 스테이크, 술술파스타",전남 구례군 구례읍 북교길 1,,,,없음
518472,천은사에서,전남,35.2708340465085,127.475438883372,"아메리카노, 얼그레이",전남 구례군 광의면 노고단로 135,,,,있음
518507,카페흰구름가는길,전남,35.2687608559578,127.504579380123,"아메리카노, 수제대추차",전남 구례군 마산면 연기암길 393,,10:00 - 17:00,매주 월요일,있음
518527,목월제빵소,전남,35.2083545117533,127.462642861407,"크루아상, 오곡빵",전남 구례군 구례읍 봉성산길 18,,10:00 - 16:00,"매주 월요일, 화요일",없음
518531,루씨살롱,전남,35.2082403708268,127.466105637353,"아메리카노, 루비커피",전남 구례군 구례읍 구례1길 34,,,,없음
518545,BHC치킨 구례산동점,전남,,,"치퐁당 후라이드, 골드킹콤보",전남 구례군 산동면 지리산온천로 146,,12:00 - 24:00,,없음
518566,뽀리뱅이,전남,35.2113728996352,127.466151326387,"비건칼칼커리, 비건크리미커리",전남 구례군 구례읍 구례1길 68,,11:30 - 19:00,"매주 화요일, 수요일, 목요일",없음
518605,물한댁손두부식당,전남,35.189066382035,127.473210860103,"다슬기청국장, 제첩국",전남 구례군 문척면 동해벚꽃로 99,,,,있음
518613,아나로그,전남,35.2101515324277,127.470080529505,"아메리카노, 유자차",전남 구례군 구례읍 5일시장작은길 20,,11:00 - 21:00,매주 월요일,있음
420445,김가네김밥 상무점,광주,35.1521264563403,126.847844791928,"참치김밥, 쌀떡볶이",광주 서구 상무중앙로 57 상무중흥S클래스상가,,09:00 - 22:00,매주 일요일,없음
420920,꽃돼지 광주점,광주,35.1506266,126.8940283,"생삼겹, 소갈비살",광주 서구 월산로151번길 18,,17:00-24:00,없음,없음
421014,꿉재,광주,35.216487861111,126.84590147222,"통삼겹살, 통목살",광주 광산구 첨단중앙로124번길 62,,,,없음
421030,나노포차,광주,35.149122599722,126.91218309972,"매운닭발, 부대찌개",광주 동구 구성로152번길 20,,,,없음
421300,남양닭칼국수,광주,35.1492883,126.91387659972,"닭 칼국수, 전복칼국수",광주 동구 충장로58번길 4,,,,없음
421352,낭만대교,광주,35.180602972222,126.81078397222,"치킨가라아게, 통먹태",광주 광산구 풍영로101번안길 3-6,,,,있음
423821,레몬커 광주우산동,광주,35.1600194604504,126.805326090126,"먹태, 맥주",광주 광산구 사암로171번길 46,,,,없음
426754,복돈,광주,35.157367299722,126.87861809972,"모듬구이, 삼겹살",광주 서구 내방로 348,,17:00 - 02:00,격주 화요일,없음
426812,본전소머리국밥,광주,35.1543323,126.91770329972,"소머리 국밥, 순대 국밥",광주 동구 동계천로 52-1,,,,없음
427743,사해일가,광주,35.183590199722,126.8709086,"키조개차돌짬뽕, 중국식 냉면",광주 북구 북문대로 171,,11:00-21:30,,있음
518649,쌍교숯불갈비 담양 본점,전남,35.2532586767088,126.952219749224,"매운갈비, 돼지갈비",전남 담양군 봉산면 송강정로 212,,11:00 - 21:00,,있음
420001,국수나무 광주학동점,광주,35.1322733,126.928745,"국치정식, 국만정식",,062-227-0522,11:00 - 21:00,매주 일요일,없음
420068,굽네치킨 광주효천점,광주,35.1025,126.88805555556,"고추바사삭, 불금치킨",,062-675-9279,12:00 - 24:00,없음,없음
420677,김호권의청년어부 광주효천점,광주,35.101388888889,126.87388888889,"청년특초밥, 청년Big싱글",,062-672-3466,10:30 - 21:30,,있음
420704,까오,광주,35.153643799722,126.88012299972,맥주,,062-575-9599,,,없음
420732,까투리로마점,광주,35.1533871,126.8807362,"튀김, 꼬치",,062-363-8592,,,없음
421515,노대주막,광주,35.105555555556,126.90583333333,"홍어삼합, 동태전",,062-653-0017,17:00 - 24:00,매주 일요일,없음
421545,노랑통닭 효천점,광주,35.1025,126.88916666667,"뿌리노랑 치킨, 3종 치즈볼",,062-652-9282,13:30/11:00 - 24:00/23:00,격주 월요일,있음
421753,다미가,광주,35.14994,126.91405159972,"아메리카노, 카페라떼",,062-223-5226,,,없음
421980,달쓴커피,광주,35.151203138889,126.91396330556,"달고나카페라떼, 수제레몬에이드",,010-9213-2161,07:00 - 18:00,"매주 토요일, 일요일",없음
422514,덕보네밥상,광주,35.136627194444,126.90148925,"순두부백반, 김치찌개",,062-652-2229,,,없음
425219,목포식당,광주,35.155634499722,126.9097076,"갈치조림, 병어조림",,062-528-7875,,,있음
425226,목포항세꼬시,광주,35.171798799722,126.92543499972,"도다리 세꼬시, 낙지탕탕이",,062-251-9295,16:00 - 24:00,없음,없음
425307,무등반점,광주,35.133754899722,126.8968416,"짜장면, 탕수육",,062-672-1818,10:00 - 20:00,"첫째, 셋째 수요일",있음
425321,무등산생고기,광주,35.145,126.8425,"생고기, 갈비살",,062-376-9916,11:00 - 21:30,없음,있음
425377,하라커피 무인카페 매월점,광주,35.1185156,126.85712499972,"아메리카노, 카페라떼",,1566-6035,00:00 - 24:00,없음,있음
426719,보쌈&포차,광주,35.1770415,126.9302262,"보쌈, 제육볶음",,,,,없음
427325,BBQ치킨 서방점,광주,35.171901699722,126.925154,"황금올리브치킨, 오리지날 양념치킨",,062-263-2166,11:00 - 24:00,없음,없음
518658,명가은,전남,35.1767493318838,127.019758937419,"양갱과쌀찜카스테라, 녹차",,061-382-3513,10:00 - 18:00,매주 월요일,있음
