address,lat,lng
광주 동구 학소로106번길 19,35.129914164979,126.934882139689
광주 동구 제봉로17번길 6-1,35.1398746007708,126.921654347553
광주 북구 용봉로 38 1층,35.1714677566669,126.901016432438
광주 북구 양산택지로 27,35.2091069691764,126.879073770592
광주 동구 동산길 34,35.1303589164475,126.948187115826
광주 서구 월드컵4강로181번길 42,35.1522981708969,126.864881241606
광주 북구 고운로 7,35.18216323215,126.899348097996
광주 동구 제봉로 35-2,35.1417718550276,126.920786957451
광주 광산구 풍영로 231 1층,35.1922683452267,126.813932545102
광주 서구 운천로154번길 30-2 도이스키친 2층 보울가득,35.1464419721344,126.860219113671
광주 서구 상무중앙로 70 1층 보울레시피,35.1531039693522,126.848843763253
광주 북구 첨단과기로208번길 43-10 1층 106-a호,35.2226023308766,126.849252900621
광주 남구 봉선로121번길 2,35.1241811439394,126.909133238785
광주 광산구 어등대로 416 1층 보울레시피 선운점,35.1490559628664,126.768994456865
광주 광산구 수완로11번길 42 1층,35.1864019532043,126.826298024904
광주 북구 용봉택지로 46 1층,35.1784194708232,126.891239714451
광주 동구 중앙로160번길 31-35,35.1470777924251,126.916464758253
광주 북구 대자로 75-1 1층,35.1733547286968,126.880596292644
광주 북구 서하로 174-1,35.1870554498353,126.899481393969
광주 동구 학소로 97,35.1283913604879,126.933152819636
광주 동구 필문대로289번길 14,35.1464546011311,126.928148436156
광주 광산구 첨단중앙로124번길 41 1층 첨단보쌈 보향미,35.2166201333669,126.844525422277
광주 광산구 첨단중앙로68번길 134,35.2091394337078,126.850732836679
광주 서구 풍금로151번길 6-2,35.1305148902445,126.858341748129
광주 북구 면앙로156번길 40,35.1747462614736,126.927350173164
광주 북구 대천로139번길 1,35.1868393148503,126.920748956759
광주 북구 양산택지로34번길 5 복덕빵,35.209346082478,126.880328479935
광주 북구 서방로107번길 54,35.1725002227931,126.925803039616
광주 북구 서암대로 5-9,35.1735463466303,126.88543875516
광주 북구 경양로 45-1,35.1637863100278,126.897353861052
광주 광산구 왕버들로 129 1층,35.2015372478256,126.82463903614
광주 서구 풍금로4번길 5-14,35.1213431767308,126.866625239717
광주 북구 첨단연신로91번길 30,35.2065145521014,126.861219055167
광주 서구 화정로85번길 3,35.1453110689009,126.866565848076
광주 남구 대남대로379번길 7 동하샷슈부속,35.1445451341906,126.889932623941
광주 동구 양림로 120 120호,35.1399869008851,126.921361150082
광주 동구 경양로247번길 11,35.1576721878693,126.918293189122
광주 서구 계수로 59,35.160509198,126.85710745379
광주 동구 필문대로205번길 19-10 1층,35.1524519093788,126.933212603706
광주 광산구 수등로 211,35.1854237275322,126.832124864461
광주 서구 상무대로1005번길 11,35.1527911625056,126.871715940829
광주 광산구 장신로 141 101호,35.1910338186577,126.825662204153
광주 서구 화운로23번길 6 1층,35.1426703007324,126.883659353334
광주 서구 금화로149번길 135-1 1층,35.1439254032297,126.85923349154
광주 광산구 상무대로 59 1층 본가,35.1264772313072,126.783589476776
광주 광산구 하남울로12번하길 9,35.1808531392639,126.802596792638
광주 북구 일곡택지로 89,35.2096353718285,126.894119091829
광주 북구 면앙로139번길 89,35.1804270942783,126.929076643275
광주 동구 중앙로160번길 15-14,35.1475207046185,126.91527230437
광주 북구 본촌마을길102번길 23-14 1층,35.2182567978908,126.880105726237
광주 동구 필문대로191번길 15-3,35.1533931307061,126.932923745024
광주 북구 자미로 68-6,35.1719005394034,126.905007921304
광주 광산구 하남대로 151 1층 101호,35.1802740317113,126.810218103589
광주 서구 치평로 112 지하 1층 본 남원추어탕,35.157258227425,126.847678838586
광주 광산구 신창로86번길 7 1층,35.1929384476718,126.837911863745
광주 서구 상무대로 1055,35.1523085146876,126.877226540302
광주 서구 화개중앙로 55,35.1247382575953,126.855840930939
광주 서구 운천로 223 아이퍼스트주차빌딩 101호,35.1522782908647,126.854410989506
광주 광산구 수완로 6 수완센트럴병원 B동 1층,35.1854845554574,126.829277958484
광주 북구 북문대로 158,35.1827476077999,126.872485927122
광주 북구 설죽로 416 상가동 1층 101호 본도시락,35.1963177963818,126.900497879897
광주 북구 서방로 11,35.1735326056142,126.914411362578
광주 동구 필문대로 265,35.1474530918345,126.928237435944
광주 광산구 앰코로 35 1층,35.2215143042016,126.852391831029
"광주 광산구 상무대로 242 (송정동) ,102호",35.1404929239221,126.794021699419
광주 광산구 사암로 339 1층(월곡동),35.1748257781748,126.808435911771
광주 남구 양촌길 29-2 1층,35.1413666249821,126.914200343211
광주 광산구 평촌길 118,35.1808877377002,126.729106922788
광주 남구 대남대로 219 백운광장홀리어스 106호,35.1331828439074,126.900474242687
광주 북구 설죽로217번길 43 1층,35.1791930772317,126.892826585648
광주 광산구 임방울대로 154-11 1층 본스치킨,35.1751189305413,126.818765498393
광주 광산구 수완로 6,35.1854845554574,126.829277958484
광주 서구 상무중앙로 58,35.1521187862479,126.848918457002
광주 서구 서광주로 25 짬뽕지존 건물 2층,35.1294788356514,126.847690427948
광주 서구 금화로 278 롯데아울렛 2층,35.1366611132602,126.879159156444
광주 북구 밤실로 199,35.1649000940178,126.933135472547
광주 서구 하남대로 692,35.1714331557632,126.868443326833
광주 북구 설죽로 221,35.179438184089,126.897546399339
광주 동구 독립로 258 1층,35.154194858318,126.91091392952
광주 북구 서하로 375,35.1860173635516,126.921432552652
광주 동구 밤실로 154,35.1611835868764,126.935417766647
광주 광산구 첨단중앙로170번길 64,35.220459421939,126.845361440787
광주 광산구 사암로340번안길 20 1층 본죽&비빔밥 광주월곡점,35.176106411288,126.811125340838
광주 서구 운천로 225 지하1층 100호,35.1525106648762,126.854413867991
광주 서구 풍암1로21번길 3-24,35.126509009966,126.87829875969
광주 남구 봉선로 164,35.1228193119776,126.913121626087
광주 서구 치평로 80,35.1545565294428,126.847707470456
광주 북구 양산로 2,35.210984031119,126.87472715808
광주 남구 효천2로가길 9 101호,35.1016472904402,126.874083578498
광주 광산구 월계로 187,35.2136779473658,126.846149587313
광주 북구 설죽로315번길 42,35.1891988878532,126.894622345937
광주 북구 북문대로 19,35.1740177672674,126.882718721407
광주 북구 첨단연신로91번길 10 1층,35.2065577174953,126.863270745047
광주 서구 풍암신흥로 29 1층,35.1205090701905,126.866558143842
광주 광산구 풍영로 275,35.195895162078,126.815374035609
광주 서구 죽봉대로 95,35.1618744109483,126.883098581969
광주 북구 설죽로 505-9 1층,35.2038304748609,126.897035437633
광주 광산구 선운중앙로 43 선운지구이지더원2단지,35.1496528481647,126.776055287596
광주 광산구 신창로 84,35.192643136765,126.837420651462
광주 광산구 임방울대로 335,35.190025512498,126.823201490609
광주 북구 동문대로 128,35.1742215695038,126.926434336528
광주 북구 양일로 58 1층(연제동),35.1974919934787,126.871236997103
광주 북구 북문대로 154,35.1825691428516,126.872660548477
광주 동구 남문로 677,35.1310634547131,126.928878529605
광주 광산구 손재로110번길 21,35.1761014130074,126.798080786674
광주 광산구 신창로72번길 25 103호,35.1918046274046,126.838581040247
광주 서구 풍암순환로 154,35.1242966967007,126.883710389802
광주 서구 상무연하로 33,35.1512621172381,126.849920479866
광주 북구 서하로94번길 19 지에이그린웰 삼가,35.1871049852412,126.891497466852
광주 서구 금화로73번길 18-9 1층 본초족발,35.1338944148085,126.857534155333
광주 북구 본촌마을길 81 1층  본촌국밥,35.2203089837881,126.880188601895
광주 북구 하서로 506,35.2191444468747,126.879107981664
광주 동구 동명로 37-1 본투비버거,35.1518845276021,126.92464900953
광주 광산구 남부대길 38 지하1층 본향,35.2085567442003,126.839281946113
광주 동구 동명로 6 볼드미니커피,35.1497960156347,126.922694975398
광주 동구 지호로 179,35.1508377722292,126.944112805323
광주 남구 제중로 124-9,35.142923482359,126.90761399177
광주 광산구 임방울대로 611-30,35.2141090052584,126.824254288869
광주 북구 저불로69번길 20,35.1808698526357,126.89321511045
광주 광산구 수완로 102 1층 봄날애쭈꾸미,35.1938750218294,126.830456817108
광주 동구 필문대로205번길 21-23,35.1531244216452,126.933389406977
광주 동구 중앙로160번길 9-17,35.1483149795788,126.914368417796
광주 서구 풍암운리로41번길 4-4 1층 봄비어,35.1239147712156,126.868607654162
광주 서구 화정로153번길 6,35.1456658420654,126.87440648467
광주 북구 밤실로 203-1,35.1652507927782,126.932936402315
광주 북구 첨단연신로91번길 10,35.2065577174953,126.863270745047
광주 동구 필문대로287번길 22,35.1449095399184,126.929156521357
광주 북구 양산로 38,35.2104010912133,126.87831559683
광주 서구 풍암순환로 192,35.1275319610462,126.882307819858
광주 광산구 광주여대길 6,35.1645484654646,126.798462892606
광주 서구 화개1로79번길 6-1,35.131308011469,126.854396756626
광주 남구 용대로 145,35.1290850002534,126.918089704119
광주 광산구 신창로 108,35.1948186995551,126.838135533081
광주 북구 우치로 86 1층,35.1750794608212,126.912944321325
광주 북구 서강로 57-1,35.1770324901009,126.870887781627
광주 광산구 사암로 251,35.1673434871789,126.808238207287
광주 동구 남문로 683,35.1316041318519,126.928638542581
광주 서구 풍암1로 20,35.1251918437032,126.878026771935
광주 북구 서방로135번길 2,35.1700079272447,126.927220467711
광주 동구 동계천로 46-2,35.1545871309791,126.917139398987
광주 광산구 월계로 92 1층,35.2128705340419,126.835799796636
광주 동구 금남로 241-7 1층,35.1487126549245,126.91841046113
광주광역시 서구 풍암2로53번길 9,35.1235402245403,126.882446747855
광주 북구 반룡로27번길 28,35.1802627149634,126.901642411353
광주 광산구 하남마항로12번길 12 2층 201호,35.1812068208522,126.801103073251
광주 남구 회재로1200번길 15-1,35.1325963331577,126.894100307952
광주 남구 봉선로133번길 21,35.1252434885746,126.90997397807
광주 남구 제석로 52 봉선골오리의집,35.1187756118981,126.90705139427
광주 남구 봉선1로37번길 3,35.1282923886627,126.909055821818
광주 남구 용대로53번길 6-4 1층,35.1213405266049,126.917366929185
광주 남구 용대로 71,35.1226386615636,126.91814793966
광주 남구 봉선1로 110,35.1271600551223,126.91704123752
광주 남구 봉선1로37번길 12 조현숙피자,35.1290201304333,126.909270384613
광주 남구 봉선1로 44-1 가야숯치킨,35.1277161425426,126.909895115616
광주 남구 용대로 116,35.1265734840689,126.918423440496
광주 남구 제석로80번길 48,35.1209676918358,126.912569801852
광주 남구 용대로 145 라인효친상가 3동 113호,35.1290850002534,126.918089704119
광주 남구 봉선1로 49 1층 봉선퍼브,35.1280130206328,126.910705467707
광주 남구 대남대로 159 6-1 봉선포차,35.1334359284679,126.907742111878
광주 광산구 신창로72번길 17,35.191785436541,126.8380469018
광주 남구 봉선2로 21 1층,35.125732434181,126.908829041921
광주 북구 송해로 47-7 1층 101호 봉수아피자,35.2024384076572,126.899807589879
광주 서구 화정로 150 1층,35.1452017678473,126.873661312942
광주 광산구 첨단내촌로 93,35.2140975695848,126.834166461598
광주 광산구 사암로340번안길 6-13 1층,35.1757033565161,126.811203337368
광주 북구 본촌마을길 87,35.2200735734067,126.880029023685
광주 북구 자미로66번길 59 1층,35.1710075428135,126.907897830584
광주 북구 첨단연신로91번길 32-10,35.206991373813,126.861224833105
광주 동구 의재로 25,35.1329534029623,126.930377649538
광주 북구 설죽로370번길 20,35.1930797667265,126.900820802039
광주 북구 첨단연신로133번길 3,35.2098257606832,126.863922125027
광주 북구 반룡로42번길 26 1층,35.1775929708128,126.902066746757
광주 서구 상무화원로32번길 25-11 유성빌딩,35.1460446163344,126.845917034383
광주 북구 우치로110번길 7,35.1774297287561,126.912791086842
광주 동구 충장로안길 26,35.1476262713081,126.915944246626
광주 남구 봉선2로 37,35.125857972924,126.910371554378
광주 북구 서하로 360,35.1863701540823,126.919646544536
광주 서구 원마륵2길 8-7,35.1447766485177,126.837413951112
광주 동구 증심사길30번길 31,35.1330390658644,126.958325731599
광주 서구 월산로169번길 5-1,35.1524529356239,126.894369147349
광주 동구 구성로194번길 25,35.151543047143,126.916207889056
광주 서구 상무화원로32번길 17-15 1층부길추어탕,35.1460439412517,126.844611916637
광주 광산구 신창로138번길 30 1층,35.1962410767424,126.840271510432
광주 북구 하서로 299 1층 부꾸커피,35.2013434331961,126.873852150098
광주 북구 일곡마을로 157,35.210264688619,126.891263597921
광주 북구 우치로90번길 21 1층,35.175678342889,126.913855501624
광주 북구 서하로 131,35.1876114115119,126.894921938089
광주 북구 대천로 124-1,35.1856075668443,126.920267179015
광주 서구 쌍촌로 67-1,35.1510004195619,126.864340587678
광주 남구 군분로 27,35.1359119220419,126.894531403147
광주 광산구 용아로379번길 41,35.1764994459563,126.80200880149
광주 광산구 월곡산정로 13,35.1667595883366,126.803568917983
광주 광산구 목련로153번안길 36,35.1742119248659,126.813968425071
광주 북구 양산제로 85,35.2019948317083,126.868921497351
광주 남구 유안초등북1길 7,35.1272549800468,126.914081624857
광주 남구 봉선로 127 1층 부라더보쌈,35.1238746228155,126.909538843386
광주 남구 화정로260번길 34 부라보맥주 월산점,35.1451816415238,126.886958324388
광주 동구 지원로 4 1층,35.1236000949361,126.93287653907
광주 서구 시청로 40,35.1524850919769,126.852423430739
광주 동구 동계로 2 1층,35.1519943474772,126.924270063328
광주 광산구 사암로216번길 26,35.1632780187343,126.809904929191
광주 서구 금화로149번길 9 호반리젠시빌상가,35.1332680744673,126.864464475656
광주 광산구 도산로9번길 6,35.1290281951647,126.791257325242
광주 광산구 선운로20번길 44,35.1468231100033,126.775318677981
광주 북구 첨단연신로133번길 4,35.2102468960236,126.863783152974
광주 서구 치평로 18 골든사우나,35.1487205120861,126.847720977944
광주 북구 서방로 18,35.1731716964475,126.914915058972
광주 북구 대천로 113-1,35.1855584609364,126.918801838326
광주 남구 광복마을길 91,35.1257963440479,126.896487213435
광주 남구 효천2로가길 13-1 1층 110호,35.1018694847795,126.874786829104
광주 광산구 임방울대로358번길 16 1층 103호,35.1916502947024,126.825065114254
광주 북구 양산로 37,35.2107536725228,126.878467837994
광주 동구 용산2길 5,35.118896461517,126.924100937612
광주 남구 금화로 387-1 1층,35.1421544364047,126.887850142179
광주 서구 경열로 6-1 2층,35.1529536934587,126.887711639745
광주 동구 필문대로192번길 8,35.1539044446463,126.930475920839
광주 남구 효천중앙로 62 그린타워 302호,35.1022045375111,126.87532561176
광주 광산구 산월로 25 101호 부부피자,35.2089980790592,126.840055878047
광주 북구 우치로 379,35.1984096176103,126.903454678421
광주 북구 문산로62번길 15-4,35.1863125822992,126.925905549652
광주 북구 상촌로 25-1,35.2120449490522,126.877306687462
광주 서구 죽봉대로119번길 12,35.1645850767086,126.882550057387
광주 광산구 첨단중앙로152번길 5-15,35.2203120006169,126.842386640381
광주 북구 대자로 71 1층 부어치킨,35.1733384254346,126.880242511212
광주 북구 천지인로115번길 1 부어치킨,35.184061798775,126.911276042541
광주 광산구 사암로158번길 42,35.1581302648213,126.810129060985
광주 광산구 수완로9번길 40 1층 해질녘부엉이,35.1857573683317,126.826279634018
광주 서구 금화로 240 광주월드컵 롯데아울렛 2층,35.1336537390124,126.874829477436
광주 광산구 광산로 28-3,35.1385258673699,126.794915123756
광주 광산구 첨단내촌로 3 냉면의신,35.2077087094654,126.835557490005
광주 동구 동계천로 167-1 1층 부엌간,35.1492354994176,126.927423554886
광주 광산구 수완로106번길 37 1층,35.1940368745936,126.832247366041
광주 남구 서문대로627번안길 9,35.1144649224639,126.89690961602
광주 북구 서림로 29,35.1670019419079,126.891801995044
광주 동구 필문대로287번길 23-16,35.145454922874,126.929878123062
광주 광산구 산월로 80,35.2070025690826,126.846597507462
광주 광산구 비아동원촌길 8,35.2202717338826,126.825514798502
광주 서구 내방로246번길 4,35.1572976359133,126.867643155477
광주 북구 자미로66번길 8-3 1층,35.1713895221278,126.905305121077
광주 북구 월동로 45,35.1756340438245,126.935197542208
광주 북구 설죽로336번길 3,35.1895985327898,126.899698954132
광주 동구 제봉로222번길 3,35.1552536362062,126.913836319229
광주 서구 상무오월로29번길 19,35.1573261173284,126.86246251989
광주 광산구 산정공원로71번길 18-4,35.1741400835091,126.805642401552
광주 북구 설죽로 518-4,35.2049462125038,126.898689860274
광주 남구 대남대로181번길 14-1 부촌 숯불갈비,35.1322893845749,126.905160375755
광주 북구 용봉택지로 59 1층,35.1789205806197,126.893113805407
광주 서구 시청로 53 2층 201호,35.1532075203005,126.851161340703
광주 동구 중흥로 197,35.1608203028178,126.915313504195
광주 광산구 진곡산단2번로 53,35.1995749624153,126.790782040631
광주 남구 제중로 124,35.1426364188265,126.907758835727
광주 광산구 산정로 62,35.1720970579917,126.804626261759
광주 북구 경양로 93,35.1625232809802,126.902313994041
광주 광산구 무진대로212번길 29-27 복천빌딩,35.1603559267128,126.805095236633
광주 북구 금재로36번길 47-10,35.1558823369796,126.910238872956
광주 북구 제봉로 258,35.1575889735764,126.911961453379
광주 북구 용봉택지로13번길 14 북문로떡볶이,35.1797126366427,126.888160315142
광주 광산구 임방울대로 360 영주빌딩 1층 105호,35.1920239233668,126.824392226524
광주 광산구 장신로64번길 9-14,35.1901443903749,126.818382105057
광주 광산구 첨단중앙로170번길 54 1층 102호,35.2202695231565,126.844739787041
광주 광산구 임방울대로332번길 9-12,35.1900260414732,126.825180259712
광주 광산구 첨단강변로99번길 34,35.2157983592969,126.850819277104
광주 남구 봉선2로 92 1층 102호,35.1258079281732,126.916399370874
광주 북구 대자로 65 1층(운암동),35.1734291514579,126.879837417242
광주 북구 군왕로 88,35.1690459800907,126.932806063702
광주 동구 동계천로 143-5 1층 분식집,35.1492824343642,126.925012462319
광주 광산구 장신로 98 B관 3층,35.1894383628979,126.819287851791
광주 광산구 하남대로54번안길 4 1층 분홍포차,35.1778184778149,126.799100577991
광주 북구 대자로 87,35.173372603717,126.882004791904
광주 북구 송해로58번길 2,35.2034219338013,126.900207867873
광주 북구 반룡로28번길 31 1층,35.1775501652734,126.900858879674
광주 서구 경열로103번길 6-2,35.1527799487453,126.89687996785
광주 북구 설죽로214번길 105 1층,35.1780289658863,126.903424989103
광주 광산구 선운로20번길 32 1층,35.1469916647553,126.774058624289
광주 남구 봉선1로62번안길 1 1층,35.1274547521027,126.912111727315
광주 북구 북문대로 79 벽산블루밍상가 102동 104호,35.1774184696133,126.877679846805
광주 북구 호동로 34-2,35.1749550182102,126.916319009734
광주 광산구 사암로216번길 38-6,35.1630383708275,126.810264625353
광주 광산구 송정로 34 1층,35.1357688741556,126.794648933351
광주 남구 서문대로 695 1층,35.1214432155733,126.898203906868
광주 동구 필문대로273번길 18,35.1460010923234,126.929471622253
광주 동구 중앙로160번길 38 2층,35.145965719858,126.916373275388
광주 서구 상무오월로 31,35.1557061487346,126.862819743438
광주 동구 서석로 23-9,35.1460273937947,126.916142541987
광주 북구 문산로 60 한신아파트,35.1867732971249,126.924353533228
광주 남구 효우로93번길 9,35.1053674711115,126.905361471605
광주 북구 서하로 82 125호,35.1871336029727,126.889355134141
광주 북구 평교로18번길 58,35.178080639679,126.927783039404
광주 북구 첨단연신로108번길 39-18 1층 불장난 파스타,35.2083794123384,126.865094804121
광주 광산구 왕버들로252번길 35 1층,35.1949785087362,126.835592371092
광주 광산구 하남대로54번안길 142-1 1층,35.1776679914416,126.800160003726
광주 동구 필문대로205번길 7,35.152236647714,126.931887147485
광주 서구 상무대로955번길 17-3,35.1530372676271,126.866245721858
광주 광산구 첨단내촌로70번길 42-7,35.2129194857435,126.838892353855
광주 남구 대남대로237번길 24,35.1336956343826,126.896815709121
광주 북구 대천로 119-2,35.1856516773372,126.919637041144
광주 북구 첨단연신로107번길 35,35.2073267719481,126.860445083648
광주 북구 대천로 124-9,35.1853062790165,126.92100889377
광주 동구 천변좌로604번길 9,35.1279650778525,126.927461740198
광주 동구 백서로176번길 8,35.1440142762107,126.924913155296
광주 광산구 수등로94번길 14 1층,35.1827279696636,126.819233320931
광주 서구 금부로95번길 3,35.1400079333854,126.859179225742
광주 남구 대남대로 45 천일지게차,35.136505214084,126.91944967467
광주 북구 자라봉로 33 청암아파트,35.2086085468642,126.878020542229
광주 북구 밤실로 185,35.1638480955611,126.933750564175
광주 북구 밤실로167번길 4-1,35.1623050672987,126.934261981579
광주 광산구 풍영정길 39-1 1층 뷰런치,35.1806732047061,126.839217407297
광주 북구 하백로 15 주성빌딩101호,35.1889122147914,126.890510303315
광주 북구 대천로 124-6 일신아파트 상가,35.1852117142329,126.920438839848
광주 광산구 첨단중앙로170번길 45,35.2208727486813,126.844351675247
광주 북구 양산택지소로 36 국제관 1층,35.2160186500036,126.884836430774
광주 북구 일곡로41번길 17-3 1층,35.2082827083429,126.892274297945
광주 광산구 장신로20번길 17,35.1891646962712,126.812517758584
광주 서구 시청로60번길 6 1층 브라케1230,35.153622492104,126.852402390453
광주 광산구 임방울대로 326 1층 105호,35.1888528319262,126.823868735182
광주 광산구 신창로36번길 43,35.1893738716951,126.83899890264
광주 남구 백운로 22 1층(백운동),35.1360216733936,126.908820425709
광주 동구 지산로 21 1층 브로피자 4호점,35.1460572006431,126.931114359872
광주 광산구 임방울대로 507,35.204930412804,126.819443851673
광주 북구 설죽로 416,35.1963177963818,126.900497879897
광주 서구 화운로156번길 10 1층,35.152779862058,126.877787410288
광주 남구 중앙로 78 1층 브루어스커피,35.1432358667826,126.906988809193
광주 광산구 수완로 66 1층,35.1910403039834,126.829009847568
광주 동구 경양로 272,35.1553468622635,126.91937337871
광주 서구 시청로 81 대아빌딩 1층,35.155913398475,126.850939104325
광주 북구 일곡택지로53번길 18 1층,35.2065406495674,126.893274421598
광주 북구 동운로201번길 73 1층 블란서다방,35.1747569225192,126.875622879399
광주 남구 효덕로 291,35.1101112352168,126.895752381891
광주 광산구 어등대로449번길 80-1,35.153922297428,126.771413285613
광주 북구 양산택지로 89 1층,35.2140870763742,126.882049587355
광주 서구 상무공원로 12 인애빌딩,35.1456551467361,126.84360175014
광주 북구 연양로 59,35.2067443798124,126.873980413951
광주 북구 운용로 13,35.1742179166146,126.889085570711
광주 서구 마륵로 46,35.1438506706787,126.837138052112
광주 광산구 수완로73번길 17,35.1916163172744,126.827708393514
광주 북구 우치로 227,35.1852008969032,126.905509453168
광주 북구 군왕로8번길 13,35.162047434211,126.930503347226
광주 광산구 장신로265번길 29 1층,35.1921103458674,126.839107367283
광주 북구 일곡마을로116번길 33 1층,35.2075048406328,126.893495877217
광주 서구 풍금로171번길 7,35.131001225501,126.858461595966
광주 동구 문화전당로 33-1,35.1455071205869,126.918912857628
광주 광산구 임방울대로825번길 22-77 첨단대라수 3차 상가1동 101호 블루문,35.2207664107229,126.850227930565
광주 광산구 목련로253번길 8 오성빌딩,35.1738632362786,126.824945366193
광주 광산구 수완로49번길 8 1층,35.1898465038837,126.828466546488
광주 남구 효덕로 205,35.1022286833226,126.899047216836
광주 북구 북문대로42번길 35,35.1760767810747,126.880733488136
광주 서구 풍암2로 57,35.1227563200619,126.881902958266
광주 동구 동계천로 169-3 블루웨일,35.1492502990562,126.927754196892
광주 북구 태봉로 83 송가빌딩 1층,35.1638807694617,126.907300416026
광주 북구 안산로 34 1층,35.1902265573835,126.902185433557
광주 북구 서강로 1,35.174980228526,126.868077872571
광주 동구 제봉로 42,35.1419841127709,126.922017627672
광주 북구 동운로213번길 3 1층,35.1745894423788,126.873181039544
광주 남구 회서로55번길 5,35.1297779031189,126.897292652345
광주 서구 금화로 23,35.1323057280856,126.851424421371
광주 동구 문화전당로23번길 38-1,35.143912801419,126.915625771035
광주 서구 운천로 247 1층 블리스아웃,35.1546189362755,126.854406600386
광주 북구 우치로 104-9,35.1768829330656,126.912996300624
광주 서구 화정로179번길 58,35.1503113357636,126.876925439033
광주 서구 화개1로 63-1,35.1298791004651,126.854263251349
광주 서구 월드컵4강로71번길 5,35.1432454847759,126.873604969475
광주 광산구 첨단과기로 45-40,35.2243900023397,126.828673767629
광주 북구 첨단연신로107번길 45-21,35.2069711980981,126.860688065538
광주 광산구 임방울대로 351,35.1914463840813,126.823371566272
광주 서구 화정로150번길 12 비니분식,35.1443593945679,126.874131736953
광주 광산구 임방울대로 142-12 상가동 1층 113호,35.1720067229744,126.819486369977
광주 광산구 풍영로101번길 22 수완이지더원아파트 상가1동 114호 비로그베이크샵,35.1814519344181,126.811727556887
광주 북구 첨단연신로 100 대성베르힐 상가 A동 2층 비록커피,35.2068562605475,126.864809594413
광주 광산구 수등로 132 1층 비룡,35.1828271701003,126.82398043535
광주 서구 염화로 151,35.1435234064492,126.881117881723
광주 서구 상무누리로 20 1층 비바로마,35.1449799327888,126.840554987353
광주 서구 쌍촌로 42 1층 비바케밥,35.1486612009215,126.864978668728
광주 광산구 하남대로54번안길 138,35.1778438832459,126.800018833947
광주 동구 동명로67번길 37,35.1534020978297,126.925149380108
광주 서구 상일로 10,35.1564632945973,126.863221922414
광주 서구 상무자유로 173 벨리카,35.1520320128613,126.85341712515
광주 서구 풍암신암로 36,35.1237981697534,126.882886199158
광주 서구 염화로 122 1층,35.1428748714706,126.877760299212
광주 서구 군분로169번길 15-19,35.1456242272095,126.885631968623
광주 남구 백운로 91-2,35.1414345841508,126.905936440418
광주 북구 서하로 220,35.1870019664136,126.904451593634
광주 북구 첨단연신로91번길 14 1층 110호,35.2065436663747,126.862881018193
광주 광산구 우산로 50,35.1579581779516,126.806021136249
광주 서구 내방로353번길 5,35.1578166876777,126.878802238849
광주 북구 문산로62번길 20-1 상가동 1층 102호,35.1860022193061,126.925862573233
광주 광산구 신가삼효로 2-10 1층,35.1854375763571,126.832883823429
광주 북구 대자로 86,35.1730757631461,126.881887981308
광주 광산구 첨단강변로87번길 5 2층,35.2143142061731,126.85200288695
광주 북구 면앙로 212-1,35.1746925357047,126.934618886242
광주 광산구 송도로 202 1층,35.1321286027087,126.795322315794
광주 서구 화정로 129 모아아파트상가 108호,35.1453832751271,126.871748087017
광주 북구 설죽로 419,35.1968166357594,126.89879405928
광주 광산구 목련로273번길 23 진아리채 상가 1동 112호,35.1746043045909,126.826304350673
광주 북구 천변우로79번길 77 한국아델리움 상가동1층104호(임동),35.1662302376307,126.889646342705
광주 남구 봉선로 37,35.1305802697128,126.904307326946
"광주 광산구 소촌로152번길 20 1층 102, 103호호 (소촌동, 온세계 아트빌)",35.1576389200766,126.793797505102
광주 광산구 송도로320번길 16-6 상가동 1층 107호,35.1408522922068,126.80196786806
광주 광산구 장신로 135,35.1909968826992,126.825050703781
광주 광산구 손재로110번길 21 106호,35.1761014130074,126.798080786674
광주 광산구 풍영로 251,35.1938992728496,126.815063197966
광주 북구 비엔날레로 80,35.1789244948438,126.890333444591
광주 광산구 목련로153번길 31,35.1732621840633,126.814391465549
광주 북구 송해로 72,35.2047765097827,126.899690617841
광주 광산구 풍영로329번길 19 호반베르디움2차아파트,35.2003513846677,126.813099861358
광주 광산구 첨단중앙로181번길 88-16 첨단라인5차아파트,35.2198571254856,126.831958762601
광주 광산구 산월로 64,35.2078859888343,126.843641975465
광주 북구 자미로66번길 8,35.1715203968186,126.905071702299
광주 북구 서강로 100,35.1803340500594,126.872745275055
광주 북구 하서로483번길 2 1층 102호,35.2178919418587,126.877594224447
광주 북구 호동로15번길 39,35.1768377529695,126.91435652148
광주 북구 양산제로 95 광주연제골드클래스 상가동 1층 109호,35.2019868685601,126.868062767355
광주 광산구 목련로21번길 20 상가,35.1755888309274,126.800212076939
광주 남구 봉선로79번길 9,35.1267025887396,126.906835251609
광주 북구 용주로 24-1,35.1814174815804,126.900806426844
광주 서구 쌍촌로4번길 8 1층 101호,35.1450369408107,126.866053713489
광주 광산구 첨단중앙로124번길 5-4 1층,35.2168186821844,126.84276616861
광주 서구 시청서편로4번길 19-5 1층,35.1594666277514,126.847735526957
광주 광산구 임방울대로826번길 47 2층,35.2153364381979,126.849162982992
광주 광산구 비아동원촌길 16,35.2202978952155,126.825905876488
광주 광산구 비아동원촌길 71,35.221474339229,126.828624426269
광주 광산구 사암로 820,35.2146945801696,126.820910769183
광주 광산구 비아로12번길 42,35.2221690848014,126.823223633214
광주 광산구 비아중앙로 47,35.2232176861906,126.825065938859
광주 광산구 비아로34번길 8 1층,35.2201942191694,126.821252587212
광주 광산구 비아로34번길 8-9,35.220495711663,126.821552114797
광주 광산구 마항1길 6,35.1838738940639,126.801576573654
광주 서구 상무버들로40번길 11,35.1655856085163,126.858997284382
광주 북구 중흥로 75,35.1642852259136,126.902499252717
광주 서구 광천1길 11,35.1644603118343,126.882254095619
광주 광산구 목련로153번길 49-6,35.174200170248,126.814179222115
광주 광산구 임방울대로332번길 25,35.189754213059,126.825256492165
광주 동구 필문대로287번길 11,35.1455030822297,126.928230149202
광주 서구 풍금로 39,35.1226682924869,126.863165770471
광주 서구 동천로18번길 12,35.1699324601166,126.861624273484
광주 북구 첨단연신로91번길 44 대성빌딩,35.2065572651572,126.85949008944
광주 북구 일곡마을로 10-1 청솔4차 상가 비에뜨반미 일곡점,35.2062689959238,126.899505603616
광주 북구 설죽로348번길 8,35.1903817935288,126.900334051849
광주 북구 대천로 173,35.1894228892833,126.922733001966
광주 북구 군왕로 176,35.1767722138762,126.93407743382
광주 남구 방림로 5,35.133761341569,126.918322569297
광주 북구 양산로 46,35.2102612966069,126.879130485856
광주 북구 임방울대로 1044,35.2119497547532,126.871219884509
광주 광산구 풍영로 222,35.1913032759081,126.814467600779
광주 북구 첨단연신로107번길 37,35.2073110657854,126.860113012387
광주 광산구 첨단중앙로68번길 60 1층 104호,35.2110142315282,126.845760667497
광주 광산구 용아로379번길 40,35.1770142900846,126.802168161219
광주 서구 풍암신흥로 31,35.1205664867052,126.866721619285
광주 동구 동계천로 14-1,35.1561270164748,126.914164435024
광주 북구 양일로305번길 22,35.2043562355266,126.896719929007
광주 남구 고싸움로 142,35.0806326416821,126.834183697114
광주 남구 봉선중앙로123번길 1,35.1318850658155,126.910416189524
광주 광산구 선운로20번길 8-1,35.1479128265874,126.771879260319
광주 광산구 송정로 40,35.1354675182642,126.795323396147
광주 광산구 평동로800번길 9,35.1241115887287,126.761257589132
광주 광산구 무진대로212번길 29-27,35.1603559267128,126.805095236633
광주 북구 설죽로202번길 43,35.17728139477,126.899998746729
광주 북구 하백로6번길 12 대광로제비앙 상가1층 bhc,35.1877969216583,126.890958004597
광주 광산구 수완로10번길 114,35.1902515924437,126.831887763114
광주 광산구 풍영정길 53,35.1817877076948,126.840495432075
광주 북구 북문대로33번길 28-3 비엔날레 포도원,35.1737126194122,126.881015551433
광주 남구 군분로33번길 7 비원회관 1층,35.1361830538428,126.893708223775
광주 동구 제봉로98번길 5,35.1473423602988,126.922600395136
광주광역시 북구 용주로30번길 81,35.1814474337265,126.904199438632
광주 북구 용봉택지로 84,35.1782517801112,126.89581026224
광주 북구 용봉로 77 전남대 학생생활관 1층,35.1739175430866,126.911235470135
광주 북구 반룡로27번길 13 1층,35.1797423750008,126.901215320602
광주 광산구 수완로9번길 11,35.1852306859998,126.828033459002
광주 남구 회재로 1226 1층,35.1334345016536,126.895022310294
광주 동구 필문대로 252 1층,35.1488721557533,126.928629067673
광주 서구 쌍촌로 17,35.1464559468512,126.864830322592
광주 북구 서강로74번길 1,35.1783999549697,126.871582405286
광주 남구 서문대로 745 .,35.1257896522391,126.897309398534
광주 광산구 목련로153번안길 12 (운남동),35.1730061201097,126.814222445784
광주 서구 풍암순환로 137-1 1층 빅카페,35.1230739313033,126.88401930916
광주 광산구 용아로 465,35.1848030565692,126.804431500909
광주 서구 금화로 88,35.1319036078581,126.858254091042
광주 북구 문산로 7-1 문흥3차 라인아파트,35.1831678772188,126.920556548702
광주 광산구 임방울대로 552,35.2075344387513,126.823741095497
광주 광산구 임방울대로 727-19 삼능아파트상가 102호,35.2193862303113,126.835613242266
광주 동구 지호로124번길 32,35.1469791950718,126.943852177599
광주 광산구 하남산단6번로 57 KBI하남지식산업센터,35.2025094402179,126.801128239251
광주 광산구 수등로76번길 35 1층 빈러브,35.1824968459816,126.817359872498
광주 동구 제봉로 226,35.155216932432,126.91355737132
광주 서구 송풍로 11,35.1183762659507,126.866235808739
광주 동구 증심사길30번길 20,35.1331816969144,126.95713485382
광주 북구 일곡마을로 168,35.2102914511912,126.892364776197
광주 남구 광복마을3길 23,35.1193369344718,126.895588472884
광주 서구 내방로 429 1층,35.1600177871865,126.88602615911
광주 광산구 풍영철길로 14-1 103호,35.16256475598,126.812845536961
광주 서구 시청로60번길 15,35.1540750484437,126.853503016267
"광주 동구 백서로 194-1 1, 2층",35.145330297398,126.925258388103
광주 서구 상무민주로123번길 25-17,35.1608790376495,126.85665998071
광주 서구 무진대로 919,35.1623727902778,126.880530024229
광주 남구 독립로15번길 1,35.1349608680261,126.90112932354
광주 북구 군왕로 32,35.1642803572789,126.931111071591
광주 동구 백서로175번길 7 1층,35.1443726619957,126.923479231396
광주 남구 효천로 10 그랜드타워2동 201호,35.098659748259,126.876048282529
광주 서구 화개2로 24,35.1244505584413,126.858841443288
광주 광산구 왕버들로 259,35.1963846437352,126.837211593155
광주 동구 금남로169번길 8-7,35.1528515492658,126.913006415741
광주 북구 용주로30번길 25,35.1809880607822,126.902117786814
광주 동구 경양로 384,35.1543724645966,126.931007918541
광주 동구 동명로67번길 39 2층,35.1535321256025,126.924941397218
광주 광산구 광산로30번길 65,35.1370800123197,126.796906222022
광주 북구 우치로 187,35.1823925467154,126.908210178651
광주 광산구 광산로29번길 14,35.139907738539,126.794380235193
광주 북구 용봉로126번길 63-1,35.1700877342068,126.909488129468
광주 광산구 산정공원로81번길 6 1층 빛고을반점,35.1749637645951,126.806162541531
광주 광산구 동곡로185번길 13,35.0992538740184,126.774738349125
광주 서구 상일로42번길 5-16,35.1599985561825,126.864059488737
광주 북구 중문로 76,35.1792849700736,126.920625428271
광주 북구 서하로274번길 8,35.1866834949544,126.910315467662
광주 광산구 평동산단로 196-16,35.1241093401985,126.770119215479
광주 서구 운천로 69 명지아파트,35.1388405935514,126.857801616169
광주 광산구 빛동2로라길 9 1층,35.1649004664553,126.673421119078
광주 남구 금당로 35-1 빛나네 삼겹살,35.120047931748,126.895903402415
광주 서구 상무오월로3번길 14-19,35.1569545435904,126.860854384394
광주 북구 서강로 79-3 3층 빛이그리다,35.1790387990097,126.871547367878
광주 북구 금호로 75,35.1752912294097,126.886723122397
광주 동구 구성로204번길 2,35.1534300198224,126.914750141551
광주 동구 필문대로205번길 18,35.1519227506343,126.932940645484
광주 북구 비엔날레로13번길 2 1층,35.1745137543839,126.885992209638
광주 북구 중문로 76 1층,35.1792849700736,126.920625428271
광주 북구 저불로 48-15 1층,35.1788743530745,126.896976566644
광주 광산구 수완로74번길 29-32 빨간곱창,35.191873730728,126.830896551289
광주 북구 동문대로97번길 7,35.1724976277928,126.923800763185
광주 북구 설죽로 496-5,35.203988640942,126.899043999397
광주 북구 서방로107번길 65 1층,35.1730680593762,126.926067410387
광주 북구 효산로 2-1,35.1807466021842,126.912502102762
광주 북구 첨단연신로91번길 44,35.2065572651572,126.85949008944
광주 남구 효천2로가길 21,35.1014319022733,126.875166986334
광주 남구 대남대로237번길 19-4,35.1335659916545,126.897421317297
광주 북구 자미로66번길 17,35.171582294109,126.905615225299
광주 광산구 상도산길 54 1층,35.1350971040175,126.794179247415
광주 북구 면앙로 46,35.1790845200108,126.917143309352
광주 남구 봉선동 1132-2,35.1340118332913,126.906713583186
광주 남구 봉선중앙로 48 상가동 1층 23호 빵빠레,35.125399472371,126.911754851754
광주 서구 운천로154번길 12 상가,35.1460696105561,126.859198853293
광주 동구 용산2길 20 1층 빽구이,35.1179546321369,126.923682205394
광주 서구 시청로60번길 21-6 1층 101호,35.1542417103585,126.854400797192
광주 서구 치평로 20,35.1490993566764,126.847651573367
광주 광산구 소촌로 147 109호,35.1573797979411,126.791857826273
광주 광산구 장신로 253,35.1909072239406,126.83789448714
광주 북구 양산로 43,35.2106371287899,126.879099067938
광주 북구 설죽로 516 1층,35.2051562901008,126.898119753958
광주 남구 금당로 12-1 1층 빽다방,35.1183054053836,126.896738142044
광주 광산구 첨단중앙로170번길 54 104호,35.2202695231565,126.844739787041
광주 광산구 선운로 8 1층,35.148274237252,126.770334192339
광주 북구 우치로90번길 16,35.1753828089359,126.913505512024
광주 동구 필문대로273번길 8,35.1465036007278,126.928394757465
광주 북구 첨단연신로107번길 15,35.2073598656768,126.86266472663
광주 동구 동계로 7 1층 뼈고집감자탕,35.1525180059354,126.924074886567
광주 서구 금화로85번길 25 1층,35.1346145201091,126.857616619693
광주 북구 경열로 252,35.1616168165707,126.907996883782
광주 북구 양일로305번길 26,35.2047574136636,126.896598072822
광주 북구 하서로 416,35.2120418027496,126.874849088828
광주 북구 우치로1번길 6-2,35.1681361023558,126.909713999622
광주 북구 호동로 28 1층,35.1748666125369,126.915435613155
광주 동구 충장로 97-2 1층,35.1475327833084,126.917758682682
광주 서구 상무대로876번길 18 1층,35.1486637606479,126.857685103907
광주 광산구 목련로153번길 49,35.1739765568366,126.814422884496
광주 북구 탁영로 8,35.1664443431623,126.933538696014
광주 북구 설죽로202번길 98,35.1774644995836,126.902703189841
광주 남구 대남대로372번길 14,35.1448667954732,126.892708095711
광주 광산구 신창로105번길 24-21 (1층),35.1959853499251,126.836747033918
광주 광산구 내상로15번길 86,35.1422986381114,126.799569435682
광주 광산구 하완길 66,35.2033418224646,126.827763688178
광주 동구 경양로 234 그랜드센트럴 상가 103동 뒤쪽 1층 상가,35.1575960732686,126.915734679338
광주 북구 대자로 95-3,35.1733467169254,126.882822105307
광주 광산구 광산로 63,35.1407722026945,126.797898239627
광주 서구 상무오월로 50,35.1554236035927,126.864852477797
광주 광산구 오목내길 26,35.1068386488503,126.741809155963
광주 서구 화정로253번길 24-1 1층 101호,35.1493558205488,126.882946386603
광주 동구 지산로 35 1층,35.1470418481909,126.931752106455
광주 남구 백서로 1 1층,35.1356168889967,126.909324512529
광주 남구 봉선로19번길 9-1,35.1316493101817,126.903994912668
광주 광산구 수등로 273-6,35.1856092264272,126.839030043001
광주 북구 북문대로169번길 19,35.1829892237841,126.870496738299
광주 북구 호동로 32-1,35.174845089005,126.915980898813
광주 서구 풍암2로57번길 9,35.1232168657538,126.882592136505
광주 광산구 임곡로 516-9,35.2127604802147,126.790063769679
광주 광산구 우산로96번길 66 대덕아파트상가,35.1533481679974,126.810340790968
광주 북구 문산로 86,35.1886685960787,126.92584214492
광주 북구 상촌로 43,35.2116733762303,126.87951487323
광주 서구 월드컵4강로181번길 6-5,35.1525526968935,126.868718460662
광주 북구 삼정로 71,35.167219302044,126.935316729494
광주 북구 금호로 120,35.176019216287,126.882611557165
광주 북구 중가로 47,35.1596194963868,126.90553915506
광주 광산구 목련로219번길 69,35.1747856018614,126.822719636586
광주 북구 하서로423번길 12-7,35.2132576669882,126.874010656586
광주 북구 용봉택지로 65 1층,35.17872447786,126.893559998203
광주 광산구 첨단중앙로116번길 31 1층 사계진미숯불닭갈비,35.2161743080336,126.84423126168
광주 광산구 사암로 300,35.1713090764483,126.809654948732
광주 북구 연양로28번길 21-2,35.2051607248674,126.870497458984
광주 북구 추암로 278,35.2401453329216,126.868895848384
광주 동구 백서로125번길 35-1 구시청점,35.1448471322659,126.917295551221
광주 동구 동계천로 181-1,35.1495013711562,126.929047407958
광주 광산구 송도로320번길 16-27,35.1395693003258,126.802633961764
광주 광산구 목련로273번안길 34,35.1778301838603,126.82295421576
광주 북구 대자로 88-2,35.1730580969215,126.882258716232
광주 동구 제봉로222번길 8,35.1554844573242,126.914320517612
광주 동구 경양로 303-30,35.1551599404384,126.922020861184
광주 광산구 산월로 25-10,35.209372701084,126.840071397269
광주 북구 우치로126번길 14,35.1785992069888,126.912997326245
광주 동구 경양로 219,35.1586396357818,126.915430568457
광주 북구 양산택지로51번길 1,35.2107875275118,126.880058939682
광주 북구 송해로4번길 2,35.1988488011316,126.901827880396
광주 광산구 송정로65번길 28,35.1353823736923,126.798680066792
광주 남구 대남대로149번길 15,35.1322731348913,126.90900739819
광주 동구 의재로 49,35.1325159957924,126.933142646169
광주 서구 금부로85번길 2-1,35.1400483096647,126.858247435426
광주 동구 지산로 9,35.1450684520217,126.930404425032
광주 북구 우치로 98-4,35.1760576834759,126.912791125019
광주 동구 동계천로95번길 12,35.1523670876391,126.922179805633
광주 북구 감적길 60,35.1749281848038,126.925616517583
광주 북구 안산로 54,35.1919700753477,126.902219907408
광주 동구 동계천로 14 1층 사우나떡볶이,35.1561721306242,126.914102377695
광주 동구 서석로85번길 22,35.1507756325597,126.918997073406
광주 서구 금화로85번길 24 사이꼬참치,35.1345558014031,126.8578897128
광주 광산구 목련로 96 사조솥뚜껑삼겹살,35.1719843252107,126.808025658131
광주 서구 염화로 114,35.142754477552,126.876897530607
광주 남구 사직길 8-1,35.1429086391132,126.914404476876
광주 남구 제중로 116,35.1425408538452,126.908803389901
광주 남구 사직길 6,35.1429962653093,126.914679708807
광주 남구 중앙로 82,35.1434951522393,126.907412201388
광주 남구 중앙로110번길 20,35.143553596859,126.909247565568
광주 서구 칠성로 39,35.1665923944527,126.861865379755
광주 서구 금화로73번길 34 둥지빌라,35.1351760818036,126.856862387778
광주 동구 남문로 690,35.1321989438626,126.928949079687
광주 남구 봉선2로 26-1 1층2층 사케류,35.1254640558663,126.909133020757
광주 북구 첨단과기로 333,35.2303089683342,126.86172407099
광주 서구 상무대로 760 도시철도공사 1층,35.1455648530012,126.847724112722
광주 북구 용전마을길 24-6,35.2374348360224,126.895616093556
광주 광산구 송정로29번길 48,35.1371421222375,126.796587422385
광주 북구 삼각외촌길 3 산골마을 식당,35.1999013431495,126.903663091298
광주 광산구 신창로 8-6 1층,35.1858005078653,126.83789167352
광주 북구 밤실로 163-13,35.1615863392607,126.934125031333
광주 광산구 사암로340번안길 6-9,35.17567824508,126.810995475586
광주 광산구 북문대로420번길 206,35.1901852920019,126.857963983684
광주 광산구 북문대로420번길 190 산동교청국장,35.1908816785714,126.857197804253
광주 서구 화개중앙로 79,35.1258831335552,126.853629545732
광주 서구 독립로204번길 27,35.1490711006917,126.90876866929
광주 동구 지산로89번길 7,35.1516770797008,126.93236391184
광주 북구 송월로40번길 33,35.1874758916996,126.915217346581
광주 동구 의재로 88,35.1318550331222,126.937026707835
광주 광산구 임방울대로825번길 48 효주빌딩,35.2201311663711,126.849015936205
광주 북구 삼정로 122 1층 빅케이마트주차장쪽,35.1718161257314,126.934957424112
광주 동구 무등로 451,35.1564491175837,126.93023734911
광주 동구 경양로 369-4 1층 산수대패,35.154255387246,126.929613759061
광주 동구 동계로12번길 13,35.1530950732716,126.92555386314
광주 동구 중앙로196번길 32,35.1487677745048,126.918479433942
광주 동구 경양로371번길 1,35.1543383200245,126.929782263119
광주 서구 운천로 85,35.1403096226955,126.858408725538
광주 북구 탁영로 5-1,35.166723614811,126.933266797199
광주 동구 남문로 694-11 1층,35.1328581145203,126.929263296148
광주 북구 동문대로204번길 13,35.1802857715625,126.930966048027
광주 북구 첨단연신로 265,35.2069842506923,126.859037882357
광주 북구 설죽로 342,35.1899929317046,126.899440664788
광주 북구 서림로 95-2,35.1631657422867,126.897374727087
광주 서구 월드컵4강로 70,35.1432333076247,126.87455068188
광주 동구 준법로 10-1,35.1492463843811,126.934172399862
광주 서구 풍금로 35-1,35.1224643983733,126.863480640888
광주 동구 필문대로192번길 12-2,35.1537675829136,126.930101354529
광주 북구 일곡마을로111번길 32-1,35.2084254624076,126.88866501737
광주 광산구 월계로 195 3층,35.2137647280334,126.847059141163
광주 북구 서하로 258 산으로간참치,35.1869662448518,126.908620274799
광주 서구 화운로156번길 19-2,35.1532089594018,126.879004752961
광주 남구 봉선중앙로91번길 5 1층,35.1290411594272,126.91015390178
광주 광산구 산정로61번길 11,35.1719426797711,126.803915959845
광주 광산구 목련로 69,35.1725821894647,126.805367612466
광주 광산구 산정공원로 48,35.1718044651782,126.806302206558
광주 서구 월드컵4강로28번길 9-1,35.1402327873554,126.877479936939
광주 북구 하서로 52,35.1831022140154,126.885680824574
광주 북구 북문대로159번길 46,35.1821539622375,126.869344641285
광주 광산구 고봉로 427-8,35.1964233952656,126.768591522816
광주 광산구 신창로36번길 23,35.1887460692887,126.838315344675
광주 서구 상무대로 915-8,35.1516576108392,126.862113299588
광주 북구 밤실로169번길 16,35.1622771073447,126.93291403747
광주 동구 천변우로 487,35.1395728680078,126.919519732991
광주 광산구 비아중앙로31번길 8-1,35.2218952845494,126.824048249548
광주 광산구 어등대로653번길 4,35.1456211066398,126.790177286305
광주 광산구 목련로394번길 23-11,35.1842260697615,126.833738271627
광주 남구 봉선중앙로124번길 30-1 1층,35.1322681094418,126.913974758472
광주 남구 용대로53번길 6-4 2층 살롱드테오,35.1213405266049,126.917366929185
광주 서구 상무오월로15번길 6,35.1560201606221,126.861217717448
광주 북구 동문대로 294 1층,35.1877739395627,126.934323053585
광주 남구 백운로 50 삼거리식당,35.1378135402981,126.906985869513
광주 북구 삼정로66번길 92 1층 상가,35.1707876933919,126.937909676621
광주 서구 화운로193번길 36-18,35.1567500166424,126.873595389932
광주 동구 참판로 2,35.1600433317605,126.926497921672
광주 북구 대자로 62,35.1732212238856,126.879037902681
"광주 동구 서석로7번길 12-18 1, 2층",35.1462975404332,126.91511927927
광주 서구 상무누리로 15 1층,35.1443340305275,126.840085918044
광주 동구 필문대로287번길 26 2층,35.1447286819151,126.929543390424
광주 서구 하남대로 704 지선빌딩,35.171414405751,126.869692568486
광주 남구 효덕로 213,35.1028114434537,126.898323155293
광주 광산구 상무대로 242,35.1404929239221,126.794021699419
광주 북구 동림용산로 12-11,35.1883484758221,126.868549470323
광주 서구 풍금로38번길 19-1,35.123856041567,126.864468439744
광주 북구 중흥로 100 삼대가족국밥,35.1632852136434,126.905052733958
광주 서구 금화로103번길 23 1층 삼대무한리필,35.1348062646866,126.859646936117
광주 광산구 소촌로 138 1층,35.1567103313326,126.792472060898
광주 광산구 비아로34번길 7 삼대째순두부,35.2201440351428,126.820840035783
광주 광산구 상지길 2,35.1621863417094,126.702552418716
광주 광산구 삼도로 362-1,35.1624676254209,126.702467098887
광주 광산구 삼도봉정길 24,35.1631747054552,126.695166292412
광주 서구 화정로78번길 6,35.1442939202237,126.865783443713
광주 서구 상무오월로15번길 18,35.1571000684966,126.861208420222
광주 동구 백서로189번길 14-32,35.1458119193301,126.924281497176
광주 북구 첨단연신로 261,35.2072409282875,126.859014376416
광주 광산구 첨단중앙로182번길 16 삼복당,35.2217275124759,126.843036244624
광주 서구 화운로 121 1층,35.1499877972493,126.878223755947
광주 서구 월드컵4강로198번길 19-4,35.1540713807793,126.871646764805
광주 서구 상무시민로 136,35.1549993116048,126.85388383981
광주 서구 무진대로963번길 1,35.1615547734391,126.885727445461
광주 서구 마륵복개로 107,35.1468479555519,126.849904002471
광주 광산구 산월로 45 1층,35.2089699693476,126.842264034663
광주 서구 금부로 107 1층,35.1399535152503,126.860525051481
광주 북구 무등로 281-4,35.1633458761496,126.914366715773
광주 북구 군왕로129번길 21,35.1726873187748,126.93157754746
광주 남구 봉선중앙로123번길 25,35.1316866423928,126.907847111339
광주 남구 광복마을길 79-1,35.1247496792468,126.89669786422
광주 북구 경양로 49,35.163749276181,126.897794493345
광주 남구 난지실1길 7,35.1362373470182,126.898367749204
광주 서구 화정로39번길 4-21,35.1452223956911,126.862711248971
광주 동구 경양로243번길 8-5 1층,35.1574198740138,126.918125188843
광주 북구 경양로103번길 26 1층,35.163117451373,126.904340577231
광주 동구 구성로152번길 15,35.1492696691933,126.912182876653
광주 북구 유림로 175,35.1773936976104,126.862801322649
광주 동구 경양로247번길 8-1,35.1570184045455,126.918386694074
광주 북구 호동로15번길 50 삼일집,35.1773501086333,126.914518788694
광주 북구 우치로 400,35.2002534895377,126.903421310101
광주 북구 밤실로 171,35.1626415533837,126.934444462602
광주 북구 저불로69번길 11,35.1805683353042,126.894123535501
광주 동구 동계천로 68,35.1533128437226,126.918685288174
광주 광산구 광산로56번길 28 1층,35.1390193632593,126.798136623631
광주 북구 연양로 36 양산동근생 1층 107호,35.206190311461,126.871401614117
광주 북구 평교로 10 1층,35.1782011211708,126.924627037604
광주 광산구 하남산단5번로 120 나동 1층,35.1962142300249,126.808289962157
광주 남구 백운로 52,35.1381303457101,126.906720735782
광주 광산구 수완로74번길 40 삼평식당,35.1915887453713,126.831171201587
광주 서구 운천로17번길 7 1층,35.1340326067849,126.858237124977
광주 광산구 용아로399번길 51,35.1771306796584,126.803123734531
광주 북구 용주로30번길 9,35.1813037720297,126.901631056896
광주 동구 중앙로 249-6,35.1542365792373,126.919935733104
광주 동구 무등로307번길 7-1,35.1629940968867,126.917118689956
광주 서구 상무누리로 143,35.1555737658758,126.838490643667
광주 북구 밤실로 176,35.1631078665038,126.934518616457
광주 동구 제봉로17번길 23-1 1층,35.1385905007503,126.920517693122
광주 남구 봉선2로19번길 10-23,35.1262502556423,126.910261851511
광주 서구 풍암2로57번길 3-1,35.1230435629867,126.882065569195
광주 북구 본촌마을길 73,35.220652090929,126.880516186179
광주 동구 구성로 234,35.1555011393536,126.917050451786
광주 광산구 어등대로595번길 7,35.1512420489117,126.787114463121
광주 북구 양일로305번길 26 1층,35.2047574136636,126.896598072822
광주 서구 상무중앙로 6-14,35.147631609495,126.849404451209
광주 서구 치평로 86 보광빌딩,35.1548917494996,126.847782792988
광주 서구 시청로 92 1층 112호 상무꼬까,35.156733155918,126.85231412844
광주 서구 상무평화로 114 1층,35.1485641371836,126.85135942973
광주 서구 상무화원로32번길 17 1층,35.1456577113286,126.845177691203
광주 서구 상무연하로 81,35.1556460087259,126.849879284539
광주 동구 독립로 268 롯데백화점 지하1층,35.1545374246114,126.912216616835
광주 서구 마륵복개로 60,35.1441424879643,126.846282308734
광주 서구 내방로 25 상무바다,35.1593407690031,126.843329486092
광주 서구 계수로 51,35.1605465807924,126.856325363282
광주 서구 상무중앙로 7 상무타워 901호 다이스보드게임카페,35.1475410793284,126.847934096159
광주 서구 시청서편로4번길 16-1 상무본가장어,35.1590929313675,126.847239797182
광주 서구 시청서편로4번길 19-8 상무생복집,35.1593330369185,126.847727983203
광주 서구 상무중앙로 6-20,35.1477515379427,126.84966047485
광주 서구 마륵복개로 149,35.1473264560688,126.853412174994
광주 서구 화정로85번길 31 1층,35.1477660425885,126.866345322404
광주 서구 천변좌하로 292,35.1601878948394,126.846592266726
광주 서구 시청로60번길 20 1층,35.1537408098664,126.853864249842
광주 서구 상무대로 747 1층 상무참전복,35.1453309430714,126.845158118338
광주 동구 무등로 405 1층 101호,35.1597205695339,126.926969178828
광주 광산구 장신로 139,35.1910417297659,126.825334986673
광주 북구 용봉택지로 95,35.178668553096,126.896952674199
광주 광산구 첨단중앙로106번길 37,35.2153008794532,126.845058424113
광주 남구 봉선로9번길 28,35.1324887518157,126.905372672835
광주 북구 서암대로315번길 27,35.1664483218509,126.918236444351
광주 서구 운천로154번길 12 지하1층.청년주방,35.1460696105561,126.859198853293
광주 광산구 월곡중앙로13번길 8-17,35.1684435151309,126.810422102284
광주 북구 설죽로 337,35.1900141338019,126.898707849584
광주 북구 북문대로 162,35.1830840284636,126.872176896734
광주 동구 증심사길 25 1층 상무팥죽,35.1342931316176,126.955287307841
광주 서구 무진대로 904,35.1605104898663,126.879344508277
광주 서구 상무평화로 112-1,35.1485085181826,126.851208416493
광주 서구 상무번영로 50,35.1543563258782,126.853249100256
광주 서구 상무평화로 108,35.1482551320848,126.850757511342
광주 서구 쌍촌로 61 상무시장,35.1503359615663,126.864121324099
광주 서구 상무민주로5번길 12,35.1511746837501,126.857152308362
광주 서구 월드컵4강로229번길 6,35.1566102116885,126.868593080484
광주 광산구 침산안길 26,35.101941520969,126.77364864216
광주 서구 월암신기길 185,35.1453213847709,126.849591968487
광주 북구 북문대로 179,35.1842888806079,126.870658483048
광주 광산구 단전4길 10,35.1805095393835,126.799249411602
광주 서구 풍암순환로109번길 24,35.1225899171687,126.882262269488
광주 남구 금화로440번길 3-1,35.1451637578155,126.891957212537
광주 서구 상무연하로 76,35.1549957987115,126.850487179406
광주 서구 상무연하로 16 2층,35.1495938814346,126.850577941562
광주 광산구 장신로 181-1 1층,35.1912260348082,126.829942970461
광주 동구 장동로 11,35.1488823835428,126.923527357091
광주 동구 양림로 120 먹거리상가 1층 126호,35.1399869008851,126.921361150082
광주 남구 봉선로 22 1층,35.1312172832626,126.902747041436
광주 북구 금호로 73 1층,35.17509545543,126.88691682193
광주 북구 매곡로69번길 13 해광샹그릴라102동 앞 상가 1층 1호,35.1906006447721,126.892333875302
광주 남구 금당로 52 상가동 1층,35.1215962557222,126.895960893198
광주 동구 조선대길 108 솔마루 2층,35.141844454517,126.933277781793
광주 서구 유림로98번길 23,35.1712058374478,126.866224756675
광주 광산구 선운로2번길 5-1 1층,35.147872278309,126.770501798317
광주 서구 치평로 77 상무 쇼핑프라자 117호,35.1536867988659,126.844858588614
광주 광산구 수완로48번길 42,35.1879439253178,126.829871964332
광주 북구 청계로 53-2 1층,35.1778831159891,126.89260039913
광주 북구 서강로 72 1층,35.1781054929081,126.871507777822
광주 광산구 첨단중앙로124번길 5 샐러바웃 첨단점,35.2166837562708,126.842770931968
광주 광산구 단전2길 7 1층,35.1816512510404,126.798902754027
광주 광산구 산월로 45 1층 월계동,35.2089699693476,126.842264034663
광주 북구 금호로 124-1 1층,35.1756656755328,126.882117953398
광주 북구 양산로 34,35.2104780487462,126.877850262874
광주 광산구 수등로258번길 3-3 샘물맥주,35.1847956647325,126.83754563317
광주 광산구 광산로67번길 9,35.1410896056441,126.797972621298
광주 북구 설죽로471번길 82-5,35.2015912801,126.897396364498
광주 남구 포충로 603,35.0819746321302,126.834932978732
광주 서구 천변좌로246번길 16 샛별분식,35.1532337901728,126.901658378446
광주 북구 서강로 89,35.1798120002153,126.871990117262
광주 북구 설죽로214번길 100,35.1777545515077,126.903260093101
광주 광산구 광산로29번길 20,35.1402836432955,126.793977675991
광주 서구 상무연하로 72 골든유토피아 105호,35.1546473355906,126.850489133909
광주 광산구 장신로20번안길 44-6,35.1901775178696,126.811801417862
광주 북구 대천로 165-1,35.1888942047864,126.922388852487
"광주 북구 첨단연신로91번길 30, 101호",35.2065145521014,126.861219055167
광주 광산구 비아중앙로31번길 10,35.2217160746499,126.824219437778
광주 북구 중흥로 166 1층,35.1615178393595,126.911865900394
광주 북구 하서로339번길 9 건물1층,35.2053230308517,126.872852910483
광주 광산구 선운로20번길 60,35.1465836198096,126.777125091365
광주 서구 시청서편로4번길 17-15,35.1598798029814,126.847371351576
광주 서구 회재로 757 회재로757,35.1149751819332,126.85038217674
광주 광산구 임방울대로 321 운재빌딩,35.1887896386737,126.822812525976
광주 남구 봉선중앙로134번길 1 생태한마리,35.1330748653339,126.910905120281
광주 서구 죽봉대로 119,35.1640332576691,126.883382083152
광주 광산구 평동로 853-3,35.1253473637561,126.76719250112
광주 광산구 우산로95번길 53,35.1586725842888,126.81143871825
광주 서구 매월2로 53,35.1162223153676,126.860279961157
광주 서구 금부로 77,35.1397557217684,126.857397315678
광주 서구 경열로 32,35.1511961180106,126.889461859624
광주 광산구 목련로394번길 39-13,35.1843431743326,126.834541694893
광주 북구 대자로 98-1,35.17302506329,126.883237625029
광주 서구 대남대로 463,35.1512517302421,126.885767202998
광주 동구 동계천로 47-1,35.1547079972826,126.917526804218
광주 동구 제봉로110번길 17 인재아트빌딩 1층,35.1491879801216,126.923583149736
광주 동구 증심사길30번길 43,35.1326893454634,126.958878901738
광주 북구 우치로 319,35.1931348827137,126.904120278767
광주 광산구 풍영로 83 우석빌딩,35.1793839178026,126.810893143205
광주 북구 우치로100번길 15,35.1765408973069,126.91328834913
광주 동구 서석로 40 2층,35.1463200873038,126.918018008543
광주 광산구 왕버들로 217 한듬레포츠1층 샤브향수완,35.1986789120755,126.83373594865
광주 북구 동문대로191번길 52,35.1802817778375,126.926774588042
광주 서구 유림로98번길 37,35.1710953574831,126.8679741561
광주 북구 하서로423번길 42 우방상가 1층 103호 샬롬김밥,35.2134592268784,126.872649233015
광주 광산구 하남대로54번안길 18,35.1773431904543,126.799098893067
광주 서구 상무대로1005번길 27 1층,35.1542871678024,126.871648181899
광주 남구 백서로 74-1,35.1391356791847,126.915635199359
광주 동구 문화전당로35번길 10 3층,35.1455666812128,126.917946776023
광주 서구 시청서편로4번길 21,35.1593201700215,126.847961239215
광주 서구 하남대로680번길 1,35.1714023998085,126.867186261505
광주 서구 상무중앙로28번길 4 세진빌딩2층,35.1491261811903,126.848918610994
광주 광산구 임방울대로 501 2층,35.2046941264297,126.818751977149
광주 북구 동문대로168번길 13,35.177270918472,126.929564833975
광주 북구 우치로100번길 37 서귀포로맨스 광주전남대점,35.1766219613448,126.91460221497
광주 서구 시청로56번길 13 1층,35.1536252948227,126.85330001928
"광주 광산구 첨단중앙로106번길 65-3 1층 110호, 111호",35.2151711338981,126.846369947401
광주 광산구 수완로74번길 12-3,35.1912468152428,126.829721462302
광주 남구 대남대로181번길 36-1 서대마을,35.1302972307622,126.905442025995
광주 남구 천변좌로370번길 38,35.1439102672703,126.909249693579
광주 남구 천변좌로370번길 13 서동치킨,35.1448170677388,126.911361341096
광주 남구 서동로 18,35.1458139505573,126.90410996724
광주 북구 호동로 22,35.1749261235543,126.914822994129
광주 서구 풍암신흥로80번길 3-6,35.1239746163989,126.869269541251
광주 북구 경양로 61-1,35.1634242346197,126.899070771572
광주 서구 상무민주로 119 NANA빌딩1층,35.1612255254568,126.85927887702
광주 북구 신임로 18,35.1650833323128,126.898276993646
광주 서구 풍암2로57번길 16 1층 서민족발,35.1231673588263,126.883409749969
광주 서구 상무오월로15번길 28-22,35.1575006152689,126.862299241752
광주 광산구 목련로273번안길 15,35.1780242599283,126.824077516765
광주 북구 동문대로 8 1층,35.165505831943,126.919946752653
광주 북구 우치로274번길 6,35.1892223749787,126.905962210118
광주 북구 본촌마을길 77,35.2204061278286,126.880349152824
광주 동구 백서로 171-3,35.1438796693582,126.923419228487
광주 북구 설죽로404번길 12,35.1952733878319,126.901256695797
광주 서구 상무연하로 56 리오빌딩 2층,35.1531107132816,126.850501602778
광주 광산구 송정로15번길 71,35.138635268756,126.796236856835
광주 광산구 풍영로101번안길 11-9,35.1807517449593,126.81015748971
광주 동구 남문로 554,35.1208553177173,126.93363970276
광주 북구 서방로 54-1,35.1724711592724,126.918852833802
광주 광산구 수완로52번길 20,35.1901639984182,126.829963409761
광주 서구 무진대로 904 유스퀘어 1층 신세계백화점 통로,35.1605104898663,126.879344508277
광주 동구 서석로 41-1,35.1467460504804,126.917988171194
광주 광산구 임방울대로826번길 47,35.2153364381979,126.849162982992
광주 북구 첨단벤처로 108,35.2311745953954,126.858733722871
광주 광산구 고봉로 772,35.2187840908519,126.746150627961
광주 광산구 산월로 31,35.2089676016807,126.840662270642
광주 광산구 사암로390번길 13-26,35.1794453355337,126.809649815724
광주 서구 상무대로 951-2,35.1517274702561,126.866135814574
광주 북구 중외길 30,35.1887280808833,126.893763362073
광주 서구 상무화원로32번길 13-18,35.1459747947006,126.844391693511
광주 광산구 도산로 35-1 1층,35.1313011309217,126.790352820452
광주 서구 운천로 131 1층 103호,35.1446375629261,126.856843520071
광주 북구 서방로19번길 19,35.1742123926678,126.915414335331
광주 북구 석곡로 630,35.214874084859,126.94968472483
광주 광산구 하남대로261번길 28 1층(신가동) 서찬열 명인식당,35.1817509767572,126.823007523464
광주 북구 일곡로 45-11 서태후,35.2085638724038,126.893328991762
광주 남구 대남대로107번길 10 1층 서프클럽로스터리,35.1330210764827,126.913423605808
광주 서구 상무자유로 32,35.1514066896734,126.837545518236
광주 광산구 임방울대로826번길 47 더시너지첨단 1층 113호 SUPPLY,35.2153364381979,126.849162982992
광주 북구 안산로 14,35.1884156427946,126.902405657506
광주 광산구 임방울대로826번길 74,35.2141177225904,126.848441457921
광주 광산구 풍영로228번길 7,35.1916271983076,126.815159260794
광주 광산구 사암로215번길 89,35.1638829421855,126.803368164561
광주 동구 필문대로 185,35.1541082694015,126.931952754276
광주 북구 양일로 60 1층,35.1974067489907,126.871513736707
광주 북구 임동로 7,35.1609285489752,126.894932008421
광주 북구 서강로 104,35.1804417424408,126.87289825683
광주 남구 광복마을5길 5,35.1238685617864,126.896341655331
광주 서구 월드컵4강로 106 1층,35.1460857576017,126.872909445093
광주 서구 천변좌로298번길 11,35.1500013949966,126.906755478042
광주 광산구 수완로9번길 33,35.1852112025231,126.826192304761
광주 북구 석곡로 605,35.21299262948,126.948885345359
광주 북구 우치로110번길 31,35.1775272982264,126.914112304433
광주 남구 독립로 30-3 석류나무카페,35.1363376205713,126.901919328406
광주 광산구 신창로36번길 8,35.188408818913,126.837601464696
광주 동구 중앙로 165,35.1491205875612,126.913440358267
광주 북구 설죽로 335,35.189516231578,126.898607454339
광주 동구 필문대로 331,35.1421428787168,126.924784071849
광주 북구 대천로139번길 8-1,35.1871877806764,126.920476768973
광주 남구 고싸움로 138,35.0803850782269,126.834347028876
광주 동구 동명로 19-6 1층 선,35.1510055920708,126.923041613896
광주 남구 봉선로19번길 13,35.1316736695019,126.904365405882
광주 광산구 평동용강길 47,35.1261115489534,126.734816998464
광주 광산구 임방울대로 154-15 선릉역매운떡볶이,35.1750811266077,126.819283621726
광주 북구 용두택지로 34-1 1층,35.214069042434,126.877325937536
광주 서구 월드컵4강로104번길 11-1,35.1460781152069,126.873963385624
광주 광산구 평동로 1115,35.1348808816572,126.787605279607
광주 동구 제봉로17번길 7,35.1397922973217,126.921779847948
광주 서구 상무대로884번길 24,35.1483106842524,126.859061657336
광주 서구 상무대로1005번길 36 1층,35.1548962624743,126.871861896973
광주 서구 죽봉대로120번길 4-1,35.1638333909852,126.884285054172
광주 광산구 우산로96번길 54 1층,35.1539900201381,126.810452452706
광주 광산구 선운로20번길 16,35.1474515133425,126.77250376197
광주 광산구 송도로212번길 3,35.1329325084675,126.796059712031
광주 광산구 선운로 6,35.1482200593394,126.770188279049
광주 광산구 선운로2번길 1-5 1층 창고1974 선운지구점,35.1481104648143,126.770669691832
광주 광산구 선운로2번길 63,35.1458662812666,126.776029666699
광주 동구 동계천로 159-11 선율,35.1497134485268,126.926307588341
광주 서구 금화로85번길 28,35.134872508904,126.857863048308
광주 동구 동계천로 59-6,35.1540830428849,126.918397527418
광주 북구 설죽로 496-5 선창회포차,35.203988640942,126.899043999397
광주 서구 풍금로38번길 60,35.1248772855583,126.868476211713
광주 남구 진다리로 16,35.1367930665404,126.903362228842
광주 광산구 월곡중앙로 45 1층 설가네,35.1703415558141,126.810975882385
광주 동구 동계천로 118 설가당,35.1504129257987,126.922865922426
광주 광산구 장신로50번길 27 1층,35.1895661553152,126.815923283518
광주 광산구 임방울대로800번길 82,35.2137917790863,126.845717632727
광주 광산구 선운로2번길 63-3 1층 설렌,35.1458662812666,126.776029666699
광주 광산구 수완로50번길 48,35.1888199667279,126.830912759976
광주 남구 천변좌로370번안길 2-4 설렘담 3층,35.1444437532595,126.910665029676
광주 북구 우치로100번길 10-4 2층,35.1762028968314,126.912923034107
광주 남구 서문대로 687 수협,35.1207033631536,126.898511999874
광주 서구 풍암신흥로 97 2층,35.1252206740939,126.86878010638
광주 동구 필문대로287번길 23-4 2층,35.1449910310165,126.929634355872
광주 서구 하남대로 690 1층,35.1714785716719,126.868183092569
광주 광산구 신창로 64 프뤼몰타운,35.1909878387072,126.837381786207
광주 북구 저불로 45 2층,35.1786889209283,126.895163745097
광주 광산구 첨단중앙로 104 2층,35.2145656915723,126.843341192563
광주 광산구 어등대로 418,35.1487177840895,126.769142137407
광주 북구 배재길 74,35.1651519662121,126.97997867767
광주 남구 광복마을길 5,35.1182589832386,126.898013587048
광주 서구 상무시민로 129,35.155498570012,126.853283376752
광주 광산구 삼도로 350,35.1627913684435,126.701212234993
광주 동구 양림로 123,35.1402856870896,126.921198680624
광주 서구 계수로 71,35.160428611818,126.858485713112
광주 서구 천변우하로 293,35.165080619756,126.8539356206
광주 광산구 수완로106번길 83 1층,35.1919263196542,126.831961393048
광주 북구 동운로201번길 70-1,35.1745902459129,126.875432121597
광주 광산구 장덕로49번길 5-6,35.1953403610159,126.814418453462
광주 북구 하남대로 832,35.1705474798694,126.883494848694
광주 남구 천변좌로370번길 22 성산회관,35.1447783379367,126.910419841246
광주 서구 상무평화로 62 라인동산아파트 상가동 107호,35.1477896235738,126.84561283611
광주 북구 용두택지로 35,35.2142077891783,126.8771765795
광주 광산구 월계로34번길 21-16,35.2109464423299,126.833505458871
광주 광산구 상무대로 128 1층 성원세꼬시,35.1313277818055,126.788004116752
광주 광산구 용아로399번길 46,35.1777697800814,126.803703483781
광주 서구 운천로92번길 8,35.1407696992214,126.859511497174
광주 서구 상무중앙로 42 은혜빌딩 1층,35.1505949444784,126.848916225447
광주 서구 매월2로15번길 16,35.1173263488781,126.85906995107
광주 북구 죽곡길 2,35.2047472165761,126.953058304664
광주 서구 상무대로 915-6,35.1514855123416,126.862167145847
광주 광산구 수완로 64 3층,35.1908805382179,126.829105048319
광주 서구 상무오월로 49,35.1556992407013,126.864934555027
광주 북구 양산택지로37번길 24,35.2103855688652,126.877047580806
광주 북구 설죽로279번길 24,35.1859683179317,126.897429948994
광주 광산구 사암로106번길 57,35.1538292953855,126.810444484562
광주 광산구 월계로 223-17 302동 101호,35.2149009886412,126.849591909788
광주 북구 면앙로32번길 14,35.1789832822084,126.915425531338
광주 북구 첨단벤처로108번길 39,35.2307932370864,126.863208783987
광주 서구 염화로83번길 4,35.1420924181713,126.873907859782
광주 북구 면앙로121번길 84,35.1806197785695,126.92691074763
광주 서구 쌍학로8번길 2,35.1461733081602,126.865747436659
광주 북구 양산택지로37번길 21 1층 세숫대왕해물,35.2100902469279,126.877275472728
광주 서구 염화로83번길 4-13 1층,35.1426395840836,126.873859171973
광주 북구 일곡택지로99번길 33-1,35.2100248594161,126.890885572244
광주 동구 의재로136번길 28,35.1317335081449,126.944744898127
광주 북구 삼정로 94,35.1704012523808,126.937502938601
광주 북구 우치로228번길 42 1층,35.186277451436,126.907580541706
광주 서구 금화로 489,35.1497539043115,126.891013168258
광주 동구 충장로안길 40-2,35.1466766332651,126.917043055676
광주 북구 대자실로 14 지하1층,35.1783342123924,126.873866410137
광주 서구 무진대로903번길 4-2,35.1622033211953,126.879424438289
광주 서구 상무대로884번길 10,35.1494901880852,126.858660707595
광주 북구 우치로110번길 26 1층,35.1773196437898,126.913757273058
광주 북구 호동로43번길 63 2층,35.1759142790433,126.913295381675
광주 서구 천변우하로 511-1 1층,35.1706590009928,126.875280046588
광주 북구 밤실로 186,35.1640135302914,126.933980492561
광주 북구 매곡로 55,35.1898443306724,126.893674400661
광주 서구 하남대로 688 1층 102호,35.1714808934544,126.867997573088
광주 북구 송해로 64-1,35.2041780151386,126.899912634336
광주 남구 봉선2로 40,35.1255384647177,126.910772568973
광주 광산구 목련로153번길 49-9,35.1739918733498,126.814007238129
광주 광산구 임방울대로800번길 72,35.2143098071137,126.845240428819
광주 광산구 사암로 214,35.1634039686245,126.808835777066
광주 북구 풍동길 14,35.1662298697969,126.92114797677
광주 서구 화운로 303,35.1661029515165,126.877086057934
광주 남구 봉선1로 58 1층,35.1277893108407,126.911578048045
광주 서구 시청서편로4번길 6,35.159087725508,126.846188564553
광주 광산구 첨단중앙로124번길 71,35.2166342786397,126.846214522276
광주 북구 서하로 216-1,35.1870455440868,126.904162785462
광주 광산구 용아로400번길 30 하남피크닉몰 1층 1113호,35.1780934325427,126.806489286879
광주 동구 동계천로 83-2,35.1525196039093,126.920385512961
광주 광산구 비아안길 70-18,35.2202647044803,126.820035645242
광주 동구 학소로 110-6,35.1294466724916,126.932980470748
광주 북구 신흥로 28-1,35.1703657201211,126.907942682344
광주 서구 군분2로 54 지하1층 14호,35.1577245863364,126.881554241446
광주 광산구 월곡중앙로54번길 15 소담솥밥 1층,35.1711546677209,126.812133632849
광주 서구 죽봉대로147번길 7-2,35.1666273219644,126.882961927343
광주 광산구 수등로94번길 14,35.1827279696636,126.819233320931
광주 동구 동계천로 163,35.1493050614333,126.926935246948
광주 광산구 송도로162번길 11-6,35.1290544278299,126.795328581658
광주 서구 운천로17번길 6 다사랑,35.1342829788949,126.858523067141
광주 남구 효우2로26번길 29 1층 소르베,35.1019726816687,126.88843879285
광주 북구 설죽로217번길 38,35.1794510606831,126.893354524603
광주 동구 필문대로192번길 32-2,35.1534000407508,126.928001962427
광주 남구 서문대로 711,35.1227848578965,126.898157257746
광주 북구 동운로201번길 76,35.1745991465906,126.875673177929
광주 서구 화정로39번길 4-12 1층,35.1449744082253,126.862214447012
광주 광산구 수등로94번길 8-11 102호,35.182449702548,126.818918957353
광주 광산구 남동길 30,35.1296049275793,126.788473559245
광주 서구 쌍촌로15번길 1,35.1461647608269,126.864788664423
광주 북구 용봉로 5,35.1724266516394,126.897690656878
광주 광산구 용아로400번길 29,35.1789041396796,126.806507016613
광주 남구 화산로31번길 4,35.1123755135314,126.90041727887
광주 서구 화개중앙로 53,35.1246198399593,126.856010750776
광주 광산구 동곡로 170,35.0977501498607,126.775675806856
광주 동구 금남로 161-9,35.1532843281567,126.911685354607
광주 광산구 금봉로74번길 23,35.1506570314485,126.80677924059
광주 북구 서하로 313,35.1871111007817,126.914814233644
광주 동구 남문로 602,35.1247570385788,126.932142507885
광주 광산구 비아중앙로 46,35.2229381901193,126.825261617683
광주 광산구 비아중앙로 13-1,35.2202643713671,126.824910264834
광주 광산구 북문대로433번길 43,35.1931032427179,126.846796137581
광주 광산구 임방울대로826번길 29-31,35.2164440251808,126.850623251893
광주 동구 중앙로 238-1,35.153269294592,126.919474969936
광주 북구 안산로 9,35.1881091436951,126.902246272215
광주 서구 군분2로 11-2,35.1540079154108,126.880905742676
광주 광산구 수완로14번길 35 1층,35.1874581910809,126.829171502613
광주 동구 동계천로 135-3 소바 쿄다이,35.1495094457136,126.924510179036
광주 광산구 수완로74번길 11-26 1층,35.1923432754491,126.829759691017
광주 북구 첨단연신로107번길 45-19,35.2069123972065,126.860424816948
광주 북구 서하로214번길 2 1층,35.1870521073975,126.903800788237
광주 서구 죽봉대로111번길 20,35.1635751527539,126.881488793414
광주 북구 서암대로 120,35.1702363754302,126.897503935761
광주 북구 면앙로165번길 100-2,35.1802294569707,126.931637317806
광주 남구 회재로1249번길 22,35.1360821051756,126.896103434974
광주 동구 필문대로287번길 28,35.1446126847914,126.9297125945
광주 북구 저불로31번길 6,35.1774588334356,126.894533426727
광주 광산구 수등로 287,35.18808441982,126.838814684984
광주 북구 하남대로 635,35.172360426196,126.862160576294
광주 서구 동천로10번길 28,35.1693688802176,126.861658268962
광주 서구 풍금로37번길 1 1층,35.1225447009173,126.86339263166
광주 광산구 목련로 316,35.1774314358233,126.829752801756
광주 북구 저불로 56,35.1794409331079,126.895802816534
광주 남구 대남대로193번길 5-1,35.13274543137,126.904646025116
광주 서구 운천로172번길 8,35.1478386452723,126.857369938055
광주 광산구 소촌로 128 1층,35.155652260278,126.792649471777
광주 광산구 소촌로 81 1층,35.1515264894796,126.792765294774
광주 서구 상무중앙로 86 트윈스 빌딩 1층,35.1545274815526,126.848912138553
광주 북구 서방로 3 1층,35.1737325361171,126.913536240668
광주 광산구 첨단중앙로124번길 30 1층,35.2163511736029,126.84375765358
광주 동구 제봉로 133 1층,35.1498939241827,126.921188101949
광주 동구 지원로6번길 24,35.1218086939073,126.933643756643
광주 동구 학소로 63,35.1254225270555,126.934455538603
광주 북구 저불로69번길 24,35.1808666299612,126.892933954576
광주 북구 우치로 677,35.2243245077416,126.894227983087
광주 광산구 수등로 238,35.1849329746981,126.834970329868
광주 서구 치평로 116,35.1577458796963,126.847620747683
광주 서구 풍금로 13,35.1212106056343,126.86533861453
광주 광산구 하남대로54번안길 146,35.1778255927828,126.800405637291
광주 동구 남문로 341,35.1024200937919,126.93891292677
광주 광산구 월전로 6-15,35.1209896046199,126.778034723745
광주 서구 마륵로 59,35.1448589272268,126.838345562781
광주 서구 월드컵4강로 194 위은빌딩1층,35.1534330280922,126.869695453389
광주 광산구 수등로76번길 39-12,35.1817095081066,126.817356913033
광주 서구 무진대로 932,35.1596823958076,126.882631959088
광주 남구 봉선중앙로68번길 1,35.1271718746623,126.91157564343
광주 서구 상무오월로51번길 5,35.1560595362209,126.864873596
광주 광산구 월곡중앙로25번길 28,35.168750736951,126.809355972812
광주 광산구 신가삼효로 31,35.1869721742079,126.835814141608
광주 동구 필문대로205번길 29-1 1층,35.1520502147269,126.934278022643
광주 북구 저불로31번길 4-3,35.1775467676793,126.894696776781
광주 북구 삼정로 88,35.1699001712689,126.937471488542
광주 남구 대남대로372번길 2,35.1444671437541,126.891809111147
광주 동구 예술길 34,35.1490853705725,126.919357277499
광주 북구 삼정로 110,35.1716857864696,126.936998427045
광주 광산구 신창로131번길 15 골드존타워 103호,35.1971686759254,126.837842627797
광주 북구 부남길15번길 13,35.187958329496,126.92555040655
광주 광산구 풍영로 41,35.1756198445809,126.811578751933
광주 서구 치평로 106 상무사우나 1층,35.1567171912036,126.847646591984
광주 서구 화정로 109 1층,35.1452769957564,126.869293427426
광주 광산구 무진대로232번길 28,35.1603100033459,126.805572571774
광주 동구 준법로 8-3,35.1491637184714,126.933821070249
광주 동구 제봉로138번길 8,35.1503575609926,126.921848096178
광주 북구 우치로331번길 3,35.1941313834448,126.903846906012
광주 광산구 장신로20번안길 36-6 솔담1층,35.190170818039,126.810914268284
광주 광산구 수등로 261-12 솔루아빌 1층,35.1854690090406,126.837906165547
광주 광산구 임곡로 537-15,35.2147140792764,126.792897972146
광주 광산구 수완로50번길 44-3 1층 솔밭솥밥,35.1886324656926,126.830963434799
광주 동구 동명로 9-5 1층,35.150356333184,126.922603357695
광주 북구 송해로39번길 18-17,35.2024351944934,126.899194171144
광주 서구 상무자유로 24-2,35.1504281479446,126.836788691098
광주 서구 상무중앙로 101 1층 107호 솔솥 광주 상무점,35.1558574255529,126.847607367273
광주 서구 무진대로903번길 4-6,35.1623049120843,126.879522853119
광주 북구 서하로 202-5,35.1869461118581,126.902789605571
광주 남구 중앙로 106,35.1447345038812,126.909171523993
광주 서구 운천로 273 1층,35.156723012152,126.854358950664
광주 서구 월드컵4강로81번길 10,35.1438489826903,126.872778496194
광주 북구 설죽로202번길 18 1층,35.1773771481683,126.898409226077
광주 서구 상무대로1005번길 41-1,35.1554528641459,126.871532868474
광주 동구 제봉로194번길 5,35.1539413707446,126.916445561282
광주 광산구 장신로20번안길 40-3 1층 송가네,35.1903103211025,126.81164926122
광주 동구 중앙로 349-8,35.1630263684536,126.919394009447
광주 광산구 상무대로 303,35.1437378710468,126.798772302262
광주 북구 부남길15번길 60 1층 (문흥동),35.1897069165547,126.927111664912
광주 북구 북문대로49번길 45,35.1737773467695,126.879838551554
광주 남구 진다리로39번길 27,35.1380252632937,126.905925768416
광주 광산구 광산로19번길 10,35.1386577315891,126.793849769179
광주 남구 금당로 36 1층,35.1201209156934,126.89618766161
광주 북구 면앙로133번길 42,35.1785985096765,126.927248380902
광주 북구 무등로 1538,35.1445942945976,126.988380648877
광주 북구 저불로73번길 2,35.1811716852892,126.895243445376
광주 남구 봉선로19번길 18 히라메,35.1315602764523,126.905281692684
광주 서구 매월2로 53 광주산업용재유통센터,35.1162223153676,126.860279961157
광주 북구 서방로 165,35.1693352392,126.930277607443
광주 남구 노대실로 46 1층 송사부,35.1055920388756,126.9059884963
광주 남구 봉선로 198 이마트 광주봉선점 1층 송사부고로케,35.1223363050765,126.91611373117
광주 북구 반룡로 57 용봉동 유창하이리빙맨션,35.1787428665844,126.904367066039
광주 북구 송해로 82-9,35.2059519485244,126.899672589699
광주 남구 진다리로39번길 18 1층,35.1376078034124,126.906224487139
광주 광산구 광산로29번길 12,35.1397905560315,126.79474911267
광주 동구 증심천로 112,35.134526389123,126.939114327036
광주 남구 송암로 73 6동,35.1081899123334,126.873265337326
광주 광산구 평동로800번길 13,35.1239797430181,126.761040860479
광주 북구 경양로135번길 29,35.1625703071372,126.907095333291
광주 남구 군분로 89,35.1410119452561,126.890894460418
광주 광산구 송정로8번길 2-1 1층,35.1369966771248,126.792145629783
광주 광산구 첨단강변로 95,35.2151773526963,126.852456900971
광주 광산구 송정로8번길 7-4 1층,35.1365953214011,126.79210495415
광주 광산구 광산로29번길 9,35.1393457106726,126.794415993741
광주 광산구 송정로 51,35.135241879608,126.796699129508
광주 광산구 송정로 61 1층,35.1347417574775,126.797694574211
광주 광산구 남동길30번길 48,35.1284049455459,126.790602602645
광주 광산구 송도로 144,35.127651667939,126.792010730386
광주 광산구 풍영로101번길 1 1층,35.1809157032844,126.811717814917
광주 광산구 소촌로 144,35.1571714796755,126.792374745928
광주 광산구 첨단강변로99번길 52,35.2157714827483,126.849712876809
광주 서구 상무오월로15번길 4,35.1558913510906,126.861213107125
광주 서구 상무오월로29번길 22-1,35.1575568936517,126.86272597986
광주 북구 우치로64번길 7 1층,35.1730131496615,126.912888782461
광주 광산구 임방울대로 148,35.1744505161493,126.817944755603
광주 동구 필문대로287번길 24-7,35.1446638964256,126.929427015644
광주 북구 동배마을길 48-7,35.1789506785615,126.863900814599
광주 광산구 수등로243번길 12-4,35.1854595362067,126.835559503718
광주 서구 상일로24번길 11,35.157684183418,126.864342333859
광주 동구 문화전당로35번길 30,35.1447522432303,126.916150543892
광주 동구 백서로117번길 18,35.1425070981344,126.917018865324
광주 북구 송해로 74-8,35.2050073410416,126.899902282271
광주 서구 상무중앙로 101,35.1558574255529,126.847607367273
광주 동구 의재로 57 2층,35.1325129969529,126.933920017463
광주 북구 송해로 43,35.2022522229224,126.900286498005
광주 서구 회재로 717,35.1132716151212,126.846642515559
광주 광산구 월곡중앙로54번길 16 월곡동),35.1709398542481,126.812004376695
광주 서구 상무민주로64번길 31,35.1562215385119,126.862892741453
광주 광산구 신창로86번길 8-19,35.1920302095704,126.837684404784
광주 북구 양산택지로37번길 33,35.21027300497,126.876001559235
광주 남구 백운로 58,35.1383576508998,126.906462944436
광주 북구 안산로 26,35.1894728508607,126.902193254028
광주 광산구 사암로216번길 20-4 2층 쇼군,35.163189434929,126.809401111074
광주 북구 저불로69번길 20 1층,35.1808698526357,126.89321511045
광주 광산구 장신로 261 1층 111호,35.1909535178025,126.838745445366
광주 북구 면앙로 127,35.1771095058944,126.925824101121
광주 서구 시청로50번길 14,35.152743241518,126.853388741968
광주 서구 내방로306번길 12,35.156575846333,126.873741740061
광주 광산구 신가삼효로 14-16,35.1855422823173,126.834106686054
광주 동구 의재로136번길 22,35.1317152018332,126.943940997107
광주 광산구 수완로52번길 13 1층,35.1901960804191,126.82951020772
광주 동구 독립로226번길 6,35.1519632077151,126.908531132531
광주 남구 효천로 10,35.098659748259,126.876048282529
광주 광산구 선운로20번길 34-1,35.146941467924,126.77440202809
광주 북구 태봉로 71 1층수내닭꼬치,35.163331334068,126.906288707091
광주 북구 호동로15번길 8 1층,35.1755110161146,126.914442112732
광주 남구 서문대로749번길 1 1층수내닭꼬치,35.1260914375556,126.897425972433
광주 광산구 목련로273번길 96 수내닭꼬치,35.1783760201061,126.824983995824
광주 서구 상무오월로51번길 2,35.1561396561275,126.865268460994
광주 서구 금화로492번길 15-2 1층,35.1504630628597,126.892897961089
광주 광산구 풍영정길 155,35.1828833331756,126.851358891847
광주 광산구 남동길 11,35.1282048919032,126.789019497538
광주 광산구 비아로34번길 8-14,35.2203090956459,126.821833159998
광주 북구 양산택지로 105,35.2151430427701,126.8825480124
광주 서구 풍암순환로109번길 11 1층,35.1214539572438,126.882758127246
광주 북구 양일로 73,35.1980013708177,126.872879364614
광주 북구 하서로 964,35.2437783498194,126.913082241443
광주 광산구 수등로 261-5,35.1855920642104,126.837450505868
광주 북구 면앙로 183-2,35.175653953093,126.93189210161
광주 남구 회재로1223번길 16-1,35.1348828286764,126.893903246466
광주 북구 동문대로 387-2,35.1959320272496,126.935190211084
광주 북구 서양로 63,35.1698953013491,126.908179987601
광주 북구 동림용산로 29,35.187847254937,126.866755354925
광주 남구 회재로 1249,35.1344854571541,126.897297274348
광주 동구 제봉로 181-1,35.1524603379724,126.916958935987
광주 서구 내방로157번길 4,35.159281120223,126.858278505122
광주 서구 월산로165번길 9,35.1519629973993,126.894209770235
광주 광산구 무진대로231번길 12,35.1625290401237,126.8062379277
광주 광산구 도산로 23 1층.  도산동 서경.우미아파트 앞 상가,35.1302943812687,126.790863830122
광주 남구 수박등로 15 1층,35.1414696088884,126.895441048605
광주 서구 계수로 53-1,35.1605034164651,126.856638797858
광주 남구 회재로1186번길 44,35.1280099757842,126.89221510016
광주 광산구 왕버들로 86,35.2022005985145,126.82006232546
광주 북구 양산택지로 27 (양산동),35.2091069691764,126.879073770592
광주 남구 봉선로79번길 4,35.1264470038154,126.9064217082
광주 광산구 소촌로 147,35.1573797979411,126.791857826273
광주 북구 서강로66번길 22-2,35.1775755913617,126.872365780332
광주 광산구 신창로 126,35.1963479364423,126.838676808057
광주 서구 시청로60번길 22,35.1537355488355,126.854210845837
광주 북구 첨단과기로208번길 43-10 청년몰 124호 수샐러드,35.2226023308766,126.849252900621
광주 서구 상무연하로 56,35.1531107132816,126.850501602778
광주 북구 청계로 68,35.1790722381583,126.893169815703
광주 남구 효천안길 70 2층,35.105009468381,126.876968676382
광주 광산구 임방울대로800번길 71,35.2142826655995,126.846506382934
광주 남구 화산로31번길 10 서라아파트,35.1132201409059,126.901246309363
광주 북구 참판로 219 1층,35.1773003178751,126.934741399183
광주 광산구 장신로50번길 16,35.189927375714,126.815480973764
광주 광산구 비아로24번길 10-8,35.2204549456829,126.822639165286
광주 서구 염화로160번길 10,35.1427076292993,126.882272042999
광주 북구 용주로40번길 6,35.1819110469992,126.902338229783
광주 광산구 첨단내촌로70번길 8-14,35.2124304962384,126.837202632792
광주 광산구 수등로 92,35.1831371062898,126.819422458398
광주 광산구 수등로 130,35.182768524542,126.823754948026
광주 광산구 수완로74번길 30-3 1층,35.1914440942754,126.83073076601
광주 광산구 하남대로261번길 14 1층 102호 103호,35.1805024419953,126.82265299075
광주 광산구 장덕로 158,35.1970543722994,126.825763321247
광주 광산구 장신로148번길 11,35.1900041369119,126.826495350778
광주 광산구 장신로 120,35.1904348192055,126.823264616218
광주 광산구 하남대로 227,35.1797258836268,126.818548001514
광주 광산구 수완로50번길 4,35.1893838533462,126.829114330752
광주 광산구 장신로19번안길 25,35.1913365563768,126.813483394663
광주 광산구 장신로 164 1층 수완식육식당,35.1903673264801,126.828099495311
광주 광산구 수완로74번길 29-19 1층 101호,35.1924390063663,126.831116738294
광주 광산구 풍영로200번길 67,35.1898823969037,126.817921868877
광주 북구 첨단연신로108번길 142 수완초밥,35.2085677891506,126.864685842978
광주 광산구 장덕로40번길 41 수완코다리찜,35.1934950034063,126.814406838564
광주 광산구 수등로 132,35.1828271701003,126.82398043535
광주 광산구 수완로52번길 36 1층,35.1901676052183,126.830801048795
광주 서구 상무평화로 107,35.1486094364207,126.850594665988
광주 광산구 단전1길 4 1층,35.1819339147596,126.798576650464
광주 동구 경양로 234 그랜드센트럴 아파트 102동 상가 1층,35.1575960732686,126.915734679338
광주 서구 상무중앙로 57 상무중흥S클래스상가,35.1521263663414,126.847844901842
광주 서구 상무중앙로 57 상무중흥S클래스,35.1521263663414,126.847844901842
광주 서구 경열로 28-1 리우빌딩 1층,35.1513850444132,126.88926581787
광주 남구 봉선중앙로 8 쌍용예가앞 상가동,35.1217725385745,126.913347854133
광주 광산구 장신로147번길 6-3,35.1913214345056,126.826788678867
광주 광산구 첨단중앙로106번길 24 수유리우동집 첨단점,35.2145775019544,126.844391699267
광주 광산구 풍영로200번길 59,35.1898897736745,126.81743336429
광주 동구 남문로753번길 20,35.1363662640727,126.92269450524
광주 북구 첨단과기로208번길 43-10,35.2226023308766,126.849252900621
광주 광산구 용아로400번길 19,35.1789139529762,126.806048980763
광주 서구 상무오월로3번길 10-9,35.1565956389849,126.860320500292
광주 광산구 용아로379번길 50,35.1768862849211,126.801444254228
광주 서구 천변좌로262번길 1-1,35.1527171159565,126.9043424353
광주 북구 양산택지로37번길 14 1층,35.2101742989439,126.878303415195
광주 북구 서하로 248,35.186968396356,126.907535951807
광주 광산구 월계로 112-1,35.2134795952485,126.837819864598
광주 남구 서문대로751번길 7-6 1층,35.1268307595253,126.89681603018
광주 서구 상무대로868번길 17-2 1층 수작,35.1484632388179,126.857634642612
광주 동구 지호로 157,35.1497813058213,126.945339472915
광주 북구 서방로107번길 13,35.171197809425,126.924278936563
광주 서구 화정로85번길 23,35.1469786858601,126.866410587959
광주 서구 화정로138번길 45,35.1414308678992,126.872148225681
광주 서구 전평길 28 비층 202호,35.1167306318762,126.848672707656
광주 북구 일곡택지로53번길 12,35.2065361861607,126.893425978782
광주 서구 상무화원로18번길 4,35.1445419231294,126.842593865945
광주 북구 설죽로214번길 90,35.1776521998471,126.902638085637
광주 북구 첨단연신로108번길 83,35.2098457201993,126.866222470079
광주 북구 호동로 26,35.1748815905555,126.915199905884
광주 동구 백서로 131,35.1422231901735,126.919590426234
광주 북구 서하로 345-1,35.1870138084215,126.918427751273
광주 광산구 송정로 22 수초밥참치,35.1364311324004,126.79328700448
광주 서구 화개1로 45,35.1280112958496,126.854939785482
광주 남구 봉선중앙로68번길 11 1층,35.1272575894296,126.912562751103
광주 북구 본촌동 765-2,35.2238733120918,126.88141009155
광주 광산구 내상로33번길 73 1층,35.1408725336803,126.800077586129
광주 동구 백서로 180,35.1440624958435,126.924472850727
광주 북구 우치로100번길 81,35.1766641682996,126.917101194763
광주 북구 서양로 96 1층,35.1688110722113,126.911468461285
광주 남구 노대실로 46 1층106호,35.1055920388756,126.9059884963
광주 서구 상무중앙로 9 23층 2301호,35.1478067687644,126.84790891024
광주 북구 매곡로69번길 42 1층,35.1881208724958,126.891766212216
광주 남구 봉선1로 46,35.1277114827636,126.91017478151
광주 서구 발산로 37 1층,35.1583663215334,126.894489697598
광주 광산구 수완로74번길 11-2,35.1921540649285,126.829748007671
광주 남구 광복마을길 117-1 1층,35.1283108597365,126.896148195074
광주 동구 증심천로 86-36,35.1341120139336,126.939077549302
광주 북구 문화소통로302번길 35,35.1815264715022,126.927843887123
광주 동구 금남로 193-24,35.1518270451175,126.915141961539
광주 광산구 목련로 68,35.1721942675174,126.80510079945
광주 광산구 선운로2번길 5-2,35.1479283879171,126.770763701787
광주 북구 대천로 137,35.1866566948668,126.920603109251
광주 서구 내방로 268,35.1575378359317,126.869794710954
광주 광산구 사암로390번길 21,35.1792416313625,126.809135628155
광주 광산구 첨단중앙로106번길 37 나동 1층,35.2153008794532,126.845058424113
광주 남구 봉선중길 24 1층,35.1299584862327,126.913511548814
광주 북구 서방로 34 1층,35.1728805849074,126.916639042446
광주 광산구 사암로 211 101호,35.1633598104491,126.807986106079
광주 동구 동계로 38 상가 123-1호,35.1555703786676,126.925684297632
광주 서구 월드컵4강로 144 다온빌딩 104호,35.1491665224093,126.871121117741
광주 광산구 수완로52번길 36-4 (수완동),35.1899998632972,126.830801067144
광주 광산구 첨단중앙로68번길 134 상가2동 1층 110호,35.2091394337078,126.850732836679
광주 북구 서하로 325-1,35.1870768987079,126.916176918341
광주 북구 설죽로 517,35.2052728605055,126.89729641175
광주 서구 화운로 173 1층(화정동),35.1543162675401,126.876579513707
광주 광산구 월계로130번길 13,35.2128764122153,126.839715601835
광주 광산구 선운로 3-1,35.1485477733298,126.769750366609
광주 광산구 첨단내촌로70번길 108,35.2130679429351,126.842457753626
광주 서구 월드컵4강로71번길 4-1,35.1434135518218,126.873656065602
광주 서구 시청로 67,35.1541873908598,126.85101677228
광주 북구 천지인로 77,35.1843479415148,126.907255222683
광주 북구 송월로40번길 52 1층,35.187249685651,126.916303113665
광주 북구 하서로339번길 7,35.2052923931211,126.872946633088
광주 서구 화정로 274,35.1484407471556,126.886438360868
광주 광산구 용아로 230,35.1636313525938,126.802137460507
광주 광산구 장덕로49번길 9,35.195447192627,126.814667796715
광주 북구 청계로 57,35.1782155468913,126.89271413486
광주 북구 용주로8번길 43 1층,35.1801158784679,126.901303135263
광주 광산구 송정로30번길 19,35.1354284105807,126.793682241398
광주 광산구 풍영로101번안길 15-8 1층,35.1811195551625,126.809562475479
광주 북구 대천로 124-4,35.1842975638429,126.919898686073
광주 서구 상무자유로 137-10 1층 순탄고기,35.1524110739675,126.849479162735
광주 북구 빛고을대로 771 지리산순한한우 한우프라자,35.2301730266191,126.873147771763
광주 서구 내방로230번길 4,35.1576344746649,126.86543457858
광주 서구 시청로96번길 12,35.1567328587239,126.853554445193
광주 서구 금화로73번길 18-8 1층  술고래,35.1336891689028,126.85752935592
광주 북구 호동로 62-1,35.1770983073052,126.918229075275
광주 광산구 수등로243번길 20-23 술꾼,35.1860681957778,126.836740190445
광주 남구 서문대로749번길 6,35.1263308532543,126.897016556036
광주 북구 설죽로 496-5 1층 103호,35.203988640942,126.899043999397
광주 남구 대남대로340번길 2,35.1421161435986,126.89356345456
광주 광산구 첨단내촌로 45,35.2107330875095,126.837079722
광주 북구 용봉로 88,35.1723875381562,126.906274804211
광주 광산구 목련로153번안길 45 술땡기는밤,35.1744641181414,126.81367123438
광주 광산구 장신로 183 1층,35.1910965703512,126.830242771718
광주 북구 밤실로 201,35.1650804880446,126.933030500187
광주 광산구 송정로 30-2,35.1357953198865,126.794457397587
광주 남구 군분로 40-1,35.1372068996858,126.894209660465
광주 동구 화산로 356,35.119875621051,126.932654263454
광주 광산구 월계로118번길 10 술술양꼬치,35.2130941367034,126.838260824066
광주 서구 풍암신암로 30,35.1235990677783,126.882244690214
광주 서구 화운로23번길 8-8,35.1428481326156,126.883558474039
광주 북구 서강로54번길 20 술을품은달,35.1760862126098,126.873159503788
광주 광산구 남동길 10,35.1284265832213,126.789357066373
광주 남구 봉선2로19번길 13,35.1264640516133,126.909765937104
광주 서구 상일로 18,35.1570789258907,126.863224513842
광주 북구 첨단연신로107번길 5-12,35.2069821337486,126.863323735764
광주 광산구 풍영로 83 1층 108호,35.1793839178026,126.810893143205
광주 광산구 비아로12번길 9,35.22070742781,126.823141787485
광주 북구 호동로43번길 16 1층 돈워리,35.1760558467359,126.915930252623
광주 북구 호동로 10-9 술집다온,35.1744525541303,126.914062406382
광주 서구 화운로 98,35.1485418905694,126.879996374874
광주 광산구 장덕로95번길 16 숲안애2차상가 207동 111호,35.1960428205915,126.820298810577
광주 서구 화개중앙로87번길 16-4,35.1272062775512,126.851801770918
광주 북구 운용로95번길 25-8,35.1780565791709,126.896268629515
광주 광산구 목련로153번안길 35,35.1739946367721,126.813752551738
광주 광산구 월곡산정로 9,35.1667801524457,126.803299282782
광주 남구 봉선1로 42,35.1277083818629,126.90976193148
광주 광산구 목련로219번길 137 1층 술통,35.1776050098062,126.823747101637
광주 북구 송해로 74-9,35.2052248636712,126.899934082219
광주 북구 운용로95번길 25-14,35.1781040075876,126.895658842458
광주 북구 일곡마을로 161 1층,35.2104596409785,126.891654644808
광주 북구 양일로343번길 36 숨터커피,35.2050472204893,126.900936936813
광주 서구 내방로161번길 13 1층 숭례문 중화요리,35.1600899466653,126.858464567717
광주 북구 밤실로167번길 1,35.162131985646,126.934556717044
광주 서구 천변우하로 381-1 동천마을3단지,35.1690143632505,126.862041964254
광주 동구 문화전당로35번길 34,35.1445141826543,126.915744872878
광주 서구 상무시민로 96 1층,35.1549729129649,126.849475102941
광주 북구 용봉택지로 91,35.1785426109977,126.896503275219
광주 광산구 첨단내촌로70번길 64,35.2130967141539,126.839860801506
광주 광산구 월곡중앙로 54,35.1709781775657,126.811318763312
광주 광산구 장신로19번안길 23-4,35.1914573831266,126.813454351089
광주 남구 광복마을3길 12-2,35.1199720458641,126.896651347838
광주 북구 대자로 82,35.1730853719608,126.881574450585
광주 북구 우치로 17 숯돈,35.1693159360783,126.9106272972
광주 서구 풍암2로53번길 6-1,35.1232324997832,126.88226211279
광주 북구 송월로30번길 1,35.186587585839,126.913405147759
광주 광산구 첨단중앙로152번길 58 1층 숯불고깃간,35.2188187219335,126.845452970979
광주 북구 대자로 48-2 1층 숯불에구이구이,35.1732947140992,126.877453190613
광주 북구 중가로 56-1,35.1592237224969,126.906252149858
광주 광산구 월계로118번길 9,35.2130746122897,126.8384895258
광주 북구 양일로 66 숯불집,35.1975183371951,126.8721957959
광주 광산구 첨단중앙로152번길 17-13 1층,35.2202358490008,126.843020553958
광주 서구 쌍촌로 26,35.1471890945342,126.865136711532
광주 광산구 월곡중앙로14번길 22 1층,35.1673538916082,126.812000884861
광주 서구 풍암2로57번길 21,35.1235243306085,126.883723994312
광주 광산구 소촌로86번길 20-17 109동 1층 102호,35.1503918581698,126.796594840375
광주 북구 서강로 61 1층,35.177376364255,126.870978685105
광주 광산구 첨단중앙로181번길 6 상가동 103호,35.2213781946881,126.840177349761
광주 서구 상무번영로 50 2층 쉐이커,35.1543563258782,126.853249100256
광주 북구 우치로 96,35.1759983721496,126.912663186337
광주 북구 첨단연신로108번길 31-17,35.2076918005102,126.864878605012
광주 서구 무진대로 904 유스퀘어,35.1605104898663,126.879344508277
광주 남구 봉선1로47번길 2 쉐프정,35.1282338093256,126.910521564444
광주 서구 상무자유로 149 3층,35.1520064851795,126.850524035394
광주 광산구 신동산길 361,35.1213876291268,126.715048539465
광주 북구 서하로 182,35.1869944400056,126.900368490979
광주 북구 당뫼로 39 중흥도서관1층,35.1698650889654,126.914308069811
광주 북구 금남로115번길 7 1층,35.1558942555041,126.907864710354
광주 남구 광복마을4길 11,35.1204606943634,126.896567355515
광주 광산구 마항길 46 1층,35.1846004545876,126.797587449599
광주 동구 용산3길 10 1층,35.117956560148,126.925477128838
광주 광산구 왕버들로289번길 29,35.1966953992579,126.841193325014
광주 동구 준법로25번길 16 카페슈바빙,35.1506187890074,126.936009188647
광주 남구 효사랑길 7,35.1216884783729,126.916875973273
광주 광산구 장신로 85 수영빌딩 10층,35.1911711413983,126.819480116142
광주 서구 시청로 27 109호,35.150960212547,126.850837624684
광주 동구 무등로 327 1층,35.1618588085198,126.91894426827
광주 서구 금화로73번길 6-7,35.1330092753223,126.857226613205
광주 북구 천변우로257번길 20,35.1554717968645,126.904043870636
광주 북구 군왕로141번길 26,35.174170313539,126.931402968185
광주 북구 하서로 429,35.213550316985,126.874774615913
광주 북구 반룡로 34 용봉동 호반아파트,35.1788328709163,126.90161460227
광주 동구 무등로 530,35.1561972683917,126.937660761415
광주 동구 독립로 268 롯데백화점 광주점,35.1545374246114,126.912216616835
광주 서구 치평로 106 1층,35.1567171912036,126.847646591984
광주 광산구 장신로82번길 16 3층,35.1901613144388,126.818728808389
"광주 남구 임암길 181 1층 101, 102호",35.1019047413009,126.866601081917
광주 남구 백운로 49,35.1377550579599,126.906655107977
광주 광산구 수완로 14,35.1863401591395,126.829049337674
광주 동구 문화전당로26번길 18,35.145412818686,126.921483775601
광주 남구 제석로 121-1,35.1252077777721,126.907793410414
광주 광산구 수완로52번길 1-14 1층 아토,35.1900418481695,126.829310698417
광주 남구 대남대로 101,35.1340588664863,126.913874015066
광주 서구 계수로77번길 5,35.1607523016562,126.858959746914
광주 북구 양산택지로 86,35.213492628572,126.882135125471
광주 광산구 수완로52번길 46-3 1층 스와,35.1899677028953,126.831460357516
광주 북구 우치로126번길 13,35.1787875281852,126.912910616972
광주 북구 중문로9번길 71 1층 스위크,35.174360952132,126.914410274891
광주 광산구 소촌로152번길 1,35.1580343610014,126.792328761479
광주 북구 서강로 62,35.1773649918649,126.871303214342
광주 북구 하백로46번길 13 부림아파트 1차 상가동 203호,35.1916676745448,126.892341032043
광주 북구 송해로58번길 13-3 102호,35.203900768043,126.900579998548
광주 북구 면앙로6번길 49,35.1781798398704,126.913296269487
광주 동구 제봉로138번길 9-1,35.1505963494119,126.922156030793
광주 동구 지산로 73,35.1502207594759,126.932865220953
광주 동구 동명로 41-2 1층 스콘스,35.1517535965004,126.92514430504
광주 서구 내방로161번길 11,35.159888677263,126.858467989551
광주 광산구 수완로50번길 44-9,35.1881142154088,126.830983722181
광주 광산구 하완길 103,35.204750370787,126.826756983991
광주 서구 시청로 67 1층,35.1541873908598,126.85101677228
광주 광산구 장신로 134,35.1903833438048,126.824747658986
광주 동구 동명로 16,35.1505137759012,126.923557876214
광주 북구 삼정로 4,35.1621249924381,126.937355605882
광주 북구 설죽로 339,35.1898191348848,126.89866494124
광주 남구 제석로 104,35.1237139251356,126.907410894615
광주 광산구 첨단과기로 81,35.2232015450455,126.834879931293
광주 광산구 용아로 342,35.1735774628857,126.804190754337
광주 서구 상무대로 847,35.1499437254162,126.854825808629
광주 광산구 임방울대로 487,35.2031102543787,126.819041893968
광주 서구 죽봉대로 33,35.1562482315035,126.882740168311
광주 북구 서암대로 93,35.171569767007,126.89478604478
광주 북구 설죽로 314,35.1874997850491,126.898900474633
광주 광산구 임방울대로 156,35.1752188479053,126.818015386138
광주 남구 대남대로 386,35.1455813402832,126.890830640415
광주 북구 설죽로 518,35.2054693560944,126.898043917717
광주 동구 필문대로 240,35.1498079102333,126.929023876235
광주 동구 무등로 592,35.1542639337522,126.940699006779
광주 서구 상무대로 1080,35.152259328791,126.879953493323
광주 광산구 사암로 367,35.1769876918094,126.80787458531
광주 북구 동문대로 148,35.1758181207653,126.927744422273
광주 남구 봉선로 176,35.1228010492224,126.914310324407
광주 서구 상무중앙로 75,35.1537132834018,126.847903406772
광주 서구 서광주로 23,35.1293403757586,126.847395439968
광주 서구 광천동,35.165278338521,126.881836470803
광주 북구 우치로 110,35.1772280435198,126.912469426097
광주 동구 지산로 3,35.1446277213687,126.930152296234
광주 동구 서석로 43,35.1468014708265,126.918235139286
광주 서구 운천로109번길 1,35.1421255940897,126.857637997238
광주 서구 하남대로 672-1,35.1715786536369,126.86615663579
광주 남구 대남대로 67,35.1349216187923,126.917719247495
광주 남구 봉선동 473-19,35.1253443349949,126.911296649469
광주 북구 서방로9번길 30,35.1747761166078,126.914409400662
광주 서구 상무중앙로 90,35.1548793802625,126.848846296311
광주 서구 운천로 253,35.1549523494699,126.854406884408
광주 광산구 목련로 335,35.1791570078489,126.830021575205
광주 광산구 첨단중앙로 158,35.2192684188485,126.842387230003
광주 광산구 장신로 85,35.1911711413983,126.819480116142
광주 광산구 첨단중앙로 104,35.2145656915723,126.843341192563
광주 동구 경양로 234 그랜드센트럴 107동 상가 y마트 2층 324호,35.1575960732686,126.915734679338
광주 북구 첨단과기로208번길 43-10 a동 1층 103-b호,35.2226023308766,126.849252900621
광주 남구 군분로 12 카페스테이,35.1351146985041,126.895818723661
광주 남구 봉선2로 39-3 3층,35.1260375261935,126.910495551278
광주 서구 풍암2로 12 101동 3호,35.1265643562797,126.879746221919
광주 남구 대남대로107번길 7,35.1333840047498,126.913605139928
광주 광산구 임방울대로215번길 9,35.1805628582068,126.816914959716
광주 북구 서강로 104-8,35.18014129204,126.873042981081
광주 광산구 임방울대로826번길 30,35.2159620532602,126.84814378878
광주 북구 설죽로 518-4 1층 117호,35.2049462125038,126.898689860274
광주 동구 제봉로 221-11 1층,35.1544490251111,126.913629520925
광주 동구 백서로125번길 41,35.1453381722093,126.916999970149
광주 북구 우치로 126,35.1787063909157,126.912265073267
광주 광산구 목련로394번길 31-27 1층,35.1848644655422,126.834108063512
"광주 동구 중앙로160번길 31-31 2층, 3층",35.1471379983928,126.91619649221
광주 광산구 장신로 261 드림프라자 1층 스핀스핀스시샵,35.1909535178025,126.838745445366
광주 광산구 사암로279번길 16-10 1층(월곡동),35.1700223487542,126.808427858571
"광주 서구 상무대로 894 1층 103호(쌍촌동, 모아미래도)",35.1503100656443,126.859746964367
광주 동구 준법로 14 1층,35.1492832882037,126.934408975791
광주 북구 면앙로170번길 2,35.1758371758597,126.92979913051
광주 광산구 수완로50번길 44-9 1층,35.1881142154088,126.830983722181
광주 동구 장동로 23-22 1층,35.1490456921676,126.924649651135
광주 광산구 월계로 223-22 1층 105(일부)호(쌍암동),35.2153885340569,126.850177511606
광주 서구 쌍촌로 34 1층,35.1479284362582,126.86501587411
광주 서구 월드컵4강로116번길 5,35.1472173292704,126.872654954588
광주 서구 북촌길 21,35.1446576428362,126.849608223516
광주 북구 북문대로232번길 9-3,35.1875918621186,126.866883791964
광주 남구 군분로 159,35.146265623945,126.886867607888
광주 서구 금호운천길 80,35.1420681792416,126.856341161666
광주 광산구 신가삼효로 20,35.1862862334524,126.834746362186
광주 광산구 평동로766번길 16,35.1250847831302,126.757801514001
광주 북구 동문대로 634-5,35.2133118106513,126.948701950543
광주 광산구 용진로 388,35.180555758887,126.730030763047
광주 서구 내방로398번길 4,35.1575120289557,126.883864539364
광주 북구 하백로29번길 7,35.190113028417,126.889846392676
광주 동구 제봉로110번길 21 시골집,35.1493846698196,126.923889807306
광주 남구 대남대로139번길 4 평화인테리어,35.1334807695112,126.909835660082
광주 북구 동림용산로 12-5,35.1880610562571,126.868570135464
광주 남구 화산로 101 시골집추어탕,35.1146532660863,126.907234552068
광주 서구 월드컵4강로42번길 52 1층,35.1416521857175,126.881399871879
광주 북구 천변우로283번길 6,35.1536130830283,126.905394754338
광주 광산구 산정공원로 50,35.1719521935514,126.806299770509
광주 북구 문산로62번길 15,35.1863309997756,126.925660036553
광주 남구 용대로183번길 14-3,35.1325957969778,126.916091689699
광주 광산구 신창로105번길 16-17 시골통닭,35.1956896279038,126.837090546969
광주 북구 동운로201번길 38,35.1746488917312,126.873573728933
광주 북구 첨단연신로108번길 129,35.2089798990211,126.864938740719
광주 광산구 장신로20번안길 36,35.190455743399,126.81120797671
광주 서구 동천로10번길 36-11 1층 시골통돼지볶음,35.1689815088505,126.861765291454
광주 광산구 어등대로 420,35.1491028482996,126.770329888886
광주 북구 양산택지로 88,35.2137478742287,126.882303015355
광주 광산구 사암로390번길 43 1층 시골흑염소,35.1793270334702,126.81036862168
광주 북구 첨단과기로208번길 43-22 와이어스파크 지식산업센터 B동 128호,35.2224602402342,126.851703391028
광주 동구 동계천로 143-17 2층 시니세,35.1496222920531,126.925084581135
광주 서구 염화로83번길 4-16,35.1426995532764,126.874146801938
광주 서구 마륵로 104,35.1458094507803,126.8428285695
광주 서구 시청로60번길 10,35.1537218304773,126.852779856466
광주 동구 동계천로 151-20 1층 시마이,35.1492767670067,126.926353415571
광주 광산구 송정로29번길 64,35.137449467313,126.796844735297
광주 북구 유림로 140,35.1748941011034,126.864201010044
광주 동구 장동로 11 2층 시바카레,35.1488823835428,126.923527357091
광주 동구 백서로 219,35.147391533675,126.926293330223
광주 동구 구성로204번길 14,35.1526655517118,126.915616626465
광주 서구 상무시민로 136 수성빌딩 2층,35.1549993116048,126.85388383981
광주 북구 서방로 128-1,35.1699299511072,126.926311526794
광주 동구 지호로 175,35.1501247527072,126.94401957145
광주 동구 예술길 27-5,35.1498274255984,126.91930408797
광주 광산구 목련로153번길 31 1층,35.1732621840633,126.814391465549
광주 광산구 내상로 56-7,35.1373641979926,126.797868587258
광주 광산구 수등로 272,35.1849726114953,126.838564907384
광주 서구 천변좌로 238 A다동 456호,35.1538794580939,126.902580261546
광주 북구 서방로73번길 5,35.1721589361043,126.92076979102
광주 남구 군분로 57 1층,35.1384570650783,126.892848289968
광주 서구 풍금로4번길 9-8 1층 오른쪽,35.1212000254371,126.867104335922
광주 광산구 광산로30번길 52,35.1367690371486,126.796687871746
광주 광산구 사암로 300 월곡시장,35.1713090764483,126.809654948732
광주 동구 무등로307번길 14-1,35.1634622755661,126.917666365969
광주 광산구 수완로 104 시즈카,35.1941841756446,126.830513821431
광주 광산구 왕버들로 172,35.200111305239,126.82924065884
광주 북구 우치로90번길 16 3층,35.1753828089359,126.913505512024
광주 북구 북문대로232번길 7,35.1874216154318,126.866983323432
광주 북구 밤실로 189 1층 식껍,35.1641186782396,126.93357637071
광주 북구 저불로 40,35.1778471331601,126.895463869916
광주 북구 대자로 48-1 1층,35.1732375001336,126.877832109983
광주 광산구 임방울대로800번길 77 1층,35.2139611846513,126.846175521901
광주 북구 저불로 51,35.1790460340529,126.894846892468
광주 광산구 첨단중앙로106번길 65-3,35.2151711338981,126.846369947401
광주 남구 회서로 37,35.1301793007309,126.895314824856
광주 광산구 목련로394번길 10-17,35.1830631007939,126.833314991511
광주 광산구 수등로 248,35.1849953589033,126.836039894917
광주 북구 호동로43번길 64,35.1760618448069,126.91331443629
광주 동구 필문대로287번길 23-20,35.1456298280604,126.929949083245
광주 광산구 장신로50번길 9-4,35.1901868342959,126.815927812741
광주 광산구 신창로33번길 15-9 1층신가리로맨스,35.1879477629524,126.836319430803
광주 광산구 수등로243번길 12,35.1857113039722,126.835573818427
광주 광산구 수등로 273-7,35.1854553348645,126.838736215399
광주 광산구 수등로 243,35.185341163668,126.835607720927
광주 광산구 신창로 8-18,35.1857998625722,126.83902977687
광주 북구 연양로 30 1층 신가튀김,35.2061306268945,126.870625945116
광주 광산구 신창로33번길 11 플로렌스 1층,35.1881944380373,126.836233844983
광주 광산구 수완로 54 1층,35.189853224151,126.829012005153
광주 북구 우치로90번길 18,35.1754469894416,126.913637287436
광주 광산구 신가삼효로 12-15,35.1854191195897,126.833947629164
광주 광산구 수완로52번길 40,35.1901562519928,126.831062061397
광주 서구 화운로 111 1층,35.1492331707666,126.878935903475
광주 광산구 하남대로 155 1층,35.1802624679686,126.810661988488
광주 북구 서방로107번길 56,35.1725962765802,126.925899773188
광주 남구 봉선1로37번길 7-1,35.1287541282071,126.90901690813
광주 북구 우치로274번길 41 1층,35.1894164411643,126.907962703625
광주 서구 상무시민로 95-2 2층,35.155450105901,126.849558403063
광주 광산구 수등로 211 2층 신락원신가점,35.1854237275322,126.832124864461
광주 서구 상무시민로 97-5 3층,35.1558075676673,126.849544465076
광주 동구 서석로 34-3 1층,35.1459457270479,126.917582722572
광주 동구 문화전당로35번길 11,35.1453695275002,126.917908455999
광주 북구 동운로 230-1 신바람국밥,35.1739299843002,126.875152212126
광주 북구 풍동길13번길 2,35.1663835134453,126.921228177055
광주 동구 무등로307번길 10-4,35.1629034757471,126.917331938055
광주 광산구 신창로72번길 13 1층 102호,35.1917966423223,126.83786647834
광주 남구 양림로 47-2,35.1371265307833,126.914206876845
광주 북구 설죽로370번길 25 상가동1층 109호,35.1936112356002,126.90141001477
광주 남구 대남대로181번길 36,35.1302972307622,126.905442025995
광주 북구 서방로 166,35.1690640035731,126.930248091449
광주 남구 금화로422번길 71,35.1382748828273,126.89530391359
광주 서구 무진대로 932 광주신세계백화점 지하1층 신선한주방,35.1596823958076,126.882631959088
광주 광산구 비아안길 76-18,35.2202962435749,126.820515898193
광주 광산구 광산로30번길 11,35.1384000266439,126.795548899435
광주 남구 대남대로181번길 33,35.1304730719988,126.905654345738
광주 동구 충장로 101-17,35.1476394959152,126.918012076246
광주 북구 무등로 1552,35.1436462325361,126.989254386627
광주 북구 중흥로 153-6,35.1622409104628,126.911004051155
광주 남구 서문대로 660 삼익세라믹아파트,35.1181608966984,126.899611725122
광주 북구 첨단연신로91번길 6 첨단씨티빌딩 1층 신세계중식당,35.2065606742013,126.863654670132
광주 광산구 첨단내촌로70번길 72-2 1층,35.2130835894363,126.840228423437
광주 서구 풍암1로21번길 9-22 현인빌딩,35.1266645188063,126.879133001401
광주 광산구 광산로19번길 26,35.1393251917945,126.793374933766
광주 광산구 선운로 14 (선암동),35.1485486326719,126.771107868003
광주 동구 중앙로196번길 18-1 1층,35.1494889690777,126.91743758151
광주 남구 봉선1로62번길 3,35.1276379880664,126.912096060811
광주 북구 연양로28번길 22 1층,35.2051783128598,126.870255721742
광주 북구 자산로 45,35.1682235722906,126.896783088477
광주 북구 중흥로73번길 8,35.1644458498842,126.902501585571
광주 북구 자미로6번길 20,35.1659937358548,126.904517443847
광주 북구 중흥로 103 1층,35.1634885270666,126.905471458964
광주 북구 서암대로120번길 3,35.170138280235,126.897471456914
광주 북구 하서로466번길 2 1층 신안왕새우직판장,35.2159103328741,126.876981588596
광주 북구 신임로31번길 56 1층,35.167158691428,126.895711353294
광주 광산구 임방울대로826번길 60-1 102호,35.2145925853574,126.848466495352
광주 서구 염화로160번길 12,35.1425329509059,126.882370506236
광주 광산구 광산로30번길 11 1층 신의주 송정점,35.1384000266439,126.795548899435
광주 광산구 앰코로 25 1층,35.220422448329,126.852571746249
광주 북구 서양로41번길 6 1층,35.1705436800299,126.906105237623
광주 광산구 수등로243번길 20-21,35.1860454629788,126.836592675258
광주 서구 쌍촌로 55-1,35.1498732856744,126.864516950669
광주 서구 운천로 3 1층 신전떡볶이,35.1330778628559,126.859069587531
광주 북구 문산로 42 모아아파트,35.1854338400408,126.923282331627
광주 광산구 선운로 12,35.1484405701091,126.770827232418
광주 광산구 광산로 23-1 신전떡볶이,35.1385922401687,126.794349307835
광주 광산구 신창로 113,35.1954588491087,126.83787237879
광주 서구 풍암중앙로 55 1층 신전떡볶이,35.1256462126888,126.880186964456
광주 동구 의재로 63,35.1323006941524,126.934525953591
광주 서구 염화로 101 1층,35.142881251905,126.875615534271
광주 동구 중앙로160번길 15-2,35.1473182810858,126.914918053248
광주 서구 상무중앙로 57 107호,35.1521263663414,126.847844901842
광주 서구 상무민주로 95 1층,35.159026473088,126.859117262156
광주 광산구 사암로340번길 47 소진비엔비빌딩,35.1753501209263,126.811380566824
광주 북구 설죽로 505-4 1층,35.2043028473015,126.897642128369
광주 북구 호동로15번길 5 1층,35.1754107927925,126.91419796177
광주 북구 첨단연신로91번길 30 삼성타워 1층 104호,35.2065145521014,126.861219055167
광주 광산구 첨단중앙로106번길 11 다음빌딩 1층 102호,35.2149741373264,126.843654085487
광주 서구 풍암신흥로11번길 38-1,35.1219608160985,126.861582029003
광주 광산구 수완로14번길 23 1층,35.1869063980463,126.829118968489
광주 서구 풍암운리로23번길 14,35.1241439445401,126.866178546659
광주 광산구 임방울대로825번길 22-77 상가동 106호,35.2207664107229,126.850227930565
광주 북구 밤실로181번길 4 1층,35.1634732585984,126.9338204572
광주 광산구 목련로394번길 39-25,35.1848644021631,126.834522962168
광주 광산구 첨단중앙로152번길 17-10,35.219870742568,126.843461596303
광주 북구 우치로110번길 23,35.1774768071068,126.913584092621
광주 서구 천변우하로 367-1,35.1688637500576,126.860627734071
광주 남구 봉선2로 51 1층,35.1258842890473,126.911965303965
광주 광산구 장신로20번길 13-18,35.1905305813018,126.813376207021
광주 서구 운천로 99 신쭈꾸미 금호쌍촌직영점,35.1413317040542,126.858123956518
광주 광산구 임방울대로800번길 77,35.2139611846513,126.846175521901
광주 광산구 목련로153번길 79,35.1754134680959,126.814403152489
광주 광산구 신창로86번길 7-5,35.1931652746025,126.837677315932
광주 광산구 신창로86번길 16-17,35.1920225327268,126.838144373073
광주 북구 금호로 120-1,35.1759572635608,126.88248814523
광주 서구 상무오월로3번길 32-13,35.1583736841455,126.860576263299
광주 광산구 임방울대로 797,35.218161136195,126.845624901676
광주 북구 대자로 52,35.1732457767924,126.878084799674
광주 서구 화운로303번길 3,35.166116844956,126.876832149596
광주 광산구 장신로20번안길 44-3,35.1902644785068,126.812078786126
광주 광산구 신창로 136,35.1971130740426,126.839203247604
광주 서구 염화로104번길 1,35.1426728201339,126.876107349691
광주 동구 백서로 145-1,35.1428618185827,126.921119493583
광주 남구 광복마을길 9,35.1186014376003,126.898044096141
광주 북구 금녕길61번길 80,35.1725212166833,126.927426908652
광주 서구 운천로100번길 12,35.1417331484129,126.859653152632
광주 북구 하서로 986,35.244446316237,126.915598671574
광주 서구 월드컵4강로181번길 38-2,35.1523277815923,126.86548973915
광주 동구 지원로5번길 29-7,35.1263809622441,126.931866222321
광주 북구 면앙로165번길 28 광신아파트,35.1771725675961,126.930321854289
광주 서구 시청로60번길 21-3 2층,35.1542523538626,126.853882870552
광주 남구 월산로151번길 23,35.1504031646212,126.893457077256
광주 동구 의재로33번길 3,35.1330710736481,126.931401027977
광주 서구 월드컵4강로68번길 6,35.1429644793283,126.875208073809
광주 동구 지호로 4,35.1489558628902,126.929657939665
광주 광산구 첨단중앙로182번길 64,35.2216628637322,126.848394150351
"광주 광산구 임방울대로800번길 71 첨단아크레타 112호,113호",35.2142826655995,126.846506382934
광주 서구 천변좌로 268 1층 심심당,35.1523433562094,126.904614715965
광주 북구 첨단연신로108번길 59-9,35.2089931675039,126.865766016038
광주 남구 광복마을길 87-1,35.1255971800461,126.896531130427
광주 광산구 용아로379번길 10,35.1772094928316,126.803644890694
광주 북구 밤실로208번길 24,35.1654706293121,126.934409263048
광주 광산구 임방울대로826번길 42 포플레이 114호,35.215428915903,126.848440558502
광주 서구 시청로 27 상무광명메이루즈 124호,35.150960212547,126.850837624684
광주 서구 금화로85번길 30-6,35.135011676715,126.858014663955
광주 남구 봉선1로47번길 2 심야식당61,35.1282338093256,126.910521564444
광주 남구 봉선1로 85 아파트상가,35.1282640883689,126.914636050335
광주 북구 밤실로 197,35.1646891576956,126.933265605259
광주 서구 풍금로27번길 5,35.1216922777675,126.864031445383
광주 서구 상무중앙로72번길 13 5층,35.1535309238228,126.849915655234
광주 북구 용봉로 3,35.1724325364072,126.897508095441
광주 서구 풍암1로 6 대주파크빌2단지 상가동 101호,35.1265721215716,126.877420308771
광주 북구 송해로58번길 13-2,35.2038101363476,126.90085399049
광주 서구 화개1로78번길 8,35.1306663100744,126.855584496908
광주 동구 무등로 487-2,35.1552401425794,126.933149303646
광주 광산구 송정로29번길 64 1동 6호,35.137449467313,126.796844735297
광주 광산구 첨단강변로99번길 51,35.2153963930216,126.849682375941
광주 서구 금부로95번길 18 1층싸다아구,35.1412549378936,126.859231614936
광주 북구 우치로90번길 7-6 1층 싸움의고수,35.1758151289138,126.913294169607
광주 서구 상무대로916번길 8 싸인,35.1502492299805,126.862266793083
광주 서구 운천로 80 1층 쌀알말이,35.1398629729848,126.859083242049
광주 남구 독립로 70-1 백운우방아이유쉘 113동 114호 쌀통닭,35.1393308072622,126.90262996763
광주 광산구 목련로394번길 58,35.1836271253675,126.835591410559
광주 북구 설죽로214번길 77,35.1779635560565,126.90200175084
광주 서구 시청서편로4번길 17-6 1층,35.1594659957359,126.847591308164
광주 광산구 신창로86번길 30,35.1925413053469,126.838920734542
광주 남구 효덕로 128,35.0983846182435,126.905997538411
광주 광산구 동곡로 462,35.1235456389159,126.779042918749
광주 광산구 금봉로 95 1층,35.1521915414396,126.808962094462
광주 광산구 첨단중앙로67번길 16,35.2115749312758,126.841962574596
광주 서구 월드컵4강로181번길 2-1,35.1524197581305,126.869146029082
광주 북구 동문대로266번길 36,35.1844250733797,126.936750791696
광주 서구 풍암1로21번길 3-10,35.1258026379484,126.878595263037
광주 남구 천변좌로 434,35.1413321010085,126.916914166241
광주 광산구 첨단중앙로182번길 16-1,35.2216450852972,126.84328068769
광주 광산구 첨단중앙로152번길 5-10,35.2199494680581,126.842795059184
광주 광산구 첨단중앙로152번길 5-4,35.2193192378643,126.842790013707
광주 광산구 월계로 223-8 중흥S클래스리버시티 상가 110동 108호,35.2136432576932,126.850841451437
광주 서구 상무오월로19번길 5,35.1560214126284,126.86136653882
광주 서구 상무민주로64번길 6 1층,35.1560036848954,126.859902918654
광주 서구 상무민주로123번길 25-14,35.1610257104444,126.856449974794
광주 서구 쌍촌로36번길 14,35.1479086173867,126.86616346801
광주 서구 내방로246번길 9,35.157294069286,126.868174807508
광주 서구 내방로 237,35.157975608401,126.866629572305
광주 광산구 첨단내촌로70번길 64-1,35.2130769984691,126.840083462675
광주 동구 구성로152번길 13,35.1495084968745,126.911889166856
광주 북구 일곡마을로116번길 28-4 1층 써니맘밥상,35.2073053956046,126.892910133592
광주 서구 금화로 58,35.1317513376522,126.854952902406
광주 남구 봉선로 176 1층,35.1228010492224,126.914310324407
광주 서구 치평로 86,35.1548917494996,126.847782792988
광주 광산구 장신로 133,35.1910334498185,126.824782057432
광주 광산구 신창로 121,35.196201589591,126.838093589263
광주 북구 설죽로 334 1층,35.1892627916953,126.899389301191
광주 북구 설죽로 518-4 1층 123호,35.2049462125038,126.898689860274
광주 북구 안산로 18,35.1887185237265,126.902325693366
광주 북구 설죽로 506-7,35.2049012562434,126.89903902632
광주 서구 군분2로 12,35.1541939501862,126.881267095911
광주 북구 설죽로202번길 36,35.1771473725736,126.899465817811
광주 광산구 첨단중앙로182번길 16 2층,35.2217275124759,126.843036244624
광주 동구 밤실로 39,35.1512207261476,126.936711637207
광주 광산구 첨단내촌로 25,35.2090558261046,126.836925366493
광주 광산구 풍영로101번안길 12,35.1815910062932,126.810509159276
광주 광산구 삼도중방길 55 썬바라기,35.1510993695994,126.742917219834
광주 북구 양산택지로 98,35.2144696572387,126.882748104993
광주 광산구 진곡산단3번로 52,35.201835249762,126.788584041329
광주 광산구 풍영로101번안길 11-6,35.1810136384097,126.809959376937
광주 동구 장동로 5 1층,35.1491800610458,126.922892107157
광주 북구 첨단연신로 217,35.2102861326201,126.859314425373
광주 남구 오방로 97,35.1339460132663,126.91869851286
광주 광산구 신창로 117 1층 쏘자토스트,35.1956965652278,126.837961617284
광주 서구 천변좌하로 290,35.1601621754721,126.846354690288
광주 서구 내방로 340-4,35.1572019681102,126.877733164154
광주 북구 대천로 81,35.1852126160923,126.91538592106
광주 북구 청계로 53-1,35.1778798555067,126.892684495862
광주 남구 월산로151번길 2 동연빌딩,35.1513436402059,126.895522800107
광주 서구 천변우하로 375-1,35.1689456700573,126.861480501016
광주 북구 하백로6번길 12 판매시설동 1층 121호,35.1877969216583,126.890958004597
광주 광산구 진곡산단2번로 83 103호,35.2014449853616,126.789838675295
광주 서구 상무누리로 33 갤러리,35.1454724031287,126.839301700904
광주 광산구 산정로 33-9,35.1695396306207,126.803228312478
광주 남구 구성로 96 (서동),35.1481553114421,126.905583241804
광주 동구 백서로198번길 2,35.1455336261405,126.925374743797
광주 서구 상일로14번길 8,35.1566087357907,126.863908401217
광주 북구 설죽로 305 알담,35.1869240448088,126.897880218641
광주 북구 설죽로214번길 122,35.177652012392,126.904211795986
광주 북구 서강로 108,35.1811054819766,126.873224274761
광주 광산구 첨단중앙로 96,35.2138293623386,126.843468142344
광주 광산구 임방울대로826번길 69 2층 애월항,35.2143957111992,126.848956045508
광주 광산구 수완로9번길 22-8 1층 카페 애즈유,35.1853424839166,126.827104829182
광주 서구 염화로104번길 7 1층,35.1421439567334,126.876161700882
광주 동구 의재로 117,35.1323565094792,126.940327691843
광주 동구 선교로 11-3,35.0892558605049,126.948398892927
광주 북구 용주로30번길 67 야작,35.1808949620186,126.904046936363
광주 서구 화개2로20번길 32-22,35.1227771380304,126.860678415777
광주 광산구 목련로 61,35.1726020390615,126.80465194837
광주 서구 상무오월로3번길 4,35.1558801099182,126.859904118268
광주 동구 경양로 353,35.1539661335958,126.927763856791
광주 남구 천변좌로450번길 8-9,35.139747151675,126.916922909175
광주 광산구 남동길48번길 13,35.1310467124154,126.789541448287
광주 광산구 임방울대로332번길 9-12 102호,35.1900260414732,126.825180259712
광주 광산구 용아로400번길 17,35.1789287236713,126.805816755646
광주 북구 용봉택지로 54 양식탁,35.1783345397375,126.892323374621
광주 남구 진제길 12,35.1137314558245,126.901986683258
광주 북구 연양로 75,35.2068153602236,126.875679661529
광주 광산구 첨단강변로87번길 5 야스텍타워 1층,35.2143142061731,126.85200288695
광주 동구 백서로153번길 16-4,35.1443817113254,126.921980334939
광주 광산구 송도로 143,35.127777812244,126.791511541022
광주 동구 계림로 6 어나더데이,35.1547621568193,126.921441979046
광주 광산구 용아로 385,35.1777209300864,126.804206836825
광주 광산구 용아로399번길 80,35.1772336721005,126.801612251519
광주 광산구 첨단강변로 100 힐스테이트 리버파크 상가동 113호,35.2170858250028,126.8538302163
광주 광산구 수완로 67 1층,35.1912910044335,126.828523900085
광주 서구 월산로 269-2,35.159869557847,126.88820186032
광주 광산구 용아로400번길 30,35.1780934325427,126.806489286879
광주 광산구 수완로50번길 65 1층 어트,35.1879078132243,126.831312655159
광주 남구 대남대로 219 205호 UNDECEMBER,35.1331828439074,126.900474242687
광주 서구 풍암2로53번길 8,35.1232794151534,126.88240071611
광주 광산구 목련로394번길 10-16 1층,35.1829523460692,126.833003639337
광주 동구 동계로10번길 16,35.152322116903,126.92563588969
광주 북구 매곡로 84 대화아파트,35.1920344203315,126.892526769548
광주 서구 풍암순환로109번길 22-13,35.1227536985879,126.882358685885
광주 북구 첨단연신로107번길 45-22,35.2065426231359,126.860625211869
광주 북구 서방로39번길 29 1층 업텐브로피자,35.1741949073642,126.917772129467
광주 동구 충장로안길 9 2층,35.1484247788474,126.914899342909
광주 광산구 수완로10번길 107 1층,35.1899038231579,126.831608825625
광주 북구 우치로90번길 6 1층,35.1754202646732,126.912945385126
광주 동구 백서로 214 1층,35.1467929101084,126.92624481639
광주 북구 두리봉길 1 에센자 커피,35.1759190288988,126.93107183393
광주 북구 운용로95번길 25-6 2층,35.178047262513,126.896441108068
광주 서구 치평로 124,35.1582569792303,126.847787280456
광주 서구 풍서우로 122,35.1267412237876,126.848704989824
광주 동구 동계로10번길 22 에이디샵,35.1526078889964,126.926441065382
광주 광산구 선운로2번길 7-6,35.1479626636822,126.7714922848
광주 남구 금당로 103 1층,35.1261325839873,126.894847913461
광주 서구 천변좌하로 168-2,35.1535398198651,126.837323647029
광주 북구 무등로 239,35.1643234692664,126.909865295853
광주 광산구 신창로 38,35.1886881453082,126.837263287129
광주 남구 봉선로 152,35.122614759806,126.911704537517
광주 광산구 신창로 121 엔제리너스 광주신창,35.196201589591,126.838093589263
광주 북구 용봉택지로 80,35.178170507513,126.89500961857
광주 남구 효우로 170-1,35.1020585958169,126.897864094222
광주 광산구 임방울대로 338,35.190062184672,126.824245366098
광주 북구 첨단연신로91번길 42,35.2064919846244,126.859859415749
광주 광산구 월계로 59,35.2127614547211,126.832367887975
광주 광산구 왕버들로 45,35.2026010204401,126.815833258686
광주 북구 설죽로214번길 86 2층,35.1777057739383,126.902343808581
광주 서구 금부로95번길 18,35.1412549378936,126.859231614936
광주 동구 지호로 155 동구 지산동 67-7,35.1496867291369,126.945087236017
광주 동구 문화전당로35번길 8,35.1456484871342,126.918291161455
광주 북구 군왕로 95 1층,35.1696893599588,126.932464807452
광주 서구 회재유통길 78,35.1133946774854,126.85441239487
광주 남구 양촌길 26-1,35.140986962626,126.914570866714
광주 광산구 무진대로231번길 30-17,35.1631511980484,126.807054283734
광주 광산구 첨단중앙로152번길 17-16,35.2204883177524,126.843438772301
광주 서구 하남대로 692 역전할머니맥주,35.1714331557632,126.868443326833
광주 북구 대천로 125-1,35.1858867437898,126.920034915716
광주 광산구 선운로 1 역전할머니호남대점,35.1483487256389,126.769120024269
광주 남구 군분로147번길 9,35.1448640718749,126.88684024764
광주 북구 안산로 61,35.1926939005369,126.901932019847
광주 서구 상무자유로 137-10 봉영빌딩 1층 대게수산,35.1524110739675,126.849479162735
광주 동구 지호로 137-3,35.1494638219877,126.943710987444
광주 북구 첨단연신로91번길 20-7 1층 103호,35.2069809687614,126.861899806794
광주 서구 회재로 762,35.1145207712972,126.851087914851
광주 북구 용두마을길40번길 4,35.2211694871719,126.875791011149
광주 동구 지호로 214-7,35.1538729006193,126.942902941631
광주 북구 북문대로169번길 12-6,35.1836073535969,126.870562619208
광주 서구 상무평화로 131 사이버빌딩,35.1496684592131,126.852593679834
광주 광산구 동곡로185번길 15-11 예향꽃게장백반,35.0988516995832,126.774165087441
광주 광산구 수완로50번길 31,35.1895107100756,126.830615865803
광주 동구 경양로 234 상가 118동 2층 713~715호,35.1575960732686,126.915734679338
광주 서구 풍금로4번길 5,35.1207473361908,126.866590227826
광주 광산구 남동길 46,35.131089121525,126.788841885422
광주 북구 앰코로 10,35.2189547583685,126.853295476782
광주 남구 대남대로149번길 16,35.1322196605043,126.908736339664
광주 서구 쌍학로 2,35.146170495647,126.865405934685
광주 광산구 첨단중앙로116번길 10 1층 오네스타,35.2156363275792,126.843280924669
광주 서구 운천로 13,35.1338010432201,126.859006787373
광주 남구 금당로 11,35.1180259973678,126.896756046751
광주 서구 금부로95번길 44,35.1435334227582,126.85832380427
광주 광산구 수완로10번길 94 1층,35.1893337359659,126.831947077254
광주 남구 회재로1230번길 9-2 1층오르새피자,35.1328887664159,126.896009839977
광주 동구 동계천로 151-5,35.1492089692173,126.925737380726
광주 서구 운천로 182 1층,35.1487319742372,126.85659831939
광주 남구 백서로 76 아크레타 2층 206호,35.1392784537542,126.915762996578
광주 북구 일곡마을로 167 1층,35.2105637964506,126.892316203483
광주 북구 양산로 64,35.2099397898764,126.881230804483
광주 광산구 수완로 69 1층,35.1914696081839,126.828492451584
광주 광산구 비아안길 76-17,35.2203076523626,126.820733352799
광주 서구 풍암2로 14,35.1264136220787,126.879810734795
광주 북구 호동로 27-1 1층,35.1751276229012,126.915661704248
광주 서구 화정로 265-21 1층,35.1486096487728,126.885085666734
광주 광산구 신창로86번길 35 1층 103호,35.1926653676819,126.839287115419
광주 서구 상무대로916번길 21-1,35.1490090769391,126.862768649758
광주 남구 봉선중앙로 124 1층,35.1319875301194,126.910877119262
광주 광산구 신창로72번길 10,35.1914935583242,126.837829968228
광주 서구 상무대로673번길 19,35.1432397819804,126.837178005316
광주 북구 우치로90번길 7-7 2층,35.1758724847363,126.912958296025
광주 북구 서하로 362-5,35.1859509139683,126.9198889391
광주 서구 시청로56번길 17 1층,35.1535466369108,126.853847586019
광주 광산구 임곡로 677,35.217168223908,126.804412553072
광주 동구 의재로 65,35.1322439075568,126.934859218727
광주 광산구 어등대로665번길 20,35.1461798277478,126.791621437405
광주 서구 운천로154번길 23 1층 102호,35.1466022776926,126.859633051757
광주 광산구 임방울대로 611-25 세컨드원 1층,35.2128401016599,126.825012970995
광주 북구 일곡마을로 169 1층,35.2105702961775,126.892733640657
광주 서구 내방로 39-1 1층,35.1595935855695,126.845070509503
광주 동구 독립로 268 롯데백화점광주점 10F,35.1545374246114,126.912216616835
광주 남구 군분로100번길 6-2,35.1419126918742,126.891012099252
광주 광산구 고봉로 87 1층,35.1826287170548,126.797842214618
광주 서구 마륵복개로 157 1층,35.1469470462854,126.854361444841
광주 남구 봉선중앙로 117,35.1316830885492,126.910562995639
광주 북구 양일1로 32 1층,35.1961534378963,126.869342872883
광주 남구 서문대로663번길 23,35.1184476525693,126.896118917126
광주 남구 용대로 164-1 2층,35.1309432536703,126.918225868902
광주 광산구 장신로 183-3,35.1913911632579,126.830264558026
광주 광산구 평동로800번길 1,35.1242277363136,126.76169630548
광주 광산구 무진대로212번길 29-23 1층,35.1603800013123,126.804876432328
광주 광산구 첨단중앙로152번길 31-3,35.2192864272412,126.843693815082
광주 광산구 장신로20번안길 14 1층,35.1893809822334,126.810869544343
광주 북구 양산로 45-1,35.210592012078,126.879501864039
광주 북구 하서로483번길 8 1층,35.2180554828873,126.876476075172
광주 광산구 장신로147번길 5-2 1층,35.1913841262421,126.825941773497
광주 광산구 수등로 249,35.1852977244421,126.83607771451
광주 북구 문산로 65-1,35.1876202928225,126.924340890483
광주 광산구 임방울대로 356 1층 103호,35.1916501517207,126.824405767544
광주 동구 무등로 468-1,35.1551427641009,126.931161248546
광주 북구 대자로 36 요거트온,35.1733117948732,126.876256287102
광주 북구 필문대로 55 광주교육대학교,35.1647069458086,126.925730100694
광주 서구 상무자유로 181-5 상무병원,35.1523592418139,126.853894156842
광주 북구 설죽로217번길 6-3,35.1793901541765,126.896923549194
광주 북구 저불로 39 2층,35.1778983545811,126.895075068806
광주 서구 죽봉대로 99,35.1623235879022,126.883223066063
광주 광산구 장신로 176,35.1904511843629,126.829333009741
광주 남구 봉선로 8 102호,35.132323713119,126.901860284768
광주 서구 운천로56번길 17 삼능공간아파트,35.1380801863749,126.860970888453
광주 광산구 남동길30번길 37,35.1289274414224,126.790223954132
광주 광산구 평동로 814,35.1242835708568,126.763280780222
광주 북구 군왕로208번길 13,35.1791764726453,126.936571629798
광주 북구 필문대로 89-1,35.1623665321041,126.929131948297
광주 남구 대남대로181번길 13,35.1323033003937,126.905435647264
광주 북구 평교로 26-1,35.1796477869707,126.925190100006
광주 북구 대천로157번길 7-10,35.1878917266767,126.921008697494
광주 서구 상무대로 811,35.148262274365,126.851214790745
광주 북구 금남로131번길 13,35.1551449938477,126.909229756621
광주 광산구 사암로 211,35.1633598104491,126.807986106079
광주 서구 월드컵4강로229번길 8,35.1565855826281,126.868406760154
광주 북구 용봉로 128,35.172877172115,126.910834057612
광주 광산구 장신로82번길 16 1층,35.1901613144388,126.818728808389
광주 동구 운림길 57-7,35.1356109414456,126.943074794762
광주 동구 백서로 180-1,35.1442549526705,126.924498680395
광주광역시 동구 의재로136번길 29 1층,35.1319798537997,126.944949468607
광주 남구 봉선중앙로 61,35.126347374333,126.911175098074
광주 서구 상무중앙로72번길 10,35.1532061938944,126.849576361868
광주 광산구 광산로 84,35.1414389332451,126.799849823824
광주 광산구 선운로20번길 60 1층,35.1465836198096,126.777125091365
"광주 광산구 임방울대로800번길 71 4층 401, 402호",35.2142826655995,126.846506382934
광주 북구 대자로 92,35.1730221232423,126.882713454964
광주 광산구 목련로 88,35.1720244984134,126.807213900347
광주 북구 서강로 65,35.1776929700773,126.871025171103
광주 북구 송강로 385,35.1823795542301,126.999413515848
광주 동구 학소로 96,35.1283317747761,126.933470382855
광주 북구 일곡마을로 162 1층,35.2102035257874,126.891810167423
광주 남구 봉선로 151 2층,35.1231514964692,126.911668742108
광주 서구 금화로85번길 13,35.1335864211974,126.857689289728
광주 광산구 월곡반월로 51,35.1694318435126,126.812675906428
광주 북구 대자로 48-9,35.1729009287348,126.877827454052
광주 남구 제석로 104 HR아펠리스,35.1237139251356,126.907410894615
광주 서구 상무대로884번길 7 1층,35.1497035588392,126.858986276414
광주 동구 양림로119번길 15-1 1층,35.1410725615756,126.919802242931
광주 북구 무등로 225,35.1648798158135,126.90810297297
"광주 동구 동계천로 42, 1층",35.1548468280115,126.916635930394
광주 서구 쌍촌로57번길 21,35.1496525165744,126.862334741968
광주 광산구 임방울대로 364 1층 106호,35.1925572451816,126.824323880787
광주 동구 동계천로 95 1층,35.1518348429027,126.921216849674
광주 서구 내방로241번길 5-5 1층,35.1581267022449,126.866571375227
광주 광산구 신창로35번길 20 상가동 1층,35.1902330925715,126.835415274512
광주 동구 지원로 16 2층,35.123890246003,126.934028901773
광주 서구 상무대로867번길 4 1층,35.1506612800292,126.857085163942
광주 남구 효우로230번길 9-7 1층,35.1029687168227,126.891544690772
광주 광산구 첨단중앙로182번길 90 어썸시티 상가 1층 102호,35.2215938176562,126.850859198896
광주 광산구 무진대로231번길 14,35.1629174985366,126.806277617992
광주 서구 화개중앙로 53 누리빌딩1층,35.1246198399593,126.856010750776
광주 남구 회서로 40,35.1296277985312,126.895468146251
광주 북구 호동로 32 1층,35.1748345531889,126.915865533827
광주 서구 시청로 27 상무광명메이루즈 상가 1층 105호,35.150960212547,126.850837624684
광주 광산구 수등로258번길 32 203호,35.1822121145175,126.837548139345
광주 북구 중흥로 103,35.1634885270666,126.905471458964
광주 서구 풍암신흥안길 27-13 1층 상가,35.1208675748834,126.861366224263
광주 북구 비엔날레로 166-2,35.1829497836609,126.895027955381
광주 서구 풍암신흥로 20,35.1197007016744,126.865882484138
광주 북구 용봉택지로 81,35.1786134689629,126.895571353677
광주 남구 봉선1로 74-5,35.1276352368877,126.913408021534
광주 서구 내방로 280,35.157486069164,126.871201398442
광주 북구 삼정로 97-1,35.1708449369389,126.937224327475
광주 남구 구성로8번길 6 A동 1층 13호,35.1516649263812,126.896410783617
광주 광산구 월곡로 6 1층,35.1688880557875,126.809612072769
광주 광산구 신창로72번길 17 1층,35.191785436541,126.8380469018
광주 광산구 장신로50번길 11,35.1901818235762,126.815774217092
광주 광산구 앰코로 35 116호,35.2215143042016,126.852391831029
광주 광산구 상무대로 128-16,35.1310850041966,126.788032285248
광주 남구 광복마을7길 28,35.1275114163129,126.8933187081
광주 광산구 풍영로 189,35.1882982509024,126.813878683185
광주 광산구 수완로 16,35.1865563943764,126.829113443003
광주 북구 군왕로 51,35.1659850357229,126.931959766407
광주 북구 신안동 214,35.1724003445503,126.905356530779
광주 광산구 상무대로 201,35.1372429355357,126.79068311776
광주 북구 설죽로202번길 71,35.1772589929776,126.901258504632
광주 광산구 장신로 81,35.1919565267244,126.818238736144
광주 광산구 하남울로12번하길 10,35.1805381081165,126.802481511916
광주 광산구 무진대로 282 광주무역회관빌딩,35.1607062386655,126.811387487711
광주 광산구 장신로 98,35.1894383628979,126.819287851791
광주 광산구 사암로106번길 119,35.1537684852273,126.814306573528
광주 북구 하서로 401 2층,35.2108272619939,126.873835834936
광주 남구 효우로 87 광주시씨티의료센타 2층,35.1054541167837,126.904587440634
광주 남구 봉선2로 81,35.1261229666788,126.915248062589
광주 광산구 송도로 225,35.1341676341006,126.796428920268
광주 광산구 장신로 163,35.1909531319503,126.828110558929
광주 북구 첨단연신로 271 자복빌딩 2층,35.2066572422183,126.859039545686
광주 서구 상무대로 1050 화정역,35.15195755823,126.87654949316
광주 광산구 하남대로 118 2층,35.1798352151633,126.806604713348
광주 광산구 왕버들로 107,35.2026562401355,126.822510842128
광주 북구 하서로 330,35.2044522235249,126.873876663905
광주 북구 용봉로 10,35.1718319553305,126.897820275503
광주 광산구 목련로 81-1,35.1724299348444,126.806765395582
광주 북구 용봉택지로 39,35.1789257240268,126.890896079083
광주 북구 서강로 57,35.1769189100327,126.870879178819
광주 동구 중앙로196번길 29,35.1489439421712,126.918541482199
광주 동구 금남로 161-42,35.1537262281766,126.912504152078
광주 서구 치평로 20 타워팰리스  나동 1층,35.1490993566764,126.847651573367
광주 동구 필문대로 343,35.1411265877784,126.924197172827
광주 광산구 월곡중앙로53번길 20-2,35.1715117906354,126.810113874453
광주 광산구 첨단봉산안길 16,35.2061573712609,126.847024646543
광주광역시 동구 의재로136번길 32-5,35.1315389446715,126.945232291969
광주 서구 치평로 80 골든타운 1층,35.1545565294428,126.847707470456
광주 동구 학소로 103,35.1288494084445,126.93294387625
광주 광산구 풍영정길 241-2,35.1885144546815,126.857736320706
광주 동구 필문대로287번길 19,35.1451167853032,126.929194749819
광주 서구 상무민주로76번길 12 1층,35.1570806116069,126.86059120091
광주 서구 금화로85번길 16,35.1339077795298,126.857939006802
광주 남구 봉선로19번길 2,35.1314197749428,126.903141459483
광주 광산구 소촌로86번길 17,35.1523987816577,126.794592782456
광주 서구 마륵복개로 155,35.1470362808899,126.854061696302
광주 광산구 풍영철길로 12,35.162472213739,126.812455111625
광주 북구 송해로58번길 1 1층,35.2036778362139,126.900108720452
광주 남구 봉선로79번길 17,35.1267706023346,126.907726369987
광주 서구 군분로139번길 18 1층,35.1440114234869,126.886593205522
광주 동구 제봉로 220-1,35.1549804376383,126.913968307884
광주 광산구 수등로76번길 31,35.1826688259438,126.817420639433
광주 광산구 사암로216번길 28-4 1층,35.163137673926,126.809902731232
광주 동구 밤실로 5-1 2층,35.1482444829091,126.93663624459
광주 북구 서하로 317,35.1870919801058,126.91518250157
광주 북구 우치로110번길 43,35.177544927145,126.914696759039
광주 북구 첨단연신로91번길 38 1층,35.2066188746957,126.860153734655
광주 북구 무등로 277 1층,35.163347532778,126.913652933373
광주 동구 무등로 499,35.1555512434139,126.934213087968
광주 광산구 목련로 71,35.172523323252,126.805531206102
광주 북구 효산로 3-1,35.1809747838974,126.912319833961
광주 서구 발산로 31-1,35.1578895955566,126.893873932453
광주 북구 서방로 184,35.1686170079917,126.932131008869
광주 북구 동운로 124,35.1743781631549,126.864602332707
광주 북구 우치로100번길 84,35.1765081818093,126.917025605305
광주 남구 백운로 39,35.1369942928695,126.907458185773
광주 광산구 장신로20번안길 36-8,35.1899618715115,126.810906078365
광주 서구 화운로23번길 8 1층 카페잇샌드,35.1425597170869,126.883485692344
광주 북구 설죽로202번길 73 1층,35.1773449152409,126.901508151482
광주 서구 마륵로 71,35.1451290344223,126.839407174852
광주 북구 송해로 42,35.2023075742924,126.900625536382
광주 북구 동배마을길 29 상가 120-6호,35.1795121207647,126.859469679033
광주 북구 운용로 86,35.1767328076489,126.895488899102
광주 북구 첨단연신로133번길 8,35.2105007865522,126.863765266726
광주 서구 시청로 27 113호,35.150960212547,126.850837624684
광주 서구 화운로 114 1층,35.149620475791,126.87901653987
광주 광산구 무진대로 229 에드가리움 2층 202호,35.1623331318969,126.805704408863
광주 광산구 수완로106번길 83,35.1919263196542,126.831961393048
광주 서구 상무오월로29번길 19 1층 잔들,35.1573261173284,126.86246251989
광주 동구 동명로 92,35.1506833718623,126.930527058171
광주 서구 염화로83번길 4-18 1층,35.1428421870462,126.874096982541
광주 남구 백양로 43 1층,35.1341964270963,126.906589605539
광주 광산구 산정공원로82번길 14,35.1746594193876,126.807886649644
광주 서구 월드컵4강로182번길 3 1층,35.1524652838908,126.86990595472
"광주 동구 충장로 59-1 1, 2층",35.1497106293971,126.914471321734
광주 북구 첨단연신로29번길 9,35.2002241750695,126.862545185344
광주 광산구 신창로106번길 23-20 상가 잼집,35.1952057607237,126.839641172985
광주 광산구 하남대로 112,35.1798904228291,126.805731471908
광주 광산구 도산로9번길 34 도산동1층,35.1280786460525,126.79028614441
광주 북구 능안로22번길 6,35.1872155685243,126.917550296865
광주 서구 전평길 9,35.1152973900644,126.849266625529
광주 서구 군분2로5번길 2,35.153656352216,126.88087234263
광주 서구 내방로 52 현대아파트,35.1579449008592,126.844922174363
광주 북구 삼정로 89,35.1700646173782,126.937197264973
광주 동구 동명로20번길 6 1층 전부,35.1506508259795,126.923912991659
광주 동구 증심사길 28-16,35.1332667861326,126.955387934841
광주 서구 화정로85번길 5,35.1454336483375,126.866560709813
광주 북구 서하로 153,35.1874444285213,126.897384176506
광주 광산구 목련로153번안길 28 1층,35.1737151086876,126.814034434129
광주 북구 경열로 166,35.1552634467174,126.902855183981
광주 동구 의재로 48,35.1322907001189,126.93273565913
광주 북구 하서로483번길 20,35.2172227036711,126.87557471951
광주 광산구 월계로 12,35.2081874718164,126.834737033376
광주 서구 상무평화로 148-1,35.1500318480876,126.854574997304
광주 북구 연양로81번길 42,35.2105431919207,126.877291155094
광주 서구 회재로 1054,35.1269841399092,126.878409521184
광주 광산구 송도로 150,35.1280510355073,126.792310880396
광주 광산구 비아로34번길 8-16 1층,35.2203289610259,126.821979970358
광주 광산구 임방울대로825번길 22-5,35.2191528676674,126.849181624358
광주 북구 안산로 3,35.1875122477165,126.90244670275
광주 북구 군왕로 256,35.1830607804403,126.938145830331
광주 북구 서방로135번길 72,35.1726551796631,126.929291744703
광주 광산구 임방울대로825번길 21,35.2187548135497,126.848517412314
광주 북구 운용로 96,35.1765985088048,126.89643723687
광주 남구 군분로 81,35.1403988439755,126.891401906118
광주 서구 개산길 35-47,35.1161621644517,126.847325675852
광주 북구 하서로672번길 45,35.2353268446331,126.89130442704
광주 동구 금남로 161-12,35.1532367833575,126.911873733839
광주 북구 양산제로137번길 3,35.2044152338699,126.872039923098
광주 북구 하백로 20,35.1892986123407,126.890795146376
광주 북구 자동차로 47,35.1639257667055,126.901167603835
광주 광산구 풍영철길로 20-5 3층 점핑고,35.1633211619364,126.813304253946
광주 광산구 수완로50번길 12,35.1893787136676,126.829496653354
광주 광산구 장신로 47 2층 정BAR,35.1911074891133,126.815284730223
광주 북구 양산택지로37번길 33 1층,35.21027300497,126.876001559235
광주 북구 밤실로208번길 16,35.1654444971047,126.933924892914
광주 북구 우치로64번길 3,35.1731162882375,126.912670769319
광주 광산구 하남대로54번안길 171,35.177401751166,126.801597791262
광주 광산구 풍영로228번길 13,35.1914168926764,126.814851200969
광주 서구 풍암순환로128번길 3,35.1226861436881,126.884943483278
광주 광산구 풍영로200번길 59 105호,35.1898897736745,126.81743336429
광주 남구 효우로93번길 9 1층 105호,35.1053674711115,126.905361471605
광주 북구 문산로 58,35.1862494367386,126.924944922182
광주 남구 용대로 133,35.1283387777456,126.918114478841
광주 동구 의재로 45,35.1326212115814,126.932702251728
광주 북구 하서로 443 정가왕만두,35.2144432465425,126.875523716051
광주 북구 일곡택지로 53,35.2065534959212,126.894046548068
광주 광산구 임방울대로801번길 26,35.2191376309563,126.846240664564
광주 서구 천변우하로 383-7,35.1696998975294,126.862246076694
광주 서구 금화로383번길 26,35.1440388124514,126.886291394106
광주 서구 화개중앙로 97,35.127278428629,126.852353168734
광주 광산구 임방울대로826번길 69 1층,35.2143957111992,126.848956045508
광주 광산구 사암로216번길 38-16 1층,35.1625884434835,126.81028400025
광주 광산구 목련로273번안길 43,35.1772369284276,126.822965711623
광주 서구 운천로17번길 11,35.1340236060573,126.857940232007
광주 광산구 월곡중앙로 42,35.1701098551613,126.811231525656
광주 광산구 임방울대로826번길 70 1층,35.214383721086,126.848449420467
광주 북구 첨단연신로107번길 45-17,35.2069287215223,126.860120916254
광주 북구 설죽로320번길 30,35.187800532588,126.902150571526
광주 서구 금화로 71 미미빌딩,35.1324903354946,126.856594433202
광주 광산구 왕버들로251번길 14,35.1970190293876,126.836953598962
광주 남구 독립로 27 1층,35.1361447361721,126.901372908711
광주 북구 서방로 30,35.1729399555535,126.916205372005
광주 서구 쌍촌로65번길 11,35.150417235331,126.863294265535
광주 북구 첨단연신로91번길 32-6 1층,35.2067175329832,126.861215964309
광주 광산구 월곡중앙로2번길 8,35.1662860438933,126.811067371673
광주 북구 중문로9번길 46-1 1층,35.1742408788204,126.915936951226
광주 남구 군분로 39,35.1370944712724,126.893867788464
광주 서구 상무화원로32번길 29-7 1층 제주도흑돼지 흑돈명가,35.1462478776701,126.845991493067
광주 광산구 월계로 217 1층 101호,35.2137128510991,126.849320186738
광주 동구 필문대로 200,35.1530305407131,126.93088734091
광주 북구 용봉택지로 87,35.1785472978862,126.896187096657
광주 광산구 비아안길 75-3,35.2212595127646,126.820271141929
광주 북구 자미로 58 2층,35.1711068806945,126.904532213625
광주 광산구 첨단내촌로70번길 65,35.2132783990115,126.840044627638
광주 북구 안산로 12 1층,35.1883138214489,126.902445085969
광주 북구 송해로 67,35.2044076449229,126.899435417554
광주 남구 대남대로203번길 17 1층 내조국국밥 남구청점,35.1316856605956,126.903120736854
광주 서구 동천로10번길 17,35.1696224842937,126.86115245782
광주 남구 봉선중앙로123번길 5,35.1319358785217,126.910018510122
광주 서구 상일로 58 1층,35.1607441036428,126.863448212312
광주 남구 대남대로372번길 3,35.1447092787224,126.891841931201
광주 남구 서문대로663번길 15,35.1184290623257,126.897043833657
광주 북구 대천로 124-5 1층,35.185440472247,126.920704531796
광주 광산구 임방울대로 154-21,35.1751311634299,126.81995721517
광주 남구 회재로1224번길 4-1,35.1330616168911,126.895032883229
광주 서구 풍암중앙로 51 호암빌딩,35.1255109790583,126.879793519702
광주 광산구 첨단강변로99번길 22,35.216866573081,126.851939932592
광주 북구 설죽로315번길 40,35.1891266052056,126.894836652008
광주 서구 상무버들로 34,35.1646332882633,126.859743123985
광주 남구 봉선로 218 민속촌,35.1214955614255,126.918565635248
광주 서구 상무연하로 96 1층,35.1568501143583,126.850446141546
광주 광산구 임방울대로826번길 7-18,35.2169275950733,126.84974556319
광주 북구 일곡마을로 158-1,35.2100540289862,126.891549752085
광주 서구 상무대로 635 2층 루뇽,35.1412508271989,126.834441958815
광주 동구 서석로 36-2,35.1461982071745,126.917728310798
광주 서구 상무번영로 53 리치네스빌딩 1층,35.1547663934308,126.852761292774
광주 광산구 임방울대로800번길 71 4층,35.2142826655995,126.846506382934
광주 동구 동계천로 151-31,35.1494548803808,126.926212564437
광주 광산구 첨단내촌로 46-1 1층 주희케이크,35.2108036600228,126.837412571858
광주 북구 북문대로 53 벽산블루밍 메가시티 제306동 상가105호,35.175777649725,126.88003255072
광주 광산구 사암로216번길 24,35.1633116763428,126.809698828468
광주 북구 설죽로 299 1층,35.186283696204,126.898063494983
광주 서구 운천로31번길 15 유진정,35.13532885133,126.857387918094
광주 북구 우치로100번길 18,35.1763971634167,126.913459867226
광주 동구 중앙로160번길 15-3,35.1475360389736,126.914774176269
광주 서구 화개중앙로 83,35.1261229078359,126.853191915605
광주 서구 쌍학로 12-1,35.1462232409779,126.866479311748
광주 동구 증심사길30번길 39,35.1329861055297,126.95923797917
광주 서구 경열로66번길 4-1,35.1506654806668,126.893172825807
광주 서구 월드컵4강로181번길 23 행복빌라 1층,35.1520973598725,126.866846147112
광주 서구 상일로42번길 9-5 1층,35.1595479071362,126.864166921882
광주 서구 상무대로876번길 14,35.1492138086793,126.857563978008
광주 광산구 왕버들로 39,35.2026063842095,126.815094415326
광주 남구 백서로 66,35.1382456665926,126.915237256113
광주 서구 월드컵4강로 92,35.1450323755225,126.873549423389
광주 광산구 용아로 391,35.178291632243,126.804296148017
광주 서구 월드컵4강로 186-1,35.152796906849,126.869749914621
광주 광산구 수등로76번길 61 103호 청년연어,35.1813643926111,126.817067082021
광주 광산구 소촌로 100 109동 지하1층 B1-113호 (소촌동),35.153438973099,126.793123163434
광주 북구 동운로201번길 57-6,35.1751341179371,126.874813683522
광주 북구 용주로30번길 74,35.1811524665854,126.904372587391
광주 남구 방림로 7,35.1338079365579,126.918448264289
광주 광산구 첨단중앙로152번길 6-23,35.2186278329612,126.844691400301
광주 광산구 하남대로54번안길 28,35.1773310709385,126.798477126947
광주 서구 화정로293번길 25,35.1514758831266,126.886710813125
광주 남구 신효천2길 13,35.1007553458569,126.878459446783
광주 북구 양일로305번길 24 1층,35.2045597749373,126.896630719409
광주 서구 화운로220번길 8 청명식당,35.1583114939411,126.877954306549
광주 남구 중앙로 30 청명회관,35.1441294637521,126.9017192607
광주 북구 서암대로 169 (신안동),35.1693042705364,126.90285056245
광주 북구 서강로66번길 21-2,35.1778367238874,126.872631811065
광주 광산구 월계로 46-20,35.2109750485452,126.833202281544
광주 서구 월드컵4강로42번길 3-26,35.1422171515104,126.875637723098
광주 북구 석곡로 578,35.2103991497359,126.949915482596
광주 북구 하서로523번길 115,35.224557481978,126.867710333194
광주 광산구 하남대로261번길 26,35.1815969289029,126.822941546592
광주 서구 월드컵4강로58번길 11,35.1424779802878,126.876141113702
광주 북구 천변우로257번길 24,35.1555488776798,126.904176140156
광주 서구 광천1길 6-13,35.1640780572715,126.882823766128
광주 서구 치평로 124 케이원오피스타운,35.1582569792303,126.847787280456
광주 서구 마륵로 27,35.1436041784175,126.835292908008
광주 남구 봉선로 1 지하1층 B108호,35.1327995691901,126.902451218247
광주 광산구 월곡반월로 3,35.1662167079828,126.812387461526
광주 광산구 평동로 424,35.1227440334109,126.722326375566
광주 남구 서문대로 826 오평이비인후과,35.1320806322258,126.90088407054
광주 광산구 비아로34번길 8-6,35.2202672465643,126.821509228789
광주 남구 봉선로25번길 12,35.1309286577787,126.904549945236
"광주 북구 능안로30번길 3 (오치동, 빛고 을국민안전체험관) 1층",35.1886608881654,126.916754793806
광주 북구 대천로 175,35.189519470763,126.922805705909
광주 광산구 신창로 104,35.1944170686229,126.838077145691
광주 동구 의재로 27,35.1328837091607,126.930975797315
광주 북구 서하로 228 커피리더,35.1869919962023,126.905530107113
광주 동구 필문대로287번길 19-9 1층,35.1455526761105,126.929181642708
광주 남구 군분로 157,35.1460714768338,126.886970701554
광주 광산구 수등로258번길 3-9,35.1848238502382,126.838064007878
광주 남구 화정로260번길 34,35.1451816415238,126.886958324388
광주 서구 월드컵4강로28번길 50-5,35.1404842694695,126.881838953723
광주 동구 경양로 234 102동 1층 105호,35.1575960732686,126.915734679338
광주 남구 제석로80번길 39,35.1212816324257,126.91169270172
광주 서구 시청로 64,35.1542138271113,126.852215955772
광주 광산구 어등대로 422,35.149250251726,126.769871299539
광주 광산구 앰코로 25,35.220422448329,126.852571746249
광주 동구 학소로 109 상가 115동 107호,35.1297643240236,126.932028857119
광주 광산구 신창로35번길 3 1층 1호,35.1884122323131,126.836721228683
광주 북구 태봉로 71,35.163331334068,126.906288707091
광주 서구 내방로161번길 2,35.1590248551919,126.85865683906
광주 북구 비엔날레로 120,35.1820748132755,126.890720164179
광주 북구 일곡택지로 81,35.2090054096305,126.894110574683
광주 광산구 송정로 56,35.1347744702466,126.796667264714
광주 광산구 신창로131번길 9 자선빌딩,35.1969694451288,126.838020910832
광주 서구 군분2로 54 금호월드,35.1577245863364,126.881554241446
광주 북구 군왕로51번길 118,35.1691592969198,126.92691804031
광주 북구 우치로 140 1층,35.1799279701594,126.912349392189
광주 동구 지산로 68 1층 커피빈스,35.1497885178244,126.933284028147
광주 남구 독립로 4 백운동,35.133969891388,126.901772067785
광주 남구 회서로21번나길 5 1층 커피상담소,35.1315965330309,126.894608175513
광주 광산구 평동산단로 196-18 1층,35.1241958222922,126.770331259296
광주 광산구 선암동 214-4,35.1445663727112,126.779190450699
광주 광산구 용아로 259,35.1663666944985,126.800868311132
광주 서구 상무대로 1032,35.1514472845872,126.874866654757
광주 북구 서강로131번길 9,35.1830389124286,126.874023494596
광주 북구 하백로 22,35.1895833221221,126.890763912484
광주 북구 양산택지로 26,35.2087099057329,126.879326731917
광주 북구 삼정로 125,35.1715359083029,126.935152933031
광주 서구 상무공원로 112 1층 104-1호,35.154117548725,126.84324028638
광주 서구 무진대로 919 호반써밋플레이스 상가동123호,35.1623727902778,126.880530024229
광주 서구 상무대로 975 상가 102호,35.1519356395195,126.868731084915
광주 남구 대남대로 238,35.1350942014383,126.900057051056
광주 북구 삼정로66번길 100,35.1710515075384,126.937533177231
광주 북구 설죽로202번길 28-2,35.1772712863447,126.89889700253
광주 동구 지산로89번길 1 1층,35.1516639971871,126.93298980453
광주 광산구 왕버들로 253 104호 커피응답소,35.1966338202792,126.836707633706
광주 광산구 삼도중방길 48,35.1513748053093,126.7418483119
광주 서구 월드컵4강로28번길 9,35.1401933686518,126.877272934328
광주 동구 준법로 12 1층 커피잇수다,35.1491771080614,126.934243020231
광주 서구 군분로170번길 3-1 1층,35.1473037185394,126.886671601931
광주 서구 하남대로 706 1층 102호,35.1713374973457,126.869923103527
광주 북구 첨단연신로91번길 20-4,35.2065537123456,126.862519694179
광주 동구 동명로67번길 18-2,35.152537376372,126.926993815957
광주 서구 풍암순환로 183 우미광장아파트상가106호,35.1264281103416,126.880242101703
광주 동구 충장로 85-7,35.1483958069564,126.916791100016
광주 남구 제석로 123 제석로123,35.1253408664027,126.907974173414
"광주 광산구 임방울대로826번길 47 1층 130, 131호",35.2153364381979,126.849162982992
광주 광산구 임방울대로826번길 51 1층,35.2151415430973,126.848927535632
광주 동구 지호로124번길 10-1,35.1485684925166,126.942733254709
광주 남구 봉선중앙로 51,35.1253714822254,126.911195686123
광주 서구 금호동 796,35.1311786075137,126.858765318976
광주 서구 화정로 255-1 102호,35.1479295687468,126.88460793248
광주 북구 우치로 60 1층 102호,35.1726294759711,126.912560856997
광주 서구 치평로 60 1층101호,35.1526033805641,126.847713085366
광주 북구 설죽로 506-9,35.2046784379371,126.89914242056
광주 동구 의재로 54-1 1층,35.1322062744196,126.933446823628
광주 북구 설죽로196번길 3,35.1771767206336,126.89759347832
광주 북구 설죽로404번길 5,35.195446115646,126.90052046457
광주 광산구 비아동원촌길 19-7 태능닭강정,35.2208555005318,126.825676659984
광주 서구 유림로33번길 12,35.1656008399078,126.862128406201
광주 북구 태령학림길 4 태령 장작 숯불구이,35.2511503523055,126.927265702071
광주 남구 군분로33번길 6-1,35.1364325071695,126.893761006743
광주 남구 서문대로749번마길 28 중흥아파트,35.1234708853072,126.894054633294
광주 동구 지호로 9,35.1489841631146,126.93027741158
광주 서구 상무중앙로72번길 6,35.1532764923715,126.84920769824
광주 북구 설죽로370번길 16,35.1930234257469,126.900483450085
광주 남구 봉선중앙로123번길 11,35.131844658019,126.909289634413
광주 북구 서방로 179,35.1689997325258,126.931823995271
광주 동구 구성로194번길 9,35.1524153500202,126.914866324583
광주 광산구 무진대로 269,35.1619859365273,126.81008618534
광주 북구 황계로55번길 12-11,35.1783621603523,126.875177272428
광주 서구 월드컵4강로181번길 40-1 태양이네집 1층,35.1522459906038,126.864969674027
광주 서구 회재유통길 53-11,35.1141036503929,126.851701433307
광주 남구 봉선로9번길 22,35.13246178244,126.904658863907
광주 서구 군분로 210,35.1498707870605,126.883809221669
광주 서구 상무오월로3번길 13,35.1567928196719,126.859664719078
광주 서구 운천로31번길 14-1,35.135671376839,126.857394562621
광주 북구 대자로 71-2,35.1733453038722,126.880453488957
광주 북구 설죽로 506-10,35.2043320397481,126.899240585845
광주 서구 풍암1로21번길 7,35.1256264639175,126.878818018533
광주 동구 무등로 302,35.16219028317,126.915967462337
광주 북구 중흥동 360-2,35.1738722988176,126.913483290491
광주 동구 충장로46번길 18,35.149445911211,126.91197022471
광주 서구 금부로99번길 2,35.1400093337041,126.859842872449
광주 서구 상무연하로 55 1층,35.153241812918,126.849879420537
광주 서구 금화로85번길 9 1층,35.1332716106479,126.857719462237
광주 광산구 수완로74번길 6 1층,35.1916313095167,126.829256866351
광주 북구 설죽로214번길 74 Tangerine,35.177817544223,126.901677852018
광주 서구 상무중앙로34번길 6,35.1496865696289,126.849290812244
광주 북구 설죽로471번길 12 1층 탱고아구찜,35.2010453274232,126.89803286507
광주 북구 참판로 131-1,35.169558872385,126.933330891766
광주 광산구 수완로11번안길 3-4,35.1866157270872,126.826719394324
광주 광산구 첨단내촌로 53-12 1층 터머무름,35.2114152183706,126.836536256693
광주 북구 우치로228번길 43,35.1864629411531,126.907450446792
광주 서구 마륵로 62,35.1445679212244,126.838445669125
광주 광산구 하남대로54번안길 31,35.177107870682,126.798353955669
광주 서구 금화로85번길 30-13,35.1352179599752,126.858443984668
광주 북구 서하로 382,35.1851732662088,126.92174517178
광주 북구 우치로126번길 7,35.1788067613322,126.912582785833
광주 서구 화개중앙로 75,35.1257164243118,126.853964133897
광주 북구 삼정로 133,35.1715339675784,126.934228208765
광주 광산구 장신로 261,35.1909535178025,126.838745445366
광주 북구 하서로 428,35.2129232234945,126.875188204149
광주 북구 동운로213번길 27-1,35.1755069567773,126.87337578804
광주 북구 용주로30번길 64,35.180718344581,126.904221921791
광주 동구 금남로 226-11 ACC디자인호텔 11층,35.1486743857232,126.916482660775
광주 북구 용봉택지로 86 1층,35.178202539152,126.895988720328
광주 광산구 월계로 117-32,35.215878062188,126.840925325662
광주 남구 봉선로 17 진화빌딩 1F,35.131712483572,126.902848491574
광주 서구 상무중앙로 86 상무트윈스빌딩 1층,35.1545274815526,126.848912138553
광주 북구 첨단연신로 105,35.2072905945619,126.864060555665
광주 동구 서석로 46 1층,35.1466012010602,126.918521649337
광주 서구 화개중앙로87번길 24 와이엘스퀘어 104호,35.127320011925,126.850832138104
광주 광산구 임방울대로332번길 9-8,35.1900261899879,126.824846365241
광주 동구 장동로 23-33 토라네코,35.1484848321923,126.92459639465
광주 광산구 왕버들로 217 한듬레포츠  1층,35.1986789120755,126.83373594865
광주 북구 설죽로214번길 88 1층,35.177681464208,126.902489077922
광주 동구 동계천로 155,35.1491854935944,126.926261862616
광주 북구 양산택지로 17 1층,35.2082523880365,126.878703729087
광주 광산구 임곡로 233,35.2064496830996,126.763424629429
광주 북구 참판로 240,35.1788029728781,126.93627089621
광주 북구 운용로 21,35.174899192065,126.889118237256
광주 광산구 산월로21번길 10,35.2093011545603,126.839678149944
광주 남구 광복마을3길 20-1,35.119664158648,126.895831267154
광주 북구 동문대로 130-1,35.1743547302681,126.926781878921
광주 광산구 평동산단로 192,35.1238826333142,126.768501542067
광주 광산구 풍영정길 179-21,35.1845660350735,126.851474950367
광주 남구 화산로31번길 17,35.1138003533711,126.900918717474
광주 광산구 무진대로 279,35.1618891989559,126.810878874726
광주 북구 우치로 251,35.1874040821319,126.905051586757
광주 북구 우치로100번길 18-1 토시코시커피,35.1762702621918,126.913473614323
광주 동구 의재로 54-2,35.1322072393525,126.933562687123
광주 서구 경열로75번길 7,35.1521062010852,126.893874857658
광주 광산구 풍영로229번길 5 1층 토키오,35.1919720627002,126.813751611271
광주 북구 우치로 649,35.2215344986682,126.901972468742
광주 남구 양림로 37 1층,35.1361276196223,126.91154478434
광주 북구 서방로 4,35.1733972269538,126.913404096935
광주 서구 상무연하로 48,35.1524788166622,126.850539414135
광주 남구 봉선로 76,35.1269374057437,126.905222643869
광주 동구 금남로 174,35.1520271532001,126.912240055113
광주 서구 월산로 247-1,35.1581161301772,126.889365354252
광주 북구 용봉로 77,35.1739175430866,126.911235470135
광주 광산구 우산로95번길 18,35.1572213865137,126.81091118993
광주 서구 천변좌로 222,35.1552876285952,126.901103969688
광주 북구 경열로 200-4,35.1571552650325,126.905533113636
광주 동구 필문대로273번길 9,35.1465565844196,126.928672680486
광주 북구 군왕로 152,35.1748068558692,126.933183677802
광주 광산구 월곡중앙로25번길 19 통닭생각,35.1684604514639,126.80972635049
광주 서구 상일로64번길 1 통돼지솥뚜껑,35.1613084804437,126.863480306528
광주 북구 반룡로28번길 32-1,35.1775314440647,126.900561945342
광주 서구 월드컵4강로71번길 4,35.143416074176,126.873827687146
광주 서구 상무민주로76번길 23 1층,35.1573250255197,126.862136334043
광주 북구 설죽로202번길 88 1층,35.1772458876111,126.902214488347
광주 광산구 첨단중앙로182번길 28,35.2216810034912,126.844363203046
광주 서구 상무민주로 86,35.1580811520396,126.859604007346
광주 북구 송해로 71,35.2047596037973,126.899303751827
광주 남구 행암길 9,35.1023727268669,126.895124116974
광주 광산구 산정로 3,35.1669747470494,126.803127688315
광주 광산구 어등대로 443,35.1505586983884,126.771652277794
광주 동구 금남로 246,35.1479058354197,126.918393817596
광주 남구 효덕로 280,35.1084720638626,126.897187873431
광주 동구 필문대로287번길 23-10,35.1452312202348,126.929748934499
광주 광산구 장신로265번길 25,35.1918049516659,126.839027815418
광주 광산구 용아로399번길 28,35.1778372988661,126.803874909245
광주 북구 우치로231번길 17 광성교회 1층,35.1851576841872,126.904541695001
광주 광산구 산월로41번길 30,35.2102608982498,126.841929098419
광주 광산구 월곡중앙로 59-5,35.1715847352527,126.810936560703
광주 남구 광복마을4길 11-1,35.1201578849695,126.896519468608
광주 서구 화정로161번길 9,35.1461077718403,126.875447114859
광주 광산구 장덕로50번길 5,35.1943197014955,126.8149108265
광주 북구 우치로90번길 12-1,35.1753378075464,126.913346272008
광주 광산구 첨단내촌로70번길 50,35.2130630447508,126.839076033009
광주 광산구 송도로 173,35.130256624237,126.793392248094
광주 북구 용주로30번길 106,35.1826315039882,126.904604263551
광주 서구 풍암2로 16,35.1262720824997,126.879876001915
광주 서구 상일로64번길 1-1,35.1613335720834,126.863670476917
광주 북구 안산로 22,35.1892322443711,126.902150062924
광주 광산구 첨단내촌로 93 첨단과학산업단지 3차우미아파트,35.2140975695848,126.834166461598
광주 북구 동운로 230-1 1층,35.1739805592152,126.875335790046
"광주 광산구 목련로273번안길 47, 2층운남동",35.1771041487541,126.822835580732
광주 광산구 첨단중앙로106번길 65-3 101호,35.2151711338981,126.846369947401
광주 광산구 월계로118번길 31,35.2120809682212,126.838493141138
광주 북구 상촌로43번길 6,35.2118272321817,126.879510143018
광주 북구 반룡로42번길 1,35.1785901130079,126.90259030984
광주 북구 동문대로 294,35.1877739395627,126.934323053585
광주 북구 동배마을길 29,35.1795121207647,126.859469679033
광주 북구 용두마을길 6,35.2191325104609,126.878170322946
광주 광산구 임방울대로825번길 60-18 1층 106호,35.220405119104,126.850787012888
광주 북구 양일1로 45 지하2층 104호,35.1952516708024,126.8689601105
광주 북구 서강로66번길 37,35.1776755182287,126.873450589339
광주 광산구 풍영로329번길 51,35.2004610340891,126.811790437453
광주 서구 염화로160번길 15-1,35.1424131386367,126.882813673165
광주 광산구 소촌로152번길 5,35.1593351714312,126.79231173594
광주 서구 화정로138번길 6,35.1447577847878,126.87231157876
광주 서구 화운로 94,35.1483660232536,126.880714672285
광주 서구 화개중앙로87번길 16-8,35.1274694248365,126.851981443797
광주 서구 월드컵4강로 180,35.1521647168053,126.869688256743
광주 광산구 수등로 269,35.1853314820093,126.838325511624
광주 동구 필문대로273번길 4 지하,35.146614433726,126.928032301244
광주 북구 서방로107번길 75-6,35.1736149067466,126.926205122765
광주 광산구 신창로72번길 13,35.1917966423223,126.83786647834
광주 남구 용대로 142 투다리,35.1288703956007,126.918371887773
광주 동구 필문대로 175,35.1550154362074,126.932181048384
광주 광산구 산월로 64 부영6차 상가 106호,35.2078859888343,126.843641975465
광주 동구 백서로176번길 10,35.1441051468095,126.925226258157
광주 북구 서강로54번길 20,35.1760862126098,126.873159503788
광주 북구 동림용산로 31-14,35.1873189747204,126.866186496656
광주 서구 내방로 250,35.15766174673,126.867938462655
광주 서구 상무중앙로34번길 12 1층 투다리 상무중앙점,35.150126603375,126.849936173045
광주 북구 양산로 18,35.2107231296208,126.876167699683
광주 북구 군왕로 200,35.178651843805,126.935304380677
광주 서구 상일로14번길 6,35.156626306524,126.863662745505
광주 광산구 장신로 306-7 1층 103호,35.191334584085,126.843884835774
광주 북구 금호로 47-2,35.1733547744494,126.888689576398
광주 북구 북문대로103번길 7,35.178655625375,126.875599266014
광주 광산구 첨단내촌로70번길 24,35.2131054490293,126.837688594748
광주 광산구 사암로390번길 27,35.1792464502667,126.809391081826
광주 남구 독립로 111-1 투다리,35.1434920360537,126.902968482901
광주 서구 마재로 67,35.1321306117509,126.865081230164
광주 북구 동배마을길 32,35.1788024804689,126.861501875799
광주 서구 동천로 14 1층,35.1698141258771,126.860379568169
광주 광산구 장신로64번길 11 1층(장덕동),35.1901222074405,126.817297024738
광주 남구 군분로 74-1,35.139866047887,126.892208472293
"광주 서구 상무공원로 112, 해광한신아파트 상가동 108호",35.154117548725,126.84324028638
광주 광산구 신창로33번길 21-12,35.1876814805521,126.835703798871
광주 북구 연양로 36,35.206190311461,126.871401614117
광주 광산구 무진대로231번길 23,35.1632542401132,126.805936229729
광주 남구 효우로 87,35.1054541167837,126.904587440634
광주 서구 시청로60번길 21-9,35.1546099283514,126.85388716999
광주 남구 효천2로가길 15-1 1층 107호,35.1017707736809,126.875037925828
광주 광산구 첨단중앙로181번길 48,35.2200446284211,126.836317183991
광주 북구 하서로 337-1,35.2050717701478,126.873317502033
광주 남구 봉선로 83,35.1262413435648,126.905995931992
광주 광산구 목련로273번길 77,35.1774045670409,126.824878602883
광주 광산구 임방울대로 673-21,35.2176404672946,126.830493743355
광주 광산구 풍영로 285 골드클래스2차상가 (그린생활시설),35.1963942929989,126.814935658644
광주 광산구 수등로76번길 23,35.1830406745739,126.817566704266
광주 광산구 첨단내촌로70번길 3,35.2130974215076,126.836612290803
광주 북구 서강로 160-1,35.1843720488125,126.876859068823
광주 서구 풍암신암로 31,35.1239310840115,126.882104223929
광주 서구 풍금로 21,35.1216851434539,126.864744435052
광주 남구 독립로 49,35.1380997722209,126.901349044195
광주 서구 회재로 735,35.1139272133069,126.848246130092
광주 서구 화개1로24번길 9,35.1281371484556,126.857159413989
광주 서구 월드컵4강로210번길 19,35.1548543956459,126.871650254306
광주 북구 서하로106번길 4,35.1870860913323,126.891838401212
광주 광산구 비아로 185,35.2231000684111,126.823890442342
광주 광산구 목련로21번길 45,35.1754191656413,126.798452754103
광주 광산구 신창로131번길 15,35.1971686759254,126.837842627797
광주 북구 저불로69번길 16,35.1808501758853,126.893593895309
광주 북구 서강로 160,35.1841322155401,126.877498406332
광주 광산구 월곡로 18-1,35.1687917093165,126.811114594554
광주 광산구 송도로182번길 16-3,35.1301079506089,126.794855040582
광주 광산구 도산로 23,35.1302943812687,126.790863830122
광주 광산구 월계로 77,35.2129178987215,126.833325159454
광주 북구 양일로305번길 20,35.2041492593948,126.896795635063
광주 서구 무진대로 932 신세계백화점,35.1596823958076,126.882631959088
"광주 북구 설죽로 195 1층, 2층",35.177155371456,126.896865112871
광주 남구 서문대로 725,35.1240364044744,126.897838092444
광주 서구 상무번영로 57,35.1549834065515,126.852733134931
"광주 북구 동문대로 212 1층, 2층",35.1809902524422,126.930616883473
광주 동구 동계천로 26 진솔빌딩 1-2층 투썸플레이스,35.1554130073562,126.914999951789
광주 동구 무등로 405 1층,35.1597205695339,126.926969178828
광주 서구 금화로 67,35.1323326871663,126.855910495444
"광주 동구 동명로 12 1층, 2층",35.1500601715552,126.923068074365
광주 북구 하백로6번길 12,35.1877969216583,126.890958004597
광주 광산구 용아로 257,35.1662321295498,126.801422076525
광주 광산구 장신로 98 롯데마트 3층 투썸플레이스,35.1894383628979,126.819287851791
광주 광산구 임방울대로 355,35.1918485744222,126.823437783596
광주 서구 상무대로956번길 3,35.1512185851136,126.866728834202
광주 서구 월드컵4강로 114 성준빌딩 102호,35.1468813827542,126.872560333694
광주 동구 화산로 261,35.1177664153757,126.92423845321
광주 광산구 사암로 331 1층,35.17400469374,126.808639057046
광주 북구 양일로 331 1층,35.2032963188168,126.899811917171
광주 광산구 임방울대로826번길 25,35.2163654476537,126.84896854222
광주 서구 금화로383번길 10,35.1426613846591,126.887194554644
광주 서구 죽봉대로 15 1층,35.1546051560247,126.883126870258
광주 북구 밤실로 162,35.1621309033483,126.935057992443
광주 남구 봉선로 156,35.1227137508469,126.912105739675
광주 서구 시청로 27 광명메이루즈 테라스가든1층 129호,35.150960212547,126.850837624684
광주 광산구 수완로49번길 14,35.1897316220942,126.827860049182
광주 북구 문화소통로 170,35.1824561267277,126.912021816992
광주 광산구 장신로 39,35.1911376117579,126.814588317042
광주 북구 호동로 25,35.1751842657509,126.915328031443
광주 북구 첨단연신로91번길 14 (주)어울림,35.2065436663747,126.862881018193
광주 광산구 첨단중앙로182번길 22,35.2216892131425,126.84373918548
광주 동구 경양로 381-1,35.1545388901356,126.930752280201
광주 동구 독립로 324 4층 투오브어스,35.1593394109094,126.914346658619
광주 북구 우치로228번길 52-4,35.1864388274576,126.907979565564
광주 동구 지호로 52,35.147681270714,126.934356707757
광주 광산구 목련로394번길 23-10,35.1842201710688,126.833972025897
광주 남구 효우2로26번길 13,35.1026353941619,126.888664270043
광주 서구 월드컵4강로28번길 50-5 투투,35.1404842694695,126.881838953723
광주 북구 첨단연신로108번길 31-10,35.20795350164,126.865398945892
광주 북구 서하로214번길 2,35.1870521073975,126.903800788237
광주 북구 서강로62번길 49,35.1771419753373,126.87394037741
광주 남구 금화로422번길 72,35.1381805989829,126.895093905296
광주 북구 북문대로49번길 19,35.1749946814949,126.879891319711
광주 북구 양일로 75,35.1980166689601,126.873199541838
광주 서구 월드컵4강로28번길 60,35.1405689448756,126.882899053521
광주 북구 하서로 424 101호,35.2126386138006,126.875049268008
광주 광산구 비아중앙로 33-1,35.2220730931684,126.824588281672
광주 광산구 신창로131번길 9 1층,35.1969694451288,126.838020910832
광주 북구 용봉택지로 94 103호,35.1781558062576,126.896676122666
광주 동구 문화전당로35번길 9,35.1454228281711,126.918086287262
광주 동구 천변좌로 606 4층,35.1288318110201,126.927581439185
광주 서구 경열로 8,35.1527929352525,126.887856946863
광주 광산구 신창로105번길 25,35.1949208941046,126.836377586429
광주 동구 제봉로110번길 9 1층,35.1487231731428,126.922769407483
광주 북구 우치로90번길 19 3층 티라크림,35.1756122675067,126.9137205441
광주 서구 상무화원로 8,35.1444042177619,126.84171163245
광주 서구 풍암순환로 56,35.1215453370154,126.87807960066
광주 북구 비엔날레로 30,35.1753747414991,126.887255978179
광주 광산구 월계로130번길 37-8,35.2117613554005,126.839991262093
광주 서구 유덕로27번길 29 1층,35.1635217820618,126.851612333373
광주 동구 동계천로 151-17 엘림 2동,35.1495981622017,126.925713432331
광주 동구 동명로14번길 12,35.1500361849663,126.924339918785
광주 동구 장동로 23-59 2F,35.1491381205241,126.924134104582
광주 광산구 북문대로419번길 56,35.1926360380239,126.846201124433
광주 북구 하서로 454,35.2149799126897,126.876405390206
광주 동구 밤실로 19,35.1494099438662,126.936810820304
광주 광산구 월곡중앙로2번길 6 1층,35.1663271971755,126.810926996065
광주 북구 연양로67번길 18,35.2081837514014,126.87537655369
광주 동구 동계로15번길 22 1층 틸트틸트,35.154129992161,126.922498375714
광주 동구 지호로 173 파니벨리,35.1501844436696,126.944456641304
광주 북구 하백로 5 1층 파도소리,35.1881311209949,126.890532761118
광주 남구 대남대로159번길 15-5,35.1324260425692,126.907981234177
광주 서구 상무자유로 149 라마다프라자호텔 17층,35.1520064851795,126.850524035394
광주 광산구 하남대로261번길 11,35.1805236984648,126.820014928082
"광주 남구 봉선1로16번안길 15 1층, 2층",35.1275342544233,126.908700204909
광주 광산구 광산로 30 2층,35.1386474743454,126.795029594665
광주 서구 화정로253번길 10,35.1484767134601,126.883966817037
광주 북구 일곡마을로 180 1층,35.2102760680936,126.893827992968
광주 북구 북문대로 184 (운암동),35.1848529560288,126.871003429729
광주 광산구 장신로 82 (장덕동),35.1904248948262,126.818745241665
광주 광산구 신창로 86 (신창동) 1층 파스쿠찌,35.1928227154328,126.837509452343
광주 서구 상일로 58 (쌍촌동),35.1607441036428,126.863448212312
광주 서구 무진대로 904 (광천동) 파스쿠찌,35.1605104898663,126.879344508277
광주 북구 설죽로 505-9,35.2038304748609,126.897035437633
광주 서구 마륵복개로 91 (마륵동),35.1461774393135,126.849182824322
광주 서구 풍암1로21번길 9-22 (풍암동) 카페파스쿠찌,35.1266645188063,126.879133001401
광주 남구 효우2로 26 카페 파스쿠찌,35.1019543014785,126.889332375683
광주 서구 죽봉대로 80,35.1604443825565,126.88391876275
광주 북구 서하로 79 파스쿠찌 매곡점,35.1877154276216,126.889059547283
광주 북구 서하로 353-1,35.1868990819751,126.919394157769
광주 서구 내방로 337 카페 파스쿠찌,35.1577292693289,126.877560609924
광주 광산구 수완로73번길 3,35.1916109400033,126.828492154578
광주 북구 우치로 948 1층,35.2445952686362,126.886259853869
광주 북구 호동로 15,35.1752157482211,126.914210791137
광주 서구 상무대로 1046,35.1516380002314,126.876435730255
광주 서구 금화로149번길 137,35.144136225942,126.859228629381
광주 광산구 선운로20번길 47,35.1471779487939,126.775498992851
광주 서구 염화로 104 1층,35.1426363167028,126.875844811796
광주 광산구 어등대로 418-2,35.1489396106559,126.769901475244
광주 광산구 수등로94번길 38 1층 103호,35.1816949540343,126.818829179417
광주 북구 동문대로134번길 17 1층,35.1745586088521,126.927668034246
광주 남구 백양로51번길 6-1 1층,35.1346542181332,126.907515146672
광주 북구 일곡마을로 225-1 상가동 105호,35.2105252089352,126.89846009508
광주 남구 봉선1로 71 동아리 1층,35.1281285926025,126.913084938762
광주 북구 설죽로455번길 4-2,35.2000774092101,126.899379590507
광주 서구 상무평화로 79 1층 PONDAY,35.1483568018462,126.84764022728
광주 서구 월드컵4강로 70-1 1층 파운데이,35.143345934672,126.874509029297
광주 북구 용봉택지로 57 1층 파운데이,35.1787380643677,126.892817302468
광주 광산구 호남대길 20 10호관동 1층,35.1503285625299,126.770211872135
광주 북구 용봉택지로 96 2층 파이널나인,35.1781962049998,126.897014748055
광주 서구 상무번영로 52 2층,35.1545438150182,126.853254360832
광주 남구 금화로 386,35.1417125245848,126.887878071754
광주 서구 상무오월로51번길 12 101호 파인어스카페,35.1564597644259,126.865219422653
광주 남구 봉선중앙로123번길 3 1층,35.1319105603022,126.910275281707
광주 광산구 수완로74번길 29-5 1층,35.1920446727998,126.830477748479
광주 북구 설죽로217번길 37-2 1층,35.1791232869403,126.893308404754
광주 광산구 용보로 43,35.1352966262185,126.802718995416
광주 광산구 수완로52번길 46-13 1층,35.1890674486138,126.831149736484
광주 남구 봉선1로 87,35.1300208954343,126.915866009945
광주 서구 무진대로 904 1층 169호,35.1605104898663,126.879344508277
광주 서구 화정로78번길 24-1 1층,35.142560716083,126.865804614469
광주 서구 경열로26번길 6 2층,35.1515778751774,126.888708047376
광주 북구 우치로90번길 8-6,35.1751944118353,126.912983279633
광주 서구 상무대로 988,35.1513455618921,126.869857034501
광주 북구 월동로13번길 7 판,35.1727495467576,126.934743498848
광주 남구 군분로 159-1,35.1463364820507,126.886783010895
광주 남구 대남대로372번안길 21 1층,35.1469158880674,126.893250263837
광주 광산구 박호등임로 587-5,35.1943195993657,126.768759009201
광주 동구 남문로693번길 20,35.1319358231248,126.926509254195
광주 광산구 신창로 78,35.192146797412,126.83731326728
광주 동구 중앙로160번길 26-1 1층,35.1467558615322,126.91547589563
광주 광산구 사암로 264,35.167831125493,126.809154170897
광주 북구 호동로 17,35.1752022204624,126.914582951692
광주 서구 시청로 27 123호,35.150960212547,126.850837624684
광주 북구 동문대로 113,35.1734825660229,126.925141848232
광주 광산구 사암로 851-1 1층,35.2168673621303,126.822801615232
광주 북구 대자로 21,35.1736214740683,126.874826321166
광주 북구 비엔날레로 177,35.1833261461499,126.896654208919
광주 서구 염화로160번길 12-1,35.1424836593153,126.882476689637
광주 북구 밤실로208번길 20,35.1654716161327,126.934068552869
광주 북구 우치로 56,35.1723151193658,126.912237909716
광주 광산구 사암로 335 1층,35.1742900550016,126.808633997327
광주 광산구 무진대로 278-11 정문상가 104호,35.1603151432274,126.811158448516
광주 광산구 임방울대로332번길 9-14,35.1900444831206,126.825530254676
광주 광산구 첨단중앙로106번길 50 1층,35.2146413922136,126.845717782533
광주 광산구 수완로74번길 11-13 1층 팔팔참숯구이,35.1922458947982,126.829478914723
광주 남구 금화로376번길 36 명지아파트,35.1387296867319,126.888899565971
광주 광산구 장신로147번길 10 1층,35.1916277788288,126.826518799972
광주 북구 동문대로191번길 9,35.1794707495769,126.928913457544
광주 남구 봉선1로37번길 2-2 팥죽나라,35.1281155501687,126.909308581082
광주 서구 운천로17번길 5 1층,35.134017631998,126.858535266428
광주 광산구 임방울대로800번길 37,35.2158298773162,126.846185835544
광주 서구 운천로162번길 27 용산상가,35.1475614499536,126.85974059656
광주 북구 용봉로 80 메타오피스텔 104호,35.1723193214284,126.905367931373
광주 남구 효덕로 290 1층 a동 패스트롤,35.1094353330385,126.89705635266
광주 광산구 수완로50번길 44-5 1층 패스트롤,35.1884557191011,126.830969839581
광주 북구 첨단과기로208번길 43-10 마루힐 IBC 지식산업센터 103-a호,35.2226023308766,126.849252900621
광주 동구 충장로 94-9 2층,35.147217088753,126.917173756378
광주 북구 가사문학로 954-38,35.1802227573466,127.01267802079
광주 남구 대남대로159번길 3 그밥에이반찬 봉선본점,35.1332972502041,126.90779669012
광주 남구 용대로53번길 2-14 1층,35.1216723898645,126.917868937002
광주 광산구 수완로48번길 26 1층,35.1883955610696,126.82965626337
광주 북구 서림로 92 1층,35.1633663754247,126.89693905017
광주 동구 충장로안길 44-1,35.1465401011282,126.917342123757
광주 북구 갈마로 55 3층,35.1619852392071,126.93658080786
광주 북구 하서로 384,35.2092449523564,126.874542141062
광주 북구 중문로 43 2층,35.1766296453167,126.919369715569
광주 서구 동천로10번길 16,35.1693840519646,126.861132116639
광주 광산구 장신로50번길 23,35.1897374551468,126.815832753779
광주 서구 풍금로4번길 5-2,35.1208398222323,126.866841629785
"광주 남구 대남대로223번길 10 (주월동, 양우 내안애 프레스티지) 112동201호",35.1337272863,126.89832544346
광주 북구 연제외촌길 156 태성이앤씨그룹 1층,35.1986490569541,126.869716729962
광주 광산구 어등대로665번길 27 소촌동 서라아파트,35.1462916269314,126.79095887974
광주 광산구 송정로1번길 86,35.1398613578454,126.795361996563
광주 광산구 수완로9번길 38,35.1855243432568,126.82626223392
광주 광산구 신창로71번길 33 신창부영2차아파트,35.193621752374,126.833518193225
광주 서구 쌍촌로 37 1층,35.1481698265098,126.864697884169
광주 광산구 임방울대로 142-12 삼성아파트,35.1737404616694,126.817907258397
광주 서구 상무화원로31번길 18,35.146152786697,126.84500380564
광주 북구 서양로 46,35.1701663847995,126.90612213699
광주 동구 남문로 592,35.1239341887042,126.932476047037
광주 광산구 산월로 64 첨단부영사랑으로6차 상가 1층 107호,35.2078859888343,126.843641975465
광주 광산구 산정로 41,35.1703199714423,126.803973643354
광주 광산구 임방울대로826번길 42 105호 106호,35.215428915903,126.848440558502
광주 남구 백운로 35,35.1368031421665,126.907613445066
광주 광산구 비아로12번길 30,35.2215736353081,126.823334544704
광주 동구 지산로 86-27,35.1513950936316,126.933759122955
광주 북구 평교로 22 1층 평교로22 초밥참치,35.1793066420121,126.925074152153
광주 북구 호동로15번길 46,35.1771772494546,126.914548610341
광주 광산구 평동로 811,35.1247045295221,126.762923335169
광주 광산구 평동산단로 184,35.1232407750469,126.76864422276
"광주광역시 남구 효덕로 288, 1층 진월동",35.1092340522803,126.897155984123
광주 서구 금화로492번길 20 포항물회 서구농성점,35.150281117853,126.89314709929
광주 서구 무진대로 932 신세계백화점 광주점 지하 1층,35.1596823958076,126.882631959088
광주 광산구 우산로95번길 44,35.1580790043685,126.811357991608
광주 서구 염화로 136 1층,35.1430335095584,126.879287345838
광주 서구 운천로162번길 6 푸키키,35.1470749079893,126.857510859657
광주 광산구 풍영로101번안길 15-5 1층 흑석동,35.1812434560268,126.809884187762
광주 광산구 풍영정길 39-14,35.1812230044806,126.838857984146
광주 광산구 월곡중앙로53번길 20,35.1712657869725,126.810098858736
광주 광산구 첨단중앙로182번길 60-4,35.2214773558625,126.847668014428
광주 남구 독립로 45,35.1377552877182,126.901368991238
광주 광산구 광산로 90,35.1418078997504,126.800365651645
광주 북구 무등로 121,35.1675320299568,126.897289221441
광주 북구 경양로 125,35.1616064102757,126.905716424357
광주 광산구 선운로2번길 67-3 1층,35.1461881771078,126.776577806346
광주 북구 중문로 80,35.1795932543212,126.920794195308
광주 광산구 월계로 217 108호,35.2137128510991,126.849320186738
광주 광산구 월곡중앙로41번길 13,35.1699018863565,126.810349342538
광주 남구 방림로 34-1,35.1348570604912,126.921076303103
광주 북구 무등로 55,35.1694207059417,126.890365306175
광주 동구 양림로 115-1,35.1399365258629,126.92054908441
광주 북구 서림로 101-1,35.1626321273668,126.897575271736
광주 서구 풍암순환로 130,35.1224984419071,126.884808917449
광주 남구 용대로 179 1층,35.1321448704953,126.917706570381
광주 서구 풍암2로57번길 7-1 풍암돌판삼겹살 1층,35.1231637358768,126.882458369251
광주 서구 송풍로17번길 19,35.1199159387226,126.866200710055
광주 서구 풍금로38번길 61,35.1251644373795,126.868621445564
광주 서구 풍암2로53번길 3 1층,35.123338675216,126.881793616491
광주 서구 풍암1로 15,35.1257551529628,126.878162961465
광주 서구 풍암1로21번길 7 2층 조마루감자탕,35.1256264639175,126.878818018533
광주 광산구 임방울대로825번길 50 1층,35.2202883910671,126.849111753516
광주 광산구 수등로258번길 86,35.1846733147123,126.841946272406
광주 북구 양일로305번길 8,35.203127462429,126.897191713506
광주 광산구 임곡연계길 258,35.2366611086384,126.733970123728
광주 북구 연양로67번길 15 B동 1층 풍천민물장어하우스 양산점,35.208373138415,126.874777623157
광주 북구 저불로 77,35.1813058348193,126.895275550296
광주 광산구 왕버들로 253 강희빌딩 1층 장어아짐,35.1966338202792,126.836707633706
광주 북구 군왕로 26,35.1637946405396,126.930681761497
광주 북구 군왕로8번길 9,35.162384635919,126.930039212646
광주 동구 필문대로123번길 5-10,35.1602785465196,126.93166499007
광주 북구 반룡로 35 1층,35.1789882029386,126.901983065608
광주 북구 자미로66번길 14,35.1714711982395,126.905437302433
광주 동구 장동로 25 B1층~3층,35.1482322844051,126.924618246676
광주 서구 내방로 430,35.1590456379222,126.886278307432
광주 광산구 임방울대로 330 1층 108호,35.1893549829861,126.824059466195
광주 광산구 신창로 78 1층,35.192146797412,126.83731326728
광주 북구 용봉택지로 39 1층 117호용봉동,35.1789257240268,126.890896079083
광주 북구 서강로 94 1층,35.1799409358928,126.872542567782
"광주 남구 구성로8번길 6 근린생활시설B동1층207, 208호월산동, 반보라더퍼도유스트",35.1516649263812,126.896410783617
광주 북구 첨단연신로91번길 20-14 1층,35.207325426245,126.862419664516
광주 서구 풍암1로21번길 9-22 1층,35.1266645188063,126.879133001401
광주 광산구 사암로 211 105호,35.1633598104491,126.807986106079
광주 북구 서방로9번길 8 1층,35.1737708233042,126.91426829466
광주 남구 대남대로223번길 10 양우내안애프레스티지 112동 1층 106호,35.1337272863,126.89832544346
광주 남구 서문대로 686 107호진월동,35.1205278425689,126.899130181699
광주 광산구 첨단중앙로170번길 64 1층쌍암동,35.220459421939,126.845361440787
광주 광산구 용아로379번길 29 1층,35.1766082634535,126.802686315617
광주 동구 동명로14번길 15 1층,35.1501765385564,126.924938442776
광주 광산구 첨단내촌로70번길 50-16 1층,35.2124511185761,126.839076581583
광주 남구 봉선로84번길 7 상가동 103호 프레드피자 광주남구점,35.1259345170661,126.904838169697
광주 서구 월드컵4강로 183,35.1525977444556,126.869283147687
광주 북구 서방로 24 1층,35.1730833793425,126.91545271835
광주 북구 서하로94번길 10-1 상가동106호,35.1862172602955,126.890517760931
광주 동구 동명로 23-1 1층,35.1513262990485,126.923473051176
광주 광산구 송정로2번길 3 1층 프로젝트광,35.1370946771692,126.791843413924
광주 남구 백운로99번길 2-1,35.1420874757132,126.905865569802
광주 광산구 임방울대로 498 1층 프루체,35.2037673341989,126.820187793609
광주 서구 시청로 92 상가105호 푸르체,35.156733155918,126.85231412844
광주 동구 의재로109번길 32-2,35.1352005012109,126.939982839129
광주 남구 용대로53번길 8-10,35.121701816781,126.917268596996
광주 남구 대남대로159번길 19,35.1319526419421,126.907856576697
광주 남구 금당로 131 1층,35.1287819987766,126.894577680279
광주 서구 상무화원로3번길 6,35.1446791012781,126.841136519509
광주 서구 서광주로 8,35.1276797074052,126.847756424242
광주 동구 천변우로 361-1,35.1485592725083,126.910901415626
광주 광산구 수완로11번길 17 1층 홀릭스커피,35.1861003190333,126.827530754925
광주 광산구 신창로 8-6 1층 플랑크톤,35.1858003289257,126.837287709046
광주 서구 죽봉대로 68 1층 103호,35.1594482725596,126.883711860088
광주 서구 월산로 274 플레이B/D,35.1602843277229,126.888358794973
광주 남구 용대로 180-2,35.1321118248751,126.918023364753
광주 북구 우치로 26,35.1698503171661,126.911316949299
광주 서구 시청로 53 유탑부티크호텔 3층 플로라 레스토랑,35.1532075203005,126.851161340703
광주 북구 갈마로 23 플로렌스커피,35.1612228634745,126.933214654684
광주 서구 풍암신흥로 57,35.1216899315316,126.868356599712
광주 남구 용대로 171,35.1315529707678,126.91787734017
광주 동구 필문대로289번길 2 1층,35.1456937062213,126.927149391223
광주 북구 우치로 112,35.177445523506,126.91244537056
광주 북구 비엔날레로 29,35.1754977001971,126.88688388039
광주 광산구 첨단중앙로182번길 90 상가 126호,35.2215938176562,126.850859198896
광주 광산구 풍영로170번길 39-9 새한포유상가 1층 107호,35.1874436036611,126.81471243123
광주 서구 염화로 142-1,35.1431244786869,126.880035381719
광주 북구 양산제로38번길 6,35.2002939279591,126.871395645032
광주 남구 백운로75번가길 12 1층,35.1409349626064,126.905593116197
광주 남구 광복마을3길 15,35.1195457554624,126.89650488427
광주 광산구 사암로279번길 13,35.1693689321533,126.808242233808
광주 남구 군분로169번길 1 1층 피나타,35.1468657426452,126.886185843261
광주 동구 필문대로287번길 19-12 2층,35.145594343376,126.929687827655
광주 북구 서암대로 179,35.1690193575838,126.903988990052
광주 동구 백서로125번길 6 1층,35.1424008679171,126.919212877548
광주 광산구 무진대로231번길 28,35.1632711959941,126.806280620966
광주 서구 상일로54번길 4,35.1601830165861,126.863696104246
광주 동구 필문대로 271 1층 102호,35.1470168026629,126.928034361294
광주 북구 안산로 41,35.190892933296,126.901856665993
광주 광산구 월곡중앙로53번길 6,35.1712194658883,126.810911060927
광주 광산구 송정로29번길 38,35.1368901619523,126.796301334972
광주 동구 지호로124번길 10,35.1487990903784,126.94260546294
광주 서구 상무공원로 33 상무우미아파트 상가 113호,35.1470793579215,126.842813398153
광주 북구 서하로257번길 45,35.1888434654116,126.910509190069
광주 남구 화산로31번길 4 송석정,35.1123755135314,126.90041727887
광주 남구 서문대로663번길 16-9,35.1190579430742,126.896829671493
광주 서구 화정로21번길 8-3,35.1452696377816,126.859885760633
광주 동구 필문대로287번길 5-1,35.1457994647419,126.927799934751
광주 광산구 풍영로101번안길 15-6,35.1813095049037,126.809641627069
광주 북구 군왕로 150-1 1층,35.1747123780479,126.933155432626
광주 광산구 목련로394번길 10-20,35.1828234634246,126.833011697907
광주 북구 연양로67번길 18 1층,35.2081837514014,126.87537655369
광주 광산구 월계로118번길 30-5,35.2121137395719,126.838127351524
광주 서구 쌍촌로15번길 4,35.1463598994873,126.864621867799
광주 남구 대남대로223번길 32 1층,35.132814202687,126.897253399939
광주 동구 중앙로 358,35.1636058188387,126.920160565084
광주 서구 화개1로 63,35.1296304940277,126.855006035506
광주 북구 면앙로32번길 1,35.1794265899921,126.91584345655
광주 남구 효덕로 276-1 1층,35.1080050942775,126.897221585495
광주 북구 문산로 43-2 상가동 1층,35.1860984652569,126.923086057045
광주 광산구 신창로 115 1층,35.1955797006567,126.837924845069
광주 북구 서방로 1-1 1층,35.1737238396446,126.913349301868
광주 북구 서방로 21-1 1층 피자베이,35.1733459830723,126.91550766341
광주 광산구 첨단내촌로 30 1층 피자베이 첨단점,35.2093860031248,126.837403537062
광주 광산구 수완로12번길 72,35.1876521118611,126.831321857349
광주 서구 쌍촌로65번길 45 1층 102호,35.149837486782,126.859672820412
광주 남구 대남대로193번길 17,35.1317778749828,126.904375378226
광주 광산구 산정공원로94번길 24,35.175673865033,126.807810821536
광주 서구 풍금로151번길 17,35.1313318718586,126.857867994253
광주 북구 삼정로 111,35.17144822051,126.93671386003
광주 남구 봉선중앙로 28 보성녹차,35.1236583236412,126.912774824371
광주 북구 자미로 64,35.1715603214583,126.904720273235
광주 북구 양일로 55 현대아파트,35.1987429493486,126.870868150088
광주 광산구 임방울대로 727-5 첨단과학산업기지 라인3차아파트,35.2181752548616,126.837071112807
광주 서구 풍암중앙로 49 부국빌딩,35.1254578057994,126.879619157572
광주 북구 서암대로 43,35.1727804657944,126.889615537781
광주 광산구 사암로215번길 27,35.1635768779957,126.806751982025
광주 남구 백운로 70,35.1393869111675,126.906106243288
광주 광산구 송정로 61,35.1347417574775,126.797694574211
광주 광산구 신창로 74,35.1918450910988,126.837228883543
광주 북구 첨단연신로107번길 16 호반베르디움 220동 103호,35.2077164504879,126.862594170017
광주 서구 화운로 278,35.1621591931965,126.877575484561
광주 광산구 선운로 10-1 1층,35.1483911797273,126.770686462919
광주 북구 일곡마을로 23 1층,35.2056912064819,126.898613489564
광주 광산구 장덕로 46-2,35.1946234253287,126.814595220743
광주 서구 상무버들로 34 1층,35.1646332882633,126.859743123985
광주 광산구 장신로 140,35.1904279804885,126.825322794997
광주 광산구 수등로76번길 39-16,35.1813240787252,126.81723075314
광주 북구 양산로 40,35.2103744565477,126.878630175264
광주 북구 서하로 203,35.1873580624884,126.902828640815
광주 북구 면앙로 46 1층,35.1790845200108,126.917143309352
광주 북구 반룡로 25,35.1791885995046,126.900795960726
광주 남구 광복마을길 49 김밥나라,35.1222170921202,126.897307190282
광주 광산구 손재로110번길 36,35.1758829352988,126.799062965433
광주 광산구 산정공원로82번길 11-8 101호 피자알리오,35.1748889499481,126.807744826555
광주 광산구 사암로 339,35.1748257781748,126.808435911771
광주 서구 풍금로 83,35.1243591402654,126.859056741045
광주 북구 동문대로 69 1층우산동,35.1706921186874,126.921681440261
광주 서구 상일로64번길 1,35.1613084804437,126.863480306528
광주 북구 설죽로 352,35.1909406231055,126.899449269228
광주 남구 서문대로 782-2,35.1288325245468,126.897899248903
광주 광산구 임방울대로825번길 9,35.2182406165629,126.848319894905
광주 북구 첨단연신로91번길 14,35.2065436663747,126.862881018193
광주 서구 금부로103번길 9,35.1405785799522,126.859952286212
광주 서구 내방로 244,35.1576635842533,126.867310337213
광주 북구 우치로264번길 19,35.1883211819689,126.906520679213
광주 광산구 월곡중앙로 51 1층,35.1708341555297,126.811039068542
광주 서구 월드컵4강로42번길 3-1 1층,35.1410902877425,126.876007697009
광주 남구 서문대로 662,35.1184291323565,126.899164472351
광주 동구 필문대로273번길 11 2층,35.1464920459516,126.928824286532
광주 광산구 금봉로 99,35.1522780859934,126.809486261994
광주 광산구 비아중앙로 42,35.2226797655737,126.825131350462
광주 광산구 수완로10번길 15 1층,35.1862717504143,126.831172757034
광주 서구 하남대로680번길 16 호반베르디움 정문상가,35.1702174411533,126.866744494289
광주 동구 무등로 505,35.1557316248878,126.93491645012
광주 광산구 수완로106번길 59,35.1929541031892,126.832134849286
광주 서구 쌍촌로65번길 24,35.1504119894233,126.862006095573
광주 북구 서강로66번길 9,35.1777441571743,126.871950324922
광주 남구 금당로2길 7-1,35.117693232376,126.896567013858
광주 광산구 첨단내촌로 19,35.2086688433498,126.836700454797
광주 서구 상무대로916번길 3,35.150674732031,126.862398976871
광주 남구 군분로 16 1층 피자플래넷,35.1353374618949,126.895651768946
광주 동구 백서로 113 1층,35.1415733314936,126.917877921267
광주 광산구 수완로11번길 34 1층 피자플래넷,35.186383556008,126.826668833623
광주 동구 중앙로 218,35.1518743993096,126.917804578154
광주 서구 내방로 346,35.1572338715187,126.878355308986
광주 광산구 신창로 80 반석빌딩 2층,35.1923214301388,126.837343443725
광주 북구 우치로90번길 12,35.1754426976933,126.91330740907
광주 광산구 월계로 134 1층,35.2134563713524,126.840147517851
광주 서구 시청로 64 104호 피크닉,35.1542138271113,126.852215955772
광주 북구 우치로 177-1 피터커피,35.1821302103527,126.909231163257
광주 북구 군왕로171번길 60 1층,35.1775307355522,126.930581399877
광주 서구 상무오월로15번길 23-1 1층,35.1577592122608,126.861033559833
광주 광산구 하완길 26-12,35.2018045366531,126.825101544435
광주 광산구 장신로 135 107호,35.1909968826992,126.825050703781
광주 광산구 장덕로39번길 34 1층102호 필드키친,35.1957505506402,126.814584534237
광주 북구 자미로66번길 21,35.1715224299303,126.905944832207
광주 남구 천변좌로 526-1,35.1344197657481,126.922404811331
광주 북구 무등로 20-1 2층,35.1700851875672,126.886644721763
광주 광산구 수완로50번길 34-3 1층,35.1890330988378,126.830498606514
광주 북구 첨단과기로208번길 43-10 A동 2층 필링돈까스,35.2226023308766,126.849252900621
"광주 서구 시청로60번길 21-9 1층 110호, 111호",35.1546099283514,126.85388716999
광주 서구 하남대로 698 일군타워 1층,35.1714669895974,126.868972705611
광주 서구 매월1로 28 광주건어물유통종합상가A동,35.11316145966,126.855513592309
광주 북구 호동로 10-1,35.1747494964956,126.913858347653
광주 서구 상무번영로 52,35.1545438150182,126.853254360832
광주 남구 봉선중앙로91번길 3,35.1290302080001,126.910458594253
광주 북구 설죽로 430 IRC어학원1층,35.197549446804,126.900218784034
광주 북구 군왕로 24,35.163651448762,126.930583975133
광주 광산구 왕버들로252번길 33,35.1950998932983,126.835704785778
광주 광산구 사암로171번길 52,35.1600615694007,126.804999462241
광주 북구 설죽로 502 1층,35.2039787312466,126.898511072782
광주 동구 중앙로 223,35.152688759813,126.918043118337
광주 광산구 산정공원로59번길 9,35.1727393316818,126.805726858247
광주 광산구 무진대로231번길 29-17 1층,35.1634491763234,126.805076991029
광주 광산구 산정공원로59번길 10,35.172946921796,126.805731743387
광주 광산구 사암로216번길 10-13,35.1627133465333,126.809349317075
광주 광산구 목련로142번길 24,35.1710334292313,126.813998826905
광주 서구 금화로73번길 18-10,35.1336907019401,126.857683402744
광주 광산구 수완로74번길 38-1,35.1914522852661,126.831174668058
광주 광산구 산정공원로82번길 2,35.1747003390957,126.806695694235
광주 광산구 용아로399번길 42,35.1775264643352,126.803678819161
광주 광산구 용아로379번길 64,35.1767848110205,126.800851690981
광주 광산구 고봉로 53,35.1819606216649,126.801266575449
광주 광산구 하남산단천변우로 28,35.2086442744662,126.813454695694
광주 광산구 사암로216번길 28-12 1층 하남포차,35.1628698723325,126.809840022283
광주 광산구 산정공원로94번길 28,35.1756597969476,126.807976948955
광주 광산구 하남울로12번길 8 1층(하남동),35.1811898268362,126.802616179124
광주 남구 천변좌로418번길 19 하네미,35.1407663841655,126.915707695333
광주 북구 신촌로 9,35.1878532454327,126.911873157237
광주 광산구 송도로 159,35.1291113762972,126.792508638702
광주 광산구 수등로 124 (신가동),35.1826656268898,126.823285498887
광주 광산구 첨단내촌로 31,35.2095748961893,126.837045903594
광주 서구 상무대로 653,35.1415703286122,126.83634341325
광주 동구 지원로5번길 3,35.1240750296764,126.932886681506
광주 북구 무등로 20,35.1701222848023,126.886507127437
광주 광산구 하남대로 92,35.1799636157734,126.80366494502
광주 북구 동배마을길 29 운암산 코오롱하늘채,35.1795121207647,126.859469679033
광주 동구 필문대로273번길 6,35.1465833204836,126.928156772944
광주 광산구 목련로 80,35.1720879235541,126.806516470464
광주 서구 상무민주로64번길 6-1,35.156003962235,126.860064911861
광주 서구 상무연하로 61,35.1537308445062,126.849914958855
광주 북구 일곡택지로 77,35.2086499014042,126.894093354787
광주 남구 금화로374번길 3,35.1409904992547,126.886678158107
광주 서구 금부로 115,35.1400089526253,126.861392375302
광주 북구 첨단연신로108번길 59-17,35.2089885066772,126.865221630712
광주 북구 양일로343번길 30,35.2048676858963,126.900955055108
광주 광산구 수완로74번길 45 1층 하루,35.1918239006226,126.831424352935
광주 광산구 임방울대로 210,35.1800064748907,126.818186957079
광주 서구 시청로60번길 19,35.154084433197,126.85388503651
광주 북구 첨단연신로107번길 19,35.2073478153207,126.862054801841
광주 북구 북문대로 88,35.1782076352549,126.877529361531
광주 광산구 용아로400번길 30 1층 1031호 돈까스 맛집 하루엔소쿠,35.1780934325427,126.806489286879
광주 서구 하남대로 654 1층 돈까스 돈부리 라멘 맛집 하루엔소쿠,35.1716651415847,126.864094740081
광주 동구 경양로 234 108동408호 1층 상가,35.1575960732686,126.915734679338
광주 광산구 임방울대로332번길 25 1층,35.189754213059,126.825256492165
광주 남구 효천중앙로 62 그린타워 105호 돈까스맛집 하루엔소쿠,35.1022045375111,126.87532561176
광주 북구 호동로15번길 55,35.1776201484812,126.914254373078
광주 동구 예술길 10 1층 하루키수필집,35.1506646119269,126.917699561853
광주 동구 화산로 257 부용빌딩 1층,35.1176714674687,126.923609628353
광주 북구 대천로169번길 5,35.1891414647785,126.922276844603
광주 북구 면앙로121번길 62,35.1797826473417,126.926544050459
광주 서구 독립로 193 1층 (양동) 하림맥시칸치킨,35.1503963344234,126.905659888656
광주 북구 설죽로315번길 11,35.1880072555706,126.897090206802
광주 북구 설죽로 518-8,35.2051196822992,126.898964958338
광주 광산구 수완로14번길 27 1층,35.1871392351313,126.829131217115
광주 서구 풍금로27번길 4-9,35.1221062897273,126.863563737542
광주 광산구 임곡상촌길 9,35.2255630216146,126.735410940017
광주 광산구 동곡로 161 1층,35.0981898814077,126.774485296385
광주 광산구 왕버들로251번길 27 상가2동 1층 105호,35.197645438385,126.83519926638
광주 북구 하서로 424 105호,35.2126386138006,126.875049268008
광주 광산구 장신로148번길 17 104호 하삼동커피수완점,35.1897932364912,126.826443865049
광주 남구 봉선로19번길 9,35.1316345257008,126.903878517985
광주 북구 하서로 434-1,35.213471495984,126.875607351582
광주 광산구 풍영로101번안길 1-7 102호,35.1802223176754,126.811156001029
광주 서구 치평로 86 1층,35.1548917494996,126.847782792988
광주 광산구 임방울대로 335 104호 하송참치,35.190025512498,126.823201490609
광주 서구 칠성로 173 하얀 cafe,35.1660141757862,126.876562062252
광주 서구 풍암신흥로 59,35.1218614121034,126.868394391814
광주 광산구 월곡산정로 89,35.1660859928747,126.811910612096
광주 남구 회서로11번길 6 중화요리 하얼빈,35.1317240741781,126.893677372278
광주 남구 군분로 60 하오중화요리,35.1387733108164,126.893004458478
광주 북구 양산택지로33번길 25-2,35.2096401274621,126.876316288535
광주 북구 무등로218번길 34,35.1636272369001,126.906038878382
광주 북구 용봉택지로13번길 13,35.1797934739494,126.88794974882
광주 광산구 광산로 17,35.1382231960705,126.793750024765
광주 북구 동문대로 269,35.1857593633271,126.932759371439
광주 동구 남문로 694-6,35.1325584468642,126.929016026021
광주 동구 필문대로295번길 15-16,35.1450919291116,126.928616675521
광주 광산구 사암로 300 월곡시장 1층 바열3호,35.1713090764483,126.809654948732
광주 남구 제중로47번길 11 1층,35.138644189095,126.912739749686
광주 서구 쌍촌로57번길 25 1층 하원푸드,35.1496212291048,126.861929622584
광주 광산구 수등로 261-7 1층,35.1857014741191,126.837708518063
광주 광산구 장신로 98 롯데아울렛 광주수완점 B블럭 3층,35.1894383628979,126.819287851791
광주 서구 금화로 240 롯데아울렛 2F,35.1336537390124,126.874829477436
광주 북구 양산제로 109-7 3호 하이덮밥,35.2038083707245,126.870361457232
광주 북구 효죽로 2-1 . 1층(중흥동),35.1697249645352,126.915257181243
광주 서구 경열로 30,35.1512577922156,126.889386271322
광주 서구 운천로 223 b101호 하이드아웃다이닝,35.1522782908647,126.854410989506
광주 북구 북문대로247번길 12-9,35.1862569539598,126.864524881475
광주 북구 서방로 7-1 1층,35.1736896952014,126.914005576923
광주 동구 동명로 7-3,35.1501429761288,126.922454637078
광주 서구 상무시민로 96 종산타워 1층 2층,35.1549729129649,126.849475102941
광주 북구 호동로15번길 8 1층 하치하치,35.1755110161146,126.914442112732
광주 북구 호동로 24 1층 하카야,35.1748947600546,126.915085065184
광주 북구 대천로 124-4 일신상가104호,35.1842975638429,126.919898686073
광주 광산구 임방울대로800번길 71 203호,35.2142826655995,126.846506382934
광주 북구 서양로 20,35.1707473342026,126.903741289816
광주 서구 백석길 22-3,35.142368700095,126.85178142614
광주 서구 내방로 37,35.1595318483495,126.844793381567
광주 광산구 월계로 77 첨단모아미래도아파트 상가108호,35.2129178987215,126.833325159454
광주 광산구 산정로6번길 21-3,35.167179659283,126.804316846202
광주 광산구 수등로 273 102호,35.1853541964149,126.838731364803
광주 동구 남문로754번길 2 1층,35.1373637595034,126.925358059965
광주 동구 학소로 142,35.1322514276392,126.932298457142
광주 동구 학소로 128,35.1309956722678,126.93234228667
광주 동구 남문로 669,35.1305021037948,126.929063782247
광주 남구 방림로 36,35.1349772229176,126.921231336412
광주 동구 의재로 55,35.1324253869643,126.933759567509
광주 동구 의재로136번길 25-1,35.1319428762204,126.944506665124
광주 동구 남문로 555,35.1207701360464,126.932979569408
광주 남구 오기원길 1,35.1380567221899,126.91690202262
광주 광산구 무진대로211번길 23,35.1634933443344,126.803738011563
광주 북구 첨단연신로108번길 101,35.2098188638311,126.865088689129
광주 광산구 사암로215번길 53,35.1637079834703,126.805318289122
광주 북구 대자로 14,35.1734388191957,126.874265539749
광주 북구 반룡로28번길 27,35.1778133219197,126.900920806092
광주 광산구 장신로 346,35.1945516238884,126.846437325302
광주 서구 상무연하로 19,35.1499371615803,126.849882856193
광주 남구 봉선중앙로 28 1층(봉선동),35.1236583236412,126.912774824371
광주 광산구 장신로147번길 5-18 한국만두,35.1916680017733,126.824843720116
광주 서구 쌍촌동 964-20,35.1515122058174,126.862734596307
광주 북구 우치로 134,35.1794789440297,126.912265780112
광주 서구 화운로193번길 23 내방주공상가,35.1560463333162,126.874122519223
광주 동구 구성로 216,35.1543677374249,126.915828112616
광주 북구 중흥로 82,35.1637778379187,126.90315700525
광주 남구 봉선로9번길 27,35.132741416057,126.905388180295
광주 광산구 장신로 199,35.1909856197723,126.831862424818
광주 남구 대남대로181번길 12,35.1323828562124,126.905160706254
광주 북구 서하로 343-1,35.1870240020256,126.918172800387
광주 북구 비엔날레로 107,35.181725775931,126.889097878206
광주 남구 서문대로663번길 16-6 한그릇뚝딱,35.1189599728158,126.897051283674
광주 서구 화개중앙로 77,35.125824944313,126.853736398939
광주 광산구 용아로 400 피크닉몰1층,35.1790468140629,126.805039213441
광주 동구 중앙로160번길 12-1 2층 한끼맛있다,35.1474456347271,126.91439380057
광주 광산구 첨단중앙로 153 상가동 102호,35.219318571653,126.841243400864
광주 북구 반룡로5번길 53,35.1810314783294,126.900754418345
광주 남구 백운로 95,35.1416781355169,126.905940769004
광주 광산구 하남대로 289-1 1층,35.1793080939745,126.825346367966
광주 광산구 신창로138번길 7 1층 102호,35.1970412663749,126.839633832362
광주 북구 안산로 30,35.1898190420061,126.902169452344
광주 동구 동명로67번길 16-10,35.1523172518974,126.927423562133
광주 남구 봉선2로 39-9 가 동 301호,35.1263598192859,126.910448461324
광주 북구 우치로 57,35.1725391694164,126.911704057054
광주 광산구 장신로64번길 9-4,35.190155028165,126.817603616086
광주 동구 필문대로187번길 7-21,35.1550104797181,126.933319604894
광주 광산구 수완로74번길 11-72 1층,35.193760437479,126.830892092752
광주 광산구 신창로72번길 10-15 1층,35.191352532183,126.838058740786
광주 남구 서문대로 614,35.1137284088287,126.897966140116
"광주 광산구 무진대로 279 124호, 125호",35.1618891989559,126.810878874726
광주 동구 필문대로287번길 17,35.1451898880335,126.928890823701
광주 서구 상무민주로76번길 22,35.1570958242962,126.861753462248
광주 북구 우치로100번길 27 1층,35.1765965301409,126.914074092118
광주 남구 화산로 39,35.1124763226998,126.901012023951
광주 서구 발산로 35,35.1581961698008,126.89431145598
광주 동구 서석로10번길 10,35.1444093565865,126.915360135632
광주 광산구 수완로50번길 8 금강빌딩 1층,35.1894030615036,126.829312693092
광주 서구 상일로 21-1,35.1575782610989,126.862889806591
광주 광산구 목련로 85-1 1층 한마음정육식당,35.1724300209876,126.807158824628
광주 서구 상무민주로 7,35.1512980431953,126.858272374771
광주 서구 염화로83번길 8-3,35.1423871011988,126.873329658157
광주 동구 금남로 162-10,35.1525949291665,126.910405019247
광주 북구 민주로 164,35.2291163195145,126.944328971235
광주 서구 풍금로24번길 3 1층,35.1221521026264,126.864953092684
광주 북구 군왕로203번길 45 1층,35.1792774791964,126.932827505808
광주 광산구 비아로34번길 12,35.2204083978959,126.821142828429
광주 북구 경양로 104,35.1619695506576,126.903293275259
광주 북구 면앙로 2-1,35.1801860963394,126.912818113962
광주 동구 필문대로287번길 30,35.1444704285914,126.929987167575
광주 북구 서방로 88,35.1710365344333,126.921971566952
광주 광산구 북문대로419번길 58 1층,35.1925931937256,126.846106556733
광주 광산구 장덕로 48,35.1946552679502,126.814965077037
광주 북구 서강로 55-1,35.1768270426654,126.870861210415
광주 광산구 산월로 21,35.2089901041878,126.839682605182
광주 북구 서암대로 36,35.1724709383292,126.888727335741
광주 동구 중앙로196번길 31-5,35.1488918933989,126.918750044515
광주 남구 제석로80번길 47,35.1212930317342,126.912496500204
광주 북구 용봉로 77 전남대학교,35.1739175430866,126.911235470135
광주 북구 우치로110번길 6,35.1772249627963,126.912696894388
광주 서구 치평로 18,35.1487205120861,126.847720977944
광주 광산구 어등대로 412,35.1490331716719,126.768717861025
광주 광산구 수등로 267 1층,35.1853300179665,126.838106700675
광주 동구 충장로안길 7-1 2층,35.1484982625303,126.914803461809
광주 서구 풍금로 165,35.1307246373676,126.85927014679
광주 남구 서문대로499번길 8 삐아체빌딩 1층,35.1095917216244,126.887327565866
광주 북구 서하로 336,35.186628257582,126.917303745938
광주 동구 동명로25번길 6-1 한식경,35.1515819428501,126.923074324252
광주 서구 쌍촌로 26 1층 한식구,35.1471890945342,126.865136711532
광주 북구 하남대로 715 2층 한끼한끼 운암점,35.1720276093797,126.871134670741
광주 북구 반룡로 23,35.179248293172,126.900495411834
광주 서구 상무연하로 33 1층 오감,35.1512621172381,126.849920479866
광주 광산구 선운로20번길 16 1층,35.1474515133425,126.77250376197
광주 북구 용봉택지로 73,35.1786760207311,126.894528341526
광주 북구 송해로 70-7,35.2048537141438,126.899967263146
광주 북구 안산로 34,35.1902265573835,126.902185433557
광주 남구 회서로11번길 7,35.1319813889801,126.893752305459
광주 광산구 임방울대로826번길 60-16,35.2149315006723,126.848112868525
광주 남구 천변좌로382번길 3,35.144488047872,126.912820753295
광주 광산구 신창로105번길 34,35.1952371166481,126.836131539264
광주 남구 백서로 87-2,35.1403234037234,126.915118019548
광주 남구 백운로75번가길 3-7 1층 한옥포차,35.1405292674827,126.905141602191
광주 서구 화운로304번길 11-1,35.166077518457,126.878590979505
광주 서구 회재로 835,35.1187802243497,126.857352258627
광주 남구 백운로 67-2,35.1395456886771,126.905471822824
광주 서구 경열로 139-1,35.1539702772418,126.90042687512
광주 서구 금화로85번길 4-25,35.1333639468368,126.858597950782
광주 광산구 첨단중앙로68번길 99,35.2124815552181,126.848773323076
광주 광산구 수완로48번길 6,35.189159301271,126.829480422663
광주 서구 금호운천길 80-8,35.142050416703,126.856564609422
광주 서구 화운로156번길 25-9,35.1537038172988,126.879468257586
광주 동구 필문대로191번길 15-2,35.1533804702048,126.933174969456
광주 서구 풍암신흥로11번길 12,35.120605488338,126.864099183546
광주 동구 의재로26번길 6,35.1324290739798,126.93021077246
광주 광산구 첨단중앙로152번길 40,35.2187851788676,126.844457588728
광주 북구 삼정로 113-1,35.1714814511712,126.93631371279
광주 남구 효덕로 150,35.1001586791571,126.904711842639
광주 서구 군분로 173,35.1472785008376,126.886020658386
광주 서구 풍암2로57번길 17,35.1235056136134,126.883568893459
광주 남구 군분로 80,35.1402728976339,126.891876768583
광주 북구 삼정로 137,35.1714639133016,126.933862612401
광주 광산구 신창로105번길 27 1층,35.1949676223254,126.836205759034
광주 북구 삼정로 65,35.1676530237321,126.937004501271
광주 북구 우치로231번길 45,35.1849274884587,126.903079441626
광주 남구 군분로 84,35.1406320244815,126.891601197523
광주 광산구 신창로 8-6,35.1858005078653,126.83789167352
광주 북구 북문대로 9,35.1733559027272,126.88374925317
광주 서구 운천로162번길 10,35.1472910412519,126.857960417396
광주 북구 용주로30번길 36,35.1805977746415,126.902902997352
광주 북구 용주로30번길 100,35.1821674995138,126.904965456148
광주 서구 회재로 821 가동,35.1182628731489,126.855779826223
광주 북구 민주로 64,35.2211229150126,126.948694180109
광주 광산구 첨단중앙로181번길 88-16 첨단라인5차아파트 상가동 104호,35.2198571254856,126.831958762601
광주 서구 염화로134번길 3 1층,35.1428474112517,126.879320321382
광주 남구 대남대로107번길 17-1,35.1324128687162,126.913721591392
광주 서구 염화로 131 1층,35.1432328833112,126.878828360435
광주 북구 우치로331번길 6 1층,35.1942550690658,126.903418747029
광주 서구 염화로83번길 4-4,35.1422157032738,126.873974168052
광주 서구 풍금로38번길 27-1,35.1241229850306,126.865321533897
광주 광산구 첨단강변로87번길 20,35.2148110437621,126.851278089766
광주 북구 서암대로 161,35.16944357217,126.902007253936
광주 광산구 용아로399번길 50,35.178048634683,126.803743871632
광주 광산구 임방울대로826번길 30 한해물하네,35.2159620532602,126.84814378878
광주 동구 충장로안길 43,35.1467262726749,126.917533760044
광주 서구 상무대로 633,35.1403652657332,126.834131348327
광주 광산구 하남대로 248-13 대영빌딩 1층,35.1779015334461,126.820722429376
광주 북구 우치로 90,35.1754180399708,126.912734723571
광주 북구 서하로 373,35.1861102894206,126.921287756886
광주 북구 서방로 2,35.1734482268187,126.913254419092
광주 북구 송해로 81,35.2056262631156,126.898881857113
광주 서구 운천로 3 1층,35.1330778628559,126.859069587531
광주 광산구 수완로73번길 7,35.191396128787,126.828097547991
광주 북구 서하로 185,35.1874611155588,126.900751432335
광주 서구 무진대로 904 유스퀘어 2층,35.1605104898663,126.879344508277
광주 서구 풍금로38번길 11,35.123475685622,126.86352206885
광주 남구 서문대로 765-1,35.1276471772531,126.897089614106
광주 서구 화운로 165-5 할매손맛,35.1536400175351,126.876353794199
광주 서구 풍암신흥로62번길 3-31,35.1235920995655,126.868956167178
광주 동구 구성로 269,35.1579786565195,126.919514670259
광주 광산구 송도로162번길 11-11,35.129763373587,126.794118939216
광주 동구 구성로 198,35.1530973829723,126.914317313225
광주 광산구 사암로216번길 20-7,35.1630504902377,126.809658825208
광주 북구 유림로 175 동림동 삼익아파트 상가동 1층 123호,35.1773936976104,126.862801322649
광주 북구 반룡로27번길 40,35.1807880011944,126.901834890681
광주 광산구 임방울대로 154-24 A동 108호,35.1746902319037,126.818575657633
광주 남구 제중로46번길 14 1층 함냐함냐,35.138610315531,126.915176746899
광주 북구 금재로29번길 13,35.1582464718695,126.907192992413
광주 서구 운천로17번길 15-1,35.1340325342462,126.857406966018
광주 북구 설죽로320번길 18,35.1877785974154,126.900781459403
광주 서구 쌍촌로 8 1층,35.1456085572199,126.865297780405
광주 북구 임방울대로1041번길 6,35.212901279354,126.871529415792
광주 서구 염화로 110,35.1427044148771,126.876418287931
광주 광산구 임방울대로 582,35.2096946456217,126.825754003006
광주 광산구 임방울대로801번길 37 1층,35.2198410221858,126.845798120093
광주 광산구 임방울대로 727-6 기산상가1층 102호,35.2183514943128,126.838435358634
광주 광산구 풍영로 222 102호 핫한마라탕,35.1913032759081,126.814467600779
광주 서구 매월2로15번길 16 매월 종합상가 201동 1층 106호107호 (매월동),35.1173263488781,126.85906995107
광주 서구 상무오월로 45,35.1556838648204,126.864322606665
광주 광산구 용아로379번길 42 1층,35.1769749142714,126.801900613256
광주 남구 신효천3길 25,35.0988247485179,126.878862297371
광주 서구 월드컵4강로42번길 65,35.1422001127867,126.882592207449
광주 서구 상무민주로 123,35.1614850702869,126.859316516436
광주 서구 대남대로462번길 13-2,35.1521289033855,126.887468257351
광주 서구 운천로113번길 10,35.1427029852196,126.857007777398
광주 서구 독립로204번길 15,35.1498752123096,126.907825951801
광주 서구 하남대로734번길 5,35.1707691099905,126.872989053357
광주 광산구 풍영로229번길 53,35.1919990510996,126.810925843758
광주 북구 동문대로100번길 8,35.1719409612166,126.924974978757
광주 서구 상무버들로 36 1층,35.1646546022866,126.85954595226
광주 동구 제봉로200번길 10,35.1544436861958,126.916820282274
광주 남구 서문대로751번길 16,35.1274153226619,126.897167802354
광주 동구 동계천로 59-4,35.1540235063117,126.918461899913
광주 광산구 장신로19번안길 9-5,35.1917342849333,126.81147918912
광주 북구 하서로 519 해남장수촌닭,35.2205226240318,126.879392067667
광주 동구 양림로 127,35.1405305589003,126.921571859639
광주 광산구 수완로52번길 1-18,35.1902094917437,126.82930485793
광주 광산구 신가삼효로 21 해남회포차,35.1865456039431,126.834849701109
광주 광산구 임방울대로826번길 20 1층 해녀촌,35.2166546704878,126.848447286458
광주 광산구 장신로147번길 5-12,35.1913728283596,126.824982151728
광주 남구 방림로 19-1,35.1343136880209,126.9193862189
광주 북구 일곡로 21 해담은 간장게장,35.2074451079303,126.8908939654
광주 북구 참판로 91,35.166021250594,126.932893949214
광주 동구 충장로58번길 4-1,35.1495314769451,126.913888772823
광주 광산구 용아로399번길 91,35.1768423649076,126.801099982088
광주 북구 첨단벤처소로 62,35.2335945071195,126.864625731062
광주 남구 포충로 33,35.0560465595173,126.783357050045
광주 동구 구성로 258-1,35.1571163427385,126.918999239655
광주 동구 중앙로196번길 35,35.1485042691656,126.919095897051
광주 북구 서방로 159,35.1694595077368,126.929604501636
광주 북구 중흥로 80-1,35.1637594510717,126.903045398794
광주 남구 대남대로223번길 62-2,35.1304637687556,126.89604517993
광주 북구 면앙로 42 해뜨면마카롱,35.1791890633416,126.916728552704
광주 북구 저불로 81 1층 해뜰날,35.1816531795064,126.895231739152
광주 광산구 월계로140번길 10 1층 해뜰날,35.2130733615081,126.840606363472
광주 서구 상무연하로 9,35.148960791241,126.850014693966
광주 광산구 도산신송길 99 1층 해뜰날회수산,35.1355238149994,126.794927480071
광주 북구 저불로69번길 8,35.1808110168223,126.894475192153
광주 북구 용봉로138번길 32-1 1층 해롱해롱 이나쇼콜라,35.171743236696,126.910918832869
광주 남구 독립로20번길 8-1,35.1353920730455,126.902455477616
광주 남구 봉선1로47번길 9 대흥상회,35.1287814099013,126.910185675371
광주 동구 의재로 30,35.132644606019,126.930867814634
광주 남구 봉선중앙로123번길 4,35.1321482502154,126.910275789009
광주 북구 동문대로168번길 26,35.1769650409053,126.929949767168
광주 광산구 월곡로 56,35.1685766942155,126.815237342548
광주 서구 상무중앙로78번길 5-6,35.1545550414016,126.849474006851
광주 광산구 상무대로 122-6,35.1307945304374,126.787794840555
"광주 남구 봉선로 205 1층101, 102, 136, 137호(봉선동)",35.1227878710397,126.917665187908
광주 북구 우치로100번길 43-1,35.1766487832457,126.914931745361
광주 광산구 임방울대로800번길 25,35.2163113605389,126.84624258955
광주 광산구 용아로 364-1,35.1756844451569,126.804564876025
광주 광산구 사암로92번길 51,35.1525599221542,126.810163403118
광주 북구 동문대로86번길 94,35.1701263842433,126.928309728292
광주 남구 진다리로13번길 2,35.1370538922564,126.90343938749
광주 북구 연양로67번길 10-1,35.2076009125964,126.875264987293
광주 서구 상무민주로76번길 25 1층,35.1572972508224,126.862283560422
광주 북구 호동로15번길 10,35.175630259739,126.914433754429
광주 남구 천변좌로 404 1층,35.1434282891726,126.914681342933
광주 서구 화정로138번길 45-20 1층 해브어나이스도넛,35.1409297158364,126.872924263041
광주 북구 서림로 153 상가동 111호,35.1596884909049,126.901293461827
광주 서구 운천로 131,35.1446375629261,126.856843520071
광주 광산구 상무대로 101,35.1295357918446,126.786008196769
광주 북구 양산택지로51번길 16 해성아구의신,35.2113126500652,126.878787038623
광주 서구 유덕로 17,35.1645080548604,126.852281744102
광주 남구 송암로 37,35.1087076650392,126.878107497818
광주 북구 서양로41번길 9,35.1708051202487,126.905932814947
광주 서구 시청서편로4번길 20 1층,35.1590962613501,126.847665314773
광주 동구 제봉로184번길 10,35.1532079135603,126.917999027732
광주 북구 우치로27번길 45,35.1706275833108,126.908682027751
광주 동구 제봉로222번길 6-4 (대인동),35.1551359172648,126.914088321248
광주 북구 동운로 230,35.1739299843002,126.875152212126
광주 동구 제봉로98번길 11-19,35.148181766922,126.922270266442
광주 광산구 임방울대로801번길 12,35.2186205463867,126.846256247933
광주 서구 상일로64번길 3 1층,35.1612834401772,126.863816210645
광주 북구 서양로41번길 20,35.1711492815249,126.906311352294
광주 북구 대자로42번길 6,35.1732335385102,126.876857204203
광주 광산구 수완로48번길 20 1층 해오름,35.188644220186,126.829318781618
광주 서구 풍암순환로128번길 69-3,35.1282640819675,126.885066308745
"광주 북구 양산택지로 108 해오름, 사흘",35.2154734670669,126.882908993027
광주 북구 군왕로193번길 2,35.1784640478984,126.934552631972
광주 북구 양지마을길 27 1층,35.2090735072023,126.878332184058
광주 남구 독립로 10,35.1344970569255,126.901720632895
광주 서구 금화로85번길 8 1층,35.1331202830781,126.858036490292
광주 광산구 장신로147번길 5-8 1층,35.1913896093599,126.82530525514
광주 북구 저불로69번길 2,35.1807725473545,126.894911088921
광주 서구 상무대로916번길 10-1 1층,35.1499952875196,126.862320336962
광주 북구 서방로 1-8 1층,35.1740003076793,126.913379745825
광주 북구 서양로 118,35.1682649051504,126.913795593561
광주 북구 대천로139번길 8-4,35.1871641706457,126.920760169704
광주 북구 설죽로 517-7,35.204564365197,126.896834314613
광주 서구 상무평화로 6-26,35.1479080453336,126.849976570115
광주 광산구 풍영로101번길 1 1층 해피데이 카페,35.1809157032844,126.811717814917
광주 북구 서강로 78 골든프라자 1층,35.1787258627723,126.871816387855
광주 서구 내방로165번길 9,35.1597691879227,126.858880772606
광주 광산구 임방울대로826번길 19-20 1층 125호(쌍암동),35.2163759055148,126.849476939811
광주 동구 동명로20번길 22 1층,35.1503888474289,126.925732138485
광주 북구 설죽로389번길 69,35.1959954720264,126.89854219539
광주 남구 경열로76번길 32-3 1층,35.1485439086686,126.894051887119
광주 서구 내방로 337 해광샹그릴라 센트럴 337 상가 1층,35.1577292693289,126.877560609924
광주 북구 일곡마을로116번길 19 1층,35.2073564766339,126.891867097274
광주 광산구 임방울대로332번길 19 미래빌딩 1층 103호,35.1897632821236,126.825045223066
광주 동구 충장로안길 12,35.1480709101447,126.914523189129
광주 동구 지산로 53-1,35.1486603268112,126.932546933717
광주 남구 사직길 10,35.142738003768,126.914138989315
광주 광산구 동곡로185번길 15-14,35.099026669984,126.773689820893
광주 광산구 임방울대로 174,35.1766667635712,126.818000632494
광주 북구 일곡마을로 165,35.2105572873369,126.892091948964
광주 동구 동계천로 143-6 1층 행복경양식,35.1491042026731,126.92525142579
광주 북구 문산로74번길 11,35.1876694872614,126.92576586714
광주 서구 풍암2로57번길 1 1층,35.1229652303809,126.881783843498
광주 동구 서석로85번길 2,35.1496317930362,126.920612202175
광주 광산구 첨단중앙로170번길 21,35.22085671548,126.843033637525
광주 북구 하서로339번길 10,35.2054531848095,126.873023475109
광주 북구 안산로 19,35.1888704411024,126.902039273268
광주 서구 천변좌로 238 나-277,35.1538794580939,126.902580261546
광주 북구 서양로 55-2,35.1700932814918,126.907406210149
광주 서구 내방로246번길 17,35.1566952158153,126.868931421302
광주 광산구 송도로85번길 45-20,35.1273485175133,126.785532935661
광주 광산구 북문대로420번길 184,35.1911185172048,126.857013476506
광주 북구 참판로 37,35.1622907716744,126.929206980327
광주 남구 입하1길 2,35.1075012241512,126.87734126725
광주 서구 계수로52번길 11,35.1601636865856,126.857089948057
광주 북구 서강로131번길 5-8,35.1828253139253,126.873958719982
광주 광산구 첨단내촌로11번길 9,35.2084245290389,126.835798424547
광주 서구 월드컵4강로68번길 4-1 1층,35.1429748897339,126.874989137897
광주 동구 구성로 196,35.1530021424775,126.914236967893
광주 남구 중앙로 30-1,35.1441098086365,126.901823752908
광주 남구 양림로 42 행복한  양림밥상,35.136716229275,126.913697410587
광주 서구 풍서우로 196,35.1289122602383,126.841451637171
광주 광산구 왕버들로 113-2,35.2019134492408,126.824001968185
광주 북구 서강로131번길 5-6,35.182959643403,126.874158546446
광주 광산구 월곡중앙로1번길 3,35.1663532186536,126.810447808872
광주 남구 금화로 391,35.1423386613121,126.888323609052
광주 북구 서강로131번길 5-6 행복한 커피공방,35.182959643403,126.874158546446
광주 북구 중문로 8-1,35.1734245264322,126.918452304446
광주 북구 비엔날레로 95 신선마트 옆,35.1803705143609,126.889808049368
광주 동구 필문대로153번길 21-1,35.1576268997367,126.933725425888
광주 남구 제중로 111,35.1412315967029,126.909365580962
광주 북구 무등로202번길 7,35.1647111348557,126.905593418566
광주 북구 무등로 240,35.1639126758874,126.909684860467
광주 북구 서방로 74 광주행운분식,35.171769059584,126.920572028839
광주 서구 경열로143번길 7,35.154532069873,126.900067966987
광주 광산구 선운중앙로 43,35.1496528481647,126.776055287596
광주 광산구 임방울대로 356,35.1916501517207,126.824405767544
광주 광산구 첨단중앙로181번길 88-22 상가동 1층 112호,35.2213474197202,126.832351223379
광주 서구 회재로 908,35.1232269525621,126.863240754014
광주 서구 쌍촌로36번길 22,35.1476409588178,126.866777356168
광주 광산구 광산로 113,35.1432844205016,126.802512406195
광주 북구 임방울대로1042번길 14 1층,35.2112052752476,126.87066226507
광주 북구 일곡택지로99번길 35,35.209853894443,126.890809363278
광주 북구 우치로 251 1층 헨리커피,35.1874040821319,126.905051586757
광주 서구 금화로383번길 2 3층,35.1420676222148,126.887641439079
광주 서구 상무민주로32번길 3-22,35.1543399020504,126.859234542381
광주 서구 상무대로 1046 포비타워 109호,35.1516380002314,126.876435730255
광주 서구 무진대로 904 유스퀘어 1층 102-1호,35.1605104898663,126.879344508277
광주 광산구 무진대로 239,35.1623284881114,126.806802351291
광주 남구 금화로 427 신성소주코너,35.1443506760168,126.890991291524
광주 남구 봉선중앙로47번길 12,35.1251629212326,126.910115154419
광주 남구 광복마을6길 3-1 1층,35.1249783624149,126.896389289728
광주 동구 장동로 53-5,35.147262105592,126.927350354402
광주 광산구 남동길48번길 52 1층,35.12972177051,126.790408434995
광주 광산구 비아로24번길 10-2,35.2203847555119,126.822348795547
광주 광산구 수완로74번길 23-1 후동이 소금구이,35.1919117770986,126.830130287825
광주 광산구 수완로14번길 5,35.1865381596801,126.829541782898
광주 북구 우치로 25,35.1700339561738,126.91086987326
광주 광산구 왕버들로289번길 53 휘게,35.1974378771245,126.842115031523
광주 서구 전평길 39,35.1172395260732,126.847222413105
광주 광산구 사암로216번길 10-19,35.1625418818367,126.809332484793
광주 서구 풍암신흥로90번길 8 1층,35.1245428907237,126.869738629217
"광주 북구 우치로100번길 25 1층, 2층",35.1765902143767,126.913938301463
광주 서구 시청로60번길 10 1층,35.1537218304773,126.852779856466
광주 광산구 수완로9번길 41 1층,35.1859320836015,126.825988533035
광주 남구 독립로20번길 19 제이지센텀파크 1층 카페,35.1356841268742,126.903824163097
"광주 남구 봉선2로 41 1층 104, 105호",35.1258926962154,126.910888696223
광주 남구 천변좌로418번길 20-1 양림떡방앗간,35.1407650274616,126.915571520027
광주 동구 동계천로 166 1층 윤슬베이커리,35.1490241659927,126.927182638193
광주 북구 저불로39번길 6,35.1782428401002,126.894644830595
광주 광산구 사암로340번길 31,35.175246486365,126.810643210629
광주 광산구 장신로 143,35.1910210645136,126.825881499652
광주 광산구 수완로 64,35.1908805382179,126.829105048319
광주 북구 면앙로32번길 18,35.178765608145,126.915430587233
광주 광산구 목련로153번안길 46-3,35.174576721913,126.814039058689
광주 광산구 임방울대로 142-14,35.1739463629134,126.818528899029
광주 북구 서림로 19,35.1676190084338,126.891295039923
광주 광산구 풍영로200번길 75,35.1898803874672,126.818324390171
광주 광산구 수완로74번길 38-2 1층 꽃돈,35.1915879222997,126.830904280466
광주 광산구 장신로147번길 6 1층 104호,35.1913930307458,126.82649393532
광주 북구 서암대로 23 1층 달다 카페,35.1730026709367,126.887482644413
광주 남구 월산동 66-14,35.1442737494686,126.90247264522
광주 동구 증심천로 110,35.1343383107954,126.938828200198
광주 서구 상일로 20,35.1572244972317,126.863226135999
광주 북구 초당로7번길 11 달빛곳간,35.1945513358264,126.893006591047
광주 동구 문화전당로35번길 16-4 오렌지타운 6층 육층집,35.1455380388567,126.917579183014
광주 광산구 임방울대로165번길 69-12,35.175559853617,126.813584863848
광주 동구 중앙로160번길 15-3 사오,35.1475360389736,126.914774176269
광주 광산구 신창로33번길 21-18,35.1874968977137,126.835847451708
광주 광산구 수완로 14 1층 옴서감서,35.1863401591395,126.829049337674
광주 동구 충장로 102-11,35.146763285803,126.917485547073
광주 광산구 수완로52번길 24-2 1층,35.1900194979507,126.829953829031
광주 남구 용대로 164-1,35.1309432536703,126.918225868902
광주 동구 장동로 42 1층 KATSUYA,35.1474373740572,126.92608148993
광주 서구 상무대로 913 1층,35.1512854754978,126.861828589122
광주 북구 우치로90번길 7,35.1756080132355,126.91319086865
광주 동구 서석로7번길 16,35.1461743022998,126.914319521924
광주 서구 운천로204번길 9,35.1514565538944,126.856478416092
광주 광산구 수완로 28,35.1875908241806,126.829138725944
광주 서구 유림로98번길 49 1층 102호 동천동,35.1710503331104,126.869344403551
광주 북구 중문로 79-1,35.1798082201778,126.920507341062
"광주 남구 봉선중앙로 33, 1층 홍콩다방",35.1239987290031,126.912219882803
광주 남구 용대로 131 라인효친아파트,35.1289367530264,126.917730534093
광주 남구 봉선2로 36 2층,35.1254179383001,126.91038706683
광주 광산구 장신로 62 2층 201호,35.1905626905959,126.816933375264
광주 남구 봉선로 131,35.1235519511444,126.909924605514
광주 서구 상무대로 899-1,35.1511938654251,126.859449793846
광주 북구 자미로 61,35.1714696167598,126.904227390056
광주 북구 호동로15번길 36 1층 2층,35.176726411648,126.914578173754
광주 서구 상무대로902번길 4,35.1503345341557,126.860407472746
광주 동구 지호로127번길 6 팔도강산,35.1495566941629,126.943200068648
광주 광산구 첨단강변로99번길 31,35.2153997754156,126.850960151563
광주 동구 문화전당로35번길 18-1,35.1454158566154,126.917244606291
광주 서구 시청로60번길 17-9,35.1547993186646,126.853526082515
광주 북구 반룡로 19,35.1793126777536,126.900200455711
광주 광산구 사암로118번길 107-18,35.155483900142,126.813568880353
광주 광산구 선운로20번길 12,35.1476969253342,126.772153006868
광주 서구 화정로 155,35.145377761955,126.874401550094
광주 광산구 선운로2번길 59-5,35.1465035659781,126.775701337807
광주 서구 상무오월로15번길 25,35.1578910742662,126.861106212476
광주 서구 염화로45번길 13 라인동산아파트,35.1385509655212,126.871248456721
광주 광산구 임방울대로826번길 42 포플레이 115호,35.215428915903,126.848440558502
광주 북구 당뫼로8번길 52,35.1662585252316,126.916169417552
광주 북구 금남로 78,35.1574903232421,126.903957099698
광주 광산구 임방울대로 324 1층,35.1886596408237,126.823785487789
광주 광산구 수등로243번길 28-24,35.1862299784108,126.836732400994
광주 서구 월드컵4강로42번길 55,35.1418910107446,126.881732125884
광주 서구 화개1로24번길 9 109동 상가,35.1281371484556,126.857159413989
광주 서구 무진대로 932 지하1층,35.1596823958076,126.882631959088
광주 동구 제봉로140번길 8,35.1507361283911,126.92156272692
광주 서구 상무대로 777,35.1467897530932,126.848764575121
광주 서구 내방로157번길 10,35.1597383271083,126.858310748928
광주 광산구 수완로9번길 40,35.1857573683317,126.826279634018
광주 북구 수리마을길 49,35.1836338828316,127.000172259037
광주 동구 무등로307번길 3,35.1626563225396,126.916935732035
광주 서구 하남대로 696 1층,35.1714357794275,126.868784715279
광주 북구 북문대로159번길 25-5,35.1822707027075,126.87095601977
광주 광산구 상무대로 242 1층 7번가피자 광주송정점,35.1404929239221,126.794021699419
광주 북구 서하로 327,35.187072657857,126.916300769929
광주 북구 용봉택지로 42,35.1784190940104,126.890920908079
광주 북구 서강로 89 1층,35.1798120002153,126.871990117262
광주 남구 서문대로 665,35.1189496881264,126.898644830047
광주 광산구 용아로400번길 11,35.1789598504116,126.805554520863
광주 광산구 임방울대로215번길 5,35.1805434260371,126.817058821268
광주 서구 화개1로24번길 10,35.1259140128231,126.856843267346
광주 북구 중문로 33-1 1층,35.1758715740567,126.919054301752
광주 광산구 월계로 217 쌍암프라자 107호,35.2137128510991,126.849320186738
광주 북구 첨단연신로91번길 22,35.2065188604959,126.861912779176
광주 광산구 손재로 458,35.2065671542627,126.79534710217
광주 광산구 용아로379번길 49 104호,35.1763894558772,126.801553045805
광주 광산구 사암로390번길 13-22,35.1794660558313,126.809413623646
광주 광산구 풍영로229번안길 2 1층,35.1922148713265,126.813506970842
광주 광산구 신가번영로 3,35.182453384573,126.82348928437
광주 북구 우치로100번길 9-3 1층 010카페&통신,35.1765147631423,126.912918639709
광주 서구 상무화원로12번길 4,35.1443470609319,126.842118096021
광주 남구 광복마을길 85-1 1층,35.1252970600516,126.896571334953
광주 북구 동운로 182,35.1732787414095,126.870504014924
광주 서구 상무연하로 72,35.1546473355906,126.850489133909
광주 북구 설죽로 497,35.203507107517,126.898039012576
광주 광산구 산정로6번길 5,35.1671399794279,126.803524755199
광주 북구 비엔날레로42번길 24,35.1752290985299,126.889326147365
광주 광산구 임방울대로825번길 73  1층 쌍암동,35.221332534182,126.848478132975
광주 광산구 우산로95번길 63,35.1589991767313,126.811806085378
광주 서구 상무중앙로78번길 10 104호,35.1536651693595,126.849578919318
광주 북구 저불로69번길 7-6 1층 소문난 오돌뼈,35.18036025272,126.894169914865
광주 북구 대천로 119-6,35.1858341320526,126.919803745337
광주 북구 양산로 22,35.2106367960497,126.876713223278
광주 북구 송해로 70-4,35.2046249007438,126.899906595165
광주 서구 상무오월로43번길 3-12,35.1559049362625,126.863491638841
광주 동구 중앙로196번길 27,35.1490776427076,126.91845015287
광주 서구 화운로110번길 4,35.1493744303009,126.879494834557
광주 북구 동림동 646-1,35.1788027603053,126.861195143143
광주 서구 상무시민로 95-2,35.155450105901,126.849558403063
광주 남구 봉선중앙로68번길 5,35.1271903832374,126.912113437603
광주 광산구 첨단내촌로70번길 28-1,35.2130876635818,126.838070943337
광주 남구 용대로53번길 15,35.1211479427163,126.916109793318
광주 북구 양산로 36,35.2104236577255,126.878079329522
광주 광산구 사암로383번길 39,35.1793416515325,126.806446916512
광주 서구 내방로 349,35.15779069599,126.878589683427
광주 북구 탁영로 14 1층,35.1664432614609,126.934033302162
광주 광산구 선운중앙로 50,35.1480035567269,126.777286160598
광주 북구 대자실로 23,35.1795012897029,126.873091183097
광주 북구 설죽로 518-4 1층,35.2049462125038,126.898689860274
광주 광산구 월계로 217,35.2137128510991,126.849320186738
광주 서구 염화로83번길 4-25,35.1430442257627,126.873705797352
광주 남구 군분로 76,35.1399854807699,126.892109886721
광주 동구 제봉로190번길 9-3,35.1541248207992,126.917532002199
광주 서구 화정로 129,35.1453832751271,126.871748087017
광주 동구 동계로 38,35.1555703786676,126.925684297632
광주 광산구 수등로76번길 7-8,35.183337999504,126.817904847078
광주 북구 면앙로6번길 79,35.1767630047259,126.913685296521
광주 서구 상무연하로 16,35.1495938814346,126.850577941562
광주 북구 면앙로 182-1,35.1754534437571,126.931488175892
광주 북구 서하로 356-1 1층,35.1864694985576,126.919397985551
광주 광산구 장신로148번길 17,35.1897932364912,126.826443865049
광주 서구 계수로 76 1층,35.1601463417304,126.858902511728
광주 북구 서하로183번길 5,35.187832867296,126.900352425728
광주 북구 북문대로159번길 9,35.1825615648083,126.871544570094
광주 북구 군왕로8번길 5,35.1627179835208,126.929615579335
광주 서구 내방로 352,35.1571808773356,126.879081406783
광주 광산구 풍영로 93,35.1803940006307,126.811313364266
광주 북구 금호로 35,35.1723286460899,126.889649190362
광주 광산구 비아중앙로 49,35.2233737169587,126.825070986295
광주 서구 풍암1로21번길 15-3 1층,35.1259785669893,126.879571873616
광주 광산구 사암로92번길 129-5,35.152649212389,126.814270485539
광주 남구 회서로12번길 3,35.1312539408467,126.892776754439
광주 북구 대자실로 11-4,35.1780110233495,126.873470049584
광주 북구 중가로3번길 25,35.161980595308,126.901009158629
광주 남구 대남대로159번길 15,35.1322299605193,126.907815887339
광주 서구 화운로 11 1층,35.1417558166873,126.885020791659
광주 동구 제봉로110번길 16 2층,35.1489320422397,126.923660318422
광주 남구 봉선로121번길 10 1층,35.124726926076,126.909261432064
광주 동구 제봉로222번길 10-24,35.1548667669226,126.915234068694
광주 광산구 선운로2번길 1-7,35.1481799138468,126.770836084021
광주 서구 상무중앙로78번길 5-6 1층,35.1545550414016,126.849474006851
광주 남구 봉선로9번길 4 1층,35.1322370984133,126.902762725756
광주 광산구 목련로 78,35.1720984852719,126.806357164328
광주 북구 자미로6번길 52,35.1650416326049,126.908014430906
광주 서구 운천로154번길 12,35.1460696105561,126.859198853293
광주 동구 제봉로 21,35.1406587673183,126.921625505
광주 남구 백운로 30,35.1364486318204,126.908319820258
광주 동구 남계길 60-1,35.0924866425546,126.938899718154
광주 광산구 임방울대로216번길 6-3,35.1802702823839,126.818534825159
광주 남구 진다리로39번길 2 1층,35.1368686656575,126.906198122615
광주 북구 운용로 27-1,35.1753501619187,126.889535878549
광주 동구 동계천로 103-2,35.1513630703143,126.922052359148
"광주 광산구 수완로48번길 18 1층, 999",35.18864347831,126.829495993323
광주 광산구 비아동원촌길 19-25,35.2211618265101,126.825584508735
광주 남구 봉선1로36번길 1,35.1275432122125,126.909346298803
광주 광산구 신창로138번길 26,35.1963483224239,126.840123281984
광주 동구 서석로85번길 8-10,35.1500854842091,126.920530002297
광주 서구 마륵복개로150번길 1-1,35.1469071102702,126.853087329583
광주 서구 시청로60번길 16 1층,35.1536996619292,126.853527614369
광주 서구 상무연하로 67 1층,35.1542733790228,126.849919998751
광주 광산구 임방울대로332번길 19 1층 1966김짬뽕,35.1897632821236,126.825045223066
광주 서구 천변좌로 260-1,35.152856094106,126.904213648395
광주 북구 매곡동 45-25,35.1878289064943,126.89194885846
광주 북구 청계로 43 1층 106호,35.1769991411211,126.892583996979
광주 동구 문화전당로35번길 32 1층,35.1445375396155,126.915891456761
광주 서구 마륵복개로 156,35.146476040064,126.853874603772
광주 북구 문산로 108,35.1903765363298,126.927116996005
광주 북구 밤실로208번길 6,35.165485811134,126.933324885973
광주 북구 서양로 47,35.1703384368258,126.90644949631
광주 동구 장동로 23-49,35.1489230442981,126.924404160728
광주 동구 필문대로287번길 13 1층,35.1454232876847,126.928341822486
광주 북구 우치로126번길 3 2층,35.1787314710484,126.912420608015
광주 서구 시청서편로4번길 19-22,35.1601609549491,126.847959345466
광주 동구 동명로25번길 4-1 아우스밀,35.1514975255064,126.923422298026
광주 광산구 신창로 132 SM빌딩 1층,35.196803288721,126.838939224096
광주 동구 경양로 234 그랜드센트럴아파트 108동 상가 2층 434호,35.1575960732686,126.915734679338
광주 동구 동계로 38 그린웰 로제비앙 후문 상가 121-11호,35.1555703786676,126.925684297632
광주 남구 효우로 85 1층 109호,35.1058680930862,126.9045598661
광주 서구 금호운천길 83 상가동 105호,35.1424922205056,126.854637020865
광주 서구 유림로51번길 22 1층,35.1670624355186,126.861219595929
광주 남구 대남대로223번길 10,35.1337272863,126.89832544346
광주 남구 서문대로749번마길 30,35.1230675205627,126.892921655987
광주 남구 효우2로26번길 18,35.1028580387046,126.888084195792
"광주 남구 효천2로가길 15-1 H타워 104, 105호",35.1017707736809,126.875037925828
광주 서구 동천로 10,35.1694151213867,126.860324267597
광주 남구 용대로119번길 13 무등파크 1차 상가동,35.1268505660373,126.916704404034
광주 남구 봉선중앙로 3,35.1215358345726,126.912462012397
광주 광산구 장신로 280-20 1층,35.1911827622618,126.842743984392
광주 서구 월드컵4강로 205 상가1동 103호,35.1541504297922,126.869202303273
광주 남구 구성로8번길 6 B동상가 02호,35.1516649263812,126.896410783617
광주 동구 의재로 64,35.1320089485401,126.934573695756
광주 남구 효덕로 196,35.1022091817044,126.9002061168
광주 서구 월산로 221,35.1560900417903,126.891042473408
광주 남구 군분로 91-1,35.141100127604,126.890826747931
광주 서구 금부로95번길 14,35.1410481705171,126.859313501587
광주 서구 상무공원로 112 해광한신아파트,35.154117548725,126.84324028638
광주 서구 풍암2로53번길 22,35.1236559788257,126.883681130639
광주 남구 효천3로 93,35.1052700129238,126.872823773247
광주 서구 상무화원로3번길 26 1층,35.1453852045593,126.842292219914
광주 동구 남계길 60-1 2층,35.0924866425546,126.938899718154
광주 동구 장동로 23-45 1층 cafe velvet,35.1488100905819,126.924527615461
광주 북구 하서로 508-1,35.2194003809862,126.879239187032
광주 광산구 월계로 175,35.2137152318636,126.845276153492
광주 서구 금화로 278 오가다 롯데마트 광주월드컵점,35.1366611132602,126.879159156444
광주 남구 군분로13번길 22,35.1342203038051,126.893568464413
광주 동구 동명로25번길 9-4 1층,35.1515630144092,126.922508711539
광주 동구 제봉로138번길 12 1층,35.1505244787116,126.922386782254
광주 광산구 목련로394번길 74,35.1836085037443,126.836550673457
"광주 동구 문화전당로35번길 12-1 1층, 2층, 3층",35.1455098269642,126.917712872097
광주 서구 운천로92번길 11 1층,35.1409931443265,126.859898685497
광주 동구 동계천로 131 1층,35.1497392962287,126.924226938317
광주 동구 천변우로 405-15,35.1456808650723,126.914274278316
광주 서구 운천로92번길 7 1층,35.1409625609519,126.859485927533
광주 동구 서남로 30,35.1443110439812,126.924831458481
광주 동구 독립로350번길 18,35.1614159972684,126.915940818903
광주 광산구 장신로 136 1층,35.1904333546598,126.825049496189
광주 동구 증심천로 35,35.1303743792148,126.933513157172
광주 광산구 하남대로 69,35.1805386002598,126.801129732012
광주 북구 밤실로 199-1 지하 1층,35.1649798394401,126.933090513818
광주 서구 쌍촌로 62 루프탑카페,35.1504836391987,126.864716332289
광주 동구 동계로15번길 29 1층 오키,35.1539282367528,126.921748980642
광주 광산구 사암로 210,35.1630755983071,126.80871789353
광주 동구 백서로125번길 32 2층 SPRIT,35.1446043535875,126.917763603877
광주 동구 동계천로 132 2층,35.1495018823912,126.923803110811
광주 광산구 평동로1115번길 53-1,35.1366715645826,126.787062424353
광주 광산구 선운로20번길 18,35.1473819960895,126.772635862982
광주 동구 서석로 40-6,35.1461045326697,126.917827169808
광주 남구 광복마을7길 7 1층,35.1274065921539,126.895496547769
광주 동구 밤실로 152-1,35.1609971046695,126.935434707115
광주 광산구 목련로153번길 124,35.1774474105379,126.815073350638
광주 서구 상무민주로32번길 27,35.1549915593981,126.859367754501
광주 서구 화정로 1,35.1445413979581,126.857463918717
광주 동구 장동로 19,35.1484703195585,126.924018068856
광주 북구 갈마로 47,35.1620193077952,126.935720372892
광주 동구 경양로 234 상가108동 410호,35.1575960732686,126.915734679338
광주 남구 봉선로 115 205동 B107호,35.1247468968584,126.908132055846
광주 북구 우치로100번길 61 1층 verde,35.1766833020991,126.915830475595
광주 동구 동계천로 124,35.149821226161,126.923218647978
광주 동구 동계천로 126-6,35.1497627888232,126.923314947932
광주 북구 설죽로 496-9,35.2039826267836,126.899398823574
광주 북구 황계로 27-2,35.1749691803299,126.875348442146
광주 동구 장동로 15-2,35.1485842949207,126.923943448142
광주 광산구 왕버들로 137 2층,35.2013120270789,126.825406342138
광주 광산구 임방울대로825번길 21-21,35.21937550364,126.847671831899
광주 광산구 풍영정길 225-1,35.1875129328062,126.855732456317
광주 북구 동문대로180번길 17,35.1781717176238,126.930314963694
광주 북구 대자로 69,35.173348580621,126.880029861853
광주 광산구 사암로69번길 10,35.1505266673516,126.806536026025
광주 동구 경양로277번길 31,35.1580189200451,126.919881540222
광주 서구 경열로 11,35.152826609169,126.888598574875
광주 북구 금호로 46,35.1733844608619,126.889117329932
광주 북구 우치로27번길 14,35.1703778114382,126.910364001682
광주 북구 서방로 82,35.1713484462505,126.92133974772
광주 광산구 사암로 300 바열4.5호,35.1713090764483,126.809654948732
광주 광산구 광곡길 9,35.2366049665873,126.738525542056
광주 광산구 북문대로 363-29,35.1882297529917,126.852714568383
광주 북구 설죽로214번길 119,35.1778717703848,126.904220979379
광주 동구 무등로375번길 18,35.162130522675,126.92416364134
광주 서구 천변좌로 238,35.1538794580939,126.902580261546
광주 광산구 내상로15번길 6,35.140246779614,126.796057052789
광주 북구 대천로 171,35.1893286479846,126.922655135534
광주 북구 중문로 2,35.1728955509392,126.918231087972
광주 광산구 임방울대로825번길 51,35.2202849095708,126.848417252602
광주 광산구 장신로20번안길 40-1,35.1904738960181,126.811635927557
광주 서구 전평길 14,35.1158195183747,126.849675934001
광주 서구 상무대로 1104-26,35.1525297114103,126.883810819436
광주 광산구 소촌로152번길 10 스위트밸리1차아파트,35.1577025487318,126.792789473862
광주 남구 오방로 103,35.1344229330741,126.918442932977
광주 광산구 금봉로 26,35.1514548776334,126.801349556545
광주 북구 임방울대로1041번길 20,35.2142762398879,126.87165201673
광주 동구 구성로 200,35.1532639283644,126.914535757052
광주 북구 동문대로134번길 26,35.1741629925308,126.927952705258
광주 북구 운용로95번길 5-7,35.1771328245617,126.896006549947
광주 동구 필문대로153번길 35,35.158039879549,126.935181974012
광주 광산구 장신로 261 1층 127호,35.1909535178025,126.838745445366
광주 서구 내방로 396,35.1576352789779,126.883806194557
광주 남구 월산로151번길 5-2,35.1509238795333,126.895108829625
광주 서구 월드컵4강로226번길 20-1,35.1561640106202,126.871593211686
광주 동구 천변좌로 682 가야농원,35.1232956850804,126.930131455568
광주 광산구 사암로215번길 59,35.1637202218272,126.805137591578
광주 광산구 첨단중앙로152번길 6-1 1층,35.2188099065248,126.84273706622
광주 북구 북문대로 3,35.1729007249711,126.884133453377
광주 광산구 수등로76번길 7-14,35.1828168022725,126.817642628738
광주 서구 마륵로 98,35.1456477742532,126.842294786055
광주 광산구 수완로74번길 11-12 1층 가온참치,35.1923302633261,126.830185854269
광주 광산구 무진대로 246-7,35.1606100734667,126.807610281504
광주 남구 덕남길 37,35.0980020639293,126.895938450917
광주 서구 운천로154번길 12 쌍촌명지아파트상가 지하층,35.1460696105561,126.859198853293
광주 서구 금화로73번길 6-55,35.1330243913177,126.857586800758
광주 광산구 용아로 403,35.1792494476698,126.804429763585
"광주 동구 동명로 8-8 1층, 2층",35.1495947696348,126.922880192908
광주 북구 서하로183번길 3,35.1876411904529,126.900402725972
광주 북구 무등로111번길 29,35.1689814947629,126.896642943261
광주 북구 면앙로170번길 22,35.1748436047221,126.929945878545
광주 광산구 산정공원로 10,35.1693304681727,126.807972839685
광주 광산구 수완로10번길 106 1층,35.1898649453626,126.831912056131
광주 북구 저불로39번길 7-1,35.1779079354631,126.894586529715
광주 북구 황계로 1,35.1728249594896,126.875628017198
광주 광산구 수등로 275,35.1854064033421,126.839016279873
광주 동구 동명로 6 1층 A호,35.1497960156347,126.922694975398
광주 북구 안산로 2-1 1층 가화성,35.1873771610238,126.90270367246
광주 광산구 첨단중앙로182번길 90 105호,35.2215938176562,126.850859198896
광주 동구 필문대로287번길 19-6,35.145318856454,126.929479672974
광주 광산구 임방울대로 468-5 1층,35.2016974067752,126.820692225588
광주 북구 금호로40번길 9,35.1733063704752,126.889970937409
광주 서구 금화로85번길 6,35.1329603095133,126.858052128881
광주 광산구 장신로20번안길 44,35.1904546858981,126.812092841515
광주 북구 저불로31번길 4-2 갈랭,35.1774462865647,126.894927555566
광주 북구 우치로90번길 6 2층,35.1754202646732,126.912945385126
광주 광산구 사암로383번길 25,35.1794326990382,126.807188286196
광주 북구 양산택지로51번길 16 갈비굽는집,35.2113126500652,126.878787038623
광주 북구 양산택지로 37 갈비꽃,35.2097196256351,126.87953368406
광주 남구 광복마을길 71,35.1242768328943,126.896814753085
광주 북구 서하로194번길 3,35.1868673004136,126.901854589418
광주 북구 첨단연신로107번길 45-3,35.2073652878507,126.859534053518
광주 남구 광복마을길 58 1층,35.1227581688479,126.897718791062
광주 북구 하서로322번길 29,35.2063928295213,126.874740030134
광주 북구 석곡로 544,35.2073494203761,126.951230374723
광주 광산구 아산길 9-9,35.2245421318345,126.819421181555
광주 북구 양산택지로 30 1층,35.2089970827046,126.87951410454
광주 광산구 수등로258번길 20,35.183455290982,126.836898022195
광주 서구 상무화원로 20 예당빌딩 1층,35.1449213881933,126.842796148624
광주 서구 시청로 27,35.150960212547,126.850837624684
광주 북구 첨단연신로107번길 5-10 1층,35.2069872130744,126.863591688981
광주 광산구 남동길 46 1층 감성커피,35.131089121525,126.788841885422
광주 광산구 월계로 235-9,35.2142558055531,126.851272951941
광주 남구 봉선로 169,35.1235289912842,126.913548515515
광주 광산구 신창로131번길 10 신창1차남양휴튼,35.1977560185119,126.837858370958
광주 남구 봉선1로 120-1,35.1274603684945,126.91793696381
광주 동구 제봉로82번길 13-6,35.1468765315154,126.922874856063
광주 남구 천변좌로418번길 17 1층 갓샐러드 양림점,35.1408980978847,126.915743222324
광주 서구 상무연하로 31 2층,35.1510555461336,126.849937101446
광주 남구 봉선2로19번길 8 1층,35.1260609404343,126.909375259512
광주 광산구 임방울대로826번길 42 포플레이 2층,35.215428915903,126.848440558502
광주 광산구 평동로800번길 47,35.1232890844251,126.760201748653
광주 광산구 첨단내촌로 53-6,35.211512528816,126.83677724048
광주 남구 군분로77번길 3,35.139820227724,126.891668331236
광주 북구 양산택지로37번길 34,35.2105507154397,126.876093609816
광주 광산구 임방울대로 356 1층 105호,35.1916501517207,126.824405767544
광주 서구 무진대로 904 1층 107호,35.1605104898663,126.879344508277
광주 북구 군왕로32번길 5-1,35.1643592799741,126.931364667623
광주 남구 효천중앙로 35 상가동 1층 101호,35.1035405762775,126.872753630959
광주 광산구 고봉로 855,35.2213598668462,126.73756711087
광주 북구 삼정로 134-3,35.1719028973264,126.934069838163
광주 동구 제봉로184번길 7-3 1층,35.153367059027,126.917416982312
광주 서구 금화로85번길 30-10 바다장어구이,35.1349928002081,126.858290212711
광주 서구 풍금로177번길 5,35.1315422607075,126.858725192231
광주 북구 첨단연신로108번길 69-24,35.2096832121671,126.865090231409
광주 북구 저불로 90,35.1825166184327,126.895789120117
광주 북구 동문대로266번길 19-2,35.1854795750146,126.935226397742
광주 북구 우치로 61 1층,35.1728629957338,126.911908546238
광주 광산구 수완로11번안길 11,35.1868197395041,126.826870585617
광주 동구 필문대로273번길 4,35.146614433726,126.928032301244
광주 북구 우치로27번길 4,35.1702660345269,126.910840969764
광주 남구 봉선중앙로 111 강진식육식당,35.1310298435029,126.910648741637
광주 북구 평교로30번길 14,35.1797372221958,126.925957187184
광주 광산구 삼도중방길 53,35.1512022956381,126.742446089603
광주 서구 마륵복개로 152-3,35.1467883127969,126.853535609178
광주 동구 예술길 19-7,35.1503969457715,126.918690383965
광주 서구 상무연하로 53 1층,35.1530827563266,126.849833618584
광주 광산구 하남대로54번안길 8-13 하남동,35.1774569800568,126.79847099784
광주 광산구 하남대로54번길 55 1층,35.1775241885433,126.799755704304
광주 동구 화산로 358,35.1199762990427,126.932808533506
광주 광산구 월곡로 41,35.168895504873,126.813649031608
광주 서구 동천로18번길 6-1 1층,35.1699658360547,126.86101685634
광주 북구 참판로 95,35.1663153214798,126.933143314969
광주 서구 상일로54번길 8-1,35.1601663878056,126.864219016305
광주 서구 금부로 111,35.1399798744269,126.86095152822
광주 남구 금당로 5,35.1178326522825,126.897283950807
광주 남구 군분로23번길 5-2,35.1355402072017,126.89443609312
광주 북구 하서로 411 거목아구찜,35.2120165360259,126.873779301155
광주 남구 대남대로203번길 17-1,35.1315840544899,126.90309265939
광주 남구 군분로99번길 4-2,35.1417068458264,126.890240843262
광주 서구 상무대로867번길 12,35.1514238898729,126.856906262035
광주 서구 하남대로734번길 9 1층 거북이술상,35.1703444565042,126.872966112924
광주 북구 자산로 98,35.1666016109133,126.902144138827
광주 동구 양림로 123-1,35.140351675646,126.921351033222
광주 서구 유림로33번길 10,35.1655725839858,126.862486725786
광주 북구 서하로 372,35.1857747330202,126.920625156927
광주 서구 눌재로 266-1,35.1080681207442,126.820631983122
광주 광산구 수등로76번길 7-2,35.1835789141008,126.817833276355
광주 동구 서석로 34-6 1층,35.1458596298225,126.917292880863
광주 북구 동문대로110번길 13,35.1726971265227,126.926027678549
광주 남구 봉선중앙로 5 봉선동 쌍용아파트 정문 맞은편,35.1217649059345,126.912509818535
광주 서구 대남대로 423,35.1481924554812,126.888023700367
광주 북구 첨단연신로108번길 39-5,35.2081213048962,126.865698043498
광주 북구 호동로79번길 41,35.1792390343367,126.915737709161
광주 광산구 하남대로54번안길 29 1층,35.1771116976946,126.798487109432
광주 북구 저불로39번길 9 2층,35.177878016254,126.894179718998
광주 북구 저불로39번길 9,35.177878016254,126.894179718998
광주 광산구 어등대로647번길 10,35.1456483019892,126.790735781779
광주 서구 상무대로 915,35.1513998686919,126.861916960472
광주 동구 필문대로287번길 15-27 1층,35.1460463595297,126.929040749731
광주 북구 하서로 396 1층 110호,35.2102574413774,126.874542999716
광주 북구 일곡마을로 23 101호,35.2056912064819,126.898613489564
광주 서구 금화로 93,35.1327090043903,126.858896754906
광주 북구 서하로 374,35.1856354863177,126.920920192878
광주 광산구 상무대로 277-1 1층,35.1434891466522,126.795999584495
광주 북구 설죽로214번길 100 1층,35.1777545515077,126.903260093101
광주 남구 서문대로 648,35.1171874146555,126.898735979148
광주 광산구 월계로 223-8,35.2136432576932,126.850841451437
광주 광산구 장신로 143 45타워 108호,35.1910210645136,126.825881499652
광주 동구 동계천로 168,35.1489383650781,126.9273472185
광주 광산구 사암로390번길 21 2층,35.1792416313625,126.809135628155
광주 북구 감적길 62 1층 우산동,35.1748760336823,126.925824592981
광주 동구 동계천로 180 1층,35.1492003537189,126.928803381853
광주 서구 상무대로 833,35.1493996862307,126.853421406785
광주 남구 봉선로175번길 23,35.1252121744653,126.913766377522
광주 북구 문산로 96-1,35.1895439432639,126.926501339245
광주 북구 우치로 61,35.1728629957338,126.911908546238
광주 서구 상무자유로 137-10 1층,35.1524110739675,126.849479162735
광주 북구 하서로 427 아이컴타워 103호,35.2130941898075,126.874645389092
광주 북구 북문대로 137,35.1811553582513,126.873340350518
광주 동구 증심사길 25 101호,35.1342931316176,126.955287307841
광주 서구 회재로 1050 103호,35.1268724272398,126.878106770321
광주 서구 상무번영로 38,35.1532116653803,126.853303724925
광주 광산구 송도로 160,35.1287623568644,126.792976032682
광주 광산구 첨단중앙로 110,35.2151901966656,126.84317063275
광주 서구 풍암순환로 183,35.1264281103416,126.880242101703
광주 광산구 사암로340번길 43 1층 경성찹쌀꽈배기 월곡점,35.1753236133192,126.811202019757
광주 남구 구성로 124 경원정,35.1487857460298,126.908312460266
광주 광산구 신창로 34,35.1882938295874,126.837283177668
광주 광산구 하남산단8번로 177 지하1층,35.2096404500067,126.815279007689
광주 서구 화운로304번길 22,35.1654438002217,126.87952052922
광주 서구 금부로95번길 6,35.1402045148301,126.859407346314
광주 동구 선교로 208,35.0990707012652,126.964179300269
광주 동구 제봉로222번길 11,35.1557824530667,126.914329204816
광주 광산구 임방울대로 366,35.1928219760981,126.824264128042
광주 북구 서하로 328,35.1866309099253,126.91630989654
광주 광산구 첨단내촌로 102 서라아파트상가 103호,35.2154648415368,126.835166664462
광주 서구 치평로 112 정연하이빌,35.157258227425,126.847678838586
광주 서구 치평로 116 112호 1층 계란밥,35.1577458796963,126.847620747683
광주 광산구 하남대로54번길 59 1층 계란밥,35.1774128350294,126.799788362615
광주 동구 제봉로 219-1,35.1546254284975,126.913766192788
광주 북구 송월로39번길 1 1층,35.1872747485822,126.913110829844
광주 북구 첨단연신로108번길 51-18,35.2088123801051,126.865219395835
광주 광산구 광산로30번길 5-1,35.1386318407052,126.795379228435
광주 동구 구성로 262-9,35.1572424604418,126.91943099488
광주 동구 무등로306번길 6-1 잔치집,35.1618222323261,126.916060039033
광주 서구 월드컵4강로71번길 9 1층,35.143211022713,126.873144905315
광주 광산구 하남대로54번안길 116 1층 계림원,35.1778277200672,126.798803926924
광주 서구 내방로165번길 3,35.1592714208859,126.858849254202
광주 동구 서남로33번길 6-1,35.1447115413907,126.925744977781
광주 남구 대남대로339번길 3,35.1417427948775,126.892842228486
광주 북구 군왕로 173,35.1766444388216,126.933650603961
광주 북구 연양로 89,35.2068850527593,126.877198918627
광주 북구 감적길 24,35.1759455070107,126.92183206837
광주 서구 마륵복개로 104,35.146248813463,126.850116239783
광주 북구 저불로69번길 24-3,35.1809365921711,126.892444439659
광주 광산구 왕버들로265번길 7 1층,35.1966889635068,126.837833369127
광주 북구 서하로 346-1,35.1866086395615,126.918413443902
광주 광산구 신창로33번길 21-6,35.1880502463425,126.835587003448
광주 광산구 소촌로 144 1층,35.1571714796755,126.792374745928
광주 동구 필문대로205번길 12,35.1520236751506,126.932242464826
광주 서구 운천로 7,35.1334273757747,126.859039031319
광주 동구 백서로 125,35.142000225191,126.918961874898
광주 북구 본촌마을길 157-15,35.2184150277757,126.881246687475
광주 북구 대자로 72-1,35.1731566894437,126.880493613338
광주 북구 북문대로 6,35.173518996623,126.884448839093
광주 광산구 산정로 6 1층 고고푸드,35.1671554405458,126.803387619416
광주 광산구 신창로138번길 7 103호,35.1970412663749,126.839633832362
광주 동구 문화전당로35번길 10,35.1455666812128,126.917946776023
광주 광산구 산정로 15,35.1680172538862,126.803348224001
광주 서구 무진대로 904 1층,35.1605104898663,126.879344508277
광주 서구 화정로21번길 29-1,35.1472665593122,126.859303898029
광주 북구 비엔날레로82번길 42 제4동 1층,35.180660593714,126.891430499662
광주 서구 금부로99번길 10-1 1층,35.1406823946105,126.859777196795
광주 남구 봉선로19번길 29,35.131792692308,126.906033440185
광주 동구 필문대로159번길 15-29 1층,35.157379413366,126.933610165661
광주 북구 설죽로202번길 35 1층,35.177452335814,126.899507159006
광주 북구 임방울대로1042번길 49 1층 고기궁전첨단 양산점,35.209577221218,126.868207427881
광주 광산구 신창로 50 1층,35.189731346089,126.837243639608
광주 북구 서방로107번길 92,35.1739314035661,126.926998846476
광주 서구 운천로 131 지상 주차장 상가,35.1446375629261,126.856843520071
광주 광산구 왕버들로252번길 17 고기냄새,35.1956217124964,126.836056428922
광주 광산구 수등로76번길 7-10 1층 고기대군,35.183162997947,126.817812576148
광주 북구 용봉택지로 69 이가 고기도마 용봉점,35.178718976143,126.894070164132
광주 광산구 월계로140번길 35-18 1층,35.2117411396308,126.84168603824
광주 북구 용주로34번길 14,35.1812191060309,126.901817904481
광주 북구 유림로 158-1,35.1766536599955,126.86430017893
광주 북구 양산택지로 118 1층,35.2162402864733,126.882207267993
광주 북구 서양로 47-1,35.1703435887875,126.906584728458
광주 남구 봉선1로 72,35.1278223208171,126.91297565981
광주 서구 염화로31번길 5,35.1371422083967,126.872253355601
광주 동구 필문대로295번길 23-12,35.1445023131381,126.929325319693
광주 북구 대자로 95,35.1732059773282,126.882969515465
광주 광산구 선운로20번길 20-1,35.1472663784109,126.772938517983
광주 광산구 광산로 76,35.141031589567,126.799184640401
광주 광산구 임방울대로216번길 6-5,35.1801407320995,126.818517767191
광주 서구 풍암신흥로 87,35.1244897701295,126.868708102372
광주 북구 하서로241번길 41,35.197379394546,126.874915944367
광주 북구 참판로 84 1층 고깃찝,35.1653114499606,126.932766107927
광주 서구 상무번영로 11 명품주차장빌딩 1층,35.1506566769157,126.852714372684
광주 광산구 사암로216번길 28-8,35.163019925892,126.80988313844
광주 광산구 수등로 211 세영빌딩4층 402호,35.1854237275322,126.832124864461
광주 광산구 목련로 84,35.1720499741251,126.806853893641
광주 남구 오기원길 19,35.1395594738581,126.916117244107
광주 광산구 장신로266번길 10,35.1900529165138,126.839040164595
광주 동구 경양로 234 그랜드센트럴상가 119동 806호 1층,35.1575960732686,126.915734679338
광주 북구 대자로 36 1층118호 고래맥주창고,35.1733117948732,126.876256287102
광주 북구 군왕로 295,35.186604268329,126.93759527811
"광주 광산구 내상로 60 1층 고래맥주창고송정점, 누림폰",35.137006367516,126.798578302928
광주 서구 내방로 247 상무한국아델리움 상가A동104호,35.1580805093604,126.868013077551
광주 서구 월드컵4강로 178,35.1519490581715,126.869806358454
광주 북구 설죽로320번길 20,35.187773226757,126.901047607975
광주 동구 동명로14번길 45-21,35.1498632936042,126.928021758844
광주 동구 서남로33번길 4-1,35.144623528984,126.925680532588
광주 북구 첨단연신로108번길 128,35.2090963400824,126.864684416959
광주 서구 무진대로 932 B-1층,35.1596823958076,126.882631959088
광주 동구 필문대로191번길 11,35.1533602306254,126.932760356729
광주 북구 연양로40번길 8,35.2059049797694,126.87169077794
광주 동구 금남로 231 금남빌딩,35.1490440067958,126.917628214769
광주 남구 효우로130번길 20,35.1025066391227,126.900983057289
광주 서구 상무번영로 4,35.1501350631823,126.853311551334
광주 광산구 송정로8번길 13,35.1364270270973,126.791941452224
광주 북구 대자로 60-1,35.1730713781935,126.878907492638
광주 광산구 수완로11번길 33 1층 고마다비어,35.1861521623994,126.826657686984
광주 북구 설죽로202번길 83 1층,35.1774489876404,126.902021580018
광주 북구 첨단연신로108번길 73,35.2097026513589,126.866200410472
광주 남구 제석로80번길 20 상가동 101호,35.1211682802222,126.909304762598
광주 광산구 월계로118번길 30,35.2121205919853,126.838263853194
광주 서구 시청로60번길 21-6 b103호,35.1542417103585,126.854400797192
광주 북구 자동차로 67,35.1653754096366,126.901706879106
광주 광산구 임방울대로 362,35.1923780022323,126.824348861975
광주 광산구 신창로 8,35.1858003289257,126.837287709046
광주 광산구 월곡산정로 63,35.1662488978965,126.80916324593
광주 동구 필문대로 365,35.1385487766304,126.928185010059
광주 광산구 수완로33번길 76 은빛마을모아엘가아파트,35.1875723974321,126.824074727196
광주 서구 운천로 58 한국아파트,35.1378687785313,126.859142310368
광주 북구 삼정로 112 라인동산아파트,35.1724125617308,126.936500809959
광주 남구 봉선로 158 남양빌딩 102호,35.1226860747399,126.912348880505
광주 남구 효우2로 30,35.1019067158306,126.888846889724
광주 북구 우치로 339,35.1949588479752,126.903760503312
광주 북구 용주로 29-10,35.1820458883963,126.90133549478
광주 북구 자미로 58-1,35.1710737965361,126.904641146242
광주 서구 시청로56번길 18 1층,35.153266146446,126.853858074689
광주 동구 지호로 74-2,35.1475028822881,126.93705778395
광주 서구 상무민주로 100 중흥에스-클래스,35.1593461872956,126.859585041071
광주 서구 풍금로38번길 62 풍암동 이비가짬뽕옆,35.1249525102058,126.868772637346
광주 북구 설죽로217번길 37-1 1층 고신락,35.1790546458373,126.893561324323
광주 광산구 남동길48번길 25 1층 고야화로구이,35.1307702374997,126.790253679631
광주 광산구 첨단중앙로116번길 31 101호,35.2161743080336,126.84423126168
광주 서구 풍암순환로109번길 14 1층,35.1217052030055,126.882608457625
광주 동구 계림로 16-1 1층,35.1554004212733,126.922298301961
광주 동구 동명로14번길 11-5,35.1503007516163,126.92451208209
광주 광산구 산정로5번길 14,35.1672473021132,126.802619798996
광주 북구 호동로43번길 37-16,35.1753516386766,126.914929144627
광주 서구 전평길 8,35.1151808569983,126.84964035853
광주 북구 하서로 442-8,35.2139125269763,126.876576145796
광주 북구 설죽로196번길 31,35.1771953714673,126.898656567787
광주 북구 군왕로 159-1,35.1756252855654,126.933178946364
광주 남구 봉선2로 41,35.1258926962154,126.910888696223
광주 광산구 첨단중앙로152번길 76,35.2187884928348,126.84627592143
광주 남구 백운로 56,35.1382784769998,126.906535345806
광주 광산구 송정로 27,35.1363607699447,126.794366550288
광주 남구 금화로440번길 5-2,35.1449240870998,126.891958626645
광주 광산구 신창로138번길 31,35.1963777525893,126.840431559738
광주 서구 풍암신흥로 85,35.1243650185789,126.868705559827
광주 북구 양산택지로 42 1층 고품,35.2099567073222,126.880104969887
광주 동구 중앙로196번길 31,35.1488285234063,126.918609308189
광주 남구 백운로 46,35.1375845987527,126.907226981016
광주 북구 대천로 140-8,35.1863306692737,126.921563233733
광주 광산구 금봉로 69,35.1518787835221,126.806302358627
광주 북구 천지인로 127 1층 고향국밥,35.1838864152923,126.912543312115
광주 북구 양일로344번길 55,35.200695429322,126.902417325234
광주 서구 쌍학로 5 1층,35.1464459886488,126.865764437355
광주 광산구 무진대로211번길 29-5,35.1635597241111,126.803540170992
광주 북구 중흥로 151,35.1621347225987,126.910626152976
광주 북구 신임로 2-1,35.1639445151556,126.897906975219
광주 광산구 산정공원로60번길 7,35.1728486710473,126.806744206354
광주 광산구 동곡로 151-38,35.0987539514577,126.773322505713
광주 남구 큰방림길 38 식육식당,35.1318120380313,126.922980459529
광주 서구 화운로304번길 23,35.1655859607522,126.879809220298
광주 북구 서방로 152,35.1694086850631,126.928703554029
광주 북구 태봉로 68,35.1626618534872,126.906118796919
광주 동구 양림로 117 2층,35.1400301892699,126.920704810639
광주 남구 군분로42번길 12-1,35.1379477516846,126.895064577546
광주 동구 중앙로 224-1,35.1522157953467,126.918413219836
광주 북구 서방로39번길 25 중흥동,35.1741226873843,126.917740806181
광주 북구 반룡로41번길 3,35.1789982149969,126.90243832275
광주 동구 필문대로205번길 48-1,35.1517907924699,126.936283075682
광주 서구 죽봉대로120번길 8-1 고흥만민물장어,35.1637683089549,126.884658996686
광주 동구 금남로 193-1,35.1513385736616,126.914084411135
광주 북구 천지인로 119,35.1840129734211,126.911684512643
광주 북구 탁영로 21-3,35.1666726984938,126.934943078979
광주 광산구 어등대로665번길 4,35.1449078887636,126.791237308578
광주 동구 양림로 128,35.1402939629064,126.92172922108
광주 북구 동문대로85번길 7,35.1717316921688,126.922722518723
광주 북구 설죽로320번길 26,35.1878591048587,126.901685850186
광주 북구 서방로63번길 24,35.1734016850996,126.920292599826
광주 북구 참판로 89,35.1658860574519,126.932913159411
광주 북구 금재로36번길 42,35.1557047901118,126.909419334162
광주 광산구 남동길30번길 35-6,35.1290341169745,126.790353803132
광주 북구 동림용산로 25 곤조가맥,35.1877848559419,126.867060466027
광주 남구 서문대로499번길 5,35.1093777233696,126.887215757932
광주 서구 상일로14번길 1 1층,35.1568149206269,126.863227041026
광주 남구 금당로2길 9,35.1175544585566,126.896609752959
광주 광산구 임방울대로800번길 71 107호,35.2142826655995,126.846506382934
광주 서구 상무오월로3번길 14-21,35.1569516424995,126.860996848846
광주 동구 동명로 110 법조타운,35.1503923088112,126.932577220578
광주 서구 상무오월로3번길 5,35.1560104417724,126.859666391887
광주 서구 풍암순환로 176,35.1260643168422,126.882914442509
광주 북구 용봉로 62-6,35.1714624228876,126.903680401403
광주 동구 독립로264번길 4-5,35.1542003843383,126.911443574397
광주 북구 밤실로 179,35.1633263679355,126.934042294902
광주 북구 호동로 9-10,35.1751218547519,126.913237601806
광주 서구 월드컵4강로42번길 57-7,35.1421603427981,126.881829837841
광주 서구 금호운천길 54-17,35.1401277514395,126.857889795739
광주 북구 면앙로133번길 31,35.1782435226588,126.926894541159
광주 서구 상무대로 797-2,35.1477143438523,126.849831738698
광주 북구 설죽로370번길 10,35.192859981571,126.900010954303
광주 서구 천변좌로 94,35.1605882675316,126.889145783686
광주 남구 백양로39번길 4,35.1342630288652,126.906344408969
광주 북구 대자로 76,35.1731244383338,126.880785771407
광주 북구 군왕로8번길 3,35.1627154861633,126.929506040093
광주 서구 시청서편로12번길 11 . 1층 치평동,35.1602058934339,126.84685466297
광주 남구 대남대로171번길 5,35.1329364669811,126.906544632565
광주 동구 동계천로6번길 1,35.1564955291911,126.913708684637
광주 북구 군왕로208번길 16 1층,35.1788970988555,126.936660990349
광주 북구 첨단연신로107번길 45-22 토담빌딩 1층,35.2065426231359,126.860625211869
광주 북구 호동로 9-4,35.1749365615391,126.913399610446
광주 광산구 손재로110번길 41,35.1764306881638,126.799116836499
광주 서구 금화로73번길 2-13,35.1326842471155,126.857535714647
광주 광산구 장신로 189,35.1910540111461,126.830876070376
광주 남구 양림로 51,35.1372674734252,126.914674384328
광주 광산구 선운로20번길 20 1층 곱창나라,35.1473139383497,126.772777287609
광주 북구 용봉택지로 69,35.178718976143,126.894070164132
광주 남구 효우2로26번길 25 1층 103호,35.1023215835398,126.888224003058
광주 북구 저불로 65,35.1803612319313,126.895296632917
광주 광산구 수등로76번길 39-8,35.18202917347,126.817386718609
광주 동구 백서로125번길 34,35.1446590238841,126.917701218463
광주 남구 봉선중앙로 46 삼익1차 상가 1층,35.125437699113,126.913391696629
광주 광산구 첨단중앙로 96 LC타워빌딩 4층 411-2호,35.2138293623386,126.843468142344
광주 광산구 장신로19번길 5 곳간,35.1915472343881,126.812278851792
광주 서구 상무중앙로38번길 11 충광빌딩,35.1504961605567,126.849935823803
광주 동구 동명로 5-1 2층,35.1500130401317,126.92251753383
광주 광산구 평동산단연산로 30,35.1128144898305,126.755671158221
광주 광산구 내상로15번길 39,35.1411001116447,126.79751666018
광주 동구 구성로204번길 20 영무 파라드 오피스텔,35.1521749944914,126.916082678633
광주 북구 상촌로 36,35.2114879901954,126.878634338882
광주 서구 천변좌로306번길 10,35.1497140621302,126.907370369042
광주 북구 하백로 10,35.1883722583116,126.890859957299
광주 서구 상무오월로3번길 11 1층공원칼국수,35.1565412575514,126.859670967968
광주 광산구 수등로243번길 11,35.1856511670579,126.83529627655
광주 북구 갈마로 51,35.1620223410941,126.936172581661
광주 서구 하남대로 670 1층,35.171552436256,126.865760289476
광주 남구 제석로 110,35.1242087793009,126.907535512826
광주 광산구 장신로 68,35.190518729196,126.817666705799
광주 북구 자미로 68,35.1721162981744,126.904974518753
광주 북구 하서로 400 아이맘아동병원 1층,35.2105367564149,126.874529720501
광주 북구 설죽로 338 일곡빌딩 1층,35.1896379366299,126.899390595509
광주 북구 설죽로 207 1층,35.1781623696656,126.897186379438
광주 서구 상무중앙로 95,35.1554760859773,126.847771058748
광주 광산구 장신로 142,35.1903736957054,126.825619365654
광주 북구 우치로 106-1 공차 전남대점,35.1768434741502,126.912524179371
광주 동구 서석동 300,35.1410715216523,126.929587691323
광주 북구 첨단연신로91번길 20-14,35.207325426245,126.862419664516
광주 광산구 첨단중앙로 96 LC타워 1층 128호,35.2138293623386,126.843468142344
광주 광산구 어등대로 410,35.1489870728395,126.768366926155
광주 남구 효천2로 28 1층 104호,35.102060379533,126.873470163989
광주 북구 청계로 48,35.1771431792332,126.892992848782
광주 광산구 수등로76번길 49 과일_츄릅,35.1818657984604,126.817174647174
광주 동구 필문대로273번길 7 1층 과자배움,35.1465734567542,126.928548331209
광주 동구 경양로 234 상가 107동 1층 305호,35.1575960732686,126.915734679338
광주 광산구 수완로 46,35.189145911802,126.829189490415
광주 북구 양일로 58,35.1974919934787,126.871236997103
광주 서구 화정로 78-1,35.1447037187728,126.865982272192
광주 동구 의재로96번길 18,35.1309047969532,126.938927978392
광주 동구 제봉로82번길 13-12 관지리,35.1466997570595,126.92284736851
광주 남구 금당로2길 8,35.1177257595254,126.896341757604
광주 북구 서방로63번길 13 1층 우산동,35.1730730850322,126.919935383927
광주 서구 화개중앙로4번길 3,35.1226618613816,126.860999285847
광주 동구 백서로 208 1층 광동진씨,35.1463262502071,126.926055718327
광주 광산구 박호등임로 421-25,35.1863814447544,126.751582295287
광주 광산구 목련로 237,35.1729744467176,126.823233470964
광주 서구 상무대로867번길 2,35.1505112696261,126.857141176404
광주 광산구 수완로74번길 12-6 1층,35.1910622811225,126.829446032504
광주 광산구 임방울대로 360-1,35.1921907479201,126.824381216919
광주 동구 학소로 110-12 1층 광민이네 동태탕,35.1294908433306,126.933150933719
광주 남구 회재로1223번길 10,35.1343878331732,126.894250393356
광주 동구 문화전당로 37-2,35.1458595039295,126.918705212519
광주 서구 죽봉대로 113,35.163528930244,126.883364033752
광주 광산구 용아로399번길 22-1,35.1781959472003,126.803763058675
광주 서구 금화로85번길 4-36,35.1337991303617,126.858834746558
광주 서구 동천로10번길 5-8,35.1697529284522,126.861010742172
광주 광산구 왕버들로265번길 5,35.1965589252242,126.837786191243
광주 남구 봉선중앙로123번길 22,35.1320100378911,126.908185341906
광주 서구 시청서편로4번길 10-1,35.1590968003815,126.846734802826
광주 광산구 무진대로212번길 21,35.1605637590028,126.803742304817
광주 북구 북문대로232번길 3-4,35.1872875673251,126.866804138684
광주 광산구 수완로11번길 53,35.186219346519,126.825613418907
광주 북구 두리봉길 2-1,35.1758948340767,126.931480669964
광주 광산구 임방울대로801번길 76,35.2213721460272,126.846437456869
광주 동구 필문대로 229 광양숯불구이,35.150354297892,126.930549506219
광주 북구 서방로 16-9,35.1728534739505,126.914853367896
광주 동구 천변우로 361-20,35.1489571172494,126.91174171867
광주 북구 금재로9번길 3,35.1582960977598,126.904704352164
광주 동구 의재로136번길 31,35.1320133870567,126.945153853859
광주 서구 경열로 91,35.1521832275508,126.895907047678
광주 광산구 첨단중앙로170번길 36,35.220505266699,126.843720585482
광주 북구 서하로 176-1,35.1871471506986,126.899738747339
광주 북구 안산로 40 광장시장,35.1909424270854,126.902202582612
광주 북구 호동로43번길 37 2층,35.1759741764479,126.914630995761
광주 남구 봉선1로 50-8 광주곱창,35.127760721539,126.910573318327
광주 서구 운천로17번길 4-11,35.1346844125361,126.858494612756
광주 서구 쌍촌로 10 1층,35.1457377076093,126.865284618516
광주 남구 봉선중앙로123번길 10-1,35.1320884840611,126.909419820828
광주 남구 제중로 34,35.1376540699832,126.914421717999
광주 서구 운천로17번길 4,35.1342804875794,126.858782784977
광주 서구 독립로 195,35.151016103429,126.905189573698
광주 남구 제중로 36,35.1377613749852,126.91435478172
광주 남구 제중로 36 1층 너두나두호두,35.1377613749852,126.91435478172
광주 남구 서문대로749번길 15-1,35.1260186708746,126.895914566582
광주 광산구 왕버들로 217,35.1986789120755,126.83373594865
광주 서구 상무자유로 180,35.151318081032,126.853894152323
광주 북구 안산로 28,35.1896549126465,126.90217854264
광주 서구 상무화원로11번길 8,35.1452460278086,126.841803059849
광주 동구 서석로 29-5,35.1461340534868,126.916575790454
광주 동구 필문대로191번길 5-5,35.1536201875003,126.932282955504
광주 남구 효우로93번길 5,35.1053588287753,126.905029468292
광주 광산구 목련로153번안길 42 운남동 1층,35.1743604802029,126.813917479747
광주 서구 상무자유로 24,35.1510881574472,126.836680042408
광주 광산구 수완로74번길 50-8,35.1910696008641,126.831584899777
광주 동구 서석로7번길 12-39,35.1466591484196,126.915351002517
광주 광산구 장덕로 41,35.1952054505393,126.814080233218
광주 남구 서문대로 660,35.1181608966984,126.899611725122
광주 남구 군분로 38,35.1370192041012,126.894379759708
광주 광산구 사암로279번길 16-10,35.1700223487542,126.808427858571
광주 동구 제봉로17번길 24 1층 광주오리날개튀김,35.1388869306176,126.920474610721
광주 북구 우치로110번길 12 1층,35.1772764856168,126.913024424223
광주 북구 우치로 124 1층,35.178429992939,126.91233145903
광주 북구 저불로 48-4,35.1787350173953,126.895938530173
광주 남구 신만산길 46-9 광주정가든,35.093979928299,126.849519719079
광주 동구 구성로194번길 23,35.151760540862,126.916071032079
광주 서구 백석길 21,35.1425628579956,126.851932726223
광주 광산구 첨단중앙로152번길 31-9,35.2198981985159,126.843713401515
광주 동구 예술길 31-1,35.1493146835852,126.919367476845
광주 남구 봉선로51번길 42,35.1290081247623,126.909006531791
광주 광산구 하남대로 271 1층,35.179420682429,126.82342546969
광주 서구 월드컵4강로42번길 3-1,35.1410902877425,126.876007697009
광주 북구 서방로39번길 36-1 1층 광주특별시,35.1745080065538,126.918123648702
광주 광산구 지로길6번길 32,35.140511353605,126.765060059845
광주 광산구 임방울대로 727-6 기산아파트,35.2183514943128,126.838435358634
광주 북구 밤실로169번길 2,35.1625401805735,126.934333575891
광주 서구 시청서편로4번길 8,35.1591110906371,126.846346349652
광주 남구 대남대로 275,35.1369502842275,126.896720420193
광주 서구 무진대로 932 신세계백화점 광주점 B1,35.1596823958076,126.882631959088
광주 서구 화운로322번길 13,35.1681512064206,126.87870491027
광주 광산구 평동로 775,35.1253048709217,126.759282172262
광주 광산구 광산로 11-1 1층,35.1380684183626,126.793212859585
광주 동구 지호로 38,35.1478183486843,126.932841514648
광주 광산구 임방울대로 503,35.2050470532827,126.818904388644
광주 서구 풍금로38번길 56,35.1247728379039,126.868163157802
광주 북구 능안로12번길 43,35.1862431711605,126.919537974926
광주 북구 설죽로 346,35.190331663704,126.899552790404
광주 동구 필문대로287번길 29-21,35.1450468891786,126.930212403306
광주 남구 유안초등북길 7-6,35.1271251089613,126.914103484452
광주 광산구 풍영로101번안길 15-11,35.1806082982715,126.809671805998
광주 광산구 산월로 45,35.2089699693476,126.842264034663
광주 북구 군왕로 154,35.1749065662123,126.933220371616
광주 광산구 월곡산정로 13-1,35.1667447602697,126.803707478506
광주 광산구 소촌로152번길 30,35.1574720958781,126.795189273218
광주 북구 설죽로 306,35.1868176333758,126.898569743799
광주 서구 상무연하로 22,35.1501196182626,126.850483368951
광주 서구 풍암1로 11 1층,35.1260485227858,126.878049302155
광주 동구 지산로 21,35.1460572006431,126.931114359872
광주 동구 동계천로 12-1 1층,35.1562174058551,126.914013321093
광주 서구 군분2로 21-2,35.1549891159428,126.880885655232
광주 북구 하백로 15,35.1889122147914,126.890510303315
광주 북구 문산로 86-1,35.1887822197715,126.925928670695
광주 남구 봉선중앙로 135-1 교촌치킨,35.1330630379925,126.910389663482
광주 광산구 선운로 7,35.1489615458585,126.770393607137
광주 광산구 장신로19번안길 29-2,35.191448631047,126.81397591813
광주 광산구 신가삼효로 8-13,35.1853948669682,126.833549136178
광주 광산구 신창로 104 1층 102호,35.1944170686229,126.838077145691
광주 서구 내방로 231,35.1580305746678,126.86596107739
광주 북구 양산로 48,35.2102367415696,126.879363240953
광주 북구 양일로 54,35.1974272870694,126.870570677358
광주 북구 송해로 60,35.2037800239511,126.900077627178
광주 북구 호동로43번길 38,35.1761557404576,126.914674607757
광주 남구 서문대로627번길 9 한국아델리움 2차상가 230동 102호,35.1149046272846,126.896086775523
광주 광산구 임방울대로826번길 69,35.2143957111992,126.848956045508
광주 광산구 용아로379번길 55 1층 103호,35.1763611983611,126.801360562007
광주 동구 의재로 22,35.1327630394403,126.930072239413
광주 서구 화정로 259 G-place 1층 113호 114호,35.1481081175349,126.885070788517
광주 북구 양일로 100 4층,35.1976052181302,126.875825355546
광주 북구 하백로6번길 12 1층 102호 (광주광역시 북구 매곡동 494 1층 102호),35.1877969216583,126.890958004597
광주 북구 자미로66번길 8-10,35.171275342834,126.904988779645
광주 남구 군분로42번길 3,35.1376605938829,126.8941504792
광주 서구 매월1로 7,35.116148410654,126.854764564541
광주 광산구 하남마항로29번길 33,35.1842199762414,126.79687750523
광주 서구 시청로60번길 17-7,35.15454801927,126.853525764664
광주 동구 동계천로53번길 4,35.1544684345758,126.918219457636
광주 서구 상무대로1080번길 1,35.152300958578,126.880213532269
광주 광산구 왕버들로289번길 25,35.1965153042884,126.840983725974
광주 남구 봉선로19번길 14-1 카페 구름사이에,35.131498378791,126.904510769049
광주 광산구 광산로 66-1,35.1405930431544,126.79834967689
광주 동구 동계천로 143-11 1층,35.1494839544599,126.925119057525
광주 광산구 신창로72번길 22,35.1914813702036,126.838286977832
광주 북구 평교로18번길 42,35.1783816325935,126.92678189099
광주 남구 압촌길 54-5,35.090841703799,126.838842634513
광주 동구 필문대로191번길 15-10,35.1536013738023,126.933139010766
광주 광산구 광산로67번길 7,35.1409616060613,126.798022865392
광주 북구 우치로 390 1층,35.1994695969001,126.903665577675
광주 서구 상무오월로3번길 14-22 1층 구오,35.1567253116432,126.860997233835
광주 서구 화운로 108,35.1492082058471,126.879390604539
광주 북구 일곡마을로 182 2층,35.2102608806513,126.89408566179
광주 북구 첨단연신로91번길 6 첨단씨티빌딩 1층,35.2065606742013,126.863654670132
광주 북구 서하로 240-8 1층,35.1866751231005,126.906866326503
광주 광산구 송도로 285,35.1388105974531,126.799923850067
광주 광산구 송도로 180-2,35.1302137559764,126.794314638078
광주 북구 독립로 412,35.1670649582129,126.917068238235
광주 광산구 장신로19번안길 5-2 1층,35.1913943089306,126.811314836299
광주 북구 대자로 72,35.1731679695456,126.880324323923
광주 서구 쌍학로 12,35.146156562346,126.866254127296
광주 북구 하서로 457,35.2156023019731,126.876235415375
광주 북구 용주로30번길 7 국밥연가,35.1814230589143,126.901566249199
광주 북구 동문대로191번길 17,35.1796118625101,126.928387361346
광주 광산구 신창로33번길 21-6 1층,35.1880502463425,126.835587003448
광주 광산구 용아로379번길 64 1층,35.1767848110205,126.800851690981
광주 동구 경양로 234,35.1575960732686,126.915734679338
광주 서구 치평로 116 월계수타운,35.1577458796963,126.847620747683
광주 광산구 장신로 76 1층,35.1904850416113,126.818341819707
광주 남구 구성로8번길 6 B동10호,35.1516649263812,126.896410783617
광주 남구 효우로 81,35.1061607846387,126.904582229705
광주 서구 하남대로 654,35.1716651415847,126.864094740081
광주 북구 매곡로 51,35.1895631857695,126.893865813643
광주 남구 대남대로223번길 10 상가동 103호,35.1337272863,126.89832544346
광주 광산구 광산로 92,35.1418890368259,126.800867590615
광주 북구 서암대로 95 상가 1층 115호,35.1719565573747,126.89627001083
광주 광산구 장신로 255,35.1910253731679,126.838285355988
광주 광산구 장덕로 47 장덕로 47. 1층,35.1951030831273,126.814567668103
광주 남구 서문대로 700 아이안과,35.1218035225824,126.898995755189
광주 북구 문산로74번길 13,35.1876221441212,126.925877131917
광주 광산구 월곡반월로 19,35.1673622008266,126.812476925159
광주 북구 대자로 54,35.1732579410253,126.878259982457
광주 북구 탁영로 17,35.1666788910954,126.934558672659
광주 광산구 목련로 322,35.177774548361,126.829728922586
광주 북구 중문로10번길 45-1 국향중화요리,35.1731665953433,126.920818321965
광주 북구 용두택지로 32,35.2138037946339,126.877167632824
광주 동구 필문대로191번길 15-24,35.1538097667726,126.933136206306
광주 서구 상일로 11,35.1565367451252,126.862893858894
광주 광산구 임방울대로332번길 17 1층,35.1897654062881,126.8248311141
광주 북구 비엔날레로 103,35.1811782069006,126.88989336061
광주 북구 대자로 88,35.173075062841,126.882094358918
광주 광산구 송정로8번길 64,35.1345229786248,126.790573334146
광주 동구 제봉로82번길 3 굴마을생선구이,35.1461025762376,126.922238114705
광주 광산구 신창로36번길 15,35.1886613068879,126.837951869307
광주 광산구 남동길48번길 53 현은빌,35.1297341008353,126.790919681925
광주 광산구 장신로 62 1층 104호,35.1905626905959,126.816933375264
광주 동구 의재로 54,35.1322123623335,126.933371550775
광주 동구 제봉로212번길 7 1층,35.1551563728246,126.915490585061
광주 서구 풍암신암로 38,35.1238620981993,126.883095431885
광주 서구 화개1로 31,35.126528984503,126.855376435526
광주 서구 상무공원로 112 상가106호,35.154117548725,126.84324028638
광주 광산구 동곡로 735,35.1472038177547,126.777748149334
광주 광산구 신창로86번길 7-9,35.1933991444073,126.83778840963
광주 북구 저불로 40 1층,35.1778471331601,126.895463869916
광주 북구 일곡택지로 55,35.2066678805527,126.894050023546
광주 북구 첨단연신로91번길 44 대성빌딜 112호 굽네치킨 첨단2호점,35.2065572651572,126.85949008944
광주 서구 염화로 121-1 굽네치킨 광주화정점,35.1431605615526,126.87771916054
광주 서구 월드컵4강로112번길 7-14,35.147122360704,126.873376313225
광주 동구 경양로 369-1,35.1542311329484,126.929445533937
광주 동구 중앙로160번길 6 2층,35.1479134013896,126.913702381235
광주 광산구 산정공원로71번길 18-20,35.1748454455815,126.805730520428
광주 서구 상무대로1081번길 12-2,35.1534943012415,126.880246024781
광주 남구 독립로80번길 32,35.1406921176006,126.905685680623
광주 광산구 송도로85번길 22,35.1264457438533,126.786776583886
광주 북구 호동로43번길 45,35.1759664041262,126.914219004388
광주 동구 중앙로 216,35.1517351280695,126.917655573184
광주 동구 제봉로 19,35.1405579639562,126.921716897943
광주 남구 신만산길 66 궁전관,35.0947739955261,126.849416267416
광주 광산구 첨단중앙로124번길 54,35.2163019859099,126.845251694846
광주 북구 서하로183번길 31,35.1902407689572,126.900598946777
광주 북구 서방로107번길 86 1층,35.1737016373682,126.92683252216
광주 북구 중외길 35,35.1891099445246,126.893922948141
광주 남구 신만산길 55-4 귀빈정,35.0944166064795,126.849346516825
"광주 북구 운암산길 47 1층, 2층 귀한족발 광주동림점",35.1791979787126,126.864032910458
광주 동구 참판로26번길 21,35.1610772448609,126.929469806326
광주 광산구 첨단중앙로106번길 36 1층 규이치,35.2146562562066,126.845076013758
광주 서구 상무연하로 48 죽암빌딩 1층 103호,35.1524788166622,126.850539414135
광주 광산구 첨단내촌로70번길 64-27,35.211975356666,126.840075079561
광주 서구 화정로39번길 4-7,35.1452062287289,126.861968464181
광주 북구 용주로30번길 70 1층 좌측,35.1809784386874,126.904288805363
광주 동구 서석로85번길 8-3,35.1500234143509,126.920170212522
광주 광산구 수완로9번길 42,35.1858813899075,126.826276295909
광주 서구 풍서좌로299번길 22,35.1264004499561,126.837115308975
광주 서구 풍암2로53번길 20,35.1236211121927,126.883510254527
광주 북구 안산로 17,35.1887406590876,126.902055459228
광주 북구 무등로 1554,35.1436991608365,126.989463315886
광주 서구 화정로 273,35.1486642486054,126.886303835904
광주 북구 임방울대로 1066,35.2112949072227,126.87334100343
광주 서구 운천로 106,35.1420798544632,126.85852691515
광주 남구 봉선중앙로 105 상가동 1층 102호,35.1303712280583,126.910663614622
광주 서구 쌍학로 4,35.1461712268566,126.865577454949
광주 서구 동천로10번길 13 그랑데,35.1696253588077,126.860986700054
광주 광산구 왕버들로 181,35.2003934372851,126.830144145967
광주 광산구 풍영로229번길 35,35.1919913212202,126.812040003294
광주 북구 우치로241번길 56 101호 그래도넛,35.1866473263696,126.902135155585
광주 북구 북문대로169번길 16 106호,35.1832459132292,126.87039697257
광주 동구 중앙로160번길 31-31,35.1471379983928,126.91619649221
광주 동구 갈마로 14 산수동,35.1605582599994,126.93234602416
광주 광산구 수완로9번길 22-1,35.1848268786414,126.826831115605
광주 남구 봉선1로26번길 10 1층 그레이스강,35.1269007856093,126.907998091526
광주 광산구 신창로105번길 16-22 그레텔 과자점,35.1957262612547,126.837387387034
광주 북구 금남로115번길 19 1층,35.1561841588263,126.908255320565
광주 광산구 월곡산정로 96-21 상가동201,35.1644043661191,126.813098277934
광주 동구 구성로 171 그리고커피,35.1516130839613,126.912137448228
광주 남구 서문대로 683 1층,35.1202765491821,126.898598646811
광주 광산구 월곡중앙로 6-8,35.166664407379,126.811050580503
광주 남구 봉선중앙로 92 그리지오,35.1291212237587,126.911163638095
광주 남구 대남대로 283,35.137652407573,126.89614851294
광주 서구 상무버들로 18 1층 101호,35.1645931472489,126.861518615182
광주 광산구 첨단과기로 93-34,35.2265884192371,126.836381925067
광주 남구 군분로42번길 11-1,35.1380655989745,126.894901809746
광주 북구 첨단연신로107번길 5-20,35.2069638185847,126.862670774666
광주 서구 유림로98번길 17 1층 그집밥상술상,35.1712330446517,126.865804833115
광주 남구 군분로23번길 5-1,35.1356155493082,126.894629659607
광주 서구 시청서편로4번길 11,35.1593050086111,126.846872924651
광주 남구 제중로47번길 1-2 그플하우스,35.1386517937638,126.913540650559
광주 동구 서석로7번길 12-24 1층,35.1465289901014,126.915348503552
광주 남구 유안초등북1길 12 1층,35.1272210513122,126.913522013162
광주 남구 서문대로 341,35.0990834526965,126.876993702128
광주 서구 천변우하로 373,35.168915961631,126.861118642458
광주 동구 양림로119번길 15,35.1409899824788,126.919916883857
광주 남구 봉선중앙로91번길 11 광주통닭,35.1290564574977,126.909635149074
광주 북구 송강로 240,35.1705826723454,126.998396896799
광주 북구 북문대로33번길 12-4,35.174665570802,126.88105313381
광주 북구 면앙로133번길 8,35.1771881684483,126.926669777581
광주 북구 풍동길10번길 5 1층,35.1660986572169,126.920772156745
광주 동구 구성로 181,35.1522966611193,126.912991532039
광주 광산구 무진대로211번길 29-9,35.1635965236576,126.803332852017
광주 광산구 무진대로231번길 30-24,35.1631227242508,126.807399879488
광주 서구 상무연하로 72 골든유토피아 202호,35.1546473355906,126.850489133909
광주 광산구 첨단내촌로70번길 72-1,35.2130819088677,126.840457748739
광주 북구 동운로 114,35.174644284266,126.863514112489
광주 서구 화개중앙로 26 1층,35.123506532479,126.8588179488
광주 남구 서문대로 780 상가 401동 1층 102호,35.1289012787244,126.898627235112
광주 광산구 신창로138번길 8 1층 금동화로,35.1969095946908,126.839441819481
광주 북구 밤실로 212-1,35.1659501983773,126.932524098642
광주 북구 서방로107번길 5,35.1708539198096,126.924100327272
광주 북구 반룡로42번길 12,35.178156352573,126.902220314263
광주 서구 염화로 115,35.1430473347897,126.877257786795
광주 남구 독립로 11 우리해장국,35.1346728411162,126.901299633035
광주 북구 서하로 156,35.187004985344,126.897452142179
광주 북구 서림로 19 1층,35.1676190084338,126.891295039923
광주 동구 중앙로196번길 15-4,35.1497365406744,126.917522602127
광주 북구 서방로73번길 33,35.1733911998019,126.921211868036
광주 서구 풍암2로57번길 7-1 1층 풍암동,35.1231637358768,126.882458369251
광주 북구 북문대로169번길 16,35.1832459132292,126.87039697257
광주 남구 서문대로824번길 6,35.1316661762375,126.901093587852
광주 동구 제봉로222번길 2 금성식당,35.1550350840323,126.913875181861
광주 동구 지원로 18-12 1층,35.1237987219081,126.934796058705
광주 북구 월동로 37,35.1750254060642,126.934952123671
광주 남구 봉선중앙로67번길 3,35.1269549115266,126.910830927358
광주 광산구 첨단중앙로152번길 5-6,35.2194664327411,126.842793464337
광주 북구 송해로 77,35.2051631002412,126.89914852021
광주 서구 동천로10번길 30,35.1693361587686,126.86181430717
광주 북구 저불로 29,35.1771059175853,126.895012194969
광주 동구 경양로247번길 11-1,35.157816551087,126.918375580026
광주 광산구 신창로166번길 24,35.1982505999122,126.842301780608
광주 북구 첨단연신로108번길 51-4,35.2088244930155,126.86590016771
광주 남구 유안초등북길 21 일등공신,35.128466678833,126.914329295418
광주 북구 매곡로 64,35.1909372418388,126.893798476918
광주 북구 연양로67번길 37,35.2100360977721,126.875531101781
광주 광산구 임방울대로 727-5 라인3차상가 금영순대왕족발,35.2181752548616,126.837071112807
광주 북구 일곡마을로 55 현대2차아파트,35.2049298738031,126.895688893483
광주 광산구 사암로215번길 51,35.1636793139452,126.805482671189
광주 서구 경열로 7 1층,35.1530789955828,126.888310910782
광주 남구 봉선로 96 1층,35.1252043903953,126.906198113175
광주 동구 독립로264번길 6,35.1542521845308,126.911775839849
광주 서구 상무버들로 38,35.1646632675616,126.859323446853
광주 서구 상무번영로 30,35.1524404398716,126.853434391165
광주 광산구 내상로 27,35.1393032710532,126.796507320875
광주 동구 중앙로272번길 4,35.15579949473,126.921107007703
광주 광산구 어등대로665번길 3,35.1449448791031,126.790891433365
광주 동구 서남로 26-1 1층,35.1444849010085,126.924371722463
광주 광산구 동곡로 161-20,35.0986963268381,126.774322570187
광주 서구 금화로85번길 4-32 금호대패삼겹살,35.1336114982203,126.858861842515
광주 서구 운천로 43,35.1365488336596,126.858608903013
광주 서구 금화로73번길 10-6 1층,35.1331076532437,126.857106955221
광주 서구 운천로 76 . 상가동 2층 204호,35.1393445608799,126.859127259108
광주 서구 금화로73번길 6,35.1327133805887,126.85686373525
광주 서구 화개1로79번길 3,35.1309308794436,126.854770908546
광주 서구 쌍촌로 43,35.1488585100745,126.864576027802
광주 서구 운천로100번길 3,35.1416905759878,126.858775474644
광주 서구 금화로73번길 6-57,35.133056934313,126.857743535421
광주 서구 운천로17번길 15,35.134027001618,126.857531071601
광주 서구 금화로85번길 15,35.1338974722944,126.857681506841
광주 서구 금화로103번길 13-1,35.1339420253246,126.859713594209
광주 서구 무진대로 904 광주유스퀘어 2층,35.1605104898663,126.879344508277
광주 남구 봉선중앙로 130 1층,35.1325661400573,126.910788273577
광주 광산구 첨단중앙로106번길 30,35.2145557694245,126.84473496118
광주 서구 화정로 188,35.1453280036997,126.877926505002
광주 광산구 어등대로648번안길 58,35.1488440569711,126.780586996163
광주 서구 화운로23번길 4-5 기보우,35.1428862584117,126.883838351788
광주 동구 동명로 49,35.1516284074388,126.926041154432
광주 광산구 수완로52번길 36-7 1층,35.1896575141271,126.83104860051
광주 서구 화운로 277 기아스포츠문화센터,35.1635762670185,126.865223489011
광주 북구 양일로343번길 33 1층,35.2049947322224,126.900680795751
광주 북구 설죽로202번길 93 1층,35.1774685371929,126.902568044968
광주 서구 시청서편로12번길 6 기와집,35.1599210404219,126.846195556961
광주 북구 중흥로 107,35.1633026183213,126.905988212543
광주 남구 사직길 10 301호,35.142738003768,126.914138989315
광주 서구 금화로73번길 17,35.1339005535969,126.857006490852
광주 서구 상무번영로 12,35.1507912686614,126.853249794553
광주 서구 운천로100번길 13 1층 긴고기,35.1419969503171,126.859785915693
광주 광산구 장신로147번길 5-8 삼우주차빌딩 1층,35.1913896093599,126.82530525514
광주 서구 운천로17번길 4-9 금호P.C,35.1342804875794,126.858782784977
광주 북구 중가로51번길 18,35.1601892168026,126.906314701462
광주 북구 안산로 21,35.1890441812915,126.901988558456
광주 북구 대자로 71 1층 길목숯불돼지갈비,35.1733384254346,126.880242511212
광주 북구 우치로126번길 8 1층 길성유부,35.178623387697,126.912655438459
광주 동구 동계천로 51-3,35.1544706762188,126.91766971849
광주 서구 금화로85번길 30-2,35.1349847181318,126.857854185132
광주 북구 참판로 84,35.1653114499606,126.932766107927
광주 서구 동천로10번길 20-6 1층,35.1691420108025,126.861108817936
광주 서구 화운로 24 상가 B동 102호,35.1426348096021,126.886246490358
광주 북구 양산택지로 81 1층 102호,35.213482144029,126.881643545337
광주 북구 서하로 179,35.1874043369613,126.900211204724
광주 광산구 풍영로329번길 50,35.2019364264363,126.811423221682
광주 동구 경양로 234 108동 1층 김가네,35.1575960732686,126.915734679338
광주 서구 풍금로151번길 14,35.1313287843433,126.858233253153
광주 광산구 신창로 64,35.1909878387072,126.837381786207
광주 남구 행암길 9 천년나무7단지 단지상가101호,35.1023727268669,126.895124116974
광주 광산구 용아로 395,35.1784925949548,126.804327503112
광주 동구 용산1로 12,35.1184032915598,126.924192447209
광주 북구 운용로95번길 10,35.1772054266253,126.896688632617
광주 광산구 하남동 646,35.1763887536168,126.798236182027
광주 광산구 선운로 1-3,35.1486865533167,126.769687532615
광주 서구 회재로 841,35.1193325942413,126.857824113997
광주 북구 하서로 439,35.2141993587721,126.87519075396
광주 서구 상무민주로5번길 16 1층 102호,35.1510092357615,126.85665336703
광주 광산구 수완로52번길 36-6 1층,35.1898364334379,126.830790755612
광주 남구 서문대로 689-6,35.1210592455685,126.898217549141
광주 북구 서방로107번길 50-2,35.1723755038213,126.925703148905
광주 동구 지호로 42,35.1477318205103,126.933335748538
광주 남구 천변좌로338번길 16 김명화서리태콩국수,35.148578251248,126.908788204698
광주 동구 독립로264번길 4-1,35.1543349095664,126.911624954537
광주 광산구 임방울대로800번길 63,35.2146171315198,126.846202401158
광주 동구 무등로 309-1,35.162337878453,126.917076110058
광주 동구 백서로153번길 3,35.1433194582471,126.921843192423
광주 광산구 도산로9번길 12,35.12885450618,126.790997853048
광주 서구 동천로 8,35.1693123582463,126.860316978986
광주 북구 서방로 136,35.1697946790457,126.926942719007
광주 남구 봉선1로 47 김경호내과 미니스톱,35.1280915564585,126.91049769258
광주 광산구 첨단중앙로68번길 100,35.2110934758053,126.848918451065
광주 광산구 무진대로231번길 30-25,35.1632469747142,126.807540630034
광주 광산구 내상로 30,35.1390444423921,126.796317804752
광주 북구 자미로39번길 29,35.1698664818029,126.901998074691
광주 남구 용대로 134,35.1281438685085,126.918464663195
광주 북구 설죽로370번길 32,35.1934736921979,126.901969184153
광주 광산구 수등로 270,35.18497672279,126.838335985605
광주 광산구 월계로 78-1,35.2122319880972,126.834652397631
광주 광산구 사암로 271,35.1687465409394,126.808467294078
광주 남구 군분로 77,35.1400216668043,126.891651165879
광주 광산구 풍영로 271 부양빌딩 1층 104호,35.1954172085762,126.815337124573
광주 남구 서문대로749번길 12,35.1262347208248,126.896327027939
광주 북구 동문대로 16-3,35.1662508684681,126.919906836209
광주 서구 군분2로 58,35.15820554128,126.881175438996
광주 광산구 손재로110번길 24,35.1757273799489,126.798369001082
광주 광산구 비아중앙로 37-1,35.222423357692,126.824712966521
광주 광산구 광산로 71,35.1410684805023,126.798602423409
광주 광산구 수등로258번길 3,35.1848272224294,126.837284708102
광주 광산구 신창로 70 경원빌딩 1층,35.1915170410976,126.837394895887
광주 서구 상일로 44-1,35.1595378356223,126.863386349903
광주 광산구 목련로 42,35.1723960619297,126.802197351514
광주 북구 북문대로242번길 13,35.1883223767086,126.865954611013
광주 북구 문산로 27,35.1846674163346,126.92215067354
광주 북구 하서로 400 아이맘병원 1층,35.2105367564149,126.874529720501
광주 광산구 첨단중앙로181번길 5,35.2210208459613,126.840820609901
광주 광산구 첨단내촌로 101,35.2154797972484,126.834105879016
광주 광산구 하남대로54번안길 142,35.1778276149957,126.800156100073
광주 광산구 월곡산정로 5,35.166833504223,126.802850429858
광주 북구 군왕로 75,35.1679758860745,126.932478957234
광주 광산구 하남대로54번안길 115,35.1783051631104,126.798421588549
광주 북구 능안로29번길 13-2,35.1877451582114,126.916169315032
광주 북구 금호로 89,35.1758038142652,126.885650095373
광주 광산구 월계동 764-1,35.216659994395,126.83600205726
광주 북구 삼정로 109,35.1714383772442,126.936851193233
광주 북구 서하로 361,35.1866530867686,126.920050963334
광주 남구 제석로80번길 50-23,35.1206467963535,126.912806886901
광주 북구 동문대로204번길 43,35.1798785474112,126.932419932293
광주 서구 운천로 31,35.1353445420158,126.858856767022
광주 남구 독립로 13,35.1348699773983,126.901309709136
광주 북구 우치로 230,35.1854698836648,126.905769457408
광주 남구 군분로 21,35.1357085726325,126.89494422997
광주 동구 제봉로222번길 2,35.1550350840323,126.913875181861
광주 광산구 비아로45번길 8-10 김밥천국 비아점,35.2200976011067,126.820465151025
광주 광산구 송정로29번길 20,35.1366006386458,126.795494914282
광주 광산구 신창로 115,35.1955797006567,126.837924845069
광주 북구 연양로67번길 37 1층,35.2100360977721,126.875531101781
광주 북구 황계로 34 벽산블루밍메가시티 201동 118호,35.1751845541801,126.876089990502
광주 북구 황계로55번길 12 102호,35.1780533465332,126.875343404744
광주 북구 군왕로 311,35.1873978622556,126.937324797494
광주 북구 서하로183번길 1,35.1874985004001,126.900395983044
광주 광산구 도산동 836-12,35.1301203893715,126.793422215771
광주 북구 동배마을길 29 상가 118동 6호 김삿갓통닭 동림점,35.1795121207647,126.859469679033
광주 광산구 선운중앙로 43 상가,35.1496528481647,126.776055287596
광주 광산구 임방울대로358번길 26 1층,35.1916521758065,126.825494317145
광주 북구 대자로 36 1층 김삿갓통닭,35.1733117948732,126.876256287102
광주 서구 풍암신흥로50번길 1,35.1211407654464,126.868638437848
광주 광산구 수완로 86 김상궁,35.1926666015927,126.829510975985
광주 서구 상무화원로 36,35.1456575096958,126.844316797763
광주 광산구 수등로 297,35.1853807081924,126.841747058909
광주 서구 풍금로 55,35.1234003132284,126.861835103885
광주 북구 문산로74번길 9,35.1877239516754,126.925655693692
광주 동구 필문대로192번길 6-6 1층,35.1540950205047,126.930840346018
광주 동구 의재로 20,35.1328019291973,126.92983125938
광주 서구 금호운천길 102,35.1439022931871,126.856361532108
광주 광산구 선운로 5-1,35.1486593875586,126.770001360862
광주 북구 서양로 31,35.1707659051713,126.904771475418
광주 북구 모룡대길 47,35.2160396326218,126.895653265567
광주 남구 봉선중앙로 62 1층,35.1264509824268,126.911478010742
광주 서구 상무중앙로 101 108호,35.1558574255529,126.847607367273
광주 광산구 장신로 77 1층,35.1912522353662,126.818556745748
광주 북구 첨단연신로107번길 33,35.2073285937095,126.860696460423
광주 남구 독립로54번길 34 수목원,35.1384291264146,126.905414518644
광주 북구 양산택지로 152,35.2176103019529,126.878880811706
광주 서구 내방로 235-1,35.1579955549123,126.866489932022
광주 광산구 목련로219번길 137,35.1776050098062,126.823747101637
광주 북구 용주로30번길 87 1층상가,35.1818091278048,126.904288051113
광주 광산구 산월로 33,35.2089935482698,126.840789944151
광주 북구 양산택지로 31 1층,35.2092629367399,126.879197859508
광주 광산구 광산로 33-4,35.1391533994999,126.795344455962
광주 남구 김치로 60 광주김치타운 1층,35.1096679113926,126.866653478549
광주 남구 광복마을4길 9 한신1차아파트 상가101호,35.1205236876647,126.896870498463
광주 광산구 산정로6번길 10,35.1669640683009,126.803601136674
광주 광산구 용아로400번길 30 1층 1108호,35.1780934325427,126.806489286879
광주 서구 상무대로868번길 26-1,35.147721593188,126.857552641058
광주 광산구 장신로 189 1층,35.1910540111461,126.830876070376
광주 북구 첨단연신로91번길 20-7,35.2069809687614,126.861899806794
광주 광산구 임방울대로826번길 86,35.2136247858488,126.848450940767
광주 서구 유림로98번길 43 1층,35.1711103158442,126.868716740349
광주 광산구 수완로74번길 1,35.1918970883374,126.829171434898
광주 북구 용봉택지로 75 1층,35.1786448936603,126.894700739927
광주 남구 봉선로133번길 15,35.1246883021023,126.910046778058
광주 서구 금화로85번길 12,35.1335573968996,126.858073256402
광주 서구 상무연하로 47 1층,35.1525234931758,126.849931004111
광주 북구 설죽로214번길 129,35.1780442110094,126.904577676742
광주 동구 동계천로 131 2층 까라벨라데오로,35.1497392962287,126.924226938317
광주 북구 청계로 27,35.1755482682187,126.893242049311
광주 광산구 광산로 34-2,35.1388367645035,126.795619240843
광주 서구 풍금로38번길 21,35.1239009799233,126.864594201233
광주 광산구 비아로34번길 7,35.2201440351428,126.820840035783
광주 남구 서서평길 2 까브,35.1426471584158,126.915437786069
광주 남구 중앙로110번길 31,35.1437071204939,126.910366695954
광주 광산구 송정로15번길 33 1층,35.1376913288004,126.794667587531
광주 남구 유안초등북길 3-12,35.1264740457533,126.913965382032
광주 남구 양림로 77 까스 까스 돈까스,35.1380518662521,126.917182052875
광주 광산구 수완로50번길 30,35.1893145764785,126.830423360319
광주 북구 송월로 30,35.1863495717413,126.913326459324
광주 광산구 첨단내촌로 63 1층,35.2122786732823,126.836707723855
광주 북구 자미로 55 2층,35.1710096511304,126.904109814704
광주 서구 화정로309번길 23-2,35.1519665094073,126.88789078522
광주 북구 호동로 67,35.1777536440308,126.917903796252
광주 동구 무등로415번길 2,35.1589367908446,126.92779370666
광주 광산구 목련로 76,35.1721446423044,126.806023892618
광주 북구 첨단연신로 166,35.213942288732,126.863493070398
광주 서구 상무대로868번길 6,35.1497338314477,126.857051996866
광주 북구 양산제로 143,35.2048473624999,126.873087014126
광주 북구 용주로30번길 75,35.1812120314229,126.90412582904
광주 남구 독립로 167,35.1484878702851,126.903809101227
광주 서구 상무버들로 36,35.1646546022866,126.85954595226
광주 남구 화산로31번안길 3,35.1124992994486,126.900013675552
광주 서구 내방로 356,35.1571540375599,126.879464046816
광주 광산구 도산로 26,35.1303235200601,126.791663264955
광주 광산구 첨단중앙로68번길 131 상가동107호,35.2116026394588,126.849707490339
광주 광산구 풍영로330번길 34,35.2003649226101,126.81688722474
광주 북구 하서로229번길 67,35.1972290299081,126.874028163552
광주 남구 군분로77번길 22,35.139070740665,126.889764316763
광주 광산구 하남대로54번안길 42-6,35.1777051238131,126.797876361186
광주 광산구 산월로 27 2층,35.2089866500252,126.840206138369
광주 광산구 풍영로101번안길 8 1층 104호 까페CAFE1983,35.1814186052484,126.810873170241
광주 서구 회재로 835 도지커피,35.1187802243497,126.857352258627
광주 북구 월동로 30,35.1742100780588,126.935194500656
광주 북구 용봉택지로 82 깐깐한족발 용봉점,35.1782470419642,126.89554163233
광주 광산구 첨단중앙로116번길 46 깐깐한족발,35.2157068394469,126.845263478053
광주 남구 봉선2로 38,35.1255355995457,126.910554027797
광주 남구 대남대로159번길 18,35.1321165580027,126.907564756764
광주 남구 서문대로663번길 25,35.1183188607168,126.895609737467
광주 광산구 월계로 82,35.2123572808814,126.834854226307
광주 북구 호동로75번길 8-2,35.178485684557,126.91771006331
광주 광산구 산정공원로93번길 28-5,35.1763209520455,126.804937479551
광주 서구 쌍촌로3번길 10-23,35.1460878931189,126.863839114497
광주 광산구 신가삼효로 2-6 1층 102호,35.1855938641268,126.832878672647
광주 광산구 상무대로 122-15,35.1307840509999,126.788399961536
광주 서구 죽봉대로119번길 1,35.1641306197587,126.883304451658
광주 남구 군분로90번길 2,35.1410030921253,126.891374109589
광주 북구 우치로241번길 42,35.1864755210338,126.902685753015
광주 서구 유림로98번길 37 1층,35.1710953574831,126.8679741561
광주 동구 필문대로153번길 33,35.1579862852701,126.935082030114
광주 남구 봉선중앙로134번길 3,35.133109395554,126.911038723032
광주 서구 쌍학로8번길 2 1층,35.1461733081602,126.865747436659
광주 서구 상무연하로 50 1층 104호,35.1527095544784,126.850531090376
광주 북구 문산로 43-5,35.1858419573433,126.922548317949
광주 북구 자미로 60,35.1712065613702,126.90463462444
광주 북구 대천로157번길 60 1층,35.1900941320514,126.921616711916
광주 광산구 어등대로648번길 138,35.1449062692541,126.782425998792
광주 광산구 수완로9번길 18-12 1층,35.1858709078993,126.827582512448
광주 북구 설죽로202번길 79,35.1774362326808,126.901853630893
광주 광산구 사암로287번길 7,35.1700046238839,126.808562039731
광주 남구 회재로1218번길 8-1,35.132631067396,126.894550226722
광주 북구 일곡마을로 78-7 1층,35.2060616817994,126.892674776679
광주 서구 금화로73번길 7 1층,35.1328963277995,126.85653392354
광주 북구 대천로 177,35.1896654131637,126.922967738253
광주 북구 자미로66번길 2,35.1715733187861,126.904972406182
광주 서구 상무버들로 41,35.1642983529312,126.858897316845
광주 북구 삼정로 145 1층,35.1716019750237,126.932831952997
광주 서구 눌재로 249,35.1066902262555,126.820587069353
광주 북구 밤실로 163-2,35.1619816851638,126.934642340422
광주 북구 군왕로 277 1층,35.1851451938239,126.937848254251
광주 광산구 첨단내촌로 32 1층,35.2096076653969,126.837418470492
광주 서구 풍암순환로188번길 7,35.1277270709699,126.882364261248
광주 남구 독립로80번길 10,35.1407309428057,126.903367670329
광주 북구 문산로74번길 27,35.1872844357929,126.926517207872
광주 광산구 장신로265번길 29 1층 101호,35.1921103458674,126.839107367283
광주 동구 지원로 3,35.1238016989183,126.93281998341
광주 서구 운천로31번길 5 1층,35.1353559404624,126.858428494194
광주 서구 시청서편로4번길 17-11 1층 꼬밥이꼬마김밥,35.1597494666988,126.847371485281
광주 광산구 첨단중앙로181번길 88-16,35.2198571254856,126.831958762601
광주 광산구 수완로 69,35.1914696081839,126.828492451584
광주 동구 동계천로 135-3 1층 꼬쟁이,35.149548368046,126.924339272885
광주 서구 상무버들로40번길 13,35.1657290225696,126.859004171561
광주 광산구 하남대로 149,35.1802871153847,126.809997077268
광주 동구 무등로375번길 19-2,35.1623320391487,126.923976093295
광주 북구 대자로42번길 2,35.1733208860029,126.876863110128
광주 서구 화정로253번길 26-1,35.1495044753774,126.882874291983
광주 북구 대천로 124-2,35.1853058434959,126.920206978728
광주 북구 양산신촌길 3,35.1987129966654,126.875576928221
광주 서구 칠성로 89 105호,35.1668163618293,126.867084610459
광주 북구 설죽로214번길 115 1층,35.1779300083721,126.903892664864
광주 동구 동명로 98 2층,35.1507193353831,126.930998930264
광주 동구 문화전당로35번길 23,35.1448826935511,126.916838351082
광주 광산구 하남대로 288,35.1787550623131,126.825061787517
광주 북구 삼정로 97,35.1706624211463,126.937242031211
광주 북구 설죽로 122,35.1712696954618,126.896448494886
광주 남구 독립로54번길 29,35.1386991563005,126.90458630367
광주 광산구 동곡로185번길 15-17 꽃게장 1947,35.0986675120639,126.773757714993
광주 북구 연양로67번길 20 1층,35.2085816060986,126.875462266302
광주 북구 태봉로 37 국제미소래 2차 1층상가 103호,35.1614758150715,126.902766247064
광주 광산구 소촌로86번길 20-18 꽃달다,35.151368595631,126.794579238862
광주 동구 금남로 193-7,35.1514785763389,126.914369273839
광주 북구 효죽로 1-1 1층,35.1699000970854,126.915255352982
광주 서구 상무중앙로28번길 7 꽃도니,35.1495130420943,126.849278182502
광주 서구 동천로10번길 14,35.1693937912419,126.8609789712
광주 북구 동운로 228,35.1738830354889,126.874988937416
광주 동구 양림로 120 1층 125호,35.1399869008851,126.921361150082
광주 북구 동림용산로 31-8,35.1876321296004,126.866290068312
광주 서구 화정로244번길 7,35.1466778857003,126.884268519726
광주 북구 설죽로 505-10,35.204207782775,126.896931514076
광주 동구 제봉로140번길 4,35.1505191295591,126.921221190697
광주 서구 하남대로 704 1층꽃불연탄구이,35.171414405751,126.869692568486
광주 서구 화운로 165-2 1층 101호,35.1538274137912,126.876534047657
광주 서구 풍금로23번길 7,35.1212684015442,126.864304438068
광주 광산구 풍영로 228,35.191738017968,126.814480227639
광주 서구 상무평화로 116,35.1486113955525,126.85152856577
광주 북구 밤실로 196,35.1646362581974,126.933612391365
광주 북구 송해로 82-8,35.2057113387253,126.899734493936
광주 북구 일곡마을로 170,35.2102874668103,126.892546980905
광주 서구 내방로 314,35.1574160184617,126.874885831925
광주 북구 서림로 26-2,35.1670285027193,126.891265969206
광주 광산구 송정로 6-1 꽃피우다,35.1370750703897,126.791973379737
광주 서구 화정로 130,35.1450658281619,126.87133465649
광주 광산구 사암로 300 마 5호 월곡시장,35.1713090764483,126.809654948732
광주 북구 서림로 91-1,35.1635098040111,126.897177601479
광주 광산구 선운로20번길 54,35.1466598647699,126.776434624565
광주 동구 장동로 23-6,35.1482868763526,126.924714110434
광주 서구 상무중앙로 6-18,35.147712394584,126.849568254939
광주 광산구 수완로106번길 50-14 1층 꾸르커피,35.1925845916605,126.831322752985
광주 북구 양산택지소로 17-1,35.2138698476471,126.882602784152
광주 광산구 수등로258번길 3-15,35.1848404596518,126.838757960905
광주 동구 경양로 245,35.1572209121331,126.917546657855
광주 서구 상일로24번길 4,35.1574787930039,126.863485717129
광주 북구 비엔날레로93번길 32 1층,35.1805560637508,126.888288596162
광주 광산구 월계로 195-11,35.2144663724296,126.846728992895
광주 광산구 산정공원로2번길 37-9,35.1709792022888,126.808183347815
광주 광산구 광산로 75 1층,35.1412903505923,126.799064067871
광주 북구 설죽로 407 우미상가 꾸소곱창,35.1954540181847,126.899611050711
광주 광산구 수완로74번길 30-5,35.1912445486633,126.830740842198
광주 동구 천변좌로630번길 2,35.1282423441048,126.929303493444
광주 북구 군왕로 196,35.1783457533655,126.934986914306
광주 광산구 남동길 47,35.1314208261958,126.788637062092
광주 서구 염화로83번길 4-9,35.1424281616828,126.873808142822
광주 남구 제중로46번길 14,35.138610315531,126.915176746899
광주 남구 대남대로85번길 20,35.1326924067912,126.915808182284
광주 북구 우치로27번길 8,35.1703018175819,126.910717438225
광주 광산구 남동길30번길 13,35.1297116439855,126.789091425411
광주 서구 화정로253번길 4-1,35.1480196740925,126.884386567165
광주 광산구 신창로35번길 54,35.1901368909529,126.833221162426
광주 서구 화운로 128-1,35.1507314327076,126.877968040195
광주 남구 회재로1186번길 11-1,35.1309026518581,126.891630879467
광주 북구 양일로305번길 24,35.2045597749373,126.896630719409
광주 남구 광복마을3길 9 영광분식,35.1195462316846,126.896958066549
광주 서구 상무대로868번길 6 1층,35.1497338314477,126.857051996866
광주 남구 구성로8번길 6,35.1516649263812,126.896410783617
광주 광산구 장신로265번길 27,35.1919925864973,126.839075318193
광주 남구 봉선중앙로91번길 11,35.1290564574977,126.909635149074
광주 북구 서방로 88 1층,35.1710365344333,126.921971566952
광주 동구 무등로375번길 29 2층,35.1632163923487,126.924311799398
광주 서구 금화로 54,35.1316057059357,126.854525475755
광주 광산구 첨단중앙로68번길 131 상가동 108호 꿈떡꿈떡,35.2116026394588,126.849707490339
광주 북구 우치로 181,35.1822488617383,126.908914844344
광주 광산구 월곡산정로 12,35.1663117412225,126.803869984153
광주 광산구 임방울대로826번길 29-25,35.2162604003084,126.850096720125
광주 광산구 선운로20번길 10 나고야의밤,35.1477710123252,126.772006735658
광주 남구 용대로53번길 16-9,35.1216127422683,126.915800166018
광주 서구 상무자유로 180 대선빌딩 1F,35.151318081032,126.853894152323
광주 북구 동문대로204번길 49,35.1797894781195,126.932716312668
광주 광산구 월곡로 15,35.1690843670838,126.810759911806
광주 광산구 무진대로211번길 16 1층,35.1631047701443,126.804072728977
광주 광산구 첨단중앙로124번길 19,35.2166929246419,126.843377194752
광주 북구 서암대로 188,35.1683215234838,126.904555776289
광주 광산구 첨단중앙로106번길 65-7,35.2156892683317,126.846542286192
광주 광산구 용보로27번길 46,35.1372521919335,126.803145283742
광주 광산구 손재로 174 1층 하남동,35.1808545236134,126.795339116285
광주 동구 산수길 11-10,35.1547228654313,126.927228046059
광주 북구 삼정소로길 50,35.1714865390909,126.936048058873
광주 서구 풍서우로 120,35.1266838560248,126.848961164774
광주 광산구 광산로89번길 27-3,35.1428222986103,126.799387968742
광주 북구 용산마을길 147,35.2454545671383,126.886884925768
광주 서구 풍서우로 232 나루터,35.1292693007,126.83717641369
광주 북구 용주로30번길 21,35.180996683354,126.901968687822
광주 광산구 임방울대로826번길 60-16 나루터,35.2149315006723,126.848112868525
광주 남구 수박등로5번길 20,35.1423201130809,126.893964813622
광주 북구 용주로30번길 64-1 1층 엄마손맛나름,35.180718344581,126.904221921791
광주 광산구 수완로9번길 1-4 1층 나리꼬모,35.1858570326042,126.828220761971
광주 광산구 첨단강변로87번길 8-1 혜인빌딩 2층,35.214880665301,126.851896750588
광주 광산구 첨단중앙로 96 LC타워 124호,35.2138293623386,126.843468142344
광주 서구 화개1로 1 1층,35.1246539290769,126.854140798008
광주 광산구 장신로20번안길 36-12 1층,35.1896716992573,126.810889073325
광주 동구 남문로 555 1동 1층 107호,35.1207701360464,126.932979569408
광주 서구 하남대로 688,35.1714808934544,126.867997573088
광주 광산구 임방울대로332번길 9-16 1층,35.1900212307195,126.825719814832
광주 남구 회서로52번길 31 1층,35.1265906524488,126.89683520355
광주 동구 성촌길 1,35.1344249705758,126.952368166378
광주 서구 치평로 2,35.147399728615,126.847633231873
광주 동구 제봉로213번길 6,35.1542210637645,126.913872417967
광주 북구 첨단연신로108번길 69-20 나시도해물갈비찜,35.2096864066129,126.865368849657
광주 북구 우치로 172,35.1822626504847,126.909876125424
광주 동구 필문대로153번길 29 1층,35.157864142594,126.934730803307
광주 남구 천변좌로338번길 7,35.1479055222584,126.907896870694
광주 남구 군분로90번길 3-2,35.1412632625114,126.891516415646
광주 서구 죽봉대로97번길 8,35.1624267372977,126.882884746598
광주 서구 상무대로 1179,35.1548735391032,126.890412262592
광주 북구 금남로 139,35.1542315043934,126.909643648834
광주 동구 제봉로98번길 1,35.1471801979857,126.922307103789
광주 광산구 송정로 3,35.1374458903484,126.792130991622
광주 북구 첨단연신로107번길 41,35.2072621886549,126.859780668819
광주 서구 월드컵4강로 189,35.1530903803938,126.869239228848
광주 남구 금화로446번길 5-2 1층,35.1458254390656,126.892251863032
광주 광산구 용아로400번길 30 피크닉몰,35.1780934325427,126.806489286879
광주 동구 백서로 151,35.1430786499039,126.921758597819
광주 서구 서광주로 171,35.1424183740552,126.848652941992
광주 북구 앰코로 20,35.2197132957529,126.853114966878
광주 남구 봉선로 127,35.1238746228155,126.909538843386
광주 북구 서림로100번길 16,35.1623804232533,126.896567766988
광주 서구 화정로85번길 21,35.1468338575287,126.86642904139
광주 서구 화정로138번길 4-3,35.1447568016237,126.872148511508
광주 북구 용봉택지로 80 4층 테라스,35.178170507513,126.89500961857
광주 북구 우치로228번길 37,35.1862158872396,126.907342471508
광주 광산구 월계로 223-8 111동 129호,35.2136432576932,126.850841451437
광주 서구 군분로147번길 14 1층,35.1448405906602,126.886309812127
광주 광산구 복영길 50-4,35.2114243501502,126.745825829448
광주 광산구 평동매화길 65-13,35.1422608674817,126.763194616801
광주 광산구 사암로390번길 43 1층 104호,35.1793270334702,126.81036862168
광주 북구 하서로322번길 29 1동 104호,35.2063928295213,126.874740030134
광주 광산구 복영길 95-43,35.2119520843119,126.746985053991
광주 서구 화정로138번길 20,35.1435695178927,126.872909515879
광주 서구 월드컵4강로42번길 54 낙지나라,35.1416159615459,126.881595028865
광주 동구 학소로 134-1,35.1314900239135,126.932420765727
광주 서구 개산길 35-17,35.1147978993405,126.847501650956
광주 서구 상무민주로6번길 36,35.1516813593142,126.862388722023
광주 동구 지산로78번길 9,35.1509588239398,126.933738844435
광주 남구 제석로 1,35.1149816640411,126.90786526579
광주 남구 광복마을길 99-2,35.1267100408014,126.896257526114
광주 서구 경열로 76,35.1512304094947,126.894253080179
광주 북구 설죽로217번길 10,35.1792156639199,126.896515156927
광주 북구 저불로69번길 13,35.1805466658235,126.893875340066
광주 북구 밤실로 192-1,35.1644708349668,126.93373337516
광주 남구 봉선1로37번길 4 통나무집,35.1283170025555,126.909305285734
광주 서구 칠성로4번길 7-10,35.1657343595005,126.858788254818
광주 동구 예술길 36,35.148973277117,126.919411161886
광주 북구 면앙로155번길 22,35.1771067124075,126.929446303159
광주 광산구 왕버들로 174 3층,35.2000987317766,126.829464809504
광주 서구 죽봉대로22번길 3,35.1554477902152,126.883921799713
광주 동구 필문대로 42-1,35.1634427029747,126.923990975262
광주 서구 동천로18번길 15 동천마을3단지휴먼시아,35.1702275815213,126.862192716227
광주 광산구 선운로 12-1,35.1485011394005,126.770969177923
광주 동구 남문로 594-1,35.1241219035842,126.932405349154
광주 서구 화정로 109 빛고을가정의원,35.1452769957564,126.869293427426
광주 북구 양산택지로 56,35.211125455532,126.880800646645
광주 광산구 첨단중앙로181번길 48 첨단 이정 주차빌딩,35.2200446284211,126.836317183991
광주 광산구 사암로 341,35.1749664377503,126.80846631943
광주 남구 주월동 460-7,35.1287386058177,126.892178592377
광주 동구 의재로 75 1층,35.1321565491076,126.935842488289
광주 북구 군왕로 158,35.1753270609685,126.933405223017
광주 동구 동계천로6번길 8,35.1560061187406,126.913495075486
광주 광산구 송도로 155,35.1288786336475,126.79239699032
광주 북구 삼정로 20,35.1643177972432,126.937839187032
광주 북구 비엔날레로 108,35.1813209322902,126.890534976395
광주 서구 치평로 79,35.1548181019835,126.847133318707
광주 광산구 임방울대로 318,35.188238295645,126.823440103756
광주 광산구 풍영로329번길 50 신완마을휴먼시아7단지아파트,35.2019364264363,126.811423221682
광주 광산구 풍영로169번길 16 수완 숲안애아파트 상가 102동 107호,35.1867368217075,126.813576689497
광주 광산구 장덕로137번길 17 상가동 1층 102호,35.1970299158802,126.823007988733
광주 광산구 신창로 129 상민빌딩,35.1968776756696,126.838416946264
광주 북구 하서로 421 양산빌딩 난타5000,35.2126654164768,126.874297014674
광주 서구 염화로57번길 4 모아타워A.상가,35.1400030859489,126.872210041731
광주 북구 설죽로370번길 24,35.1932676977233,126.901149869736
광주 북구 서림로 95,35.1633139416708,126.897393639461
광주 북구 동림용산로 27,35.1878276796118,126.866904817332
광주 북구 용주로30번길 50,35.180659445889,126.903376975674
광주 광산구 목련로21번길 20,35.1755888309274,126.800212076939
광주 서구 화정로244번길 11,35.1462907143599,126.884418861312
광주 동구 지호로 137-7,35.1496896970445,126.943892347535
광주 서구 풍암2로53번길 5-1,35.1234290618704,126.882143125737
광주 동구 제봉로17번길 12-5,35.1395297124659,126.921195568608
광주 서구 풍서좌로 195,35.1257926796683,126.848025217666
광주 남구 행암길 12 남구식당(남구보신탕),35.1031907086564,126.896265726266
광주 남구 포충로 937,35.0857226057786,126.866889076597
광주 남구 광복마을1길 5 1층,35.1182053983516,126.897747628533
광주 남구 대남대로 149 남다른아구찜,35.1336419408507,126.908881670227
광주 광산구 왕버들로252번길 25,35.1952966241205,126.835812217799
광주 북구 밤실로208번길 3,35.1656690354407,126.933285111305
광주 서구 마륵복개로 155 1층,35.1470362808899,126.854061696302
광주 북구 저불로 36,35.1775736666395,126.895469709054
광주 동구 필문대로192번길 10,35.1538340369945,126.930299175116
광주 광산구 임방울대로826번길 7-4 2층,35.2169702502772,126.84896588426
광주 동구 경양로247번길 15,35.1579413194404,126.918673658353
광주 북구 북문대로103번길 46 1층,35.1778088829724,126.874021354347
광주 북구 서양로 31-4,35.1707711378972,126.905007258964
광주 서구 상무누리로 57-4,35.1487851740442,126.837008163508
광주 광산구 수등로76번길 7-18,35.1824212400644,126.817491237391
광주 남구 봉선2로 41 1층,35.1258926962154,126.910888696223
광주 서구 상무연하로 72 1층,35.1546473355906,126.850489133909
광주 서구 상일로 4-1,35.1559029302195,126.863231420943
광주 광산구 사암로 851,35.2171101043413,126.822930801574
광주 광산구 평동산단로 190,35.1236686847389,126.76851981044
광주 서구 금호만호길 45-1,35.1329719556034,126.850715621155
광주 서구 경열로 26,35.1515713283869,126.889137492019
광주 남구 송암로 72 중앙공업사,35.1115653404806,126.876665287184
광주 동구 동계천로43번길 2 1층,35.1548228567,126.917036982453
광주 서구 매월1로 28,35.11316145966,126.855513592309
광주 남구 독립로 9-3,35.1345146531551,126.901190539802
광주 서구 상무화원로 34,35.1456004475055,126.844171833028
광주 광산구 용아로379번길 29,35.1766082634535,126.802686315617
광주 남구 봉선중앙로 69,35.1271752947703,126.911075896135
광주 북구 양산로 87,35.2095595619699,126.883792780338
광주 북구 양산택지로 110-1,35.2157805955214,126.882762255434
광주 북구 대자로 20 1층,35.1733946024524,126.874651906769
광주 동구 의재로 17-1 1층,35.133117149011,126.929542970853
광주 동구 필문대로191번길 15-34,35.1540337950337,126.933045809132
광주 남구 포충로 582 1층,35.0804029241641,126.833228119845
광주 동구 동계천로85번길 15,35.1532896405194,126.921636661118
광주 남구 봉선로19번길 15,35.1316901154284,126.904646377634
광주 북구 월동로 66-4,35.1772378536939,126.937126978007
광주 남구 봉선중앙로124번길 3,35.1322965974611,126.911108730711
광주 광산구 비아동원촌길 10,35.2202854382793,126.825642620865
광주 광산구 첨단중앙로181번길 5 1층,35.2210208459613,126.840820609901
광주 북구 우치로 246 태안빌딩 1층 103호,35.1868016183926,126.905399783244
광주 서구 운천로17번길 8-4 남선연탄구이,35.1343632600819,126.85834287321
광주 북구 양일로 81,35.1979525277554,126.873923826817
광주 북구 대자로 19,35.1736538661301,126.874684221951
광주 북구 서하로245번길 20,35.1880924175079,126.907576949599
광주 광산구 비아중앙로 17,35.2206321718546,126.824633450289
광주 동구 갈마로 8-1,35.1603034059452,126.931792836972
광주 광산구 장신로20번안길 40-6,35.1900966109981,126.811360218261
광주 동구 무등로307번길 13,35.1634598653025,126.917435868398
광주 동구 서석로 69,35.1485991699004,126.919482972719
광주 동구 구성로194번길 5-4,35.1528215389466,126.914533256468
광주 북구 중외길 32,35.1888447098576,126.893961831246
광주 광산구 월봉반월길 19 반월추어탕,35.1950025970781,126.850127435831
광주 광산구 진곡산단2번로 58-13 (오선동) 1층,35.2004542392464,126.791100105824
광주 북구 서하로 260,35.1869339863554,126.908872835852
광주 북구 송해로 68,35.2044384346625,126.899826328106
광주 북구 탁영로 7,35.1666823893556,126.933534001925
광주 광산구 첨단봉산안길 8,35.2063035191404,126.846841413279
광주 북구 하서로 507,35.2195993527286,126.878562074321
광주 광산구 사암로92번길 55,35.1525446170227,126.810289977048
광주 북구 고운로5번길 10-6,35.1822566588506,126.89951233418
광주 북구 용봉택지로 74,35.1782570930013,126.894450937602
광주 광산구 임곡로 523-7,35.2147274517305,126.790194566236
광주 서구 금화로73번길 2-9 1층,35.1326460810346,126.857273220062
광주 남구 서문대로 339,35.0987632691979,126.876887578871
광주 동구 학소로 81,35.1269943099969,126.933762100199
광주 남구 군분로 121,35.1433495496007,126.889121098122
광주 광산구 수완로48번길 22 1층,35.188400372092,126.829424146051
광주 북구 북문대로103번길 27 남포동,35.1783449349856,126.874557360595
광주 남구 봉선로133번길 23,35.1251729947115,126.909601039915
광주 북구 설죽로 305,35.1869240448088,126.897880218641
광주 서구 시청서편로4번길 17-10,35.1596004763327,126.847589630489
광주 광산구 무진대로231번길 13-5 토담휴로스,35.1625600331397,126.805779055219
광주 서구 내방로161번길 6,35.1593936267194,126.858678810972
광주 북구 대자로 25,35.173597712463,126.875208925129
광주 남구 백운로 49-1,35.1378706068499,126.906530654783
광주 서구 상무누리로 22,35.1451532010262,126.84043832798
광주 광산구 장신로19번안길 9-2 1층,35.1913737526418,126.811716749155
광주 북구 첨단연신로108번길 51-20 1층,35.2088221456144,126.865085285994
광주 북구 첨단연신로 240 휴먼시아 상가동,35.2077749157559,126.858265239983
광주 북구 안산로 46 1층,35.1912250054571,126.902207184966
광주 광산구 임방울대로826번길 42 2층,35.215428915903,126.848440558502
광주 북구 서방로107번길 46-2,35.172225690416,126.925543674243
광주 서구 상무중앙로 71,35.1531789088311,126.847792897267
광주 서구 풍서우로 312-1,35.1337267474761,126.831915154412
광주 북구 면앙로185번길 1,35.1756551188824,126.932041948026
광주 북구 황계로 11,35.1737022163908,126.875682886343
"광주 광산구 송정로1번길 85, 1층(송정동)",35.1400993987277,126.795196915058
광주 서구 화운로23번길 7-19,35.1418992634781,126.884494310871
광주 북구 하서로322번길 7,35.2047453066953,126.874014690472
광주 광산구 목련로394번길 9-13,35.184388808364,126.832918797602
광주 서구 마륵복개로 80,35.144834457076,126.848280412165
광주 남구 백양로 65-1,35.1343422636331,126.909193490279
광주 남구 효천중앙로 34 상가2동 1층 112호 내마음을바다 카페,35.1028921461136,126.872252191809
광주 동구 필문대로205번길 5-27,35.1532167869991,126.93204744095
광주 서구 월산로 257,35.1588336436712,126.888907250461
광주 북구 중흥로83번길 6,35.1641681616468,126.903540383219
광주 광산구 어등대로449번길 46,35.1524272512832,126.772054766877
광주 서구 내방로 400-1 1층,35.157933219815,126.88413196111
광주 남구 사직길 28-2 예능교회,35.1428158402962,126.912568721199
광주 동구 동명로67번길 22-23 1층,35.1531738241749,126.926839709857
광주 북구 면앙로165번길 48,35.1780448533629,126.930710724554
광주 북구 호동로 9,35.1749358879802,126.91359238014
광주 북구 천지인로173번길 32,35.1856727373689,126.918644502847
광주 남구 회서로52번길 25,35.1269379235663,126.896806459711
광주 서구 시청로20번길 13,35.1505258619672,126.853509487453
광주 동구 선교로 1-1,35.0889286106881,126.947645611588
광주 광산구 월곡중앙로 38,35.1696646001629,126.811241226524
광주 광산구 수완로48번길 5 1층,35.1891629357225,126.83001402525
광주 동구 남문로 776,35.1387808241031,126.923673527096
광주 서구 상무중앙로 7,35.1475410793284,126.847934096159
광주 북구 매곡로 32-7,35.1880104710495,126.895372681341
광주 북구 밤실로 204-1 2층 네고치킨,35.1653413640975,126.933235216549
광주 남구 봉선1로 66 가든엘,35.1278292654105,126.912355877628
광주 동구 산수길 33,35.1566515412299,126.92773953253
광주 광산구 산월로 64 첨단6차부영사랑으로,35.2078859888343,126.843641975465
광주 남구 독립로 87 대림공업사,35.1414139404029,126.902287975304
광주 남구 효우로230번길 35 1층 101호,35.1036739502242,126.889948107699
광주 서구 금화로73번길 16,35.1336728259964,126.857122535812
광주 북구 삼정로 139,35.1715701449214,126.933627502776
광주 서구 상무평화로 102,35.1479876642197,126.85021840298
광주 광산구 선운중앙로 43 광주 선운지구 EG the1 2단지,35.1496528481647,126.776055287596
광주 광산구 신창로35번길 87,35.1869518363299,126.834118314138
광주 북구 양산택지로79번길 13 일신아파트,35.2134620445626,126.880178014672
광주 북구 용주로30번길 104-2,35.1824596890474,126.90469778363
광주 광산구 사암로339번길 8,35.1744799841597,126.808357464253
광주 북구 용봉로 86,35.1724113587303,126.90607400037
광주 북구 임방울대로1042번길 14-20 104호,35.2110325162302,126.86851434569
광주 서구 풍암신암로 26,35.1234567220112,126.88176086262
광주 광산구 하남대로54번안길 104-7 1층,35.1774387752795,126.798201860984
광주 서구 염화로57번길 20 중흥주택,35.140108664542,126.870876980405
광주 남구 천변좌로418번길 19-2,35.1405966151064,126.915776123152
광주 북구 우치로347번길 17 삼각동 서라아파트,35.1958038377428,126.902260553507
광주 북구 서양로 72 1층 네오피자,35.1694433577869,126.909012551769
광주 광산구 수완로12번길 30 1층 103호,35.1860859095768,126.830347394285
광주 동구 증심사길 8,35.1337962368657,126.953678943666
"광주 동구 화산로303번길 78 카페네이프 1층, 2층",35.1221089213454,126.923232703418
광주 남구 백서로 71 NATURAL COFFEE STALL,35.1389266881113,126.91542660076
광주 북구 우치로228번길 13 1층,35.1855824350618,126.906314442935
광주 남구 용대로53번길 16-3 1층 네츠이,35.1215782102187,126.915915941059
광주 서구 운천로154번길 12 지하층 2호 청년주방 6호,35.1460696105561,126.859198853293
광주 광산구 왕버들로265번길 7-11,35.1968399753789,126.837322028728
광주 북구 첨단연신로108번길 31-11,35.2077021887756,126.865303486588
광주 광산구 사암로 349 1층,35.1755678035512,126.808340530476
광주 서구 치평로 112 지하1층 102호 노가리앤비어,35.157258227425,126.847678838586
광주 서구 화운로23번길 5 1층,35.1424775009525,126.883848808557
광주 광산구 첨단중앙로152번길 61 1층,35.2192335183961,126.845590579115
광주 동구 문화전당로35번길 11-1,35.1453491895327,126.917823868743
광주 서구 시청로60번길 21-9 별관 1층,35.1546099283514,126.85388716999
광주 북구 용봉택지로 69 1층,35.178718976143,126.894070164132
광주 광산구 첨단중앙로106번길 65-3 107호 노군꼬치,35.2151711338981,126.846369947401
광주 북구 북문대로33번길 12-5,35.1745685685366,126.880487156183
"광주 남구 봉주길 18 1층, 노다지",35.1367533470307,126.892178889341
광주 남구 광복마을6길 7,35.124920495963,126.895864729056
광주 서구 염화로65번길 6,35.1408323958767,126.872864171711
광주 광산구 수등로 128,35.1826848999174,126.823521829889
광주 북구 대천로 140-6,35.1863682379988,126.921396751895
광주 남구 효덕로 122 2층 노대장어,35.0978992747489,126.906520033845
광주 광산구 임방울대로801번길 26 1층,35.2191376309563,126.846240664564
광주 서구 금화로73번길 18-5 1층,35.1338884819559,126.857394599121
광주 남구 용대로 186 방림광신프로그레스 상가 1층,35.133416121222,126.91872745748
광주 북구 설죽로 496-5 1층 102호,35.203988640942,126.899043999397
광주 서구 풍암2로53번길 16 1층,35.1235395497692,126.883240707684
광주 광산구 하남대로54번안길 8-12,35.1776931434462,126.798476013799
"광주 동구 경양로 234 상가103동 1층 207호 계림동, 그랜드센트럴",35.1575960732686,126.915734679338
광주 북구 설죽로217번길 37-1 1층 102호,35.1790546458373,126.893561324323
광주 광산구 도산로 27,35.1305757106295,126.79076765657
광주 북구 대천로 124-6 일신상가 B동 102호,35.1852117142329,126.920438839848
광주 광산구 장신로50번길 20-1 1층,35.1897041645236,126.815457323044
광주 광산구 신창로105번길 24-2 1층 노랑통닭,35.1951106294925,126.83671188964
광주 북구 서방로 36-1 1층,35.1728126199629,126.916897630702
광주 북구 호동로 17 2층,35.1752022204624,126.914582951692
광주 북구 청계로 53,35.1778672274782,126.892776070014
광주 북구 자미로66번길 7 2층,35.1717206386856,126.905251167949
광주 광산구 수완로50번길 23 소래담 1층 노블차이,35.1896315806315,126.830228910048
광주 광산구 소촌로86번길 20-6 1층 펍 플로우,35.1519340136151,126.795055652857
광주 북구 동운로 190,35.1735554347462,126.871243242938
광주 서구 내방로252번길 8,35.1570888977617,126.86798888716
광주 남구 천변좌로 400,35.1436224170675,126.914389683493
광주 남구 중앙로110번길 31 지하1층 노이델룸,35.1437071204939,126.910366695954
광주 동구 녹동길 80,35.1060656338497,126.933851648038
광주 동구 필문대로205번길 19-22,35.1529922803313,126.933222258937
광주 북구 일곡마을로 163,35.2104918576129,126.891798363115
광주 서구 내방로252번길 3,35.1574727756625,126.868144336923
광주 광산구 송도로284번길 40,35.1382648778902,126.802097907221
광주 북구 어매마을길 15,35.1904990808071,126.894816876678
광주 북구 북문대로33번길 12,35.1746112443215,126.881170783944
광주 동구 지산로78번길 19-1,35.1518873344613,126.933773320288
광주 북구 용봉택지로 72 1층 놀러와와,35.1782367189765,126.894240402561
광주 광산구 신창로72번길 29,35.1917910215529,126.838787490943
광주 서구 월드컵4강로181번길 10,35.1523521602982,126.868400845929
광주 동구 참판로6번길 5,35.1600786153195,126.927161812268
광주 북구 문산로 27-8,35.1849453521939,126.92166579194
광주 서구 운천로 247 스타타워 107호,35.1546189362755,126.854406600386
광주 광산구 풍영철길로 15,35.162942407489,126.811961205176
광주 북구 우치로100번길 10-3,35.1762276272191,126.913220508987
광주 북구 설죽로202번길 72,35.1771364161261,126.901378532909
광주 서구 무진대로 904 광천터미널,35.1605104898663,126.879344508277
광주 북구 동문대로112번길 27,35.1736048427786,126.926851051172
광주 남구 용대로 155,35.129882351183,126.917697106901
광주 광산구 송도로 229-1,35.1345256940418,126.796559586747
광주 서구 대남대로450번길 16-1,35.151249880235,126.888522914384
광주 서구 월산로 171,35.1528078487706,126.89473458706
광주 서구 대남대로487번길 13,35.1516823750986,126.884410139947
광주 서구 군분로221번길 2-16 1층 농성화로,35.1511544821282,126.882106344125
광주 서구 동천로10번길 12-3 1층 농성화로 직영점,35.1692393779431,126.860969574288
광주 동구 동명로69번길 2,35.1512391081385,126.928287667836
광주 광산구 목련로153번길 37,35.1735447810722,126.814405752723
광주 서구 상무대로 797-1,35.1476509866546,126.849838549262
광주 남구 독립로10번길 14 대주아파트 101동 상가 누들숍,35.1344521839939,126.902969663103
광주 북구 반룡로28번길 35,35.1774337970203,126.900855068857
광주 서구 시청로60번길 17-7 영일빌딩,35.15454801927,126.853525764664
광주 북구 동문대로 260,35.1836884572759,126.935670598393
광주 서구 쌍촌로 45,35.1489834230626,126.864642763718
광주 북구 설죽로 301,35.1864068677449,126.897904580879
광주 북구 양산로 70,35.2098017859953,126.881868644735
광주 광산구 대산로 22,35.1374378362465,126.672276218484
광주 동구 동명로 71,35.1511269328671,126.928362283348
광주 북구 서방로 126,35.1699822562007,126.926058897278
광주 북구 용봉택지로 60 뉴씨애틀,35.1782374725241,126.893045537123
광주 북구 용주로30번길 41-2 1층 뉴요커피자,35.1808781315266,126.903172077068
광주 북구 첨단연신로107번길 45-22 토담빌딩 1층 109호,35.2065426231359,126.860625211869
광주 광산구 송정로 34,35.1357688741556,126.794648933351
광주 광산구 첨단중앙로152번길 13 1층,35.2191497469518,126.843039230554
광주 광산구 풍영로229번길 51,35.1919872265646,126.811551182695
광주 광산구 풍영로229번안길 2-2,35.192202025262,126.81371078972
광주 서구 무진대로 903,35.1620573258851,126.879449349742
광주 광산구 산월로 17 4층 늘솜씨좋은키친,35.2089990972003,126.839191349008
광주 남구 백서로 100,35.1407690247749,126.916789644565
광주 광산구 첨단중앙로67번길 52,35.211607135924,126.839856148528
광주 광산구 송도로 224 1층,35.1337709408558,126.796587577941
광주 북구 문산로 84,35.1885603749305,126.925746611229
광주 북구 용봉택지로 54,35.1783345397375,126.892323374621
광주 광산구 수완로50번길 44-2,35.188701483418,126.830686716459
광주 동구 충장로 77-1,35.148613614758,126.915933464331
광주 광산구 첨단중앙로106번길 60 2층 니조시장,35.2145764434454,126.846457174996
광주 광산구 도산신송길 31 상아파트상가105호,35.1345650477153,126.791447717952
광주 북구 동운로 203 1층,35.1743541149374,126.872424496075
광주 북구 용산마을길 21,35.2415021711693,126.876210580826
광주 서구 풍금로151번길 8,35.1308220928494,126.858280103177
광주 북구 서방로9번길 12,35.1740701074677,126.914315733108
광주 서구 마륵복개로 57,35.1445927816345,126.845906821774
광주 북구 서양로 11 1층,35.1712484612291,126.90269116571
광주 서구 상무번영로 68,35.1559405652998,126.853331971501
광주 서구 상일로24번길 15,35.1576628128332,126.864818701923
광주 북구 송해로 36 1층,35.2017075619117,126.900867746753
광주 서구 상무대로1005번길 17-1,35.1532553469832,126.87170094498
광주 북구 경열로 189,35.156895803693,126.904434895051
광주 서구 내방로 254-1,35.1575052409746,126.868325158876
광주 남구 봉선중앙로 3 1층,35.1215358345726,126.912462012397
광주 북구 문산로 92,35.1893296519117,126.926288416837
광주 동구 중흥로209번길 20 2층,35.1617588763191,126.917517492345
광주 북구 밤실로 183,35.1635190239087,126.933942146184
광주 북구 용봉택지로 52-2,35.1783243553484,126.892121828564
광주 광산구 목련로394번길 9-22,35.1847119193076,126.833162419821
광주 북구 매곡로 90,35.1926654689985,126.892437109389
광주 서구 금화로73번길 6-5 1층 다모토리집,35.1329902903692,126.85710233254
광주 광산구 광산로 33-3,35.1391406882067,126.795289842707
광주 북구 독립로 416,35.1672782021341,126.917174495766
광주 동구 구성로 215,35.1545622438683,126.915429629712
광주 동구 필문대로191번길 15-7 1층,35.1535665366297,126.932895177811
광주 광산구 하남대로 87,35.1805168882083,126.803122486031
광주 서구 풍암신흥로90번길 3-1,35.1247400676764,126.869114395222
광주 북구 동문대로204번길 25,35.1801234292412,126.931587344935
광주 북구 양일1로 45 상가 126동 101호,35.1952516708024,126.8689601105
광주 서구 월산로 228,35.1567533923983,126.890786633043
광주 광산구 신창로 112,35.1952013433869,126.838284986596
광주 서구 상일로 52-1,35.1601932471375,126.863416095926
광주 북구 자라봉로 12,35.2076883767529,126.874947469858
광주 광산구 왕버들로252번길 23,35.1954061942347,126.835919825595
광주 광산구 신창로 5,35.1857566729306,126.836796148539
광주 서구 풍암1로7번길 10,35.126576046128,126.878543099085
광주 남구 서문대로749번길 8,35.126306497171,126.896887894504
광주 서구 상무중앙로28번길 4,35.1491261811903,126.848918610994
광주 동구 증심사길 25,35.1342931316176,126.955287307841
광주 북구 안산로 45 1층,35.1913021596361,126.901982003909
광주 남구 군분로65번길 4-2,35.1391742040437,126.892154080734
광주 남구 효우로230번길 1,35.1028174324435,126.891707328009
광주 남구 서문대로627번안길 15,35.113866384412,126.896767217482
광주 서구 치평로 112,35.157258227425,126.847678838586
광주 북구 군왕로51번길 42 1층,35.1671598036318,126.930264426231
광주 동구 동계천로 55-24,35.1544188174474,126.918558085302
광주 남구 서문대로749번가길 13,35.1249246576146,126.896092701469
광주 동구 필문대로 182,35.1544680124001,126.931490846921
광주 북구 양산제로 109-7 다오샘,35.2038083707245,126.870361457232
광주 북구 무등로 134-1 다온,35.1668279212045,126.898503793955
광주 북구 능안로 25,35.1875205312579,126.916940850327
광주 북구 동운로201번길 68 1층,35.1746271593665,126.875128532266
광주 서구 금화로73번길 6-19,35.1331311767011,126.857334695151
광주 서구 내방로 288,35.157440699718,126.872108036046
광주 광산구 월곡로 26,35.1687542670585,126.811902492216
광주 서구 매월1로 50-3,35.1125316077637,126.856519057713
광주 남구 봉선1로47번길 2 다온팥죽,35.1282338093256,126.910521564444
광주 서구 시청로 27 상가 104호,35.150960212547,126.850837624684
광주 광산구 사암로383번길 35 1층,35.1794556458714,126.806881717226
광주 서구 무진대로 932 신세계백화점 광주점 본관 지하 1층,35.1596823958076,126.882631959088
광주 북구 경양로 127,35.1615717762985,126.905920287449
광주 서구 상무민주로64번길 9,35.1562183941341,126.860454384153
광주 북구 군왕로 22,35.1635301412664,126.930453680935
광주 서구 시청서편로4번길 19-12,35.159699914283,126.847962727755
광주 동구 화산로323번길 16 다원예뜰,35.1190136386972,126.930095289806
광주 서구 월드컵4강로 112,35.1466384456107,126.872626665707
광주 서구 계수로 54 희망빌딩 1층,35.1602963160523,126.856513379046
광주 동구 동명로67번길 37 1층,35.1534020978297,126.925149380108
광주 북구 서암대로 2 2층,35.1727576834923,126.885178818019
광주 북구 면앙로6번길 29 다정다감,35.1788831574561,126.912904147582
광주 광산구 산정공원로 73-1,35.1741905808163,126.806274701775
광주 광산구 평동로800번길 1-1,35.1237805236172,126.761672484818
광주 북구 송해로 20,35.2001979862671,126.901432693301
광주 서구 상무버들로53번길 22-1,35.1632658193875,126.856570947549
광주 남구 백운동 650-1,35.137905542515,126.897031498427
광주 서구 무진대로 932 신세계백화점 지하 1층,35.1596823958076,126.882631959088
광주 서구 화운로304번길 5,35.1661690424225,126.87790941926
광주 서구 금화로103번길 19-1,35.1344977478487,126.859663814283
광주 광산구 송도로182번길 10,35.1303230570902,126.794453923541
광주 서구 상무오월로15번길 17,35.1571136078659,126.860989110115
광주 북구 동문대로167번길 32,35.1780245961818,126.926766951514
광주 광산구 도산로9번길 42,35.1277416305965,126.789924075287
광주 북구 무등로 238,35.1639361675472,126.909518763778
광주 동구 무등로 421-1,35.15857059021,126.927981711899
광주 광산구 신창로33번길 21-17 1층,35.1876680893624,126.836065158979
광주 서구 쌍촌로57번길 6 1층,35.1501375239919,126.863917749722
광주 남구 입하길 21 1층,35.1070696716295,126.877095887661
광주 북구 첨단연신로107번길 29,35.2073650945985,126.861085383658
광주 동구 지산로 90-2,35.1518036754923,126.933257361148
광주 광산구 신창로106번길 29 1층,35.1944324840403,126.839568794836
광주 북구 첨단과기로208번길 43-10 단미드카페,35.2226023308766,126.849252900621
광주 동구 무등로 514 1층,35.1557644480477,126.935956978738
광주 북구 대자로 28 1층(운암동) 단술,35.1733695616125,126.875542441398
광주 남구 봉선로19번길 6-2,35.1314453619944,126.903578988209
광주 서구 금부로95번길 29-1 1층,35.142366656434,126.858517311018
광주 광산구 임방울대로826번길 60-1 호현빌딩 104호,35.2145925853574,126.848466495352
광주 광산구 장신로64번길 9-10 1층 101호 달고나클라쓰,35.1901307812077,126.818202726042
광주 남구 봉주5길 23,35.1379536194018,126.890290869393
광주 동구 장동로43번길 9,35.148413766708,126.926292189028
광주 광산구 광산로20번길 28 102동 1층 109호 상가동 카페,35.1371779804403,126.794441194169
광주 북구 하서로 446 달과자,35.2143918547174,126.876036372836
광주 광산구 월계로 217 첨단프라자 102호,35.2137128510991,126.849320186738
광주 북구 양일로 67 1층 치킨하우스,35.1979923569799,126.872364926839
광주 서구 상일로42번길 5-15,35.1600291331312,126.863837289232
광주 광산구 목련로219번길 125-1,35.1771293136904,126.82321745123
광주 북구 양산택지로33번길 7,35.2094092988761,126.878549792928
광주 광산구 하남대로54번안길 152,35.1778031563112,126.800793328828
광주 서구 상일로 6 1층,35.1560293893374,126.86323000203
광주 동구 육판서길 17 제상가동 1층 101호 달달하니,35.0904253531139,126.941380538814
광주 북구 대자로 21-5,35.1737943700354,126.874841534542
광주 남구 봉선로 57 달동네추어탕,35.1284030393421,126.904782635087
광주 남구 봉선중앙로 111 상가건물 7동 103호,35.1310298435029,126.910648741637
광주 광산구 월곡반월로 79 1층,35.1713429225986,126.812865820404
광주 북구 서암대로 87 1층 달려라꼼&아지매,35.1715934841484,126.894178311951
광주 북구 양산제로 116,35.2030934718896,126.871002705817
광주 광산구 장신로50번길 20-6 2층 달려라꼼,35.1899802013225,126.8148354652
광주 광산구 장신로20번길 14-12 1층,35.1897931209539,126.81118392671
광주 서구 무진대로 919 호반써밋플레이스 118호,35.1623727902778,126.880530024229
광주 북구 우치로90번길 21,35.175678342889,126.913855501624
광주 서구 상무화원로32번길 35 1층,35.1464379603552,126.846193164378
광주 남구 백운로75번가길 17-1 1층 102호,35.1415417417446,126.905454701368
광주 광산구 북문대로 500-17,35.2007557303825,126.843135462613
광주 북구 문산로 43-9,35.1859703567812,126.92219883744
광주 동구 동계로 38 무등산 그린웰로제비앙 상가,35.1555703786676,126.925684297632
광주 북구 중흥로 71,35.1643127460199,126.90219934726
광주 서구 상무평화로 112-2,35.1485416486937,126.851249619098
광주 서구 대남대로 466-2,35.1518905435969,126.886170835157
광주 서구 풍금로38번길 37-1,35.1244313705051,126.866324648376
광주 광산구 선운로2번길 7-1,35.1476599079304,126.770591613505
광주 광산구 첨단중앙로152번길 31-16,35.2203486402389,126.844372117266
광주 동구 동명로 107,35.1509309783534,126.932283208126
광주 서구 풍암2로57번길 15,35.1234045752192,126.883292463106
광주 광산구 임방울대로215번길 5-14 104호,35.1802729216714,126.816874770093
광주 광산구 첨단내촌로57번길 17 1층,35.211406860699,126.836221181832
광주 북구 밤실로 182-6 1층,35.1635212430028,126.93454320111
광주 광산구 월계로 76-1,35.2121143529807,126.834448028004
광주 서구 풍금로3번길 12-6,35.1203122579222,126.864809893794
광주 서구 금부로95번길 25,35.14192780944,126.858693972263
광주 남구 군분로 97,35.1415637758232,126.890413644497
광주 광산구 진곡산단2번로 47-49 1층 달빛한스푼,35.2011229039098,126.790134021687
광주 북구 저불로 94,35.1827412387813,126.895792017242
광주 북구 설죽로126번길 52,35.1706148095194,126.899059362095
광주 광산구 첨단내촌로 53-9,35.2112343407694,126.836820958894
광주 북구 밤실로 195,35.1645717569898,126.933349779935
광주 광산구 송정로 22 2층,35.1364311324004,126.79328700448
광주 북구 호동로43번길 37-1,35.1759904707418,126.914858330502
광주 동구 중앙로 210,35.1513900803494,126.91724854479
광주 동구 제봉로 197,35.153379640655,126.915661544509
광주 서구 상무버들로 13,35.1641688384461,126.86195783676
광주 서구 운천로 213,35.1512396839387,126.854511061665
광주 남구 효덕로 200,35.1023750896801,126.899837170638
광주 북구 금호로 119-2,35.1757604349246,126.882609623821
광주 광산구 수완로 84,35.1926091513282,126.829358802059
광주 광산구 송정로8번길 41-3,35.1353223495142,126.791539710486
광주 서구 천변좌하로 598,35.1688552949698,126.875806838437
광주 북구 군왕로 87,35.169094828332,126.9324722145
광주 북구 반룡로27번길 27 1층 달콤해마카롱,35.180331613838,126.901353265593
광주 광산구 신창로162번길 19 1층 카페 달콤해디저트,35.1982918760581,126.841951630888
광주 광산구 무진대로231번길 14-11 1층,35.1629435779116,126.80674799196
광주 북구 저불로 94 달통기타라이브,35.1827412387813,126.895792017242
광주 동구 필문대로287번길 10,35.1454625465439,126.927969447905
광주 북구 우치로 114,35.1776850777303,126.912408885963
광주 광산구 장신로50번길 20-1,35.1897041645236,126.815457323044
광주 광산구 월계로 88,35.2127198053198,126.835517292898
광주 남구 군분로66번길 4,35.1393221354781,126.892885671455
광주 북구 양산제로 77 1층,35.2013544331569,126.868766592094
광주 북구 설죽로320번길 22 1층 닭굽는마을,35.1878634621666,126.901280482925
광주 북구 설죽로217번길 6-26,35.1802846337845,126.897317095227
광주 서구 화운로304번길 15-1,35.165920786069,126.879145636298
광주 서구 쌍촌로15번길 5-1 1층 닭도리도리잼잼,35.1461058385904,126.864409286027
광주 광산구 신창로72번길 19,35.1917941446344,126.838223003541
광주 광산구 수등로94번길 32-13,35.1811022322752,126.81853429349
광주 광산구 목련로394번길 23-16,35.1844631745729,126.833970763148
광주 광산구 송정로1번길 36,35.1385674736023,126.793090677032
광주 서구 시청로 27 광명메이루즈테라스가든105-1호,35.150960212547,126.850837624684
광주 북구 첨단연신로108번길 31-16 1층,35.2079284038594,126.865119820675
광주 광산구 비아동원촌길 16 닭치고시장통닭,35.2202978952155,126.825905876488
광주 동구 제봉로 230,35.155477711518,126.913075287804
광주 서구 운천로 223,35.1522782908647,126.854410989506
광주 동구 지호로 108,35.148370840562,126.94052231822
광주 광산구 왕버들로252번길 9 담소촌,35.1959378441913,126.836276392947
광주 광산구 임방울대로826번길 74 담소촌,35.2141177225904,126.848441457921
광주 남구 서문대로 737-2,35.1250129976025,126.897263197945
광주 서구 동림2지구길 53,35.170760247773,126.873219587629
광주 광산구 장신로20번길 5,35.1902787020484,126.81253254768
광주 동구 필문대로205번길 25,35.1520446512183,126.933992247005
광주 동구 증심사길30번길 28-3,35.1328243389006,126.957741138833
광주 북구 동문대로97번길 11,35.1726240780806,126.923641472579
광주 북구 호동로 10 1층,35.1746466829726,126.913775684294
광주 북구 첨단연신로108번길 148,35.2082348264462,126.864682771247
광주 북구 면앙로165번길 51,35.1783105897835,126.930582054262
광주 북구 우치로331번길 4,35.1943335359473,126.903593461176
광주 남구 서문대로663번길 16-21,35.1192113357556,126.896806550281
광주 동구 필문대로205번길 19-21,35.1529915071463,126.932964681347
광주 북구 군왕로142번길 36 1층,35.1736175247132,126.934856532786
광주 동구 중앙로 349-3,35.162892003458,126.919707071034
광주 동구 천변좌로 614-12,35.1283724880218,126.92820787854
광주 북구 송해로58번길 7-7,35.2039491958844,126.900172411091
광주 북구 탁영로 21-5 1층,35.1668665541381,126.935061582174
광주 서구 월드컵4강로229번길 47,35.1549180812109,126.865789594167
광주 서구 시청서편로4번길 13-15 (상무지구먹자골목),35.1598598023753,126.847021593458
광주 광산구 풍영정길 325,35.1938810491565,126.855320748738
광주 서구 화정로 43-1 1층 담은,35.1448197554351,126.862232704493
광주 서구 월드컵4강로229번길 3-1,35.1564516097743,126.868710660869
광주 광산구 수완동 1139,35.1994493401155,126.828466894285
광주 서구 상무중앙로 43,35.1508230515736,126.847885958225
광주 동구 동명로26번길 9-5 2층,35.1513756593592,126.924568376598
광주 서구 상일로42번길 3,35.1594227585215,126.863649847941
광주 광산구 수완로49번길 28 상가 1층,35.189769079194,126.827073273642
광주 북구 호동로 9-2,35.1751631470662,126.913377743968
광주 광산구 선운로 12-1 1층 대가국밥,35.1485011394005,126.770969177923
광주 광산구 첨단내촌로 56,35.2117518318833,126.83737597628
광주 동구 천변우로 361-24,35.1490433575091,126.911838089246
광주 북구 설죽로 270,35.1836026072399,126.899023324271
광주 동구 동계천로 42-1,35.154798671919,126.916732889005
광주 서구 상무대로695번길 15,35.1440361424922,126.839141347
광주 북구 설죽로 518-4 두경사우나 건물 1층,35.2049462125038,126.898689860274
광주 북구 대천로 124-1 1층 대나무집,35.1856075668443,126.920267179015
광주 광산구 첨단중앙로182번길 28 1층 대담국수,35.2216810034912,126.844363203046
광주 북구 능안로 13,35.1864939948415,126.916965829715
광주 북구 송해로 72 대동강 호프 1층,35.2047765097827,126.899690617841
광주 동구 제봉로194번길 5-8,35.1540730760182,126.916208477903
광주 동구 필문대로287번길 19-26 대두포차,35.1451167853032,126.929194749819
광주 북구 서강로62번길 83,35.1770157628975,126.87575051632
광주 북구 설죽로202번길 5,35.1777545249072,126.897955031295
광주 북구 중가로 117,35.1577336876014,126.912772490818
광주 북구 서방로 76,35.1715458292296,126.920902442435
광주 서구 군분로119번길 18 태양사우나 1층 왕대박삼순이네,35.1426711134846,126.887576195921
광주 광산구 장신로265번길 29,35.1921103458674,126.839107367283
광주 북구 우치로231번길 50 오치주공아파트 상가,35.1850064937344,126.902687833642
광주 북구 안산로 64,35.1930561887277,126.902308533663
광주 서구 시청서편로4번길 13-11 1층,35.159728729348,126.847009326582
광주 서구 북촌길 19-1,35.1448712658268,126.849681244501
광주 북구 북문대로33번길 32,35.1735895631211,126.88099410495
광주 서구 상무버들로 26 1층 대박집,35.1646210049024,126.860580529996
광주 동구 필문대로273번길 32,35.1454406802441,126.930659358091
광주 북구 일곡마을로 180,35.2102760680936,126.893827992968
광주 북구 중가로51번길 27,35.1607475323456,126.906332390925
광주 광산구 목련로153번안길 12,35.1730061201097,126.814222445784
광주 동구 지호로 179-10,35.1504144102905,126.943738976117
광주 광산구 첨단내촌로70번길 52,35.2130810065714,126.839298400367
광주 광산구 수완로 26,35.187329867114,126.829128073215
광주 북구 서방로 150-1,35.1694195199113,126.928582029267
광주 서구 금화로73번길 6-11,35.1330186161033,126.857351349632
광주 남구 구성로 126-1,35.1488054518333,126.908625422959
광주 동구 무등로306번길 6,35.1617758963393,126.916181371041
광주 서구 쌍학로 3,35.1464090522016,126.86545679001
광주 남구 백운로75번가길 22,35.1418158088292,126.905638406415
광주 북구 설죽로471번길 83,35.2020315601789,126.897253711769
광주 북구 제봉로 272,35.1588097269884,126.911524408195
광주 북구 안산로 29 1층,35.1899224202914,126.901937765577
광주 서구 상무민주로 4,35.151007572292,126.858922349973
광주 북구 유림로160번길 17-10,35.1751794889641,126.865753888366
광주 북구 군왕로46번길 5,35.1650886287255,126.93194931707
광주 서구 치평로 18 110호,35.1487205120861,126.847720977944
광주 서구 내방로165번길 5,35.15939293455,126.858858263829
광주 광산구 손재로 407,35.2023443836035,126.794689807305
광주 북구 중가로51번길 9-3,35.1597999112753,126.905838692793
광주 북구 하서로 415,35.2122551715878,126.874085021016
광주 서구 상무중앙로78번길 7,35.1536213026141,126.84938496453
광주 동구 구성로204번길 15-6,35.1525853312405,126.91613680173
광주 북구 자미로 55,35.1710096511304,126.904109814704
광주 북구 설죽로 338,35.1896379366299,126.899390595509
광주 광산구 월곡산정로 75,35.1661813337123,126.810277522523
광주 남구 대남대로372번길 1,35.1446349556228,126.891684008826
광주 동구 남문로 671 1층 대왕김밥,35.1305979409948,126.929101771213
광주 서구 염화로57번길 1 금호타운1차 아파트상가,35.1394572911929,126.872876514583
광주 서구 내방로418번길 4,35.1588383980465,126.885589659569
광주 북구 천지인로 121,35.1839970577417,126.911860851806
광주 광산구 하남대로261번길 36,35.1824884126979,126.82321836326
광주 남구 효천중앙로 34 시티프라디움 상가,35.1028921461136,126.872252191809
광주 동구 의재로26번길 3,35.132436485361,126.930559786308
광주 남구 백운로 99-2,35.1422461383258,126.90601122283
광주 광산구 비아안길 69-8,35.2214128311533,126.820027728587
광주 광산구 용아로 397,35.1786517878349,126.804335904191
광주 북구 금호로 59-1,35.1741334030913,126.887849605293
광주 동구 동계천로 67,35.1534417263988,126.919071474489
광주 북구 대자로 17 대자아구찜,35.1737699120194,126.874724112016
광주 광산구 도산로9번길 21,35.1283472811219,126.790876817224
광주 동구 필문대로287번길 24-28,35.1443036480892,126.929781993985
광주 남구 군분로23번길 21,35.1348029974429,126.893116194316
광주 북구 풍동길 3,35.1668875190664,126.920212131264
광주 동구 서석로85번길 8-7,35.1500576534275,126.920287934295
광주 서구 대남대로462번길 3,35.1515418160812,126.886468402872
광주 서구 상무대로 739,35.1450241911026,126.844509824153
광주 동구 증심사길30번길 27,35.1330185502929,126.958167195112
광주 서구 금화로149번길 93,35.1404995186551,126.861352918419
광주 북구 천변우로283번길 10,35.153665976469,126.905604861943
광주 북구 송해로 59,35.2038113117718,126.899654796664
광주 북구 군왕로8번길 17,35.1618480514569,126.930656960953
광주 북구 서방로 73,35.1719426149079,126.920914791865
광주 남구 하지석길 28,35.0832333676238,126.83584232761
광주 남구 회재로 221,35.0830588225478,126.830055140253
광주 북구 하서로423번길 12,35.2129501377232,126.874108549525
광주 광산구 동곡로 506,35.1265555447309,126.776625621159
광주 북구 호동로 19-14,35.1756391314855,126.914615977062
광주 동구 백서로176번길 2-1 101호,35.1439104426305,126.924483306344
광주 북구 양산로 42 대패갑,35.2102868120307,126.878867088061
광주 북구 호동로63번길 74,35.1770166363275,126.913797553047
광주 북구 대자로 26-1 대패선수,35.1733953925743,126.875417807173
광주 서구 내방로306번길 5,35.157052049956,126.874103080262
광주 남구 봉선로133번길 15 더플레이스1층 104호,35.1246883021023,126.910046778058
광주 북구 설죽로202번길 71-1 1층,35.1773639359263,126.901289226073
광주 동구 장동로43번길 7 1층 대풍쪽갈비,35.1480778192208,126.926127441099
광주 광산구 월계로 78,35.2121330759744,126.834561551382
광주 북구 서림로 99 지하1층,35.16288899299,126.897549704656
광주 북구 탁영로 5,35.1667786936575,126.933113957406
광주 광산구 왕버들로 180,35.1999579661433,126.830060058969
광주 서구 풍암2로53번길 11,35.123590261609,126.882737622517
광주 서구 염화로 155,35.1435322748173,126.881429626258
광주 동구 증심사길30번길 37,35.1331694630625,126.959030514591
광주 동구 필문대로192번길 13,35.1535663770886,126.930062895095
광주 남구 봉선중앙로 71,35.127289931374,126.911052841437
광주 서구 화운로304번길 29,35.1653324312338,126.880378392313
광주 북구 우치로90번길 5 1층,35.1756992833798,126.912887783382
광주 북구 첨단연신로91번길 20-14 만강빌딩 1층,35.207325426245,126.862419664516
"광주 광산구 임방울대로800번길 71 1층 110, 111호",35.2142826655995,126.846506382934
광주 북구 신용산길 66,35.2208957417733,126.864927789728
광주 남구 광복마을길 89,35.1257201918743,126.896502559646
광주 서구 월드컵4강로182번길 5-4 상가 1층,35.1525531465008,126.870307709107
광주 북구 동운로 98-4 동림동,35.1742845530602,126.86279622727
광주 남구 대남대로127번길 13-1 더나무,35.1327632193241,126.911335784298
광주 동구 구성로 240 1층,35.1558849729679,126.917497080981
광주 북구 군왕로 202 1층,35.1788074339655,126.935503402938
광주 북구 양산택지로 82 더리터 광주양산점,35.2132218274327,126.882006358205
광주 북구 첨단연신로107번길 5 102호,35.2073342312342,126.863589680964
광주 남구 봉선로 134,35.1228676199923,126.908939418338
광주 광산구 상무대로 128-12 1층,35.1312639688428,126.788160740675
광주 서구 상무누리로 30,35.1466981413219,126.84044464039
광주 동구 용산3길 16,35.1178374892305,126.926212999778
광주 북구 서방로 8 1층,35.1733700154128,126.91379646242
광주 남구 서문대로 832 1층,35.1325511239291,126.90130142538
광주 남구 백운로 69 1층 103호,35.1393654981535,126.905808571629
광주 북구 하서로 477 1층 107호,35.2172013428664,126.877164711334
광주 북구 안산로 85 1층,35.1948327212796,126.901595535368
광주 광산구 송정로 29 1층,35.1362795039554,126.794441367771
광주 광산구 장신로147번길 6 1층 103호,35.1913930307458,126.82649393532
광주 광산구 신창로71번길 17 상가동 1층 107호,35.1914254279572,126.835499721349
광주 북구 하서로 415 1층,35.2122551715878,126.874085021016
광주 북구 설죽로214번길 104 1층,35.1778157082821,126.903429193451
광주 북구 면앙로121번길 81 1층,35.1806976854126,126.926661575537
광주 서구 상무중앙로78번길 5-6 영효빌딩 1층 102호,35.1545550414016,126.849474006851
광주 서구 시청로 7 1층 102호,35.1490214582317,126.85133566197
광주 광산구 풍영로 294-23,35.1989211757739,126.817032338782
광주 남구 정율성로 22 1층,35.1378636437495,126.91728769166
광주 북구 우치로 120 1층,35.1780999375548,126.912361015299
광주 북구 첨단연신로107번길 21 104호,35.207328801777,126.86174305264
광주 광산구 임방울대로800번길 71 101호,35.2142826655995,126.846506382934
광주 남구 군분로 55,35.1382931307695,126.892976886639
광주 서구 상무버들로 48,35.1646031090561,126.858285518289
광주 동구 독립로264번길 8-6,35.1541792589614,126.9116445485
광주 동구 무등로 314,35.1614140370934,126.916626047326
광주 동구 동계로15번길 15 doubleplot,35.1538902704102,126.923127245634
광주 북구 서하로94번길 41,35.1861541690183,126.893760563628
광주 서구 염화로 104,35.1426363167028,126.875844811796
광주 북구 우치로 84,35.1749413566425,126.91279637893
광주 동구 의재로 147,35.1323605628284,126.943713324311
광주 서구 상무대로 1032 LK메디피아빌딩 1층,35.1514472845872,126.874866654757
광주 북구 면앙로 214,35.1746567294205,126.934744499758
광주 동구 서석로7번길 12-14,35.1461852179315,126.91497234603
"광주 동구 문화전당로23번길 6-7 1, 2층",35.1449088733879,126.918758063411
광주 동구 남문로 686,35.1322343941571,126.929457710794
광주 서구 금부로95번길 31,35.1424721591188,126.85847729514
광주 북구 북문대로 79 102동 상가 103호 더오름,35.1774184696133,126.877679846805
광주 남구 효덕로300번길 2,35.1101183582918,126.896808580835
광주 북구 황계로55번길 8,35.1779252408404,126.875847606249
광주 동구 밤실로 18,35.1492134333664,126.937130872439
광주 남구 포충로 588,35.0808255703194,126.834011922243
광주 서구 내방로 208,35.1577005921274,126.863223473307
광주 북구 삼정로 7,35.165290543171,126.934585798995
광주 남구 서문대로556번길 8,35.1101202846107,126.894026283601
광주 북구 삼정로 112-1,35.1716934992676,126.936235059758
광주 북구 서방로39번길 9-2,35.1735174641027,126.917531744738
"광주 북구 첨단연신로107번길 5-12 1층 104호, 105호",35.2069821337486,126.863323735764
광주 서구 시청서편로4번길 19-6 더치스토리,35.159442934646,126.84796090103
광주 서구 시청로 91,35.1565258431078,126.850915597686
광주 광산구 첨단강변로99번길 42,35.2157716786021,126.850307507916
광주 남구 봉선로 205,35.1227878710397,126.917665187908
광주 광산구 사암로216번길 16 1층,35.1633383921594,126.80937749411
광주 남구 봉선로 198,35.1223363050765,126.91611373117
광주 북구 설죽로214번길 127,35.177979973574,126.904500465701
광주 북구 양일로305번길 20 더커피팰리스,35.2041492593948,126.896795635063
광주 서구 쌍촌로65번길 4 1층,35.1508039153932,126.8640924515
광주 광산구 선운로2번길 65 1층,35.1458151065344,126.776236992174
광주 광산구 첨단강변로99번길 21 1층 108호,35.2151822074863,126.851121342395
광주 동구 학소로 137 학운동성당뒤 평화맨션입구 바로옆,35.1320099272716,126.931931864087
광주 광산구 장덕로49번길 11,35.1955594855924,126.814716514664
광주 서구 마륵복개로 156 2층 208호,35.146476040064,126.853874603772
광주 동구 문화전당로23번길 29-1 1층 더헬시,35.1438207987886,126.916444383308
광주 광산구 첨단중앙로152번길 17-5 2층,35.2194482794784,126.843043488646
광주 서구 금화로73번길 10-4,35.1330927329665,126.856990018638
광주 남구 백양로 27-1,35.1339843621406,126.904884433699
광주 광산구 월계로 173-3,35.2139399464073,126.844017847429
광주 남구 월산로116번길 33-2,35.1497925030589,126.899590890213
광주 동구 남문로622번길 1,35.1267913276127,126.931500537276
광주 남구 독립로 96 1층,35.1419915887478,126.902917920894
광주 북구 대자로 98,35.1730181467284,126.88307549767
광주 북구 금호로 13,35.1706076129801,126.890066232299
광주 북구 용봉택지로 67,35.1787338736694,126.893790089881
광주 북구 동문대로186번길 32,35.1782672769773,126.931130121918
광주 북구 서하로355번길 6,35.1869813906472,126.91968799376
광주 북구 문산로74번길 7,35.1877876098742,126.925545621506
광주 광산구 산정공원로 8-1,35.1692722721736,126.808106566037
광주 동구 의재로136번길 26-7,35.131344574562,126.944755584149
광주 동구 지호로 72 1층,35.1475040149399,126.936809440343
광주 서구 하남대로 692 1층,35.1714331557632,126.868443326833
광주 광산구 임방울대로 330,35.1893549829861,126.824059466195
광주 북구 설죽로 348 미래아동병원 옆,35.1906574101286,126.899440395078
광주 남구 서문대로 654 1층,35.1176502094022,126.898992434558
광주 남구 양림로 37,35.1361276196223,126.91154478434
광주 서구 금화로 240  1층,35.1336537390124,126.874829477436
광주 북구 동문대로 200 지하 1층,35.1793372313706,126.930418702216
광주 북구 우치로110번길 27 덤덤,35.1774842479425,126.913907059712
광주 북구 설죽로202번길 83 2층,35.1774489876404,126.902021580018
광주 광산구 월곡중앙로33번길 25 1층,35.16927874388,126.809637616586
광주 서구 쌍촌로 32 1층102호,35.1476436833368,126.865085041927
광주 남구 제중로 111 상가동 101호,35.1412315967029,126.909365580962
광주 광산구 임방울대로 372 1층,35.1933537904036,126.824150875022
광주 북구 일곡마을로 152,35.2095554904054,126.891247191284
광주 북구 중가로 60,35.1590465479339,126.906761730565
광주 동구 동계천로 143-5,35.1492824343642,126.925012462319
광주 북구 북문대로 10-1,35.1737855319789,126.884075773321
광주 북구 설죽로202번길 34-7,35.1769213328774,126.89949057704
광주 동구 백서로176번길 10 1층 CAFE DELI BEAN,35.1441051468095,126.925226258157
광주 동구 동계천로 135,35.1495094457136,126.924510179036
광주 동구 동명로67번길 31,35.1531939901315,126.925615122239
광주 서구 무진대로 932 광주 신세계백화점 지하 1층 식품관 내 도가원,35.1596823958076,126.882631959088
광주 북구 대천로 121,35.1856634565623,126.919866055146
광주 북구 중흥로 81,35.1641157061063,126.903205778463
광주 서구 쌍촌로36번길 4-1,35.147986469867,126.865408431792
광주 서구 화운로193번길 30-4 도깨비 식당,35.1564743261803,126.873542915685
광주 서구 염화로83번길 12-19,35.1431526656729,126.873279969396
광주 광산구 장신로20번안길 52 1층,35.1904563010571,126.812961559876
광주 남구 효덕로 213 H타워 2층 도깨비펍,35.1028114434537,126.898323155293
광주 남구 중앙로 118,35.1456634337523,126.910120823009
광주 북구 매곡로 74,35.1914068536518,126.893088341768
광주 서구 상무대로1081번길 1 1층,35.1528386919692,126.88001311328
광주 광산구 산정로 2,35.1669467341184,126.803306016476
광주 남구 제중로 45 1층 도로시,35.1385630638341,126.913743303134
광주 광산구 남동길48번길 30 1층 도루메커피,35.1305803006394,126.790033963536
광주 서구 상무대로1005번길 5,35.1521864631658,126.871737741823
광주 광산구 선운로2번길 69-5 1층,35.1463476238261,126.776820332016
광주 동구 동계천로95번길 27-23,35.1539799135025,126.920960163842
광주 북구 양일로343번길 47-18,35.2055722228776,126.899798469498
광주 서구 금화로85번길 27,35.1348405638193,126.857601303782
광주 광산구 임방울대로801번길 29 도마카이 1층,35.2192496339689,126.845788145116
광주 광산구 수완로74번길 11-5,35.1921253331671,126.829442932525
광주 북구 서하로 339,35.1870368233346,126.91767333645
광주 광산구 상무대로 305,35.1437961801002,126.799038486341
광주 남구 효덕로 310,35.1110695647959,126.896379365166
광주 광산구 월계로 223-7,35.2141372089487,126.849684367646
광주 서구 상무대로 1070,35.1521662845148,126.879023197527
광주 북구 서암대로 28 1층,35.1725088585113,126.887818574633
광주 광산구 도산로9번길 15,35.1284598528378,126.791028703755
광주 광산구 송도로 179 1층,35.13065287873,126.793613096334
광주 광산구 도산로9번길 15 도산골옆집,35.1284598528378,126.791028703755
광주 광산구 상무대로 67-12,35.1265867831612,126.783458410059
광주 광산구 도산로9번길 12 1층,35.12885450618,126.790997853048
광주 광산구 남동길 16,35.1288069595832,126.788788201173
광주 북구 양산로 35,35.2107939455482,126.878181462828
광주 북구 설죽로214번길 94,35.177699570271,126.902811592959
광주 동구 필문대로206번길 6-6,35.1528317915125,126.930416252605
광주 동구 제봉로178번길 11,35.1534324796359,126.91832102383
광주 광산구 첨단중앙로116번길 45,35.2160305903174,126.845252429581
광주 남구 봉선로25번길 4,35.1308252382911,126.903483825599
광주 서구 군분2로 17 1층,35.1545161797347,126.880893039279
광주 서구 화운로193번길 36-11,35.1567429402242,126.873120390632
광주 서구 풍금로 153 1층,35.1303951407142,126.858454525607
광주 광산구 목련로153번안길 32,35.1738778564343,126.814010242193
광주 서구 군분로159번길 15-36 1층,35.1446755348582,126.886100225192
광주 북구 서강로 77-1 1층,35.1787055375871,126.871264324374
광주 북구 설죽로 518-5 1층 도야짬뽕 일곡점,35.2054915013156,126.89843956578
광주 동구 구성로204번길 20 2층,35.1521749944914,126.916082678633
광주 남구 군분로119번길 1 1층,35.1431200288442,126.889280963439
광주 동구 필문대로191번길 15-4,35.1534759159361,126.933159855869
광주 서구 상무대로955번길 17-3 1층 도요비,35.1530372676271,126.866245721858
광주 북구 서하로 249,35.1872366903124,126.907720540748
광주 북구 설죽로217번길 14,35.1792419231231,126.896023624734
광주 서구 화개중앙로114번길 4,35.1283217773788,126.852074365875
광주 서구 무진대로 932 광주신세계백화점 지하1층,35.1596823958076,126.882631959088
광주 광산구 비아로34번길 8-20,35.220351520584,126.822120184614
광주 광산구 비아안길 77 1층 도천숯닭발,35.2212433846161,126.820518206531
광주 동구 충장로 80-7,35.1480635345941,126.91570346372
광주 광산구 임방울대로332번길 29 1층,35.1897855344356,126.825474811662
광주 광산구 풍영로 83 우석빌딩 110-3호,35.1793839178026,126.810893143205
광주 서구 상무시민로 136 카페 도피,35.1549993116048,126.85388383981
광주 동구 동명로20번길 3-2 1층,35.1507627420859,126.9240041952
광주 북구 군왕로 188,35.1777181667943,126.93453709199
광주 북구 대천로139번길 5,35.1868929290856,126.920586300668
광주 광산구 임곡독골길 89,35.2437769753415,126.744224754453
광주 광산구 손재로110번길 37,35.1763608870426,126.798932030509
광주 광산구 임방울대로826번길 30 117호,35.2159620532602,126.84814378878
광주 광산구 수완로50번길 26,35.1893534014637,126.830213677962
광주 북구 하백로5번길 1,35.187887387957,126.890425708763
광주 북구 첨단연신로108번길 51-17,35.2085338048901,126.865086751356
광주 광산구 첨단강변로99번길 40,35.2157772268601,126.850493882967
광주 북구 제봉로 295,35.1606769639493,126.910029894861
광주 광산구 목련로219번길 133,35.1774744815972,126.823553181497
광주 광산구 왕버들로265번길 7-11 1층,35.1968399753789,126.837322028728
광주 북구 문화소통로 302,35.1825514643908,126.926744007588
광주 남구 효천안길 29,35.1058764690716,126.873701733916
광주 광산구 풍영로229번길 41,35.1919937535668,126.811807001868
광주 서구 월드컵4강로42번길 51-13,35.1423771802423,126.881798908787
광주 남구 봉선중앙로47번길 16 1층,35.1250881435631,126.909799051218
광주 광산구 첨단중앙로152번길 6-29,35.2186545406827,126.845417365804
광주 북구 황계로 15,35.1742676367639,126.875682135401
광주 서구 상무대로935번길 11,35.1524790499577,126.864134442868
광주 북구 비엔날레로 134 용산빌딩3층,35.1830702915169,126.892050233609
광주 북구 양일로305번길 2 2층,35.2028557046586,126.897298027329
광주 북구 하서로423번길 50-10,35.213861979527,126.872334491229
광주 서구 월암신기길 184,35.1450922953317,126.849694006559
광주 동구 산수길27번길 19-29,35.1573853206448,126.926066894993
광주 서구 풍금로 19-1,35.1216074701339,126.864847028538
광주 광산구 첨단내촌로70번길 102,35.213077913962,126.841947580764
광주 북구 서방로 13,35.1735101008145,126.914580330516
광주 남구 양림로 56-2,35.137143695025,126.915028930295
광주 광산구 수등로 261-11,35.1856897515193,126.837906715345
광주 광산구 어등대로529번길 24-68,35.1564790597097,126.779966043616
광주 광산구 임방울대로825번길 60-2,35.2204764370697,126.849131396089
광주 동구 동명로 80,35.1508336807878,126.929061286507
광주 광산구 금봉로 106-1 중흥s클레스 상가 131동 106호,35.1518636223774,126.809876058735
광주 북구 설죽로214번길 122 1층,35.177652012392,126.904211795986
광주 동구 중앙로160번길 16-5,35.1469159779701,126.914881599423
광주 동구 동명로20번길 16,35.1504589828837,126.925161732848
광주 북구 하서로 437,35.2138668060728,126.875060345994
광주 북구 임동로 22,35.1622712127549,126.897243479807
광주 광산구 목련로219번길 154,35.1773948438935,126.824326318054
광주 북구 하서로466번길 47,35.2152627436721,126.879522420107
광주 북구 군왕로208번길 6,35.1790243065932,126.936025029464
광주 서구 화운로304번길 5-2,35.1661758912076,126.878086899851
광주 광산구 남동길30번길 45,35.1286881054986,126.790574778219
광주 동구 문화전당로23번길 6-12,35.1450836069829,126.918966939193
광주 서구 상무화원로 21,35.1452569935057,126.842887792409
광주 동구 구성로152번길 19,35.1491471745177,126.912432343615
광주 북구 우치로100번길 20,35.1764020705841,126.913641985875
광주 서구 염화로65번길 4-31,35.1419684996277,126.873579729765
광주 광산구 수등로76번길 74,35.1800334611957,126.816299050807
광주 광산구 사암로279번길 16 1층,35.1695909477188,126.808192535638
광주 북구 동문대로 70,35.170359669089,126.922055968995
광주 서구 시청서편로4번길 13-6 1층,35.1594595054593,126.847233075259
광주 북구 문산로92번길 12,35.1889153368088,126.926498940805
광주 북구 양산택지소로 42 은혜하우스 1층,35.2158156162891,126.883278746375
광주 서구 상무대로876번길 16 1층 돌,35.1488093617734,126.857558427455
광주 북구 양산로 47,35.210556649075,126.879652925951
광주 광산구 송정로 44,35.1353097211341,126.795662399053
광주 북구 면앙로121번길 110,35.1813486158291,126.927964918651
광주 광산구 수완로 70 수완동 1367번지,35.1914259186658,126.829020897993
광주 북구 금곡한고샅길 4,35.1699681337946,126.999119639076
광주 남구 사직길 2-1,35.1430069513013,126.91487886566
광주 서구 죽봉대로119번길 4,35.1644365180569,126.883187336449
광주 북구 송월로 40,35.1873072324376,126.913537674177
광주 서구 경열로76번길 6,35.151028051239,126.894249830137
광주 남구 송암로 57-1 돌매순두부,35.1100405023375,126.876845721468
광주 서구 화운로 137 1층,35.1511099446446,126.87710663317
광주 광산구 첨단중앙로67번길 87 1층,35.2113497256235,126.837836181161
광주 북구 경양로135번길 31 1층,35.1627182701428,126.907160582532
광주 북구 설죽로 518-10,35.2053098936156,126.898888069659
광주 북구 첨단연신로108번길 53,35.2088654638532,126.866026286874
광주 서구 상무자유로 176 2층,35.1512812819164,126.85350132934
광주 광산구 송도로162번길 10-15,35.128236736504,126.792902208501
광주 북구 저불로39번길 7-4,35.1776987870126,126.89434089024
광주 광산구 월계로150번길 10,35.2129364771253,126.841660214428
광주 북구 동문대로 179-3,35.178458055786,126.928573575649
광주 광산구 첨단중앙로182번길 90 대라수5차 상가106호,35.2215938176562,126.850859198896
광주 북구 임방울대로1042번길 17 지하 1층 104호,35.21091226591,126.871442711715
광주 광산구 동곡로 151-28,35.0984002040692,126.773729389739
광주 광산구 동곡로 161-1,35.0979958189706,126.774147267608
광주 북구 북문대로 146,35.1820681166713,126.873125618596
광주 광산구 비아동원촌길 65 동궁가든(옻닭/추어탕),35.2213315202691,126.828274447892
광주 동구 필문대로187번길 1-14,35.1545012696447,126.932935566518
광주 광산구 임방울대로215번길 5-4 1층,35.1802365787896,126.817041613961
광주 서구 상무민주로76번길 9,35.1572890267386,126.86037452112
광주 동구 필문대로273번길 30-3,35.1454997471638,126.930393303572
광주 동구 동계로 15 1층,35.1530817095035,126.924207267697
광주 서구 운천로162번길 25,35.1476527525598,126.859580438104
광주 서구 월드컵4강로28번길 3-23,35.140929659706,126.876090568486
광주 북구 서하로 312-1 1층,35.1866947842035,126.914713768217
광주 광산구 월곡중앙로1번길 1,35.1663126022779,126.810585329616
광주 광산구 송도로320번길 1-2 1층,35.1412628154264,126.802325806893
광주 동구 동계천로 178-1 1층 동네주꾸미,35.1491624150558,126.928664809851
광주 북구 면앙로165번길 38,35.1776620237683,126.930512565355
광주 동구 필문대로187번길 11-19,35.1552052692536,126.933988267522
광주 서구 쌍촌로 35 1층,35.14803544897,126.864711604745
광주 광산구 신창로72번길 23,35.1917998768403,126.838398232814
광주 북구 중외길 31,35.1889349823887,126.893706877157
광주 서구 상무오월로3번길 10-2,35.1563975739373,126.859898621562
광주 광산구 수등로 261-17,35.1856882891871,126.838093803263
광주 북구 설죽로 496-5 1층,35.203988640942,126.899043999397
광주 북구 북문대로247번길 18,35.1863286322604,126.864623905215
광주 북구 북문대로 246,35.187339132225,126.865424713239
광주 북구 유림로 147-1,35.17573443655,126.863880486995
광주 북구 하남대로 699,35.172029959632,126.869123179907
광주 광산구 월곡중앙로 31,35.1692020617902,126.810918695069
광주 남구 광복마을6길 6,35.1251245457682,126.89605251301
광주 서구 풍암2로53번길 4,35.123128917329,126.881875432374
광주 동구 필문대로 230,35.1505633884455,126.929568980094
광주 동구 동계천로 181 1층,35.1494617093055,126.928890290245
광주 동구 장동로 6,35.1490585353703,126.922715755743
광주 동구 동명로 59,35.1513762026541,126.927075406471
광주 동구 장동로 7 3층,35.1491153979943,126.923119993885
광주 동구 장동로 7 4층,35.1491153979943,126.923119993885
광주 동구 동명로67번길 20-1,35.1527049281098,126.926825862414
광주 동구 동계로9번길 2,35.1527509548794,126.924134592316
광주 동구 제봉로110번길 3 1층,35.1486018257078,126.922308496179
광주 동구 제봉로140번길 14 동명이네,35.1510309984442,126.922035884812
광주 동구 제봉로98번길 8 지하1층,35.1472564448034,126.92271691078
광주 북구 용봉택지로 20 한신아파트 상가 103호,35.1784659053156,126.888578206534
광주 북구 서강로54번길 40 운암동 롯데캐슬,35.1757578606673,126.875254365762
광주 북구 설죽로 569,35.2100184986891,126.897532379378
광주 북구 우치로 28,35.1699677456691,126.911291794093
광주 북구 문산로 61,35.1875832317656,126.921902721945
광주 서구 상무평화로 62 라인동산아파트 108호,35.1477896235738,126.84561283611
광주 광산구 신가삼효로 21,35.1865456039431,126.834849701109
광주 북구 첨단연신로133번길 15 상가 동명카츠,35.2098277020832,126.862449489031
광주 광산구 월계로 102-1 동명카츠 첨단점,35.2133356335286,126.836668045909
광주 동구 동계천로 121 지하,35.1501769784769,126.923337605607
광주 동구 동계로15번길 20-3,35.1542526397274,126.922596265748
광주 북구 북문대로247번길 16,35.186411724665,126.864774073608
광주 동구 필문대로295번길 15-10,35.1449411534628,126.928501363797
광주 북구 동배마을길 36-8 1층,35.178657395422,126.861688751735
광주 동구 동명로 9 1층,35.1501894803407,126.922727416759
광주 광산구 수완로74번길 27,35.1918649532626,126.830485148987
광주 북구 용봉택지로 55 1층 동백카츠,35.1787331570191,126.892670310269
광주 동구 금남로 164-4,35.1524938628598,126.91135301634
광주 광산구 임곡로 12 동복메기탕,35.2183207733565,126.747561368369
광주 동구 제봉로82번길 3-1,35.1461616628872,126.9221716666
광주 북구 송강로 242,35.1708187368574,126.99831148968
광주 광산구 월계로 223-22,35.2153885340569,126.850177511606
광주 북구 군왕로51번길 5,35.1660733895352,126.931836206709
광주 남구 봉선중앙로 60-5,35.1261158440995,126.911709974923
광주 광산구 송정로52번길 5 1층 동산회관,35.1348826177625,126.796335741072
광주 북구 양산택지로 36-1,35.209713907683,126.87994772927
광주 광산구 첨단내촌로70번길 61,35.2133124686191,126.839702773404
광주 광산구 광산로29번길 16,35.1399790466317,126.794227092016
광주 동구 금남로 193-5 광주삼성어린이집,35.1513662603925,126.914232758163
광주 남구 용대로 116 즉석왕족발,35.1265734840689,126.918423440496
광주 광산구 도산로9번길 30,35.1281681373019,126.790382244165
광주 북구 대천로 135,35.1865714758679,126.920540719938
광주 북구 용주로30번길 10,35.1813282613216,126.901375445802
광주 광산구 월계로 82-1 동아리 첨단월계점,35.2124033120959,126.834966047439
광주 광산구 장덕로39번길 6,35.1952547345025,126.813891147389
광주 서구 풍금로 10,35.1210996251868,126.865968942627
광주 북구 월동로 86,35.1788817806126,126.937888701589
광주 북구 양산제로 110,35.2028874751062,126.869537222655
광주 광산구 사암로390번길 37,35.1792794836688,126.809762949515
광주 서구 염화로45번길 13 라인상가 1층,35.1385509655212,126.871248456721
광주 광산구 송도로182번길 16-6,35.1299768782496,126.794367897751
광주 광산구 신창로35번길 9,35.1884321904821,126.836348872682
광주 광산구 산월로 81 상가동 1층 111호,35.2100389263604,126.845868163136
광주 광산구 첨단중앙로68번길 60,35.2110142315282,126.845760667497
광주 서구 마륵복개로 91,35.1461774393135,126.849182824322
광주 광산구 평동산단3번로 48,35.1295104422215,126.755811437918
광주 동구 지호로 128,35.149011472972,126.942651734904
광주 남구 독립로15번길 9 동원식당,35.1349654053385,126.900505758653
광주 서구 상무공원로 112,35.154117548725,126.84324028638
광주 서구 상무공원로 114 해광한신아파트,35.1549634231628,126.843688969731
광주 남구 양림로 87,35.1385794355776,126.918113223255
광주 동구 장동로 4 1층,35.1491241637061,126.922589050669
광주 북구 효열로35번길 22 1층,35.2089419267576,126.873080313574
광주 광산구 목련로153번길 56,35.1744392864871,126.816714295746
광주 서구 경열로66번길 3-1 1층,35.1507461272727,126.89345136246
광주 북구 동림용산로 31-13 2층,35.1873473124214,126.866463350552
광주 서구 유림로98번길 45,35.1710454812823,126.868941547927
광주 서구 유림로98번길 39 모든빌딩 1층,35.1711112550639,126.868170622508
광주 서구 하남대로734번길 3 1층,35.1709574085116,126.87299381005
광주 동구 독립로264번길 27,35.1532186187837,126.913686353783
광주 서구 천변우하로 383-5,35.1695242251961,126.862248019518
광주 서구 동천로10번길 35-3,35.1697075258405,126.861979322168
광주 서구 하남대로734번길 11,35.1701904919101,126.872953948275
광주 광산구 월계로150번길 9,35.2129083144746,126.841974158442
광주 서구 계수로 56,35.1602680551849,126.856701004309
광주 동구 지원로 31 1층,35.1245267977752,126.935721318317
광주 남구 광복마을길 121-3,35.1285447350987,126.896009766964
광주 남구 백운로 20-1,35.1358947040771,126.908863908599
광주 서구 경열로26번길 3,35.1514626340944,126.888951291149
광주 서구 서광주로 181 1층,35.1432113709113,126.848492139401
광주 북구 청계로 82-3,35.1804172465116,126.89337972071
광주 광산구 비아로24번길 10-16,35.2205210525285,126.823034659876
광주 북구 밤실로 172,35.16278716398,126.934687466415
광주 북구 반룡로 56,35.1783428214023,126.903995922867
광주 광산구 임방울대로 154-29,35.175092453468,126.8207799723
광주 북구 반룡로 22 1층,35.1790328238493,126.90044045366
광주 북구 하서로 521,35.2206874945745,126.879496280509
광주 북구 태봉로 37 국제미소래 2차 상가 104호,35.1614758150715,126.902766247064
광주 광산구 왕버들로265번길 5-7 1층101호 김치찌개,35.1963232246817,126.837452520203
광주 광산구 하남대로54번안길 4,35.1778184778149,126.799100577991
광주 북구 호동로 4-7,35.1741189802905,126.913329232666
광주 서구 하남대로 698 1층,35.1714669895974,126.868972705611
광주 광산구 신창로33번길 17,35.1882089706942,126.835982824313
광주 북구 대자로 70-1 1층,35.1731775862404,126.880204984491
광주 북구 하서로 370,35.2079731944981,126.873895490171
광주 북구 자동차로 73 1층,35.1658570965409,126.901930549648
광주 서구 금화로85번길 3,35.1327303337901,126.85778897918
광주 서구 월드컵4강로42번길 63,35.1421336886404,126.882505613581
광주 남구 서문대로 780,35.1289012787244,126.898627235112
광주 광산구 사암로216번길 14,35.1633624304854,126.809187989491
광주 북구 서방로9번길 27,35.1747339663855,126.914201636878
광주 남구 군분로 5,35.1344482478933,126.895943559521
광주 북구 설죽로471번길 51,35.2008218016334,126.894157545125
광주 광산구 산월로21번길 6,35.2091512547353,126.83967427132
광주 북구 하서로 442-6 1층,35.2139544772932,126.876259662701
광주 북구 천지인로105번길 2,35.1841647120159,126.910267951183
광주 광산구 목련로153번안길 16,35.1733065015118,126.814137235749
광주 북구 용주로 26,35.1814711323171,126.900941069202
광주 광산구 광산로 12-1,35.1377620744756,126.793441098719
광주 북구 중가로51번길 25,35.1606486289787,126.906301003727
광주 광산구 산정로6번길 6,35.1669620428968,126.80346382374
광주 서구 학생독립로 4,35.1444951168875,126.866611403568
광주 동구 필문대로205번길 16,35.1519693488994,126.93277423158
광주 북구 첨단연신로108번길 45 1층 돼지의꿈,35.2083970962357,126.865921956296
광주 북구 동림용산로 12-7 1층,35.1881916824516,126.8685884805
광주 북구 매곡로 99,35.1933720531251,126.891844015387
광주 동구 필문대로191번길 5-14,35.1538918836626,126.93281567185
광주 서구 상무버들로 22,35.1645338342306,126.861043111444
광주 동구 제봉로222번길 5,35.155512754115,126.914057633757
광주 광산구 월계로118번길 24,35.2124384070826,126.838263003222
광주 광산구 임방울대로826번길 19-19 1층,35.2167809291143,126.849732433772
광주 광산구 수등로94번길 36,35.1818488929551,126.818881096177
광주 북구 중흥로 76,35.1640156095011,126.902474329085
광주 광산구 장신로 136 2층,35.1904333546598,126.825049496189
광주 동구 구성로194번길 21-1,35.1517122858777,126.915894609861
광주 서구 금호만호길 47,35.132562502092,126.850890933538
광주 남구 봉선1로73번길 1 두레박한우촌,35.1282961716423,126.913232326986
광주 서구 매월2로15번길 16 매월 종합상가,35.1173263488781,126.85906995107
광주 서구 금호운천길 103,35.1441641247341,126.855894365254
광주 남구 군분로33번길 4-1,35.1365042044688,126.893908384928
광주 서구 상일로 16 두리포차,35.1569445376983,126.86322847038
광주 북구 북문대로 96-1,35.1787567945686,126.876959206229
광주 남구 백운로 20,35.1357752710358,126.908980569353
광주 북구 서하로 295,35.1871304143288,126.912822006411
광주 북구 면앙로 83 1층,35.1782999273816,126.921254228254
광주 광산구 앰코로 35 5층 501-1호,35.2215143042016,126.852391831029
광주 북구 군왕로51번길 6,35.1662420382028,126.931844188644
광주 북구 서방로107번길 88,35.1738275286061,126.926934830235
광주 북구 삼정로 98-1 1층,35.1707886668298,126.937523937883
광주 북구 삼정로 71 두암골전집,35.167219302044,126.935316729494
광주 북구 밤실로167번길 2,35.1623826179126,126.934490660004
광주 북구 밤실로 189,35.1641186782396,126.93357637071
광주 북구 참판로 80,35.1650063993497,126.932548477453
광주 북구 삼정로 71 부영아파트 상가 104호,35.167219302044,126.935316729494
광주 북구 군왕로 69-1,35.1674862670157,126.932476727536
광주 서구 상무대로 797-3,35.1477658865901,126.849819572532
광주 남구 봉선중앙로123번길 24,35.132000547254,126.908031745031
광주 광산구 수완로50번길 34-4,35.1891026581494,126.830223202852
광주 북구 서방로 42,35.1727250865408,126.917540119298
광주 남구 천변좌로382번길 10,35.1442778460724,126.912190653044
광주 남구 백양로 159 2층,35.1365843483775,126.918497944665
광주 광산구 남동길 8-2,35.1285782165792,126.789838324194
광주 서구 상무중앙로38번길 22 지하1층,35.1499833120568,126.850905582874
광주 동구 지산로 5,35.1447242525136,126.930300687594
"광주 북구 우치로 104-9 3층, 드로잉카페 TONE",35.1768829330656,126.912996300624
광주 서구 상무화원로17번길 4 1층,35.1452739778952,126.842362446927
광주 서구 전평길 41 1층,35.1176542766103,126.847462979584
광주 남구 광복마을길 83,35.1251650363427,126.896602001369
광주 서구 월드컵4강로 223,35.1559078545397,126.868327513245
광주 서구 금화로 59,35.132257383536,126.855422922983
광주 서구 금화로 240 롯데마트월드컵점 3층 드롭탑,35.1336537390124,126.874829477436
광주 서구 상무대로 761,35.1460240884777,126.846574625532
광주 북구 용봉택지로 51,35.1787865144863,126.89205853217
광주 북구 면앙로121번길 96-2,35.1809318003329,126.927313929642
광주 북구 서양로 100,35.168705049619,126.911931691386
광주 서구 상무버들로 28 1층 드링끄,35.1646115600043,126.860362556041
광주 광산구 장신로19번길 12 1층,35.191974076818,126.81260320762
광주 북구 동문대로97번길 81,35.1736424362407,126.920153608506
광주 동구 양림로 124-1,35.1401687035645,126.921496931496
광주 북구 서하로 180,35.1871424657446,126.900068463643
광주 북구 중외길25번길 17 듣는가게,35.1893378638357,126.892555902998
광주 서구 상무민주로 95,35.159026473088,126.859117262156
광주 북구 용봉택지로 50,35.1783889937736,126.891831150365
광주 서구 칠성로52번길 8,35.1661619153257,126.862666407698
광주 서구 회재로 733,35.1138648040835,126.847787061435
광주 남구 봉선1로 112,35.1271384281485,126.917181472857
광주 북구 일곡로49번길 75 1층 들에핀,35.2096372791596,126.892600443226
광주 북구 서방로160번길 11 1층,35.1687116478873,126.929599218638
광주 서구 상일로14번길 5-10,35.1571861439604,126.863906122569
광주 서구 풍금로38번길 27,35.1240847062856,126.865185667467
광주 북구 동림용산로 31-5,35.1876402416734,126.866535116008
광주 동구 무등로 508,35.1555783450574,126.935330663971
광주 북구 중가로 59,35.1592823499324,126.906887242198
광주 북구 동운로 234,35.1740676807046,126.875560149201
광주 광산구 수등로 261-6,35.1854522590621,126.837715601011
광주 서구 월드컵4강로68번길 3,35.1431547552991,126.874857071643
광주 북구 서방로107번길 100,35.1742452309299,126.927256540503
광주 서구 마륵로 23,35.1433537164301,126.834914717816
광주 광산구 임방울대로801번길 51,35.2202058762686,126.845647061562
광주 북구 우치로 142 등촌,35.1800143681238,126.912166838182
광주 광산구 하남울로48번길 18 등촌,35.1844408688959,126.804138021794
광주 서구 상일로 2,35.1556645054985,126.863217991297
광주 광산구 첨단내촌로 46,35.2106870330564,126.837418405456
광주 서구 화운로 107,35.1490612602785,126.879095394484
광주 남구 백운로82번길 4,35.1404179309293,126.906393103148
광주 광산구 여대길 290,35.1668434278513,126.794503011162
광주 광산구 첨단중앙로182번길 90 상가동 109호,35.2215938176562,126.850859198896
광주 동구 동계로12번길 3 1층 DBDD,35.1527677616013,126.924634257311
광주 북구 우치로 885 디비디비애견 유치원.호텔,35.2409116076389,126.891019563898
광주 서구 상일로42번길 9-14,35.1598815358436,126.864440320811
광주 서구 치평로 86 1층 106호,35.1548917494996,126.847782792988
광주 광산구 장신로 136 1층 102호,35.1904333546598,126.825049496189
광주 광산구 신창로 110-1,35.1950485709667,126.83822270092
광주 동구 용산3길 17,35.1182025823404,126.926724755691
광주 남구 진월동 859-176,35.1203282265261,126.898633468646
광주 동구 충장로안길 38 국제빌딩,35.1470690548059,126.916997554357
광주 광산구 고봉로 53 107호,35.1819606216649,126.801266575449
광주 북구 용봉로 3 1층,35.1724325364072,126.897508095441
광주 북구 송월로49번길 1 1층 카페 달달,35.1881921513981,126.913241497649
광주 서구 치평로 76,35.1541538491066,126.847888429202
광주 동구 백서로 206,35.1461479682515,126.925772863571
광주 동구 동계천로 150 I-PLEX  203호,35.1482316255341,126.92588806572
광주 북구 서양로 41 지하1층,35.1704902721909,126.905811880227
광주 남구 효덕로 276,35.1081968704,126.897286937999
광주 동구 필문대로 261 1층 딜라이트베이크샵,35.1478292916193,126.928494338412
광주 서구 상무오월로15번길 22,35.1574495427369,126.861223521447
광주 광산구 첨단중앙로182번길 90,35.2215938176562,126.850859198896
광주 북구 용봉택지로 90-1,35.178222333253,126.896367661621
광주 북구 용주로 36-1 1층 딜리버리푸드,35.1819359517919,126.902037274583
광주 광산구 단전둘레길 15 상가 108호 딥커피,35.1818151984293,126.796147480499
광주 동구 동계천로85번길 6-2 1층,35.1525272031001,126.920978689303
광주 서구 상일로54번길 3 호반3차 건너편,35.1604246984361,126.863720616086
광주 북구 서방로 137-1 1층,35.1699792474144,126.927342887567
광주 서구 쌍촌로57번길 17 1층,35.149735531473,126.86273165379
광주 서구 풍암중앙로91번길 4-41,35.1283503548588,126.884699740305
광주 서구 월산로235번길 10-3,35.1568587715266,126.889012444594
광주 광산구 월곡중앙로25번길 23,35.1684941131307,126.809580389739
광주 서구 금부로95번길 10,35.1405490668845,126.859374163762
광주 동구 무등로 424,35.1581930601955,126.927913447859
광주 서구 월암신기길 188-3 1호,35.1453791114418,126.849769198138
광주 북구 군왕로 97,35.1699817652427,126.932473347334
광주 북구 호동로75번길 16,35.1786622265186,126.917131661821
광주 북구 자미로 26,35.168306544524,126.903511018126
광주 서구 월드컵4강로181번길 46,35.152244026048,126.86442116289
광주 광산구 내상로 56-6,35.1374351501591,126.798039805097
광주 서구 금부로 111-1,35.1399913143272,126.861102278229
광주 서구 월드컵4강로181번길 36,35.1523267315139,126.865518165322
광주 북구 서하로245번길 29,35.1885666763978,126.907296433685
광주 북구 어매마을길17번길 16,35.1918958504899,126.894231269333
광주 동구 필문대로191번길 5-29,35.1540975474108,126.932605332792
광주 서구 금화로 31 금호동 쌍용예가 만호마을,35.1321400576289,126.852087649175
광주 광산구 신창로86번길 3,35.1930151718305,126.837656862004
광주 북구 송해로58번길 13-1,35.2037544245773,126.900624103334
광주 동구 문화전당로23번길 31,35.1437822995529,126.916297706318
광주 북구 양산제로 109-7 1층 2호 떡고,35.2038083707245,126.870361457232
광주 광산구 풍영로229번길 5 1층,35.1919720627002,126.813751611271
광주 서구 염화로 18 화정엘리체 107동 104호,35.1360183099885,126.872605682607
광주 서구 월드컵4강로 209 상가1동 1층 103호,35.1548365837419,126.869238410451
광주 광산구 풍영로 219 1층 103호,35.1912421813708,126.813950036913
광주 서구 유림로98번길 41 1층 105호,35.1710603113367,126.868403641043
광주 북구 호동로 7,35.1747942399545,126.913403384016
광주 북구 북문대로 96,35.1786578124199,126.876857477425
광주 남구 봉선로 158,35.1226860747399,126.912348880505
광주 광산구 첨단내촌로70번길 6,35.2129141322059,126.836779597078
광주 서구 유림로98번길 17,35.1712330446517,126.865804833115
광주 북구 서방로 169-2 1층,35.1692443895945,126.93076176932
광주 북구 문산로 82,35.1884486461728,126.925663707468
광주 남구 봉선중앙로124번길 1 1층,35.1321947231097,126.910958305688
광주 광산구 내상로15번길 16 1층,35.1403328209223,126.79662403594
광주 서구 월드컵4강로226번길 6-14 1층,35.1557677522428,126.869884015448
광주 북구 양산로 40 1층,35.2103744565477,126.878630175264
광주 광산구 산정공원로82번길 16 1층,35.1746423762044,126.808052452649
광주 남구 대남대로 343-2,35.1422316319748,126.892670842695
광주 남구 효덕로300번길 9,35.1105272018662,126.897533231733
광주 북구 서하로 418 문흥동 대주아파트,35.183313353653,126.924788208566
광주 북구 설죽로202번길 35,35.177452335814,126.899507159006
광주 남구 효덕로 280 1층,35.1084720638626,126.897187873431
광주 북구 매곡로69번길 22-1 부림2차 상가,35.1896761201613,126.891721438775
광주 광산구 임방울대로826번길 25 1층 114호,35.2163654476537,126.84896854222
광주 광산구 월곡중앙로 8,35.1668786424781,126.810923853679
광주 서구 쌍촌로 37 1층 또또도시락,35.1481698265098,126.864697884169
광주 서구 운천로56번길 17,35.1380801863749,126.860970888453
광주 북구 매곡로 93 대주피오레 아파트,35.1930145907904,126.890257306831
광주 광산구 첨단중앙로181번길 42-14,35.2215544456265,126.837900351384
광주 광산구 금봉로 18 라인2차아파트,35.1514173403596,126.800885424125
광주 광산구 월곡중앙로10번길 6,35.1670642157788,126.811086866588
광주 광산구 첨단내촌로 30,35.2093860031248,126.837403537062
광주 동구 금남로 162-3 1층,35.1526375502226,126.911121293559
광주 남구 제석로80번길 32 1층 102호,35.1210564026645,126.91061509327
광주 북구 독립로255번길 22 1층,35.1548165422394,126.909838686771
광주 광산구 하남대로 155 1층 104호,35.1802624679686,126.810661988488
광주 광산구 소촌로 73,35.1509195916212,126.792863189506
광주 서구 상무오월로15번길 23,35.1576277545777,126.860999101127
광주 동구 의재로 23-1 용문빌딩 1층,35.1330806807759,126.930073723382
광주 북구 면앙로139번길 38,35.1781751287038,126.928283340784
광주 광산구 송도로 144 1층,35.127651667939,126.792010730386
광주 동구 제봉로17번길 12-3 1층,35.1394956732307,126.921245199251
광주 광산구 첨단내촌로 48 1층,35.2110208801227,126.837408514554
광주 서구 풍암신흥로 37-1,35.1207866006486,126.867462095745
광주 남구 천변좌로338번길 7 서오층석탑,35.1479055222584,126.907896870694
광주 서구 금화로85번길 4-28 1층,35.1334263754405,126.858876535487
광주 서구 금화로103번길 21-1,35.1347006432564,126.859662698072
광주 북구 호동로 19,35.1752262684908,126.914685019813
광주 서구 금부로 107-1,35.1399610628012,126.860660994425
광주 서구 상무공원로 112 1층 111호,35.154117548725,126.84324028638
광주 남구 대남대로171번길 4,35.1332230553584,126.906252775608
광주 광산구 첨단내촌로36번길 26 1층 102호,35.2099528113748,126.838645288997
광주 광산구 목련로142번길 54,35.1699187138892,126.815053405186
광주 광산구 첨단중앙로170번길 25,35.220826888142,126.843247990817
광주 북구 문화소통로 250,35.181124812641,126.921029956321
광주 동구 무등로321번길 3,35.1622908531314,126.918174309933
광주 광산구 신가매결길 91-14 1층,35.1891006124724,126.84031611851
광주 광산구 남동길48번길 6,35.1310252723457,126.789030107156
광주 서구 금화로 31,35.1321400576289,126.852087649175
광주 광산구 비아로24번길 9 1층 뚱갈비,35.2205663242188,126.822067103246
광주 광산구 신창로105번길 6-15,35.1955595029593,126.837515751925
광주 서구 쌍촌로 33,35.147796095572,126.864754580305
광주 북구 하서로 372,35.2080855356807,126.87392694518
광주 북구 용봉택지로 62,35.1783128666069,126.89329607031
광주 광산구 하남대로54번안길 8-2 1층 101호,35.1776734520071,126.799101922833
광주 남구 제중로 39,35.1381030743005,126.913962805134
광주 남구 대남대로139번길 20,35.1320902607688,126.909989813142
광주 광산구 진곡산단2번로 47-59,35.200225463641,126.790623122971
광주 북구 동문대로248번길 39 2층,35.1833378332065,126.937571864982
광주 서구 염화로65번길 4-5,35.1408989942153,126.873024385967
광주 서구 풍암신흥로 39,35.1208349123464,126.867708304404
광주 북구 자동차로47번길 60 2층,35.1641175361694,126.897966689472
광주 동구 필문대로 2,35.164500824419,126.919821509673
광주 북구 일곡택지로 71,35.2081484528176,126.894063036106
광주 남구 화산로 105,35.1148639377582,126.907618032292
광주 북구 밤실로 187-2,35.1640323561358,126.933627590307
광주 북구 서양로 74,35.1693735221462,126.90927904097
광주 서구 상무대로876번길 25 1층 3호 뜨앙,35.1482773559866,126.858230642875
광주 북구 면앙로192번길 11-1,35.1747907504858,126.932423374471
광주 동구 문화전당로26번길 10-4,35.1448163919202,126.920659895284
광주 동구 동계천로 163-2,35.1492307383012,126.927149970304
광주 광산구 산월로21번길 13,35.2095196824566,126.839436547423
광주 서구 동천로10번길 22 아치스톤빌 1층,35.1693608390975,126.861405043736
광주 북구 설죽로202번길 76,35.1771098918178,126.901681119268
광주 동구 문화전당로35번길 6,35.1456605606329,126.918417896781
광주 서구 대남대로 461,35.1511753521862,126.885827998933
광주 북구 경열로 216,35.15851849437,126.906713382256
광주 북구 첨단연신로108번길 149,35.2081158815525,126.864954997434
광주 서구 상무공원로 126 호반아파트 상가 109호,35.1555633504859,126.843187247039
광주 북구 하서로 498,35.2184729651451,126.878681605947
광주 서구 상무대로 1197 1층,35.1555829254313,126.892442039557
광주 동구 의재로136번길 35,35.1319987473332,126.945469966106
광주 남구 봉선중앙로 51 1층,35.1253714822254,126.911195686123
광주 광산구 임방울대로826번길 42 포플레이 101호 라무진,35.215428915903,126.848440558502
광주 남구 제중로46번길 12-2 1층 라보카,35.138633741435,126.914906022219
광주 동구 남문로 750-1,35.1369971073093,126.925540650142
광주 광산구 용아로400번길 30 1층 1056호 라뽈리스 하남점,35.1780934325427,126.806489286879
광주 서구 금호심곡길 1,35.1347453564961,126.855223107829
광주 북구 우치로90번길 19 2층,35.1756122675067,126.9137205441
광주 북구 하서로 442-8 1층,35.2139125269763,126.876576145796
광주 서구 화정로153번길 9-1,35.1461936743461,126.87414131332
광주 광산구 신창로 136 1층(),35.1971130740426,126.839203247604
광주 동구 독립로 268,35.1545374246114,126.912216616835
광주 남구 월산로 125-1,35.1489419612072,126.896463618525
광주 서구 월산로235번길 3 1층,35.156965598887,126.889820302197
광주 북구 문화소통로 256,35.1811442674272,126.921841363449
광주 북구 첨단연신로 25 111호,35.200241551762,126.86308498841
광주 동구 중앙로252번길 15,35.1530260389305,126.921429819586
광주 북구 양일로305번길 28,35.2050026874195,126.896511005886
광주 남구 금당로 73,35.1235170890193,126.895257414939
광주 북구 연양로 121 1층,35.2058576985325,126.880722356849
광주 서구 쌍촌로 22-1,35.1468961919154,126.865172311416
광주 서구 풍금로 5 1층 카페 라제스,35.1207029691186,126.865837179055
광주 북구 호동로 9-7,35.1750221754079,126.913126832496
광주 서구 마륵로 68,35.1448296222589,126.839286174647
광주 북구 비엔날레로 112-1 1층,35.1818077702767,126.890652124609
광주 북구 설죽로370번길 10 A동6호,35.192859981571,126.900010954303
광주 북구 양산택지로 92-1 챠밍 1층,35.2139398884307,126.882423001813
광주 북구 우치로90번길 8-4 1층,35.1752977924375,126.912976253472
광주 남구 봉선2로 85 1층,35.1261015726938,126.9157197356
광주 동구 제봉로 187,35.152717277367,126.916509478514
광주 남구 중앙로 46 6층,35.1436147364117,126.903564419111
광주 북구 면앙로32번길 15 리치빌 1층,35.1788706837293,126.915656740373
광주 동구 예술길 24-1 1층,35.149685168187,126.918730709369
광주 남구 봉선로 180 104호,35.122829895446,126.914825480007
광주 서구 군분로169번길 2,35.1470709884561,126.886192141898
광주 북구 첨단과기로 123,35.2268723918921,126.842951201821
광주 서구 동천로10번길 35-1,35.1695536565631,126.861972666662
광주 남구 군분로 24,35.1359311211999,126.895259074062
광주 서구 화정로 256-1,35.1476073913571,126.884859583447
광주 광산구 수완로12번길 48,35.1865988168061,126.831406378602
광주 서구 상무번영로 56 1층,35.1547358009703,126.853251382098
광주 서구 상무중앙로 114,35.1574422156228,126.849063916955
광주 북구 용봉로 2 1층,35.1717328955671,126.897286683104
광주 서구 월드컵4강로112번길 11-10 1층 러브쿠키,35.1471307420504,126.873720554382
광주 동구 동명로 56,35.1512047838099,126.926511687272
광주 광산구 임방울대로826번길 29-25 첨단 CGV영화관옆,35.2162604003084,126.850096720125
광주 북구 서방로 7-1,35.1736896952014,126.914005576923
광주 남구 봉선로19번길 7,35.1316276349293,126.903714057065
광주 북구 첨단연신로108번길 29,35.2076889247147,126.865777716987
광주 북구 일곡로 42 1층(),35.2075722052097,126.892920765406
광주 북구 서하로 256,35.1869535628503,126.908298374518
광주 북구 상촌로43번길 54,35.2137747806591,126.88069254588
광주 광산구 내상로 47,35.1380227677314,126.797889782758
광주 북구 금재로 58,35.1564622247209,126.909448676541
광주 서구 운천로113번길 23,35.1439861405198,126.856683568742
광주 광산구 선운로20번길 26 카페 레브,35.1470832322293,126.773425392852
광주 동구 문화전당로23번길 1 1층 레브무슈,35.1445834955133,126.919318152926
광주 북구 대자로106번길 10-6 에이치원 호텔 2층,35.1727771500476,126.883758310064
광주 광산구 장신로19번안길 11-3,35.1915522807903,126.811871483995
광주 서구 화운로175번길 5-7,35.1542271955056,126.876120566249
광주 서구 풍금로3번길 8 레인보우호프,35.1203648157122,126.865384217123
광주 서구 대남대로461번길 4-1,35.1510578548645,126.885488391881
광주 광산구 동곡로 823 좌측 1층,35.1544429999837,126.779827095143
광주 북구 자미로 59,35.1713034045864,126.90411111641
광주 남구 용대로53번길 22-1 레파스,35.1215531562022,126.915403421963
광주 북구 호동로15번길 13 로니로티,35.1757686487388,126.914222285918
광주 동구 동명로 48 지하1층,35.1512523084874,126.925662762972
광주 광산구 신창로35번길 85-7,35.1872354386823,126.834276499559
광주 서구 월드컵4강로104번길 13,35.14608407996,126.874412645926
광주 서구 화정로189번길 25,35.1477112343428,126.87688929844
광주 동구 필문대로 12-7,35.1640161139877,126.921118611622
광주 서구 내방로240번길 5,35.1574006127878,126.867022660749
광주 광산구 첨단중앙로152번길 31,35.2193358497656,126.844275526809
광주 서구 운천로 83-1,35.1401916440534,126.858416940163
광주 광산구 하남산단4번로 172,35.1907182835668,126.809065312698
광주 동구 제봉로98번길 11-11,35.1478787862653,126.922499913196
광주 북구 첨단과기로208번길 43-10 B동상가 114호,35.2226023308766,126.849252900621
광주 동구 동계천로 110 1층,35.1508802825454,126.922303477171
광주 동구 충장로 3,35.1528870850286,126.909710105807
광주 서구 운천로17번길 10,35.134271650967,126.858085512836
광주 동구 백서로125번길 30,35.1444479352237,126.917849136114
"광주 남구 봉선로 64, 1층",35.1274257607407,126.904528359489
광주 남구 진다리로6번길 11,35.1359038023117,126.902375316713
광주 남구 천변좌로542번길 20,35.1324104025297,126.921635823317
광주 북구 일곡마을로116번길 38-6,35.2069750299231,126.893808349146
광주 광산구 첨단중앙로106번길 50,35.2146413922136,126.845717782533
광주 북구 독립로 398,35.1658386734285,126.916562478165
광주 남구 백서로 70,35.1388339639753,126.915593265035
광주 남구 봉선2로 49,35.1259471305615,126.911739998537
광주 동구 중앙로160번길 13 2층,35.147722801787,126.91464723097
광주 광산구 월계로 195-14,35.2146669810476,126.847060084862
광주 서구 월드컵4강로28번길 15-22 1층,35.1411740905159,126.878026966691
광주 동구 장동로 2 1층 로타리커피,35.149257304674,126.92232290795
광주 서구 화개1로 55,35.1289408261173,126.854976866746
광주 북구 우치로100번길 3 로플로플 전남대점,35.1764847350414,126.912775409607
광주 동구 서석로 34-6 지하 1층,35.1458596298225,126.917292880863
광주 서구 송풍로17번길 5,35.1187146875227,126.866689530691
광주 서구 상무오월로3번길 4-13,35.1558784732166,126.860516754777
"광주 광산구 임방울대로800번길 71 1층 105, 106호",35.2142826655995,126.846506382934
광주 광산구 장신로 139 1동 202호,35.1910417297659,126.825334986673
광주 북구 설죽로 516,35.2051562901008,126.898119753958
광주 북구 우치로 94 2층,35.1758084083528,126.912721791665
광주 광산구 첨단중앙로 110 2층 206호,35.2151901966656,126.84317063275
광주 남구 봉선중앙로 82,35.1281882092172,126.911269318993
광주 남구 서문대로 662 안명섭내과,35.1184291323565,126.899164472351
광주 동구 무등로 314 홈플러스 광주계림점,35.1614140370934,126.916626047326
광주 서구 죽봉대로 21-1,35.1553633042999,126.88295523299
광주 북구 동문대로 69,35.1706921186874,126.921681440261
광주 광산구 동곡로 739 우석빌딩 1층 롯데리아,35.1475097888877,126.777873628482
광주 북구 비엔날레로 112,35.181671640811,126.89032569253
광주 북구 북문대로 177,35.1840212948041,126.870767818176
광주 서구 상무대로 879,35.1506915216416,126.858121430073
광주 북구 설죽로 506-3,35.2045391670152,126.898480944536
광주 남구 서문대로 753 1층 롯데리아 광주주월점,35.1266356851162,126.897430556255
광주 광산구 용아로379번길 54 1층롯데리아,35.1768709563652,126.801275999153
광주 남구 효천로 51,35.0997866804849,126.871755266677
광주 북구 동문대로 200 지하1층,35.1793372313706,126.930418702216
광주 서구 하남대로 696,35.1714357794275,126.868784715279
광주 북구 갈마로 53,35.1620017082907,126.936359738514
광주 북구 서하로 384,35.1851384336102,126.921962152285
광주 광산구 신창로 116,35.1954246953349,126.838417517546
광주 북구 임방울대로 1068,35.2110662831669,126.873560131669
광주 광산구 하남대로 282,35.1787869859657,126.824511819233
광주 서구 풍암운리로 8,35.1223463802982,126.865064234001
광주 광산구 용아로 390 홈플러스,35.1779487258628,126.805395879695
광주 서구 시청로 40 롯데마트 3층,35.1524850919769,126.852423430739
광주 광산구 장신로 98 롯데아울렛 광주수완점 A블럭 5층,35.1894383628979,126.819287851791
광주 광산구 선운로20번길 6-1,35.1481873396769,126.771666145149
광주 북구 서방로31번길 5,35.1734255025089,126.916445720817
광주 서구 시청로96번길 12 지하1층,35.1567328587239,126.853554445193
광주 광산구 수완로52번길 24-3,35.1900106849557,126.830225266749
광주 동구 필문대로187번길 1-2,35.15429668543,126.932979963493
광주 북구 저불로 8 1층 루다커피랩,35.1750840291214,126.895260805805
광주 북구 첨단연신로108번길 51-11 1층,35.208548429998,126.865512728584
광주 남구 봉선로 55,35.1287446606027,126.904788162077
광주 북구 면앙로6번길 69,35.1771993299245,126.913654975048
광주 북구 첨단벤처로108번길 9,35.2326691821231,126.86073148117
광주 동구 천변우로 339,35.150595550039,126.90970177247
광주 광산구 첨단중앙로152번길 6-17,35.2186539238683,126.844092853903
광주 광산구 수완로74번길 11-30 1층,35.1927055962035,126.829871371531
광주 남구 월산로116번길 22-1,35.148546039501,126.899625014652
광주 남구 백서로 86,35.1400084339391,126.91571527996
광주 서구 상무대로1176번길 14 1층 루키초밥,35.1537575151028,126.891256849695
광주 남구 중앙로 68,35.1431384078218,126.905793800476
광주 광산구 장신로 183,35.1910965703512,126.830242771718
광주 서구 금화로85번길 11 1층 룸포차,35.1333628313266,126.857721827143
광주 서구 상무대로 913 1층 륀느,35.1512854754978,126.861828589122
광주 동구 남문로693번길 11 휴먼시아 2차상가 105호,35.1298280121729,126.928362837801
광주 광산구 임방울대로800번길 71 1층 115호,35.2142826655995,126.846506382934
광주 북구 첨단과기로208번길 43-10 지식산업센터 a동 1층 102호,35.2226023308766,126.849252900621
광주 광산구 수완로74번길 40,35.1915887453713,126.831171201587
광주 광산구 왕버들로 207,35.1992930145673,126.833416028695
광주 광산구 장덕로50번길 10,35.1939834360427,126.814576471076
광주 남구 봉선2로 108,35.1258145496619,126.918177346651
광주 서구 상무대로 718,35.1433842464146,126.842756746597
광주 남구 봉선중앙로 133,35.1328107606425,126.910408921567
광주 북구 용주로30번길 77 1층,35.1813270754511,126.904164997299
광주 광산구 임방울대로800번길 42 1층,35.2156048146832,126.845764285719
광주 광산구 수완로12번길 52 1층 리디파인,35.1867871776179,126.831390398935
광주 광산구 신흥동길 22,35.1449115859646,126.80126274337
광주 동구 동명로25번길 9-8 1층 리밋 limit,35.1513705430879,126.922319802224
광주 동구 밤실로4번길 39,35.1487968956258,126.940484915342
광주 서구 금화로115번길 25 상가 1층,35.1351435173434,126.860943951194
광주 남구 용대로74번길 11 리브베,35.1224977104062,126.919799389358
광주 서구 시청로 27 광명메이루즈 테라스가든 119호 리비어밤코,35.150960212547,126.850837624684
광주 남구 제석로 123,35.1253408664027,126.907974173414
광주 북구 북문대로103번길 21,35.1785964217319,126.874914095727
광주 동구 장동로 52,35.1469831879802,126.927139572668
광주 북구 서방로 134-1 1층,35.1698160584721,126.926821952385
광주 북구 호동로15번길 26,35.176262676403,126.914724335735
광주 남구 서문대로749번길 11-1,35.1260375834002,126.896316416301
광주 남구 봉선중앙로123번길 20,35.1320242990138,126.908449530922
광주 동구 용산2로 3 1층 103호,35.1179669687745,126.924237719041
광주 남구 대남대로181번길 5,35.1329153319724,126.905327742351
광주 북구 황계로 7,35.1733609481027,126.87566869596
광주 남구 백서로 57-1 1층 리틀브릭,35.1380788261199,126.914469992646
광주 광산구 장신로 98 롯데아울렛 B관3층,35.1894383628979,126.819287851791
광주 광산구 수완로50번길 34-5 1층,35.1889015913188,126.830369869335
광주 북구 하서로483번길 8 2층,35.2180554828873,126.876476075172
광주 광산구 풍영로 43 신우빌딩 2층,35.1757900460086,126.811537192349
광주 서구 송풍로7번길 16-6 3층,35.1190556638004,126.866271229057
광주 북구 동문대로100번길 19 다온빌 1층,35.1719156067953,126.925663390253
광주 광산구 어등대로 410-1 1층,35.1487403688147,126.768460137636
광주 광산구 임방울대로 552 본시티 1동 1층,35.2075344387513,126.823741095497
광주 남구 봉선중앙로 58 1층 효마구로,35.1261115356298,126.91148759382
광주 북구 용주로30번길 100 상가 5호,35.1821674995138,126.904965456148
광주 서구 상무중앙로 71 수산물도매센타,35.1531789088311,126.847792897267
광주 서구 상무평화로 93-6,35.1486573500417,126.849398391315
광주 광산구 선운로20번길 14-1,35.1475397278583,126.772392569062
광주 북구 양산로 68 1층,35.2098661317366,126.881580811913
광주 남구 봉선로 176 폴라리스 113호 마네키,35.1228010492224,126.914310324407
광주 서구 상무중앙로 57,35.1521263663414,126.847844901842
광주 북구 첨단연신로107번길 21,35.207328801777,126.86174305264
광주 광산구 선운로 3 엔젤빌딩 2층 마녀부대찌개,35.1484164296459,126.76983699334
광주 남구 독립로 36,35.1367747609932,126.901782743817
광주 광산구 수완로48번길 36-7,35.1880805510489,126.829153730863
광주 광산구 손재로110번길 45,35.1764769643419,126.799356480451
광주 광산구 수완로9번길 31 1층,35.1850408972507,126.826290490953
광주 북구 설죽로202번길 100,35.1775364240939,126.902810799113
광주 북구 서방로 130-1,35.1698732454674,126.926591602576
광주 광산구 월곡중앙로 23,35.1684312666395,126.810774377571
광주 북구 호동로 46,35.1758631511601,126.917128574349
광주 광산구 신가삼효로 12-3 1층,35.1859354129711,126.833945810377
광주 서구 상무대로955번길 26 1층,35.1538881616233,126.866582136683
광주 동구 문화전당로35번길 19 1층,35.1450038157741,126.917071090044
광주 서구 시청서편로4번길 14,35.1590911161302,126.847015569186
광주 광산구 장덕로39번길 36,35.1956877257061,126.814760804342
광주 광산구 신창로86번길 29,35.1927048223806,126.838997162775
"광주 광산구 용아로400번길 30 1065, 1066호 마라강호",35.1780934325427,126.806489286879
광주 북구 설죽로214번길 62 마라미녀,35.1779212897403,126.901123441189
광주 광산구 첨단중앙로 96 1층 118호,35.2138293623386,126.843468142344
광주 서구 쌍촌로 32 1층,35.1476436833368,126.865085041927
광주 광산구 장덕로39번길 16 1층,35.1958964083162,126.814126424258
광주 서구 운천로184번길 12 1층,35.1490005355629,126.857784602654
"광주 동구 구성로 191, 지하1층",35.1529370162803,126.913661738435
광주 광산구 비아로45번길 20,35.2205976074094,126.819756030078
광주 남구 회재로1218번길 12 마로식탁,35.1323106919687,126.89482581768
광주 북구 우치로100번길 10-6,35.1760782477136,126.912934913362
광주 동구 중앙로160번길 12 1층 마로와플,35.1475456962032,126.914280992261
광주 북구 첨단연신로91번길 20-5,35.2067477755187,126.861729980527
광주 북구 서하로194번길 3 1층,35.1868673004136,126.901854589418
광주 북구 호동로 13-2,35.1751435080203,126.914025123323
광주 북구 문산로 96 1층,35.1894774618339,126.926416416319
광주 서구 상무번영로 4 1층 101호,35.1501350631823,126.853311551334
광주 광산구 임방울대로800번길 27,35.2160724176457,126.846246554769
광주 동구 의재로 36-2,35.1324867409672,126.931438603532
광주 북구 용봉로 38,35.1714677566669,126.901016432438
광주 서구 상무버들로40번길 17-1,35.1661098882801,126.859040285602
광주 서구 마륵복개로150번길 31,35.1457216185686,126.850125107481
광주 서구 운천로31번길 7,35.1353211475191,126.858273953234
광주 서구 내방로338번길 7-16 마리앤마르코,35.1565773589566,126.877944604204
광주 남구 제중로 42 Mariochef & ciao,35.1382711487272,126.914175171593
광주 서구 동천로10번길 24 1층,35.1693535028313,126.86153184025
광주 광산구 고봉로 803,35.2197747501737,126.742941171788
광주 서구 동천로18번길 16,35.1699115534623,126.861944509464
광주 남구 효우로 87 씨티메디컬 1층,35.1054541167837,126.904587440634
광주 광산구 소촌로 100,35.153438973099,126.793123163434
광주 광산구 앰코로 35,35.2215143042016,126.852391831029
광주 동구 용산2길 20,35.1179546321369,126.923682205394
광주 북구 설죽로214번길 80,35.1776914378987,126.902114932308
광주 서구 상무중앙로 64,35.1526522838199,126.848904630393
광주 서구 화개중앙로 47,35.1243525459486,126.85650941128
광주 북구 대천로 11-2,35.1849571932111,126.907879130323
광주 광산구 신창로138번길 23-20,35.1970116224424,126.840940373278
광주 광산구 풍영로 214 1층 108호,35.1904312581772,126.81449483664
광주 서구 염화로83번길 8-4,35.1423049352198,126.873538827666
광주 북구 일곡택지로 69,35.2078865955725,126.894046463684
광주 광산구 임방울대로826번길 25 1층 마시밴,35.2163654476537,126.84896854222
광주 북구 우치로231번길 17,35.1851576841872,126.904541695001
광주 북구 면앙로121번길 95,35.1810902798472,126.927198952804
광주 동구 서석로85번길 8,35.1499517002913,126.92008545063
광주 서구 내방로209번길 6,35.1584163100103,126.863577662202
광주 북구 하서로 343,35.2055942614279,126.873209837167
광주 북구 양산택지소로 25,35.2144622054292,126.882964811234
광주 북구 밤실로208번길 8,35.1654802497078,126.933538053429
광주 동구 필문대로205번길 19,35.1520765002428,126.933226299558
광주 광산구 광산로29번길 9 1층,35.1393457106726,126.794415993741
광주 북구 반룡로18번길 32,35.1777549951764,126.899379111106
광주 광산구 임방울대로826번길 15,35.2167780932924,126.848974587553
광주 남구 봉선중앙로 64,35.1267422246848,126.911493713647
광주 서구 풍암2로 12,35.1265643562797,126.879746221919
광주 북구 양산로 20-1,35.2106802295696,126.876524916931
광주 북구 탁영로 7-1,35.1666899446267,126.933669008276
광주 북구 설죽로202번길 63,35.1772364058053,126.900972444214
광주 동구 문화전당로35번길 20,35.1451941398759,126.916876113143
광주 동구 동계천로 143-36,35.1497003515488,126.925379390195
광주 광산구 수완로74번길 29-2 1층,35.1918625173589,126.83074131737
광주 북구 우치로110번길 35,35.1775107306999,126.914264148686
광주 광산구 장수길 65-8,35.1830963634963,126.787380556789
광주 북구 용봉로 114-2,35.172372488261,126.909117415897
광주 동구 중흥로209번길 18,35.1616664452158,126.91745612034
광주 서구 풍암2로53번길 13,35.1236706828215,126.882944307707
광주 광산구 왕버들로252번길 13,35.1958277883981,126.836209303109
광주 서구 계수로 72,35.1601784599092,126.858464414394
광주 북구 하서로466번길 28,35.2154671355507,126.878406007135
광주 북구 군왕로208번길 27,35.178989873787,126.937403269631
광주 광산구 장신로 164 1층,35.1903673264801,126.828099495311
광주 서구 금화로85번길 2,35.1327137474056,126.858095457522
광주 남구 군분로33번길 4,35.1365607426933,126.894037458807
광주 서구 화개중앙로 41,35.1240467927935,126.857110933005
광주 서구 상무오월로19번길 20 1층 마중,35.1573523552154,126.861599153666
광주 광산구 광산로30번길 6,35.1384594242499,126.795227357214
광주 서구 내방로252번길 16,35.1564223838657,126.867944087366
광주 서구 풍금로37번길 6,35.122506900304,126.8629637409
광주 서구 천변좌하로 486,35.1674477077352,126.864593075183
광주 광산구 목련로153번길 27,35.1730540788263,126.814403135523
광주 서구 금호운천길 102 마초떡볶이,35.1439022931871,126.856361532108
광주 광산구 산월로 35-1,35.2089795550707,126.841253534457
광주 북구 우치로90번길 15,35.1756018192308,126.91347827461
광주 광산구 임방울대로332번길 9-18 1층,35.1900157204307,126.825899455264
광주 광산구 장신로148번길 9-16 1층,35.1899545438947,126.828062374806
광주 서구 풍암순환로109번길 22,35.1224793616549,126.88230543366
광주 북구 운용로 91-1 1층,35.1769757509775,126.896044843662
광주 북구 대자로 27-2,35.1735938219058,126.875545063574
광주 서구 상무자유로 137-10,35.1524110739675,126.849479162735
광주 광산구 수완로52번길 42,35.1901469037316,126.831209868397
광주 북구 대천로139번길 8-5,35.18729581449,126.920555166397
광주 광산구 임방울대로825번길 22,35.2191769170417,126.848951361991
광주 광산구 수완로9번길 42-3 1층,35.1859102520371,126.826666874249
광주 서구 상무대로1005번길 12-2,35.1528063082846,126.871974372515
광주 북구 반룡로 18 1층,35.1791420720944,126.900007446222
광주 남구 금당로 12-1,35.1183054053836,126.896738142044
광주 광산구 수완로11번안길 23 1층,35.1873822834743,126.826876748651
광주 서구 풍금로38번길 40 1층,35.1242706939605,126.866521509856
광주 서구 운천로184번길 10,35.1489650652994,126.857514588413
광주 광산구 첨단내촌로 53-8,35.2114459707956,126.83661516019
광주 북구 첨단연신로108번길 31-9,35.2076836438453,126.865486259891
광주 북구 연양로81번길 40,35.2103598372854,126.87727166248
광주 북구 문화소통로302번길 58,35.1807026040302,126.928404519197
광주 동구 남문로 614,35.1257227945305,126.931881581468
광주 북구 매곡로 89,35.1925722787764,126.892042936758
광주 광산구 내상로15번길 39 막뚱이꼬마김밥,35.1411001116447,126.79751666018
광주 서구 풍금로11번길 4-14,35.12146356724,126.865049234007
광주 서구 운천로17번길 4-6 1층 막오삼,35.1343810725318,126.858776686271
광주 서구 상무대로868번길 17-11,35.1487367901869,126.858085864491
광주 광산구 목련로 87 1층막창곱창선생,35.1723720862121,126.807286189152
광주 광산구 장신로20번안길 54 1층 막창도둑,35.1904471533014,126.813108161207
광주 광산구 수등로 242,35.1848992472447,126.835222806661
광주 북구 양산로 45 1층 막창도둑,35.2106597272315,126.879344603916
광주 북구 용봉택지로 88,35.1781947288423,126.896130458433
광주 광산구 첨단중앙로116번길 51 막창도둑,35.2159747313424,126.845483513243
광주 서구 상무오월로3번길 32-25,35.1581021244319,126.861221535133
광주 북구 대자로 42,35.1733182389026,126.877096715544
광주 북구 우치로231번길 10,35.1853937364118,126.904869146226
광주 광산구 수등로94번길 52,35.1810803909943,126.818695836418
광주 북구 반룡로42번길 11,35.178055671191,126.902556036892
광주 광산구 하남대로54번길 59,35.1774128350294,126.799788362615
광주 동구 조선대길 108 솔마루 2층 만권화밥,35.141844454517,126.933277781793
광주 서구 상무시민로 95-4 만기네집,35.1556247799302,126.849550837922
광주 북구 호동로75번길 3,35.1782820162811,126.917766476862
광주 서구 화운로156번길 4 대웅힐스테이 1층,35.1526017071702,126.877029103525
광주 광산구 월계로 106,35.2134459308077,126.837115597957
광주 광산구 임방울대로332번길 33,35.1897783938033,126.825711329999
광주 광산구 광산로19번길 8,35.138606371418,126.793912992448
광주 남구 백서로 103-1,35.1411735077128,126.916981922294
광주 동구 중앙로 232,35.1528212744935,126.919003277101
광주 북구 천변우로283번길 27 1층,35.1544726254445,126.90609692645
광주 북구 첨단연신로108번길 59-24,35.2092634803295,126.864953207102
광주 북구 천지인로 59-1,35.1846664208842,126.904624941631
광주 서구 하남대로680번길 6,35.1711892895605,126.866831055799
광주 남구 군분로 8-1,35.1348444777274,126.896037746745
광주 광산구 장덕로95번길 16 숲안애 2차 상가 207동 108호,35.1960428205915,126.820298810577
광주 광산구 수등로 277,35.1854166135784,126.839170736113
광주 남구 봉선중앙로 15,35.1226038445659,126.91256289737
광주 광산구 선운로2번길 65-1,35.1460550419573,126.776282315782
광주 광산구 평동산단7번로 59 1층,35.1136549388763,126.754965286544
광주 북구 북문대로 42,35.1755825883589,126.8813975993
광주 동구 문화전당로35번길 38,35.1442589618082,126.915420975404
광주 서구 풍서좌로 259,35.1271646107755,126.841385575885
광주 동구 동계천로43번길 1,35.1549034006251,126.91685054449
광주 북구 버들로19번길 19,35.1582376703448,126.908181125594
광주 서구 상무중앙로 103 104호 만복이수산,35.1563640478389,126.847797281734
광주 광산구 목련로 196,35.1714687870414,126.819179866545
광주 광산구 첨단내촌로35번길 26-2,35.2101801032483,126.835940846974
광주 서구 양동시장3길 16,35.1526430099519,126.901956614391
광주 광산구 월전로 16,35.1212830858565,126.777002041883
광주 광산구 월곡중앙로 39,35.1698472931413,126.810944534219
광주 서구 금화로103번길 19,35.1343949104656,126.859670793554
"광주 서구 천변좌하로 504 카페 만월(1, 2층)",35.1669460945035,126.86637201461
광주 북구 무등로 1540,35.1445918775252,126.988555130423
광주 서구 2순환로 2348 1층,35.1649893456794,126.830242596758
광주 북구 우치로27번길 38,35.1706937952076,126.909111050974
광주 북구 동문대로97번길 3,35.1724321084051,126.923959008602
광주 북구 서방로73번길 5 (우산동) 말바우먹거리 말바우먹거리,35.1721589361043,126.92076979102
광주 북구 서방로73번길 9-1,35.1722466915269,126.920851377532
광주 북구 서방로63번길 23,35.1734562639434,126.920089901278
광주 북구 서방로 84,35.1712248303616,126.921556447606
광주 북구 동문대로97번길 10,35.1726708337453,126.923888530787
광주 북구 군왕로 141,35.173984988082,126.932676855494
광주 북구 석곡로 130,35.1734431047146,126.964284368069
광주 서구 유림로 100,35.1713894583326,126.86405172891
광주 서구 풍금로171번길 5,35.1309362364709,126.858770016476
광주 서구 치평로 79 상무프라자 맘스터치,35.1548181019835,126.847133318707
광주 광산구 풍영로200번길 63,35.1898802003341,126.817719956589
광주 광산구 왕버들로252번길 15,35.1957242313536,126.836148898517
광주 북구 서하로 187 1층,35.1874499810531,126.901023405952
광주 북구 우치로 92-1 2층,35.1756997024959,126.912718724276
광주 북구 첨단연신로 97,35.2066348517649,126.86405220402
광주 광산구 용아로379번길 45,35.1764705932399,126.801837725664
광주 광산구 월계로150번길 11,35.2127919324872,126.841960655449
광주 서구 풍암신흥로 83,35.1241409045383,126.868673335874
광주 북구 동문대로 267 맛골뚝배기,35.1856697389255,126.932705976671
광주 북구 용주로30번길 27,35.1809725480313,126.902217710151
광주 서구 상무공원로 33,35.1470793579215,126.842813398153
광주 광산구 내상로 45 맛깔분식,35.1381261453253,126.797776617457
광주 광산구 임방울대로 134,35.1730344156473,126.817838137786
광주 광산구 수완로74번길 22 1층,35.1916243699422,126.830219164956
광주 동구 제봉로194번길 5-7 맛나장어,35.1538559782148,126.916135827146
광주 서구 화정로280번길 1,35.1487016423913,126.887254918242
광주 서구 경열로146번길 1-1,35.1538300570859,126.901236224989
광주 동구 필문대로191번길 5-1,35.153544708079,126.932219363856
광주 남구 경열로76번안길 1 맛나통닭,35.1499046832281,126.894453870335
광주 광산구 산정로 36,35.1698059332545,126.804088379478
광주 북구 금재로36번길 46,35.1556103238801,126.909535007043
광주 서구 유덕로6번길 70,35.165994800722,126.851655699004
광주 남구 효덕로 282,35.1086868700415,126.897200217827
광주 광산구 선운로20번길 50-1,35.1467273851445,126.776097540604
광주 북구 자미로 56,35.1709394615388,126.90448520738
광주 남구 봉선로 176 1층김밥나라,35.1228010492224,126.914310324407
광주 북구 설죽로 512,35.2048437170869,126.898245995249
광주 남구 서문대로812번길 4-8,35.1307081472886,126.899813570114
광주 북구 안산로 15,35.1885122208676,126.902123806601
광주 서구 화정로309번길 15,35.1512615023107,126.888614974998
광주 동구 서석로7번길 6-46,35.1461301884819,126.915679888215
광주 북구 문산로 20-1 상록 아파트,35.1825213445227,126.923369934365
광주 광산구 장덕로39번길 16,35.1958964083162,126.814126424258
광주 광산구 용보로 29-1,35.1360290234759,126.801860167536
광주 북구 대천로 85,35.1852608726069,126.915693176634
광주 동구 필문대로191번길 5-21,35.1538599906333,126.932518497712
광주 서구 계수로59번길 4,35.160620073341,126.857343898162
광주 광산구 목련로217번길 30,35.1735985661773,126.821648610093
광주 북구 대자로 93,35.1732371819155,126.882801295442
광주 동구 지호로 11 1층,35.1488587733978,126.930573274048
광주 북구 우치로100번길 14,35.1763701360345,126.913226505181
광주 남구 군분로 15,35.1352329818303,126.895324156709
광주 남구 봉선1로37번길 9,35.1288692298105,126.909013488649
광주 광산구 소촌로 60,35.1496424242453,126.793689938566
광주 서구 상무대로 723 1층,35.1442879862434,126.842992587006
광주 북구 운용로95번길 25-11 1층,35.1777662372632,126.89604087321
광주 광산구 왕버들로252번길 46,35.1953073757434,126.834111322754
광주 서구 월드컵4강로112번길 5-19,35.1471509886441,126.872912068893
광주 서구 계수로77번길 3 1층,35.160501971486,126.858940093339
광주 북구 동문대로 205,35.1807888249119,126.929878749128
광주 광산구 송정로8번길 5,35.1368071924726,126.792187368333
광주 서구 금화로73번길 18-2 1층,35.1336900552444,126.85728675934
광주 동구 중앙로196번길 11,35.1499617138332,126.917145624539
광주 북구 중흥로 121,35.1629129458815,126.907490852167
광주 남구 대남대로117번길 4-6 토탈서비스시스템,35.1336414068107,126.911939180345
광주 남구 봉선1로 14,35.127620485113,126.906766512884
광주 북구 서방로 83,35.1718927471295,126.922272296046
광주 서구 전평길 66,35.1195095368718,126.846377522422
광주 광산구 구촌반촌길 242,35.1910459795501,126.850098797679
광주 광산구 사암로 764-28,35.2095521234093,126.818260922534
광주 서구 전평길 41,35.1176542766103,126.847462979584
광주 서구 전평길 20,35.1160386467142,126.848956021168
광주 서구 전평길 82,35.1205212262266,126.845312699324
광주 서구 회재유통길 19-24,35.1135777903158,126.848997090914
광주 북구 천변우로283번길 14,35.1538997900355,126.905721584379
광주 북구 양일로343번길 47-17,35.2053590191693,126.899866489249
광주 광산구 송정로8번길 36-4,35.1358275427709,126.791266415493
광주 북구 서하로245번길 16,35.1878950046616,126.90755587295
광주 북구 군왕로 56,35.1661407164309,126.932471802653
광주 남구 포충로 612,35.0823484621191,126.835753088313
광주 동구 계림로30번길 15 푸른길 두산위브,35.1570873153984,126.925452875099
광주 서구 무진대로 967,35.1614102624152,126.886277540748
광주 광산구 비아안길 92-14,35.2205871028806,126.821303899143
광주 북구 동문대로85번길 49,35.1725161819702,126.920827734487
광주 북구 중문로9번길 72,35.1745178213487,126.914457094937
광주 동구 무등로 515,35.1559859828782,126.935920147998
광주 광산구 남동길48번길 29,35.1306476807823,126.790374354149
광주 북구 임방울대로 1048 광주첨단 맥도날드 D/T,35.2116811789878,126.871754725408
광주 광산구 용아로 251,35.1658939539037,126.801265385823
광주 동구 학소로 116,35.1299475859226,126.932538998285
광주 광산구 월계로 223-20,35.2153446028769,126.8505134574
광주 서구 운천로100번길 9,35.1418882802946,126.859426397715
광주 북구 밤실로 186 1층,35.1640135302914,126.933980492561
광주 동구 제봉로110번길 22,35.1489261727999,126.924073833235
광주 북구 우치로383번길 12,35.1987914156925,126.902200093495
광주 북구 중흥로 104,35.163131435958,126.905275508895
"광주 동구 제봉로82번길 13-14 1, 2, 3층 맥주빌라",35.1470731668007,126.922667920571
광주 광산구 신창로48번길 40,35.1895306817036,126.839318980514
광주 동구 지호로 35,35.148086090052,126.932908456341
"광주 서구 죽봉대로38번길 3, 2층",35.1568628127822,126.883429632834
광주 광산구 목련로153번안길 24,35.1735217154402,126.814117754835
광주 남구 광복마을길 87,35.1255192237331,126.896544833176
광주 북구 두리봉길 52,35.1800208661581,126.93305941711
광주 북구 북문대로 158 맨발,35.1827476077999,126.872485927122
광주 남구 백서로 76 아크레타 1층 106호 맴맴,35.1392784537542,126.915762996578
광주 남구 광복마을길 79-3,35.1247071963368,126.896558586327
광주 동구 밤실로 97,35.1561360968553,126.935991149638
광주 남구 군분로55번길 13-1 우미통닭,35.1377368478876,126.89180155703
광주 북구 본촌택지로 1-1,35.2143360703226,126.87871532841
광주 북구 비엔날레로 24-1,35.1749544764476,126.886813058031
광주 광산구 첨단중앙로152번길 53,35.2191458664267,126.845135252219
광주 북구 우치로 186,35.1826504726044,126.908631253817
광주 동구 무등로 497-1 1층,35.1554934430486,126.934004716935
광주 서구 서광주로 182,35.1431827995573,126.849361180526
광주 남구 효우2로26번길 14,35.1029152956154,126.888595339053
광주 광산구 도산로9번길 47,35.1273147965039,126.78995358708
광주 남구 천변좌로574번길 2-1,35.1308494275177,126.92492096309
광주 서구 월드컵4강로181번길 31,35.1520890866065,126.865801482994
광주 광산구 풍영로101번길 9 1층,35.1812089112784,126.811310602672
광주 북구 서방로39번길 52-2,35.1750794936366,126.918296633987
광주 북구 우치로231번길 14 1층,35.1854417684003,126.904512487651
광주 서구 쌍학로8번길 4-4,35.1460393828341,126.86576269076
광주 광산구 소촌로 90 먹고힘내,35.1522891818393,126.793165363102
광주 광산구 산정로6번길 16-1,35.166904527464,126.804126182529
광주 서구 상무오월로3번길 14-22 1층,35.1567253116432,126.860997233835
광주 서구 염화로160번길 16-1,35.1422708648878,126.882680331516
광주 서구 상무오월로3번길 32-21 1층,35.1582233227368,126.860955612928
광주 남구 대남대로149번길 19,35.1320573825208,126.90905273302
광주 동구 장동로 51 1층,35.1472207888074,126.927142872582
광주 광산구 임방울대로826번길 19-20 보이저첨단 126호,35.2163759055148,126.849476939811
광주 서구 상무중앙로34번길 12 1층 멋,35.150126603375,126.849936173045
광주 북구 경열로 227,35.1597071373076,126.906505901852
광주 광산구 사암로 736,35.2083616164856,126.816228680739
광주 서구 상무민주로 99-1 1층,35.1594487258849,126.859165705009
광주 서구 금화로 91 1층,35.1326666419695,126.858666085796
광주 서구 유림로98번길 41 1층,35.1710603113367,126.868403641043
광주 북구 동문대로 102 1층,35.1722673360331,126.92481869045
광주 북구 설죽로315번길 42 1층,35.1891988878532,126.894622345937
광주 서구 상무중앙로 57 1층,35.1521263663414,126.847844901842
광주 광산구 풍영로 271 1층 메가커피,35.1954172085762,126.815337124573
광주 광산구 풍영로200번길 75 1층 메가커피 광주수완아울렛점,35.1898803874672,126.818324390171
광주 광산구 임방울대로 215 1층,35.1804665741229,126.817379784104
광주 광산구 신창로 1 동광빌딩 1층,35.1854128097447,126.836798812263
광주 광산구 신창로 80 1층,35.1923214301388,126.837343443725
광주 북구 양산택지로51번길 2,35.2109908699984,126.880238645107
광주 북구 양일로 66,35.1975183371951,126.8721957959
광주 서구 염화로 73 1층,35.141090423256,126.873608630076
광주 북구 비엔날레로 93 1층,35.1800891123531,126.889908662148
광주 동구 용산2로 3 1층 104호,35.1179669687745,126.924237719041
광주 광산구 사암로340번길 39 1층,35.1752989801349,126.811011832037
광주 북구 설죽로 545-1,35.2079459780559,126.897482378542
광주 동구 중앙로 157,35.1483175140733,126.912991597466
광주 서구 상무평화로 89,35.1482267546742,126.848879120339
광주 광산구 장신로147번길 5-18 103호,35.1916680017733,126.824843720116
광주 북구 우치로90번길 8,35.1754248298596,126.913152311752
광주 동구 필문대로 48 1층,35.1632885975129,126.924611052609
광주 서구 내방로 247 1층 메가커피,35.1580805093604,126.868013077551
광주 북구 하서로 428 1층,35.2129232234945,126.875188204149
광주 북구 설죽로202번길 64 1층,35.1769659356879,126.901005486672
광주 북구 서방로 14,35.1732347132877,126.914547905592
광주 북구 하서로523번길 21,35.2215100648108,126.877429633964
광주 서구 군분로159번길 15-36,35.1446755348582,126.886100225192
광주 북구 평교로18번길 53-1,35.1783756188976,126.927573753661
광주 남구 유안초등북길 11,35.1274611654907,126.914397822277
광주 광산구 수등로94번길 32-9,35.1814324014218,126.818596357182
광주 남구 효우2로26번길 24,35.1025054143907,126.887684235694
광주 북구 일곡마을로 173-1,35.2105721116099,126.893155806522
광주 북구 신임로31번길 74,35.1674203591309,126.894777229631
광주 북구 동문대로 280,35.18589872015,126.933425145623
광주 남구 봉선로 115,35.1247468968584,126.908132055846
광주 남구 서문대로 739-1,35.1253155959734,126.897169125039
광주 북구 하서로 447,35.2149396073878,126.875686496865
광주 남구 백서로 69,35.1387793867507,126.915399759829
광주 광산구 월계로 117-21,35.2153685187246,126.838129457339
광주 서구 풍암순환로 70,35.120686460565,126.878203091121
광주 북구 태봉로 70-1,35.1628340771451,126.906434710851
광주 광산구 수등로 204,35.184836273379,126.830735136485
광주 서구 칠성로 14,35.1662459062188,126.859042904801
광주 북구 신임로 3,35.1640276275462,126.897595035677
광주 남구 노대실로 26,35.1069218960018,126.904807624955
광주 북구 군왕로71번길 34,35.168180989564,126.930800760294
광주 남구 방림로 26,35.1344019445776,126.920223317603
광주 남구 봉선1로 27,35.1279114305177,126.908163720489
광주 광산구 송정로29번길 5,35.1362688475762,126.794588865221
광주 광산구 장신로147번길 6,35.1913930307458,126.82649393532
광주 북구 평교로 8,35.1780754413036,126.924577642136
광주 광산구 우산로 109,35.1564395125447,126.812221246664
광주 서구 마륵로 122-1,35.1463431641437,126.844800427873
광주 광산구 풍영로101번안길 6,35.1813233753555,126.811074188979
광주 광산구 산정로 25,35.1689420033365,126.803599893555
광주 북구 용주로30번길 69,35.1810067534614,126.904076337274
광주 서구 시청로 57,35.1535674516587,126.85117637926
광주 광산구 신창로35번길 93,35.1867781328232,126.834174991013
광주 북구 서양로 21,35.1709572741443,126.903758605906
광주 남구 서문대로749번가길 20,35.1244149034465,126.895949629447
광주 남구 진다리로40번길 2,35.1366138510756,126.905966344718
광주 북구 우치로 182,35.1825557631793,126.908901217644
광주 남구 군분로 161,35.1464231543146,126.886741629001
광주 서구 상무시민로 97-5,35.1558075676673,126.849544465076
광주 서구 내방로350번길 10,35.1564836403368,126.878685244221
광주 남구 봉선1로 114,35.1272770331158,126.917541631137
광주 광산구 신창로33번길 21-10,35.1878627920052,126.83560714406
광주 서구 상무화원로32번길 9,35.1452827522557,126.844409032406
광주 광산구 단전2길 10,35.1813716431511,126.798952407197
광주 북구 문화소통로 254-1,35.1811406483196,126.921680640688
광주 서구 내방마을2길 3,35.1548852123933,126.874654292063
광주 남구 중앙로 34-1,35.1440196828703,126.902170955417
광주 북구 북문대로242번길 9,35.1878239969614,126.865529316649
광주 서구 경열로14번길 3,35.1523521802918,126.888062888167
광주 서구 상일로 8-1,35.1563098018222,126.863229642474
광주 동구 중앙로196번길 17,35.1497392631274,126.917682166396
광주 광산구 임방울대로800번길 78,35.2139960202787,126.845713841582
광주 광산구 사암로 252,35.1667809734014,126.809051687891
광주 서구 화정로 256,35.1475441116332,126.88476035743
광주 서구 운천로 27-1,35.13514887746,126.858874989683
광주 북구 용봉택지로 38,35.1784418527059,126.890670355125
광주 남구 서문대로 713,35.1229500339834,126.898104831376
광주 동구 충장로 94-9,35.147217088753,126.917173756378
광주 광산구 수등로 245,35.1853250056039,126.83585599133
광주 광산구 월계로 195,35.2137647280334,126.847059141163
광주 동구 필문대로192번길 21,35.1531064995342,126.92928045607
광주 광산구 수완로49번길 36,35.1897491377869,126.826679912824
광주 북구 삼정로3번길 51,35.1652187863393,126.934070952205
광주 서구 내방로 208-1,35.1577107878867,126.863392477578
광주 광산구 목련로153번안길 46-5,35.1745861655274,126.814201836031
광주 서구 상무대로 722,35.143530635009,126.843179932579
광주 동구 중앙로 261-1,35.1551349694191,126.920352893476
광주 동구 밤실로20번길 21-1,35.1493013439788,126.939307006661
광주 북구 비엔날레로 134,35.1830702915169,126.892050233609
광주 북구 설죽로 334,35.1892627916953,126.899389301191
광주 서구 풍암1로 19,35.1254758990229,126.87833112526
광주 북구 설죽로 316-5,35.1875426091988,126.899345088346
광주 동구 백서로153번길 16-5,35.1446479647337,126.921826778758
광주 남구 봉선중앙로134번길 5,35.133148572175,126.911240018833
광주 광산구 수완로49번길 28,35.189769079194,126.827073273642
광주 북구 반룡로28번길 29,35.1776789008732,126.900885619715
광주 광산구 용아로379번길 33,35.1765487671634,126.802516191666
광주 북구 서하로 323,35.1870833038653,126.91592482552
광주 북구 우치로347번길 3,35.1958764765634,126.903483919123
광주 동구 구성로 252,35.1566624340856,126.91848571733
광주 서구 운천로 237,35.1536451600276,126.854450368859
광주 광산구 임방울대로826번길 42,35.215428915903,126.848440558502
광주 남구 효우2로26번길 7,35.1024322815335,126.888724870214
광주 북구 금녕길 18-1,35.1710200649247,126.929357157409
광주 서구 풍금로 22,35.121923766163,126.864934380681
광주 광산구 하남대로261번길 10,35.1801662764485,126.822618699776
광주 광산구 임방울대로825번길 73,35.221332534182,126.848478132975
광주 동구 갈마로 50,35.1615620037339,126.935976691525
광주 서구 화정로 259,35.1481081175349,126.885070788517
광주 광산구 하남대로54번안길 17,35.1771259566701,126.79920327949
광주 광산구 소촌로 14,35.146925001923,126.791005106546
광주 서구 군분2로5번길 2-1,35.1535336692117,126.880864290314
광주 북구 양산택지로 60-8,35.2111288624189,126.881516707072
광주 광산구 평동로 421,35.1230020100889,126.722447494488
광주 광산구 목련로153번안길 54-7,35.174935871373,126.814129904786
광주 광산구 수등로 246,35.1849828646186,126.835799258749
광주 서구 계수로52번길 1,35.1602239613937,126.856305844956
광주 동구 서석로7번길 6-10,35.1457985648153,126.915016423975
광주 서구 상무오월로3번길 28-1,35.1580805984085,126.859904406653
광주 광산구 임방울대로 325,35.1891152474045,126.822901303071
광주 광산구 수완로9번길 39-9,35.1858896656504,126.825574817701
광주 남구 경열로76번길 3,35.1511963260355,126.894549546625
광주 동구 제봉로200번길 1-7,35.1541888496582,126.915615273173
광주 서구 상무대로868번길 10,35.1492496028126,126.857189692882
광주 북구 설죽로214번길 104,35.1778157082821,126.903429193451
광주 북구 운암동 945-7,35.1783585474835,126.873864945381
광주 북구 양산택지로 120,35.2162941994551,126.88184979372
광주 동구 동명로14번길 19,35.1500590204817,126.925407705925
광주 북구 서하로233번길 38,35.1889452237351,126.906331005329
광주 동구 성촌길 21,35.1344865020958,126.954635118134
광주 북구 자라봉로 33-1,35.2078942935169,126.877284926975
광주 광산구 월곡로 37,35.1688960288415,126.813228395411
광주 서구 풍금로 31-1,35.1222758326378,126.863800859841
광주 서구 상무버들로 45,35.1636147079486,126.858541002642
광주 서구 풍암2로53번길 4-1,35.123165556426,126.882012843329
광주 북구 동운로201번길 13-8,35.1752885876737,126.872116975868
광주 서구 금화로 240,35.1336537390124,126.874829477436
광주 남구 봉선중앙로47번길 10,35.1251885300572,126.910494176161
광주 동구 학소로86번길 2,35.1274773258427,126.933880858104
광주 북구 군왕로 195,35.1785245424828,126.934744812057
광주 남구 백서로 76,35.1392784537542,126.915762996578
광주 북구 우치로 118,35.1778994995092,126.912393725694
광주 광산구 고봉로 821,35.2204178010676,126.741220396052
광주 서구 운천로184번길 7,35.149130529223,126.857186389152
광주 북구 오문로 236,35.189513203696,126.930464267875
광주 남구 금화로374번안길 1,35.1411344509322,126.88687558574
광주 광산구 수완로 70,35.1914259186658,126.829020897993
광주 북구 대천로157번길 2,35.18826940274,126.921855073047
광주 북구 군왕로 94,35.1695507470627,126.932817723169
광주 북구 호동로 28-1,35.1748845584033,126.915577536564
광주 서구 군분로119번길 12,35.1428035380093,126.888176369282
광주 남구 광복마을7길 14,35.1275829622055,126.894944133301
광주 서구 상무화원로17번길 2,35.1450750404791,126.842495612425
광주 북구 송월로 1,35.1839243914803,126.91270861428
광주 서구 개산길 29-1,35.1146413692799,126.84645993744
광주 북구 비엔날레로 109-1,35.1817445240123,126.889888095613
광주 광산구 목련로153번안길 31,35.1738529883315,126.813781636017
광주 광산구 월곡로 36,35.1687094439259,126.813050447752
광주 서구 풍암2로 38,35.1241677799369,126.880903226189
광주 서구 운천로 105,35.1418884457013,126.857714564754
광주 북구 중외길25번길 6,35.1889703131646,126.893294217124
광주 동구 충장로46번길 7,35.1498353625218,126.912931268985
광주 서구 화개중앙로 71,35.1254782607054,126.854394296383
광주 남구 회서로 20-1,35.1308293516389,126.893541387682
광주 서구 상일로24번길 13-1,35.1576604620991,126.864650782117
광주 동구 구성로 150,35.1499981969115,126.910767935106
광주 북구 서하로 104,35.1872223838889,126.891746103597
광주 북구 설죽로455번길 8-1,35.1999515114176,126.898756239163
광주 서구 쌍촌로4번길 3-1,35.1452478585982,126.865483501683
광주 광산구 장신로 306-37,35.1888375741481,126.844103384567
광주 동구 동명로25번길 6,35.1515819428501,126.923074324252
광주 북구 첨단연신로108번길 69-22,35.2096781410101,126.865230924349
광주 동구 필문대로205번길 19-13,35.1526247478522,126.932972444982
광주 서구 상무대로868번길 7-1,35.1493647744239,126.857400417515
광주 서구 군분로245번길 1,35.1522634932133,126.881160592526
광주 동구 산수길 15,35.1552383972169,126.927602276468
광주 광산구 신창로162번길 30,35.1977240712599,126.842126227181
광주 북구 호동로 36,35.1750913917379,126.916446980374
광주 남구 봉선2로 16,35.1253796187333,126.908084608583
광주 광산구 수완로50번길 42-4,35.1889347611607,126.830627491676
광주 북구 설죽로217번길 6-18,35.1799512359004,126.897333323422
광주 북구 저불로69번길 19,35.180578706362,126.893205720386
광주 북구 설죽로 545-2,35.2083772823259,126.897491061499
광주 서구 운천로 99,35.1413317040542,126.858123956518
광주 북구 면앙로139번길 11,35.177165464671,126.927285116737
광주 서구 염화로160번길 14,35.1423786742987,126.882594035979
광주 남구 금당로2길 3,35.1179215569787,126.896577256554
광주 광산구 첨단내촌로70번길 71,35.2132674336443,126.840409720072
광주 서구 계수로59번길 5,35.1608642666212,126.857127357637
광주 남구 광복마을4길 9-1,35.1201821078506,126.897020674644
광주 광산구 용아로399번길 76,35.1773114824008,126.801901882563
광주 남구 효천2로가길 7,35.1017272464676,126.873828013062
광주 광산구 수완로73번길 35,35.1916091343539,126.826717137714
광주 북구 안산로 40,35.1909424270854,126.902202582612
광주 광산구 광산로89번길 29,35.143011113572,126.799267017242
광주 북구 첨단과기로208번길 43-22,35.2224602402342,126.851703391028
광주 남구 진다리로52번길 1,35.1365044197814,126.907363169024
광주 북구 경열사길 20-7,35.1999032527397,126.951229994452
광주 서구 상무대로902번길 3,35.1504199568287,126.860697929819
광주 북구 신촌샛강길 120-3,35.1761488035963,126.961080053386
광주 남구 제중로46번길 3-8,35.139132007935,126.914512343859
광주 서구 마륵복개로 147 1층 105호,35.147946199327,126.853087876458
광주 북구 일곡마을로 15-1,35.205898554594,126.89941447099
광주 북구 운용로 65,35.177078208275,126.893114021463
광주 동구 의재로136번길 27,35.1319857581618,126.944653550674
광주 동구 무등로 398-10,35.1597539657063,126.9257103467
광주 북구 설죽로202번길 75,35.1773700084694,126.901662802057
광주 북구 삼정로120번길 7 1층,35.1720505612425,126.935618073664
광주 북구 석곡로 622,35.2142483537522,126.949437224055
광주 북구 북문대로33번길 52,35.1728232825461,126.880956471174
광주 북구 양산로 6,35.2108574678525,126.87497566819
광주 북구 평교로30번길 18,35.1796668185698,126.926240053828
광주 남구 군분로 16,35.1353374618949,126.895651768946
광주 서구 상무대로868번길 11 1층,35.1491479447735,126.857432401649
광주 광산구 첨단중앙로181번길 104,35.2187466206572,126.828903981624
광주 북구 무등로 1570,35.1427825899659,126.990873627918
광주 동구 제봉로17번길 2,35.1402624954811,126.921853576153
광주 북구 중흥로 79 1층,35.1640993614823,126.902942916044
광주 서구 풍암운리로23번길 4,35.1232757450233,126.866582375266
광주 서구 치평로 60,35.1526033805641,126.847713085366
광주 동구 증심사길30번길 21,35.1333717435472,126.957502101933
광주 남구 중앙로 114 무등산세꼬시,35.1454182530196,126.909864086939
광주 광산구 수등로243번길 20-17,35.1860490711264,126.83646113703
광주 북구 무등로 1555,35.1436416288826,126.990240468908
광주 동구 서석로 49 1층 무등산호랭이,35.1470607167646,126.918658366194
광주 광산구 첨단중앙로182번길 24-7,35.2211167405466,126.844349012619
광주 남구 군분로 45,35.1375851686633,126.893451944136
광주 북구 버들로 26,35.1577981530315,126.909963480373
광주 광산구 월곡산정로 93,35.1660679142091,126.81234236044
광주 남구 군분로23번길 3,35.1356971289044,126.8947405958
광주 북구 중가로37번길 30-4,35.1610401900343,126.905156320845
광주 광산구 첨단중앙로170번길 12,35.2205121333,126.842412065525
광주 서구 상무자유로 173 벨리카1층,35.1520320128613,126.85341712515
광주 남구 백운로44번길 7 신천맨션,35.1377897631835,126.907836393858
광주 북구 밤실로 163-3,35.1617658308104,126.934681587526
광주 남구 군분로33번길 9,35.1361064438024,126.893612094385
광주 북구 군왕로18번길 3-1,35.1632660633066,126.930331960533
광주 동구 지호로 21,35.1485066851499,126.931494307075
광주 북구 서하로257번길 1,35.1873826072854,126.908774947686
광주 동구 경양로 266,35.1556994118731,126.918874759157
광주 북구 청계로 43 1층,35.1769991411211,126.892583996979
광주 서구 죽봉대로111번길 12,35.1635577354536,126.88220655237
광주 남구 양과동 973,35.0889450246012,126.864791053087
광주 광산구 금봉로 92 우미원룸1층,35.1519408202389,126.808699838181
광주 서구 내방로 344 1층,35.1572493168976,126.878118218398
광주 서구 상무오월로29번길 21 1층 무명포차,35.1574627509037,126.862451534051
광주 남구 용대로 142,35.1288703956007,126.918371887773
광주 북구 설죽로202번길 17,35.1775612175741,126.898639207485
광주 광산구 사암로 748,35.2094992410233,126.817201022213
광주 동구 필문대로287번길 29-23,35.1449964041962,126.930353897551
광주 광산구 하남대로54번안길 50-2,35.177371405727,126.797476818099
광주 서구 금화로73번길 2-11,35.1326645327416,126.857404084403
광주 광산구 수등로76번길 39-18,35.1811544060318,126.817205772511
광주 북구 일곡마을로 9,35.2060659396617,126.900181681071
광주 서구 상무평화로 128-1,35.1492863739545,126.852668884213
광주 광산구 첨단내촌로 60,35.2120824599387,126.837251212228
광주 북구 북문대로 105,35.1787775466895,126.87521747649
광주 광산구 풍영정길 29,35.1800693426473,126.838642010245
광주 광산구 사암로216번길 20-12,35.1629067849211,126.809353804922
광주 광산구 목련로153번길 49-5,35.1739829410269,126.814177630652
광주 북구 대천로 15 1층,35.1850443542522,126.908116399911
광주 광산구 목련로273번안길 61,35.176615795454,126.822405536379
광주 동구 충장로 28-1 2층,35.1513094744121,126.911598704309
광주 광산구 도산로 31-1,35.1308182713878,126.790457083119
광주 서구 월드컵4강로229번길 3,35.1565346879125,126.868935300606
광주 북구 저불로 51 1층,35.1790460340529,126.894846892468
광주 동구 제봉로 106 1층 무키무키 동명점,35.1477708230996,126.922109228424
광주 북구 오산정길19번길 24 101호,35.1889186793185,126.907327545375
광주 북구 용봉택지로 61,35.1786968514176,126.893304021758
광주 광산구 송정로29번길 31 보라맨션,35.1372090588097,126.795762990706
광주 북구 독립로 363,35.1631087390306,126.915150112136
광주 광산구 왕버들로290번길 8,35.1950638085126,126.840058378835
광주 동구 백서로125번길 44,35.1455815612101,126.917031217823
광주 광산구 월곡반월로 52,35.1694213001944,126.812969235393
광주 서구 화정로309번길 26-2,35.1521725050883,126.887928475027
광주 광산구 임방울대로800번길 71 2층 205호,35.2142826655995,126.846506382934
광주 동구 필문대로287번길 23-16 2층,35.145454922874,126.929878123062
광주 북구 삼소로 352 카페 문라이즈 531,35.2409651995608,126.871502751968
광주 북구 서하로316번길 5,35.1865308679933,126.915156185345
광주 북구 문화소통로 318 문산곰탕,35.1821874336252,126.927688832528
광주 광산구 임방울대로216번길 6-9,35.1800102299518,126.818587330969
광주 남구 효사랑길 5 2층,35.1218416659815,126.916942628636
광주 광산구 수등로 211 1층 문어랑,35.1854237275322,126.832124864461
광주 북구 호동로79번길 5,35.1787700608258,126.917574963824
광주 북구 북문대로33번길 14-9,35.1747395255315,126.880639166721
광주 북구 일곡마을로 152-1 1층 문옥 한정식,35.2096583514896,126.891065405204
광주 북구 동문대로 110,35.1728789935384,126.925395870949
광주 동구 문화전당로35번길 5-3 문화살롱1935,35.1454989992799,126.918496301047
광주 동구 장동로 7 2층,35.1491153979943,126.923119993885
광주 동구 동계로1번길 1,35.1518657266101,126.923700599005
광주 북구 대천로 155,35.1881222118324,126.921716103621
광주 북구 천지인로173번길 22 광명아파트,35.1850921363032,126.918856648709
광주 북구 참판로 222-1,35.1774796058652,126.935092005431
광주 동구 지호로 137-1,35.1494945818096,126.94356753194
광주 광산구 목련로153번안길 26-1,35.1737443456942,126.814173453197
광주 서구 천변우하로 493,35.1697894505198,126.873617036179
광주 북구 우치로241번길 10,35.1864810641789,126.904440126157
광주 광산구 산월로21번길 19,35.2098128956988,126.839439374721
광주 서구 화정로253번길 51-2,35.1512262385624,126.880824743207
광주 광산구 첨단중앙로152번길 58 뭐시기상회1층,35.2188187219335,126.845452970979
광주 북구 면앙로6번길 68 2층,35.1772637441652,126.913356633444
광주 서구 염화로 118 1층,35.1428008488057,126.877293710683
광주 남구 봉선중앙로 24 2층,35.1234156773485,126.912901686257
광주 동구 제봉로190번길 1-7,35.1536324027348,126.916602927551
광주 남구 봉선로51번길 40,35.1289372615236,126.908625787926
광주 북구 저불로 23 모아미래도아파트,35.1766217147751,126.895019074946
광주 남구 광복마을길 109,35.1276470358281,126.896183926777
광주 광산구 무진대로 229 에드가리움 101호,35.1623331318969,126.805704408863
광주 북구 우치로331번길 13,35.1929983440518,126.902559938778
광주 동구 경양로247번길 14-3,35.1577490335488,126.918769445662
광주 북구 서방로182번길 14,35.1681861913784,126.931867922982
광주 북구 설죽로 495-8 1층,35.2034390450768,126.897280271508
광주 남구 봉선중앙로 87-1,35.1286574635104,126.910661536479
광주 남구 경열로76번길 9,35.1504888684644,126.894572847199
광주 북구 동문대로100번길 21,35.1719826891798,126.925845333435
광주 서구 금부로85번길 5,35.1402670523385,126.85800125948
광주 북구 매곡로 89 1층,35.1925722787764,126.892042936758
광주 북구 탁영로 17-1,35.1666759885836,126.934692040966
광주 서구 풍암신흥로 3,35.1194867050472,126.863930124571
광주 북구 대천로 143,35.1870934405465,126.920938323712
광주 광산구 목련로153번길 21,35.1728984435722,126.814363201994
광주 광산구 첨단중앙로106번길 69,35.2149262085981,126.846988098647
광주 동구 동계로10번길 14,35.1524094029587,126.925691891025
광주 서구 상무대로868번길 18-1 1층,35.1484732795946,126.857358405264
광주 광산구 월곡산정로 96-21 한성2차아파트,35.1644043661191,126.813098277934
광주 동구 필문대로187번길 19-2,35.1545930355253,126.934932831623
광주 서구 상무오월로29번길 24 1층,35.157708864872,126.862727809893
광주 서구 월드컵4강로181번길 8,35.1523534799214,126.868703306338
광주 광산구 수완로11번길 33,35.1861521623994,126.826657686984
광주 광산구 첨단강변로99번길 40 1층,35.2157772268601,126.850493882967
광주 광산구 고봉로 784-1,35.2191561113605,126.744966091093
광주 동구 충장로안길 17 1층,35.1480265840186,126.915323138907
광주 남구 봉선2로 51 미도참치,35.1258842890473,126.911965303965
광주 북구 금호로 108-8 1층,35.1766933241482,126.883247090517
광주 광산구 노안삼도로 929,35.1222033772902,126.6820727763
광주 동구 무등로321번길 20-11,35.1635833650217,126.919464585722
광주 광산구 수등로258번길 3-17,35.1848395330148,126.838942191253
광주 동구 학소로76번길 7-1,35.1268306679153,126.934676688481
광주 광산구 사암로279번길 18,35.1695662819735,126.808041659894
광주 서구 내방로161번길 4,35.1592805957846,126.858678347925
광주 광산구 장신로 179,35.1910757880638,126.829756844982
광주 광산구 용아로 404,35.1792226963388,126.805112567596
광주 동구 동명로67번길 32-3 1층,35.1535285212031,126.925821254833
광주 북구 설죽로214번길 121,35.1779869963633,126.904262231815
광주 광산구 장신로20번길 8 미리네고기점빵,35.1900991547098,126.812243094533
광주 동구 중앙로196번길 18-1,35.1494889690777,126.91743758151
광주 광산구 수완로 66 2층 미미가,35.1910403039834,126.829009847568
광주 서구 회재로 972,35.1253500553044,126.86939713123
광주 북구 대천로 193,35.1910313086393,126.923938060225
광주 광산구 첨단중앙로182번길 24-5 1층,35.2214472616742,126.844416262567
광주 북구 동문대로180번길 12,35.1781031654089,126.929917393257
광주 서구 풍암1로21번길 9-13 1층 미미마라탕,35.1261594569631,126.878744380421
광주 동구 백서로 182,35.1443261925342,126.924550519837
광주 동구 백서로 218,35.1470407021004,126.926554388458
광주 북구 서강로53번길 54-2 1층,35.1771452806864,126.870578901249
광주 광산구 장신로19번길 4 미미참치수완직영점,35.1913355995781,126.812571733905
광주 북구 호동로43번길 30-1 1층,35.1761786506295,126.915081754113
광주 북구 양산택지로 54,35.2108650731653,126.88072744405
광주 북구 청계로 45,35.1771678106949,126.892511429883
광주 광산구 첨단내촌로 65,35.2124853031239,126.836537186939
광주 남구 봉선중앙로 135,35.1330630379925,126.910389663482
광주 북구 풍동길 5-2,35.1667415035139,126.920493165887
광주 북구 북문대로33번길 47,35.1729118207411,126.881165462665
광주 북구 동문대로 83-1,35.1715726724708,126.922973829377
광주 광산구 월곡중앙로54번길 7-4,35.1712942958822,126.811732423346
광주 서구 염화로45번길 17,35.1387125494635,126.869534570448
광주 북구 저불로 30 1층,35.177033653535,126.895457665843
광주 북구 중가로3번길 25 국제미소래 1차,35.161980595308,126.901009158629
광주 동구 증심천로 53,35.131044651009,126.934539137746
광주 광산구 삼도중방길 18,35.1524282747719,126.73871906803
광주 남구 백운로 45 미소주방,35.1374260526136,126.906996405125
광주 광산구 비아중앙로 20-1,35.2207743339352,126.824895879089
광주 광산구 임방울대로 310 104호,35.1877431964232,126.823202920829
광주 광산구 남동길48번길 32,35.1304376566655,126.790110034666
광주 광산구 장신로19번안길 11-7,35.1917543719993,126.811876508134
광주 북구 하서로672번길 43 미송가,35.2351795011773,126.89113379378
광주 북구 서하로 327-1,35.187067516131,126.916425500776
광주 서구 월드컵4강로 9 우성아파트,35.1373562106237,126.87688722324
광주 북구 대자로 68-1,35.1731844143443,126.879909460364
광주 동구 필문대로295번길 23-4,35.1442669080152,126.929223249106
광주 광산구 풍영철길로 15 219호,35.162942407489,126.811961205176
광주 광산구 첨단중앙로182번길 20,35.2216647563945,126.843506481152
광주 북구 우치로 76 1층,35.1741751253515,126.912938918332
광주 서구 상무대로 1104-20,35.1525017168397,126.883568427782
광주 서구 운천로113번길 18,35.1433407580722,126.85705845681
광주 동구 의재로136번길 25,35.131963001669,126.944364674253
광주 서구 풍암2로53번길 5,35.1233807726932,126.88198247297
광주 서구 시청로 27 상무광명메이루즈,35.150960212547,126.850837624684
광주 남구 서문대로 671,35.1192447864519,126.898742319221
광주 광산구 임방울대로826번길 47 더시너지타워 1층 128호 129호,35.2153364381979,126.849162982992
광주 북구 동문대로 200 동광주 홈플러스 2층,35.1793372313706,126.930418702216
광주 북구 우치로 55 1층,35.1724252631497,126.911862584005
광주 서구 상무중앙로38번길 11-11,35.1512778902914,126.84948388349
광주 서구 염화로 101,35.142881251905,126.875615534271
광주 광산구 첨단중앙로 156 1층,35.2191163612572,126.842387304288
광주 북구 대천로 125,35.1857824950174,126.919956077452
광주 북구 양산택지로 89,35.2140870763742,126.882049587355
광주 북구 첨단연신로91번길 6,35.2065606742013,126.863654670132
광주 서구 마륵로 67,35.1449576571877,126.838910293375
광주 서구 화정로 45 청운B/D 1층,35.1448479724951,126.862395286943
광주 남구 봉선로19번길 13-1,35.1318016685486,126.904486605873
광주 서구 내방로165번길 7-1 1층 미쓰정,35.1596441667742,126.858878464124
광주 광산구 수완로74번길 29-29,35.191959558409,126.831168458093
광주 광산구 평동로 776-1,35.1248530114598,126.759369623925
광주 북구 저불로31번길 18-1 1층,35.1774806974019,126.893151917867
광주 서구 동천로10번길 20-4,35.1692577536729,126.861116304998
광주 서구 상무대로1057번길 4,35.1524602791017,126.877647741133
광주 동구 의재로 68,35.1319890430467,126.935103877129
광주 동구 의재로136번길 32-11,35.1312510521467,126.945239067853
광주 광산구 첨단중앙로124번길 55,35.2166821888883,126.845332799151
광주 서구 상무민주로 80,35.1576308775758,126.859642426589
광주 서구 풍암2로53번길 3,35.123338675216,126.881793616491
광주 남구 서문대로 665-2,35.1189480053321,126.898465030309
광주 광산구 사암로216번길 20-4,35.163189434929,126.809401111074
광주 동구 의재로 34 1층,35.1325546736519,126.931226347282
광주 북구 서강로82번길 28,35.1784113821897,126.873102867265
광주 북구 자미로66번길 7 1층,35.1717206386856,126.905251167949
광주 광산구 임방울대로826번길 30 1층 116호,35.2159620532602,126.84814378878
광주 동구 서석로 91,35.1498440542359,126.921288784934
광주 북구 우치로90번길 16 1층 미태리 전남대점,35.1753828089359,126.913505512024
광주 북구 무등로 10-1 1층,35.1704065303135,126.885599363696
광주 광산구 월곡중앙로 24,35.1683888105845,126.811061739731
광주 북구 송해로 57,35.2035320628193,126.899751668229
광주 광산구 첨단중앙로152번길 57 미풍해장국,35.2192364914302,126.845377599836
광주 북구 호동로 11,35.1750228605129,126.91370700554
광주 서구 상무버들로54번길 21,35.1652250076995,126.858715703022
광주 북구 민주로 448,35.2472124004759,126.926419448364
광주 남구 진다리로6번가길 11-1,35.1365797289826,126.903494151901
광주 서구 상무평화로 137,35.1499791223746,126.853307002461
광주 광산구 목련로394번길 60-3,35.1818275379904,126.836433144571
광주 서구 화정로189번길 30 광주시교육청 교육정보원1층,35.1472499387735,126.878427671278
광주 북구 연양로 151 민물나라,35.2046879705832,126.882615121363
광주 북구 서하로 213-5,35.187527251833,126.903737865129
광주 남구 군분로 165,35.1466548835676,126.886537522071
광주 북구 동문대로100번길 6,35.1720051809157,126.924753726374
광주 동구 제봉로17번길 5-2 민속손칼국수,35.1399405201415,126.921840057841
광주 서구 염화로57번길 20,35.140108664542,126.870876980405
광주 광산구 비아로45번길 8-16,35.2201494338932,126.820711952774
광주 서구 천변좌로 220-3,35.1553138721867,126.901010759377
광주 광산구 월곡로39번길 32-25,35.1698876447511,126.814953474714
광주 서구 금부로103번길 8-2 1층,35.14043014407,126.860202397725
광주 동구 중앙로160번길 19 2층 민쿡바베큐 충장로,35.1472297908139,126.915079902264
광주 서구 군분2로5번길 4-1,35.1535229948357,126.880642174878
광주 북구 동문대로186번길 10,35.1785583003584,126.929986494753
광주 광산구 장신로19번안길 5-3,35.1914998115092,126.811054148113
광주 광산구 신창로162번길 29-3 1층,35.1980372070523,126.842269030936
광주 북구 무등로154번길 23-1 1층,35.1654371985642,126.900219385418
광주 광산구 임방울대로332번길 35 1층,35.1897492618145,126.825886628402
광주 북구 비엔날레로4번길 16,35.1734230384815,126.886201097752
광주 동구 백서로 221 밀물,35.1476026183309,126.926566942739
광주 북구 용봉택지로 58 1층,35.1783516231364,126.892783667568
광주 광산구 비아안길 70-6,35.2207902183189,126.819932774364
광주 동구 남문로634번길 2,35.1276613203174,126.931973333852
광주 서구 화정로309번길 25 밀밭에서,35.1521089837131,126.887760210803
광주 광산구 신창로105번길 6-9,35.1952029727089,126.837415002512
광주 광산구 평동로1100번길 71 송정우방아이유쉘 상가 102호,35.1314210161999,126.785716789336
광주 광산구 수완로50번길 59 1층 밀키샵,35.1882733804553,126.831296857721
광주 남구 서문대로 683 102호,35.1202765491821,126.898598646811
광주 서구 상무자유로 27 홍타워1층 밀탑,35.152361777017,126.837214708457
광주 북구 대자로 21-2,35.1736376341226,126.875025868314
광주 광산구 무진대로212번길 13-16,35.1608895671064,126.804446719129
광주 광산구 임방울대로 216,35.1803798386511,126.818201934634
광주 동구 제봉로110번길 17,35.1491879801216,126.923583149736
광주 북구 대천로 124-7 주님의교회,35.1853535839185,126.92084591765
광주 북구 천지인로 123,35.1839400887167,126.912104316477
광주 남구 효우2로26번길 7 백두타워 1층,35.1024322815335,126.888724870214
광주 광산구 첨단중앙로152번길 30 1층,35.2187940504888,126.843787351008
광주 광산구 첨단중앙로106번길 65-7 1층,35.2156892683317,126.846542286192
광주 광산구 풍영로200번길 41 1층,35.1897810500997,126.816346835404
"광주 광산구 임방울대로 124 1층 108, 109, 110, 111호",35.1720121501564,126.817933176275
광주 동구 무등로307번길 26,35.1643798562185,126.918194828862
광주 광산구 소촌로149번길 16 다동 1층,35.1582476866087,126.790116881745
광주 북구 태봉로 66-1,35.1626661886131,126.906013641065
광주 북구 양산로 37-6,35.2109419629313,126.878735642004
광주 광산구 사암로279번길 8,35.1695651274714,126.80873639655
광주 동구 필문대로205번길 23,35.1520651126205,126.933663100385
광주 서구 풍암순환로128번길 67,35.1278431935999,126.884927453504
광주 광산구 첨단중앙로152번길 81-12,35.2198862939381,126.847096206539
광주 북구 첨단연신로108번길 31-18,35.2079476858513,126.864951871446
광주 광산구 진곡산단2번로 47-61,35.2000629969104,126.790911134702
광주 광산구 수완로52번길 46-5,35.1897558948181,126.831467602318
광주 서구 마륵로 118,35.1461843003809,126.844274313374
광주 북구 저불로 34,35.1774092478322,126.895456526296
광주 서구 금화로73번길 6-16,35.1328548829789,126.857619134359
광주 북구 양산로 12,35.21083702258,126.875515492266
광주 북구 군왕로 20-1,35.1634759191841,126.930365917542
광주 서구 치평로 77 중흥아파트,35.1536867988659,126.844858588614
광주 광산구 풍영정길 467,35.2053923753264,126.852087822154
광주 동구 남문로753번길 20 상가 B동 1층 113호,35.1363662640727,126.92269450524
광주 동구 계림로 16-1,35.1554004212733,126.922298301961
광주 광산구 장신로64번길 9-2,35.1901608387562,126.817451972544
광주 북구 양산택지로 92 바로덮밥 바로파스타,35.2141651886261,126.882570068917
광주 광산구 임방울대로215번길 5-14 103호 바로덮밥바로파스타 광주수완점,35.1802729216714,126.816874770093
광주 북구 첨단연신로91번길 42 1층 104호,35.2064919846244,126.859859415749
광주 서구 화정로 302,35.1497816362285,126.888994289778
광주 서구 상무중앙로 103 휴먼빌딩 106호 바르메이드,35.1563640478389,126.847797281734
광주 광산구 수완로74번길 11-1,35.1918832290878,126.829442560089
광주 남구 봉선2로 25 1층,35.1258576163057,126.909166045627
광주 북구 양산로 48 1층,35.2102367415696,126.879363240953
광주 북구 용봉택지로 78 1층,35.1782520926284,126.894816078204
광주 서구 상무연하로 16 2층 바른고기 엘베요타100% 상무점,35.1495938814346,126.850577941562
광주 북구 북문대로103번길 42,35.1779702476284,126.874042402972
광주 남구 서문대로 717 1층,35.1233124689675,126.897886170807
광주 광산구 임방울대로800번길 39,35.2156567943406,126.846238112592
광주 북구 서방로 185 1층,35.168894080293,126.932282809021
광주 북구 양산신촌길 3 한양아파트 상가동 1층 1호,35.1987129966654,126.875576928221
광주 광산구 목련로397번안길 11,35.1835404200567,126.832242698054
광주 북구 양산택지로 78,35.2128385976727,126.881754527307
광주 광산구 동곡로 343,35.1131646037872,126.779421857733
광주 광산구 하남울로공원2길 22 1층 바른밥상,35.1825127275052,126.804383301526
광주 광산구 내상로33번길 13,35.139299238135,126.79738187318
광주 서구 쌍촌로 19,35.1466443941842,126.864886746197
광주 북구 면앙로133번길 40 1층,35.1784451723098,126.927220742664
광주 북구 서강로 77,35.1793352963438,126.870317329743
광주 광산구 산정공원로2번길 15,35.1697533098063,126.808551981051
광주 남구 광복마을7길 28 1층,35.1275114163129,126.8933187081
광주 광산구 신창로105번길 24-3 1층,35.1951568793414,126.836452439075
광주 서구 쌍촌로3번길 4-4 1층 바른샐러드,35.1452200405174,126.864865945672
광주 북구 설죽로 358,35.1915738873196,126.89930772583
광주 북구 밤실로 163-5,35.1617249468471,126.934584482975
광주 남구 서문대로 700,35.1218035225824,126.898995755189
광주 서구 대남대로 452,35.1506660387746,126.88693372961
"광주 서구 시청로 27 상무광명메이루즈테라스가든 1층 125호, 126호",35.150960212547,126.850837624684
광주 광산구 신창로 52,35.189894761715,126.837243752927
"광주 광산구 임방울대로800번길 71 아크레타 첨단 1층 118, 119, 120호",35.2142826655995,126.846506382934
광주 서구 화개중앙로 92,35.1269499942722,126.852964861854
광주 남구 봉선중앙로 105 상가동 1층,35.1303712280583,126.910663614622
광주 광산구 남동길30번길 45 1층,35.1286881054986,126.790574778219
광주 광산구 수완로50번길 11,35.1896318089221,126.829493160115
광주 북구 양산로 65,35.2102520386536,126.88162000816
광주 광산구 임방울대로825번길 22-57,35.2202703279619,126.850171286688
광주 광산구 마항길 34,35.1839621007136,126.798443302703
광주 서구 무진대로 919 상가동 1층 136호,35.1623727902778,126.880530024229
광주 서구 치평로 20 가동 1층 102호,35.1490993566764,126.847651573367
광주 북구 우치로90번길 28,35.1754874906726,126.914187232711
광주 서구 화정로 255-1,35.1479295687468,126.88460793248
광주 서구 풍암신흥로11번길 31-1,35.1214900050714,126.861873215915
광주 동구 계림로30번길 15 푸른길두산위브아파트 상가,35.1570873153984,126.925452875099
광주 북구 서하로 123 1층,35.1875976987082,126.893874188461
광주 광산구 수등로258번길 2 1층,35.1848953392906,126.836796772662
광주 서구 화정로244번길 17 1층 102호 바른커피,35.1458343600054,126.884802492823
광주 광산구 용아로297번길 17,35.1695077177307,126.802008297487
광주 서구 상무공원로 1,35.1446390668922,126.843690276051
광주 서구 화정로 108,35.1448681987582,126.869098859091
광주 남구 회재로1293번길 10 1층 바리스타래빗,35.1372081886235,126.900630861612
광주 동구 서석로7번길 14,35.1461357067132,126.914167684101
광주 서구 염화로57번길 1 상가동 1층 107호,35.1394572911929,126.872876514583
광주 서구 풍금로12번길 1,35.1213041567289,126.865816775522
광주 서구 상무연하로 56 2층Bar.B,35.1531107132816,126.850501602778
광주 서구 화정로 132,35.1451278595513,126.871691424342
광주 광산구 임방울대로332번길 19 1층 바오만두,35.1897632821236,126.825045223066
광주 북구 양일로 77-1,35.1980093723513,126.873462214655
광주 광산구 수등로94번길 31,35.1816273879151,126.819275280802
광주 서구 화운로 96-5,35.1485970721028,126.880288207321
광주 북구 동문대로122번길 20,35.1732893590462,126.926836733655
광주 동구 경양로243번길 1 4층,35.1573130990818,126.917381824612
광주 북구 서림로 94-1,35.1632426875234,126.897019771207
광주 동구 장동로 6-1 2층,35.1490096661956,126.92283300694
광주 북구 밤실로 200 1층,35.165046994254,126.933424251294
광주 광산구 신창로138번길 31-5,35.1964793982803,126.840547975147
광주 북구 북문대로 144,35.1820440760461,126.873494759285
광주 남구 진다리로 16 1층,35.1367930665404,126.903362228842
광주 서구 염화로83번길 9,35.1421804647575,126.873028870172
광주 광산구 월계로118번길 19,35.212607731371,126.838503519999
광주 남구 봉선중앙로134번길 7,35.1332796227963,126.91147610675
광주 동구 필문대로287번길 15-4,35.1453569434235,126.928793670354
광주 동구 무등로307번길 24-1,35.1642003463664,126.918121796758
광주 북구 문화소통로 242,35.1812726363303,126.920343651777
광주 광산구 월계로150번길 12 103호,35.2128275902285,126.84165735066
광주 북구 충효샘길 46,35.1847917550783,127.001543436509
광주 북구 반룡로28번길 11,35.1783882536577,126.90108807485
광주 북구 중외길25번길 7-4 1층,35.1890676527571,126.892878181466
광주 광산구 목련로 97,35.1723706055687,126.808512364968
광주 동구 백서로153번길 6,35.1435740922626,126.921981983513
광주 남구 봉선2로 39-13,35.1267507099162,126.910406452362
광주 동구 구성로194번길 2,35.15275961994,126.914029909298
광주 동구 구성로 194-1,35.1529398946471,126.914160758511
광주 동구 구성로 258,35.1571185777146,126.918837021932
광주 광산구 남동길48번길 25,35.1307702374997,126.790253679631
광주 북구 서방로 36-1,35.1728126199629,126.916897630702
광주 서구 화정로 63,35.1449469446212,126.864316066134
광주 광산구 선운로2번길 1-13 1층,35.1483372746598,126.771304457858
광주 북구 서강로 38,35.1752125159472,126.8710991269
광주 광산구 산월로41번길 8-2,35.2091541986924,126.841913232334
광주 남구 효천중앙로 64,35.1021471231788,126.875591562542
광주 북구 하서로 542,35.2222283165982,126.880917870904
광주 광산구 첨단내촌로70번길 96,35.2130804363781,126.841670588274
광주 서구 운천로 15,35.1339850772013,126.858908488141
광주 북구 임방울대로 1059,35.2120539204786,126.87315487556
광주 남구 백운로82번길 11 휴먼시아3단지아파트상가동 2층 203호,35.1406487404294,126.907292964484
광주 광산구 목련로153번길 57 1층,35.1744719018153,126.814455460266
광주 북구 자미로66번길 50,35.1709747587568,126.907340116056
광주 북구 용전마을길 23-6,35.2386506594329,126.895298130109
광주 광산구 신창로138번길 8-5,35.196762567074,126.839361071534
광주 광산구 수완로11번길 37,35.1861396479103,126.826478861966
광주 서구 풍금로151번길 6-6,35.1305529625912,126.858525898138
광주 광산구 수등로 278 1층,35.1849326390227,126.839142704888
광주 서구 하남대로 478,35.1753701599502,126.845372661885
광주 북구 서암대로159번길 37 1층 밤산책가들,35.171153470405,126.902258556762
광주 동구 지호로 29,35.1482432149711,126.93229201922
광주 동구 밤실로30번길 1,35.1502640586809,126.937302801729
광주 동구 필문대로205번길 21 1층 밤실짬뽕,35.1520669268051,126.933355479147
광주 북구 무진성길 46,35.1616370985411,126.93950726564
광주 북구 자산로 64,35.1675243336588,126.898639149934
광주 광산구 선운로 2,35.1480799540658,126.769885348843
광주 동구 지산로 21 건물 102호,35.1460572006431,126.931114359872
광주 북구 북문대로247번길 12,35.1866424259231,126.864813985458
광주 북구 대천로 113-10,35.1859222115065,126.919016559228
광주 북구 양산제로 109-7 1층 7호,35.2038083707245,126.870361457232
광주 광산구 광산로 27-2,35.1387706676821,126.794696698624
광주 동구 필문대로287번길 8,35.1454881242984,126.927782871143
광주 서구 월드컵4강로181번길 29-1,35.152113313767,126.866109831166
광주 동구 소태길 5,35.1215938478084,126.933715678419
광주 서구 운천로92번길 9,35.1409758218622,126.859728740866
광주 북구 하서로 570-6,35.2243148035028,126.882809188117
광주 북구 하서로 428 1층 밥심엔반찬,35.2129232234945,126.875188204149
광주 북구 동운로 186-1,35.1733834429269,126.87080781639
광주 남구 중앙로 79,35.1435173336677,126.906834530624
광주 북구 호동로 23,35.1751495879774,126.9151054384
광주 광산구 월곡산정로 108 상가동 1층 4호,35.1655378776559,126.815308537737
광주 남구 정율성로 22,35.1378636437495,126.91728769166
광주 광산구 도산로 33,35.1310411946091,126.79051872225
광주 광산구 진곡산단5번로 57-23,35.2100684571052,126.783483213696
광주 광산구 월곡중앙로1번길 8-8,35.1668813840644,126.810140993818
광주 서구 월산로165번길 17 1층,35.1516961808135,126.89347371939
광주 동구 제봉로 145,35.1505111795729,126.920092476005
광주 북구 서방로39번길 28,35.1741531461673,126.917996224894
광주 서구 상무오월로43번길 9 1층 밥하우스,35.1564596525747,126.864070424583
광주 광산구 앰코로 35 폭스존 1층 113호,35.2215143042016,126.852391831029
광주 북구 일곡택지로99번길 33 1층,35.2101108946084,126.89103701512
광주 남구 천변좌로552번길 17 대우식육점,35.1317902451277,126.922870321777
광주 남구 방림로 2,35.1332716040246,126.917882636753
광주 광산구 첨단봉산안길 56,35.2061435769605,126.848960345968
광주 북구 서방로63번길 13,35.1730730850322,126.919935383927
광주 북구 밤실로 191,35.1642112339043,126.933551049983
광주 북구 삼정로66번길 91-1,35.1705473139418,126.937934448161
광주 광산구 선운로20번길 50,35.1467378321562,126.77594651085
광주 북구 동문대로 109,35.1731089982621,126.92492307999
광주 광산구 임방울대로 144,35.1739886470884,126.817875309106
광주 북구 대천로 138,35.1865493516156,126.921029210293
광주 동구 구성로 187-1 1층 배꼽시계,35.1526397839162,126.913333798045
광주 광산구 수완로50번길 22 1층 배꼽창,35.1893831255194,126.830006210295
광주 동구 필문대로287번길 15-13,35.1458294106923,126.928902119168
광주 서구 쌍촌로57번길 29,35.1495394810779,126.861460499005
광주 서구 화운로126번길 3-2,35.1507537739596,126.878403913161
광주 북구 북문대로201번길 10,35.1855581409637,126.869539891887
광주 북구 면앙로6번길 72,35.1771009694707,126.91337107759
광주 광산구 풍영로101번안길 7-7 1층,35.1806882679665,126.810431440837
광주 광산구 신창로36번길 19 1층,35.1887080383551,126.838117568092
광주 서구 계수로52번길 21,35.1600978580893,126.858292783818
광주 남구 봉선1로47번길 1 1층,35.1281390543262,126.910248479017
광주 광산구 내상로15번길 51,35.1415625200446,126.797900894934
광주 북구 대자로 66,35.1731864212229,126.879570362647
광주 광산구 사암로390번길 37 대영빌딩,35.1792794836688,126.809762949515
광주 남구 금당로 34,35.1199720157911,126.896194213312
광주 북구 첨단연신로107번길 21 1층 105호,35.207328801777,126.86174305264
광주 서구 염화로116번길 29,35.1402580919957,126.877724269302
광주 서구 상무오월로3번길 10-16,35.1563879609363,126.860707732243
광주 광산구 송정로30번길 8,35.1359546442849,126.793852303926
광주 서구 하남대로 706 103호,35.1713374973457,126.869923103527
광주 동구 독립로368번길 18,35.1627945159734,126.916433434913
광주 북구 북문대로232번길 3-10,35.1873004052909,126.866593642846
광주 서구 쌍촌로57번길 23-1,35.1496679932277,126.862152651747
광주 북구 동문대로 96 1층,35.1719173513941,126.924404289181
광주 서구 화운로 24 상가동 1층 CO1-105호,35.1426348096021,126.886246490358
"광주 광산구 풍영로 271 107호, 108호",35.1954172085762,126.815337124573
광주 동구 경양로 237 1층,35.1576451615041,126.916856974071
광주 북구 북문대로 241,35.1867326369836,126.865610824356
광주 동구 갈마로 48 1층,35.1615554138058,126.935787471549
광주 서구 회재로 887 1층,35.122437868043,126.861152817027
광주 남구 제중로 136 1층,35.1430450759424,126.906907164316
광주 북구 양일로 69,35.1980294139042,126.872546821283
광주 북구 용봉택지로 94,35.1781558062576,126.896676122666
광주 서구 죽봉대로 61 1층,35.1586722673445,126.882007804032
"광주 남구 대남대로223번길 10 111동 102, 103호",35.1337272863,126.89832544346
광주 남구 효천2로 26 1층,35.1018152045444,126.873380934962
광주 남구 용대로 208 배스킨라빈스 광주방림,35.1347676778499,126.917339320566
광주 광산구 선운중앙로 43 1층,35.1496528481647,126.776055287596
광주 북구 우치로 94-1,35.1759120661383,126.912724205785
광주 동구 필문대로 271,35.1470168026629,126.928034361294
광주 광산구 첨단중앙로181번길 42-4,35.2211549261808,126.838138838291
광주 광산구 임방울대로800번길 71 117호,35.2142826655995,126.846506382934
광주 북구 서강로62번길 5-1,35.1773377523632,126.871455522829
광주 광산구 첨단내촌로70번길 50-5,35.2129158701089,126.839291586951
광주 북구 설죽로440번길 3-19,35.1993283117184,126.901262000928
광주 남구 대남대로 361,35.1434782486818,126.89149394389
광주 남구 월산로 143-1 1층,35.1505649147517,126.895895061344
광주 광산구 선운로 9-1,35.1488126201206,126.770477539097
광주 북구 설죽로370번길 27-12,35.194120176736,126.901454968196
광주 북구 연양로67번길 5,35.2072773006714,126.874628301973
광주 북구 설죽로320번길 26-1,35.1878474190402,126.901836173169
광주 동구 백서로174번길 7,35.1436161846584,126.924832207073
광주 광산구 수완로48번길 10,35.1890472353224,126.829460783681
광주 북구 중흥로73번길 9,35.1646591168339,126.902396506906
광주 서구 내방로209번길 10,35.1588023030821,126.863605334713
광주 광산구 수등로76번길 7-4,35.1834892784473,126.817985863056
광주 광산구 소촌로86번길 5,35.1522595917612,126.793626154452
광주 북구 용봉로 30,35.1713647587169,126.90017086985
광주 남구 봉선2로19번길 5,35.1260421607862,126.909092772759
광주 북구 첨단연신로91번길 14 203호 204호,35.2065436663747,126.862881018193
광주 북구 들재매길 3,35.1705787950109,126.895806219917
광주 광산구 내상로 43 1층 백번가코다리족발,35.1382165496785,126.797667324442
광주 동구 백서로166번길 5-14 2층,35.1436489023215,126.923962524677
광주 서구 월드컵4강로104번길 11-16 1층 백성,35.1466452326932,126.874031976239
광주 북구 설죽로471번길 11,35.2007705965661,126.898141812563
광주 북구 밤실로 182-5,35.1636699979989,126.934433429487
광주 북구 일곡마을로124번길 49 1층,35.2081731032069,126.892374820032
광주 북구 동문대로167번길 23 1층,35.1777145937995,126.92717265104
광주 광산구 목련로 87,35.1723720862121,126.807286189152
광주 동구 남문로 413,35.1086436671257,126.936440185016
광주 남구 백양로 19 1층,35.1339151033295,126.904040750317
광주 남구 백운로 74,35.1398571905423,126.906156179178
광주 동구 중앙로196번길 20 백운산회관,35.1494121471674,126.917531818631
광주 남구 독립로 97-1,35.1423751339584,126.902600554916
광주 서구 쌍촌로27번길 1,35.1473351424286,126.864756989029
광주 광산구 용아로 405,35.1794631714019,126.804437485408
광주 광산구 송정로65번길 9-1 백전주막,35.1349308286782,126.797998150086
"광주 서구 천변좌로 224-1 양동복개상가 나5동 2층 229, 230호",35.1550923378203,126.901366729567
광주 서구 계수로 73,35.1604015274401,126.858757300624
광주 북구 하서로523번길 3,35.2207197429911,126.879295337495
광주 광산구 왕버들로252번길 33 1층 백족발 본점,35.1950998932983,126.835704785778
광주 광산구 임방울대로801번길 35 1층 백족발첨단직영점,35.2194813369735,126.845761455761
광주 광산구 임방울대로826번길 47 1층 124-125호,35.2153364381979,126.849162982992
광주 광산구 신창로105번길 30 1층,35.1952054456942,126.836306741002
광주 광산구 하남대로 151,35.1802740317113,126.810218103589
광주 서구 풍암운리로41번길 4-12,35.1242490884945,126.868692032211
광주 서구 화개1로 55 2층 백화당,35.1289408261173,126.854976866746
광주 동구 동명로 23 1층 백희,35.1512169516554,126.923453509117
광주 서구 풍금로4번길 9 1층,35.1209096523754,126.866982486736
광주 서구 상무중앙로 64 청연한방병원 1층,35.1526522838199,126.848904630393
광주 동구 동계천로 177,35.1493651541648,126.92870392091
광주 북구 서하로 156 1층,35.187004985344,126.897452142179
광주 남구 용대로53번길 2-5,35.1214278130824,126.917549720095
광주 서구 치평로 106 상무사우나,35.1567171912036,126.847646591984
광주 광산구 임방울대로 499,35.2040541835987,126.819185196918
광주 북구 설죽로 495,35.2033527385073,126.898077860586
광주 남구 회재로 1190,35.1319348969283,126.89173593983
광주 서구 무진대로 904 유스퀘어 광천터미널,35.1605104898663,126.879344508277
광주 북구 우치로 76,35.1741751253515,126.912938918332
광주 북구 첨단연신로91번길 10 프라임빌딩 1층,35.2065577174953,126.863270745047
광주 광산구 어등대로 418-1,35.1488235067729,126.769612192968
광주 서구 상무버들로 35 1층 101호,35.1641719150612,126.859537342514
광주 서구 상무버들로 35,35.1641719150612,126.859537342514
광주 광산구 선운로20번길 54 1층,35.1466598647699,126.776434624565
광주 북구 하서로 150,35.1892773786359,126.878441303233
광주 북구 자미로39번길 26,35.1699551980577,126.902249233187
광주 광산구 임방울대로800번길 71 5층,35.2142826655995,126.846506382934
광주 서구 회재로 897,35.122939850986,126.861795289676
광주 북구 서강로 78 5층,35.1787258627723,126.871816387855
광주 동구 계림로20번길 3-1,35.1557665771926,126.922757922671
광주 남구 군분로 149-2 고향국밥,35.1455330740818,126.887433661543
광주 북구 자미로66번길 50 1층,35.1709747587568,126.907340116056
광주 서구 상무오월로19번길 23-1 은총빌라 1층,35.1577951156394,126.861452650159
광주 서구 상무버들로 22 1층,35.1645338342306,126.861043111444
광주 남구 효우2로 90 상가동 1층 103호,35.0984138984661,126.882892460059
광주 북구 군왕로 311 301동 지하2층 4-1호,35.1873978622556,126.937324797494
광주 북구 서암대로 38 1층 벌크커피 경신여고사거리점,35.1724629811931,126.888896288725
광주 동구 계림로30번길 15,35.1570873153984,126.925452875099
광주 광산구 임방울대로 154-11 에코빌딩 1층,35.1751189305413,126.818765498393
광주 서구 운천로 15 거성빌딩 1층,35.1339850772013,126.858908488141
광주 남구 효덕로 290,35.1094353330385,126.89705635266
광주 광산구 사암로215번길 97,35.1639275893742,126.802942837751
광주 동구 제봉로 61,35.1439618617381,126.92087547737
광주 광산구 송도로 154 104호,35.1285154680032,126.7926036272
광주 서구 하남대로 702 110호,35.1714140567768,126.86945216719
광주 북구 군왕로 46,35.1652302985635,126.932228549192
광주 광산구 임방울대로801번길 8,35.2181793854034,126.846224458706
광주 남구 방림로 30,35.1346232372373,126.920647401334
광주 북구 하서로 477 지플레이스2차상가 105호 벌크커피,35.2172013428664,126.877164711334
광주 남구 봉선로 106 107호,35.1244534793622,126.907272811062
광주 남구 봉선1로 120,35.1275960388613,126.917959209323
광주 동구 필문대로 194,35.1535329932629,126.931105754695
광주 북구 안산로 70,35.1933884683653,126.90224697611
광주 서구 상무중앙로 103 휴먼빌딩,35.1563640478389,126.847797281734
광주 서구 상무평화로 79,35.1483568018462,126.84764022728
광주 광산구 장덕로 55 1층 101호,35.1950996297592,126.815315992193
광주 광산구 임방울대로216번길 9 1층 103호 벌크커피,35.180711552069,126.818632650851
광주 광산구 풍영로200번길 75 1층 105호,35.1898803874672,126.818324390171
광주 광산구 임방울대로 356 1층 106호,35.1916501517207,126.824405767544
광주 광산구 수등로 254,35.1849530379952,126.83653831983
광주 북구 자동차로 70 1층 벌크커피 신안점,35.1654395012577,126.90238196373
광주 북구 첨단연신로 261 104호,35.2072409282875,126.859014376416
"광주 북구 양일로 78 포스콤타워 107, 204호",35.1975760681343,126.873525806458
광주 북구 북문대로 31,35.1746010216681,126.881869857712
광주 북구 대자로 36 1층 114호,35.1733117948732,126.876256287102
광주 광산구 월계로 86 1층 벌크커피,35.212599497844,126.835268885213
광주 북구 설죽로 505-4,35.2043028473015,126.897642128369
광주 북구 일곡택지로 93,35.2101337223653,126.894111306247
광주 북구 호동로15번길 9 1층,35.1756672336396,126.914204718138
광주 북구 용주로30번길 56 112동 1층 107호,35.1805159118071,126.903781922151
광주 동구 필문대로273번길 32-1,35.1455032978293,126.93076970121
광주 북구 유림로160번길 1,35.1769589670981,126.864396497509
광주 광산구 진곡산단2번로 47-57 1층,35.2005297367498,126.790609713775
광주 북구 첨단연신로107번길 7,35.2072992062537,126.863303326893
광주 서구 상무자유로 174 1층,35.1513209460999,126.853281437975
광주 서구 죽봉대로 86 대인빌딩,35.1609228045582,126.883804592804
광주 서구 풍암중앙로 41,35.1252217864694,126.878853067044
광주 광산구 목련로153번길 85,35.1758570761691,126.81443639513
광주 광산구 임방울대로 261 신가동 2층,35.1849898294306,126.818450335543
광주 광산구 손재로110번길 27,35.1762317299582,126.79855657543
광주 광산구 하남산단3번로 137,35.1897094579398,126.809102917579
광주 서구 화정로 142,35.145144052012,126.872858235157
광주 광산구 풍영로145번길 15,35.1841570750578,126.813413614687
광주 광산구 용아로400번길 30 1층 1064호 벌크커피 하남cgv점,35.1780934325427,126.806489286879
광주 광산구 하남산단8번로 170,35.2087714164511,126.814309154907
광주 북구 면앙로6번길 76,35.1769473285996,126.913301640048
광주 북구 동문대로 72-1,35.1705814337911,126.922384522944
광주 광산구 장신로 191,35.1910741239705,126.831208170392
광주 광산구 신창로105번길 34-24 1층 범씨족발,35.1952371166481,126.836131539264
광주 서구 풍암중앙로86번길 42 1층 벗초밥,35.1228095230692,126.885020104901
광주 동구 지호로124번길 16,35.1480979901827,126.942941763558
광주 남구 봉선중앙로 87 박판호순천한우직판장,35.1287135036045,126.910872786861
광주 남구 봉선2로 98,35.1257927100645,126.917209056152
광주 동구 동계천로 163-6,35.1495196246697,126.927150261556
광주 광산구 목련로153번길 35,35.1734032466347,126.814391693828
광주 북구 중문로 11 1층 베러데이즈,35.1738191385923,126.918315459058
광주 남구 백서로 93 1층,35.1407000579935,126.915987578631
광주 북구 서양로 5,35.1714274882387,126.90204175728
광주 서구 상무공원로 51,35.1489296864734,126.842756395646
광주 광산구 장신로50번길 9-16 센터빌딩4층,35.1901708092323,126.816593881501
광주 광산구 사암로 275,35.1689343155786,126.808766523391
"광주 광산구 풍영로 271 장덕동 107호, 108호",35.1954172085762,126.815337124573
광주 서구 치평로 60 삼성리더스빌,35.1526033805641,126.847713085366
광주 서구 상무민주로 101,35.1595876374987,126.859176221733
광주 북구 문산로 61 라인아파트,35.1875832317656,126.921902721945
광주 광산구 광산로 32,35.1387461750594,126.795190538464
광주 남구 광복마을길 7,35.1184377596989,126.89805603812
광주 동구 준법로 31,35.1494059588501,126.936429795529
광주 남구 양림로 56-1 투모아,35.1371739276312,126.915210386695
광주 북구 서강로 98,35.1801082190194,126.87262014366
광주 광산구 월계로 117-35,35.2160838661033,126.837416322075
광주 남구 천변좌로536번길 17,35.1331971832039,126.922446348656
광주 광산구 사암로340번길 39 103호 베어뭄,35.1752989801349,126.811011832037
광주 동구 제봉로 102,35.1474678911601,126.922133440481
광주 광산구 첨단내촌로70번길 8-12,35.2125708262845,126.837127999192
광주 남구 서문대로812번길 4-8 골드클래스 어반시티 상가 1층,35.1307081472886,126.899813570114
광주 동구 제봉로82번길 16,35.1464080307042,126.923628766108
광주 서구 풍암2로57번길 10,35.1229361457523,126.882835321964
광주 광산구 송정로30번길 72,35.133799489027,126.791481269976
광주 광산구 목련로 94 1층,35.1720051100656,126.80788894162
광주 동구 제봉로17번길 24,35.1388869306176,126.920474610721
광주 광산구 평동로800번길 41,35.1235585087155,126.760342043585
광주 북구 면앙로 202-2 1층,35.1749682190063,126.93338399928
광주 북구 설죽로196번길 27,35.1770794863461,126.898583927345
광주 서구 상무연하로 50,35.1527095544784,126.850531090376
광주 남구 회재로 1255-1,35.1347581458106,126.897968767993
광주 북구 설죽로320번길 22,35.1878634621666,126.901280482925
광주 남구 봉선2로 37 벽돌집본점,35.125857972924,126.910371554378
광주 북구 면앙로121번길 77,35.180462375535,126.92656934813
광주 서구 내방로 430 삼익아파트,35.1590456379222,126.886278307432
광주 남구 봉선2로 59 1층,35.1259903804621,126.912839481593
광주 서구 상무평화로 97-3,35.1484648712451,126.84958519704
광주 광산구 하남울로12번하길 28 별난식당,35.1811695156781,126.804319331123
광주 광산구 어등대로433번길 59-1 1층 별다방,35.1523990867965,126.769223158792
광주 광산구 월곡중앙로1번길 14-6,35.1668180667593,126.809425355262
광주 남구 용대로193번길 4-1 별미식당,35.1335767175929,126.917223231646
광주 서구 구성로 77,35.1492593669324,126.903950310312
광주 북구 서방로63번길 4 1층,35.1725742004846,126.919960791737
광주 북구 북문대로 245,35.1868749380143,126.865346756733
광주 동구 백서로125번길 31,35.1444618453052,126.917626466995
광주 광산구 목련로 85,35.1724318869462,126.807028738282
광주 북구 문화소통로 238,35.1813698953982,126.919937678117
광주 북구 동문대로204번길 36,35.1797992780709,126.932026093348
광주 광산구 남동길30번길 38,35.1287574244427,126.790056196859
광주 광산구 수완로74번길 50-4 별밤포차,35.1914458306053,126.831588295779
광주 광산구 임방울대로826번길 80 1층 101호,35.2138684882013,126.848432695457
광주 광산구 월곡중앙로 51,35.1708341555297,126.811039068542
광주 북구 설죽로 506-8 1층별밤포차,35.2041526481377,126.899321961902
광주 광산구 첨단내촌로70번길 21 1층,35.2132821368276,126.837638600445
광주 북구 대천로 181-1,35.1901003139297,126.923246982593
광주 서구 상무대로 826 3층,35.1484230947782,126.85292745505
광주 북구 중가로51번길 29-4,35.1609439866944,126.906278164522
광주 광산구 수등로94번길 8-11,35.182449702548,126.818918957353
광주 북구 태봉로 70,35.1627285845954,126.906391256581
광주 동구 예술길15번길 6,35.1506569331332,126.91860814604
광주 동구 동명로 24,35.1511920435478,126.923834129608
광주 서구 상무중앙로78번길 5-6 영효빌딩 102호,35.1545550414016,126.849474006851
광주 서구 상무대로695번길 8,35.1434500440963,126.84034278078
광주 광산구 남동길30번길 35,35.1291829535995,126.790158018061
광주 북구 문산로 102,35.1899769588654,126.926806735517
광주 북구 저불로 37,35.1777407838552,126.895059353026
광주 동구 충장로46번길 16,35.1495099109385,126.912098665032
광주 광산구 상무대로 308,35.1433436198118,126.799699433489
광주 북구 면앙로139번길 47,35.1785808156044,126.928260149759
광주 서구 화개1로 8,35.1248121614737,126.85477716275
광주 광산구 신창로106번길 23-10,35.1947377488293,126.839482986901
광주 북구 우치로 281 1층,35.1898893622838,126.905364033856
광주 북구 대자로 48-1,35.1732375001336,126.877832109983
광주 동구 중앙로160번길 31-6 2층,35.146532754531,126.916356234463
광주 광산구 하남대로261번길 16 1층 보드라운커피,35.1806796131619,126.822690481703
광주 서구 상무오월로3번길 32-5,35.1585110406248,126.860175971285
광주 서구 염화로65번길 4-18 1층,35.1412736335182,126.873487202679
광주 광산구 본량동서로 6,35.1820122677423,126.730400538224
광주 남구 회재로1223번길 18-1,35.1350394186002,126.893723974211
광주 북구 북문대로187번길 5,35.1844646167619,126.870126820611
광주 북구 동운로213번길 28,35.1756315163759,126.873713602008
광주 북구 서하로 417,35.1839295072261,126.925495892497
광주 남구 월산로151번길 11,35.1508158507404,126.894640467284
광주 서구 치평로 80 1층,35.1545565294428,126.847707470456
광주 광산구 수완로14번길 41 보배반점 수완점,35.1877163904988,126.82914417241
광주 북구 양일로 74 1층 보배반점 양산점,35.1975419816496,126.872822650907
광주 남구 금당로 1,35.1177327696361,126.897803727529
광주 서구 풍금로 23 1층 보배반점,35.121742361385,126.864646921677
광주 서구 내방로 252,35.1576443353072,126.868172815654
광주 북구 북문대로19번길 10-3,35.1735973067066,126.882277259335
광주 동구 필문대로192번길 17-2 보암커피로스터스,35.1534406276471,126.929579341247
광주 동구 동산길 34 보암커피운림본점,35.1303589164475,126.948187115826
광주 서구 금화로149번길 135-1,35.1439254032297,126.85923349154
광주 북구 첨단연신로91번길 30 102호,35.2065145521014,126.861219055167
광주 광산구 상무대로 242 103호,35.1404929239221,126.794021699419
광주 광산구 사암로 339 1층 월곡동,35.1748257781748,126.808435911771
광주 서구 상일로 56,35.1605554497512,126.863448637356
광주 광산구 하남대로 278-1,35.1788241234763,126.824015962015
광주 남구 효천2로가길 9,35.1016472904402,126.874083578498
광주 북구 양일로 58 1층 연제동,35.1974919934787,126.871236997103
광주 북구 양산택지로 143,35.2171666185687,126.879383742187
광주 남구 군분로 8 머시기쪽갈비,35.1347506225251,126.896115659896
광주 서구 금화로 240 롯데백화점 2F,35.1336537390124,126.874829477436
광주 광산구 산월로 25 1층,35.2089980790592,126.840055878047
광주 남구 봉선1로47번길 7,35.1284818361561,126.910117542153
광주 남구 봉선1로 49 1층,35.1280130206328,126.910705467707
광주 북구 송해로 47-7 1층 101호,35.2024384076572,126.899807589879
광주 광산구 장덕로39번길 8 1층,35.1954179405359,126.81393096369
광주 서구 상무화원로32번길 17-15 1층,35.1460439412517,126.844611916637
광주 북구 하서로 299 1층,35.2013434331961,126.873852150098
광주 서구 쌍촌로 67-1 일층,35.1510004195619,126.864340587678
광주 남구 봉선로 127 1층,35.1238746228155,126.909538843386
광주 서구 상무대로955번길 19-1,35.1534714181148,126.86637780694
광주 북구 천지인로115번길 1,35.184061798775,126.911276042541
광주 광산구 수완로9번길 40 1층,35.1857573683317,126.826279634018
광주 광산구 첨단내촌로 3,35.2077087094654,126.835557490005
광주 남구 군분로23번길 4,35.1357170818969,126.894467465507
광주 서구 쌍촌로3번길 2,35.1452107480861,126.865020141985
광주 남구 대남대로181번길 14-1,35.1322036186363,126.905216432366
광주 동구 구성로 244,35.1561934706848,126.917839415725
광주 북구 용봉택지로13번길 14,35.1797126366427,126.888160315142
광주 광산구 임방울대로 360 1층 105호,35.1920239233668,126.824392226524
광주 북구 대자로 65 1층,35.1734291514579,126.879837417242
광주 광산구 하남대로54번안길 4 1층,35.1778184778149,126.799100577991
광주 북구 첨단연신로108번길 39-18,35.2083794123384,126.865094804121
광주 광산구 왕버들로252번길 35,35.1949785087362,126.835592371092
광주 광산구 풍영정길 39-1 1층,35.1806732047061,126.839217407297
광주 남구 백운로 22 1층,35.1360216733936,126.908820425709
광주 동구 지산로 21 1층,35.1460572006431,126.931114359872
광주 남구 중앙로 78 1층,35.1432358667826,126.906988809193
광주 광산구 수완로 66,35.1910403039834,126.829009847568
광주 북구 동운로201번길 73 1층,35.1747569225192,126.875622879399
광주 서구 상무공원로 12 인애빌딩 2층,35.1456551467361,126.84360175014
광주 광산구 임방울대로825번길 22-77 첨단대라수 3차 상가1동 101호,35.2207664107229,126.850227930565
광주 서구 운천로 247 1층,35.1546189362755,126.854406600386
광주 광산구 풍영로101번길 22,35.1814519344181,126.811727556887
광주 서구 상무누리로 20 1층,35.1449799327888,126.840554987353
광주 북구 천변우로79번길 77 한국아델리움 상가동1층104호,35.1662302376307,126.889646342705
"광주 광산구 소촌로152번길 20 1층 102, 103호",35.1576389200766,126.793797505102
광주 북구 삼정로 143,35.1715207087258,126.933060127605
광주 남구 제석로80번길 45,35.1212142476478,126.912240532513
광주 북구 운용로 13 105호,35.1742179166146,126.889085570711
광주 북구 일곡마을로 10-1 청솔4차 상가,35.2062689959238,126.899505603616
광주 북구 하백로6번길 12 대광로제비앙 상가1층,35.1877969216583,126.890958004597
광주 북구 북문대로33번길 28-3,35.1737289192134,126.880817163062
광주 남구 봉선중앙로47번길 20 1층,35.125035824416,126.909262405999
광주 북구 운용로 89,35.1769939365005,126.895809561818
광주 동구 지호로 13-1,35.1488435036109,126.930824157883
광주 광산구 송도로304번길 15-14,35.1399912958426,126.802123246378
광주 광산구 선운로 1 10호,35.1483487256389,126.769120024269
광주 서구 화운로220번길 2,35.1583149993703,126.877141895195
광주 북구 설죽로202번길 84 1층,35.1771843466653,126.902018274806
광주 광산구 수등로76번길 35 1층,35.1824968459816,126.817359872498
광주 광산구 평동로 650,35.1262490293849,126.745764784342
광주 서구 구성로 129 2층,35.1490369099926,126.909089704339
광주 광산구 산정공원로81번길 6 1층,35.1749637645951,126.806162541531
광주 북구 서강로 79-3 3층,35.1790565348827,126.871188240399
광주 북구 비엔날레로13번길 2,35.1745137543839,126.885992209638
광주 북구 저불로 48-15,35.1788743530745,126.896976566644
광주 광산구 수완로74번길 29-32,35.191873730728,126.830896551289
광주 북구 서방로107번길 65,35.1730680593762,126.926067410387
광주 북구 양산로 27,35.2108769084433,126.877594101215
광주 광산구 상도산길 54,35.1350971040175,126.794179247415
광주 남구 봉선중앙로 48,35.125399472371,126.911754851754
광주 광산구 첨단중앙로170번길 54,35.2202695231565,126.844739787041
광주 광산구 선운로 8,35.148274237252,126.770334192339
광주 동구 동계로 7,35.1525180059354,126.924074886567
광주 서구 금화로85번길 25,35.1346145201091,126.857616619693
광주 서구 상무대로 922,35.1507940677457,126.862712975408
광주 북구 호동로 28,35.1748666125369,126.915435613155
광주 동구 충장로 97-2,35.1475327833084,126.917758682682
광주 광산구 신창로105번길 24-21,35.1959853499251,126.836747033918
광주 북구 북문대로19번길 10-7,35.1736592218933,126.881991094947
광주 광산구 송정외로 151,35.1352649328448,126.801635768127
광주 서구 화정로253번길 24-1,35.1493558205488,126.882946386603
광주 광산구 임방울대로826번길 51,35.2151415430973,126.848927535632
광주 광산구 우산로96번길 66,35.1533481679974,126.810340790968
광주 광산구 첨단중앙로116번길 31 1층,35.2161743080336,126.84423126168
광주 동구 동계천로 14,35.1561721306242,126.914102377695
광주 서구 금화로85번길 24,35.1345558014031,126.8578897128
광주 광산구 목련로 96,35.1719843252107,126.808025658131
광주 남구 봉선2로 26-1,35.1254640558663,126.909133020757
광주 북구 삼각외촌길 3,35.1999013431495,126.903663091298
광주 광산구 북문대로420번길 190,35.1908816785714,126.857197804253
광주 동구 필문대로159번길 25-14,35.1577360841014,126.93494437757
광주 동구 경양로 369-4 1층,35.154255387246,126.929613759061
광주 북구 북문대로 160,35.1829567850467,126.872288860204
광주 동구 동명로70번길 1-3,35.1508021317099,126.928445644919
광주 북구 서하로 258,35.1869662448518,126.908620274799
광주 광산구 산정로 11-1,35.1677416802464,126.80327490415
광주 남구 용대로53번길 6-4 2층,35.1213405266049,126.917366929185
광주 남구 백운로 50,35.1378135402981,126.906985869513
광주 북구 중흥로 100,35.1632852136434,126.905052733958
광주 서구 금화로103번길 23 1층,35.1348062646866,126.859646936117
광주 광산구 첨단중앙로182번길 16,35.2217275124759,126.843036244624
광주 서구 상무시민로 136 1층,35.1549993116048,126.85388383981
광주 북구 호동로15번길 50,35.1773501086333,126.914518788694
광주 서구 상무대로916번길 39-1 1층,35.1474357936517,126.863124106054
광주 북구 양산택지로 18 2층,35.2080360018409,126.879182873999
광주 북구 무등로202번길 18 1층,35.1643687600155,126.904967286359
광주 서구 시청로 92 1층 112호,35.156733155918,126.85231412844
광주 서구 내방로 25,35.1593407690031,126.843329486092
광주 서구 상무중앙로 7 상무타워 901호,35.1475410793284,126.847934096159
광주 서구 시청서편로4번길 19-8,35.1595716479456,126.847960332262
광주 서구 시청서편로4번길 16-1,35.1590981621008,126.847385104283
광주 서구 상무중앙로 103,35.1563640478389,126.847797281734
광주 서구 상무대로 747 1층,35.1453309430714,126.845158118338
광주 광산구 임방울대로 374,35.1935298396433,126.824099108238
광주 동구 증심사길 25 1층,35.1342931316176,126.955287307841
광주 북구 면앙로 194-1 1층,35.1751233462238,126.932738160936
광주 서구 경열로 151-1,35.1547270682591,126.901430167002
광주 북구 군왕로51번길 70 1층,35.1679066354837,126.928965454048
광주 광산구 사암로92번길 67 101호,35.1525728878889,126.81096167353
광주 북구 양산택지로 36,35.2095953099782,126.879877177242
광주 북구 문화소통로 317,35.1824575565744,126.9281204971
광주 동구 독립로264번길 26-1,35.1531638370865,126.913463074311
광주 서구 상무연하로 43 1층,35.1522019937069,126.849943556809
광주 북구 저불로 31 1층,35.1772194238432,126.895041579952
광주 서구 상무연하로 58,35.1532697230497,126.850509652776
광주 북구 동문대로248번길 39,35.1833378332065,126.937571864982
광주 남구 군분로 4,35.1344659066258,126.896354998141
광주 광산구 월계로 90 1층,35.2128013051166,126.835663090141
광주 북구 중가로51번길 33,35.1609387826211,126.906425576166
광주 광산구 광산로 31,35.1389595422627,126.794986237663
광주 광산구 신가삼효로 30-17 1층,35.1868103616388,126.83673321642
광주 광산구 수완로33번길 76 모아엘가상가 109호,35.1875723974321,126.824074727196
광주 서구 무진대로 919 134호,35.1623727902778,126.880530024229
광주 북구 첨단연신로108번길 118,35.2095782817361,126.864674611804
광주 북구 서방로172번길 10-7 1층,35.1682763380952,126.930146130622
광주 북구 향토문화로 36-5 1층,35.1703103880766,126.914987963952
광주 북구 첨단연신로107번길 45-22 토담빌딩 1층 106-2호,35.2065426231359,126.860625211869
광주 남구 효천중앙로 64 1층 107호,35.1021471231788,126.875591562542
광주 광산구 첨단중앙로124번길 5,35.2166837562708,126.842770931968
광주 북구 우치로 86,35.1750794608212,126.912944321325
광주 광산구 수등로258번길 3-3,35.1847956647325,126.83754563317
광주 서구 천변좌로246번길 16,35.1532337901728,126.901658378446
광주 북구 서강로 89 2층,35.1798120002153,126.871990117262
광주 광산구 임방울대로 321,35.1887896386737,126.822812525976
광주 남구 봉선중앙로134번길 1,35.1330748653339,126.910905120281
광주 광산구 풍영로 83,35.1793839178026,126.810893143205
광주 광산구 왕버들로 217 한듬레포츠1층,35.1986789120755,126.83373594865
광주 북구 하서로423번길 42 우방상가 1층 103호,35.2134592268784,126.872649233015
광주 서구 월드컵4강로 144,35.1491665224093,126.871121117741
광주 광산구 장신로 187 1층,35.1910602110173,126.830733099377
광주 북구 우치로100번길 37,35.1766219613448,126.91460221497
광주 광산구 수완로74번길 12-3 1층,35.1912468152428,126.829721462302
광주 남구 대남대로181번길 36-1,35.1302158379542,126.905442449235
광주 남구 천변좌로370번길 13,35.1448170677388,126.911361341096
광주 서구 풍암2로57번길 16 1층,35.1231673588263,126.883409749969
광주 광산구 하남대로261번길 28,35.1817509767572,126.823007523464
광주 북구 일곡로 45-11,35.2085638724038,126.893328991762
광주 남구 대남대로107번길 10,35.1330210764827,126.913423605808
광주 광산구 송정로 28,35.1360869245507,126.794094133452
광주 광산구 사암로390번길 43,35.1793270334702,126.81036862168
광주 북구 양일로 60,35.1974067489907,126.871513736707
광주 북구 임동로 5,35.1608681601071,126.896294517095
광주 서구 상무화원로32번길 30,35.1459674501792,126.846406393246
광주 광산구 고봉로258번길 17-13,35.1868178031312,126.784130869878
광주 동구 동명로 19-6,35.1510055920708,126.923041613896
광주 광산구 임방울대로 154-15,35.1750811266077,126.819283621726
광주 동구 필문대로192번길 16-1,35.1536434922707,126.929680135282
광주 서구 상무대로1005번길 36,35.1548962624743,126.871861896973
광주 광산구 우산로96번길 54,35.1539900201381,126.810452452706
광주 광산구 선운로2번길 1-5,35.1481104648143,126.770669691832
광주 동구 동계천로 159-11,35.1497134485268,126.926307588341
광주 서구 무진대로 975,35.1615812893578,126.886993701955
광주 서구 무진대로 904 신세계백화점광주점 B1,35.1605104898663,126.879344508277
광주 북구 양산로 20,35.2106816115844,126.876377639012
광주 남구 양림로 89 지하,35.1386606861966,126.918302862655
광주 광산구 첨단중앙로124번길 51 1층 성미초밥,35.2166673347499,126.845135456732
광주 북구 설죽로370번길 24 103호,35.1932676977233,126.901149869736
광주 서구 상무대로 944,35.1510983279895,126.865085705079
광주 북구 군왕로 235,35.181443077323,126.93702021149
광주 광산구 임방울대로826번길 42 112호,35.215428915903,126.848440558502
광주 북구 설죽로 319 1층 세라젬,35.1880408212479,126.898520682613
광주 남구 봉선로 168,35.1228180488566,126.913624416227
광주 서구 치평로 106 세라젬 웰카페 상무점,35.1567171912036,126.847646591984
광주 광산구 신창로 64 1층,35.1909878387072,126.837381786207
광주 동구 지산로 82-1,35.1509803608312,126.933235974665
광주 북구 서양로 164,35.166908792627,126.918588663348
광주 북구 중흥로 95 1층,35.1637704254397,126.90472156598
광주 광산구 신창로131번길 9,35.1969694451288,126.838020910832
광주 서구 상무오월로43번길 4-11 1층,35.1558982029796,126.8648826429
광주 서구 쌍학로 7,35.1464525762911,126.866015728852
광주 북구 양산택지소로 29,35.2148054054022,126.883115775514
광주 서구 상무중앙로34번길 2,35.1496599551175,126.848837072851
광주 북구 북문대로159번길 17,35.1823524583407,126.871043171403
광주 북구 저불로31번길 11 세상컴퍼니,35.1772244459327,126.893874388503
광주 광산구 신창로105번길 24-11,35.195569429012,126.836586233117
광주 북구 평교로 45,35.1804497525146,126.925236682428
광주 북구 무등로 80,35.168398777945,126.892715943533
광주 광산구 임방울대로 611-25 세컨드 원 1층,35.2128401016599,126.825012970995
광주 북구 대천로 124-11,35.1851979245697,126.921129549279
광주 광산구 수완로52번길 30-1,35.190158014165,126.830645814767
광주 동구 남문로 694-26,35.1327782791772,126.92961666593
광주 남구 봉선2로 40 2층 일로,35.1255384647177,126.910772568973
광주 동구 충장로58번길 18-2,35.1490476684419,126.912562934098
광주 북구 신흥로 26-1,35.1702520263037,126.907899780246
광주 광산구 산정로 39,35.1701951012134,126.80395363545
광주 북구 양산택지로 28,35.2088424098343,126.879422630909
광주 서구 상무중앙로38번길 7,35.1504925281721,126.849478086583
광주 북구 운용로 9 1층,35.173632617414,126.889131483374
광주 서구 하남대로 696 6층,35.1714357794275,126.868784715279
광주 동구 중앙로160번길 14 지하1층,35.1473566130856,126.914568051612
광주 서구 상무평화로 97-1,35.1482896412055,126.849580690852
광주 동구 학소로 106,35.1292106461131,126.933054393235
광주 광산구 하남대로 213,35.1797830336941,126.817052730373
광주 동구 장동로 51-1 소보쿠,35.1472207888074,126.927142872582
광주 광산구 수완로74번길 11-26,35.1923432754491,126.829759691017
광주 북구 서하로214번길 2 1층(),35.1870521073975,126.903800788237
광주 북구 제봉로 291,35.1605005188474,126.910206689647
광주 동구 용연길 8,35.0940570744364,126.963169907469
광주 서구 천변좌로 268,35.1523433562094,126.904614715965
광주 남구 군분로 54,35.1382704393607,126.893411988085
광주 남구 덕림중앙길 5-2,35.1450563378723,126.901059723426
광주 남구 천변좌로 468,35.1387805991138,126.919021576023
광주 동구 문화전당로23번길 6-4,35.1446818343086,126.919048213359
광주 북구 첨단과기로208번길 43-10 ibc지식산업센터 B동 118호,35.2226023308766,126.849252900621
광주 북구 우치로 677 건물02동01호,35.2243245077416,126.894227983087
광주 북구 부남길15번길 60 1층,35.1897069165547,126.927111664912
광주 북구 서방로 163-2,35.1693649057094,126.930141687045
광주 남구 송암로27번길 2,35.1080356566362,126.878877407754
광주 광산구 용동길23번길 33-11 송오당 식당,35.1351082033905,126.748644262426
광주 광산구 남동길48번길 53 현은빌 1층 송정가맥,35.1297341008353,126.790919681925
광주 광산구 광산로29번길 1,35.138994894827,126.794784577123
광주 광산구 송정로8번길 50 송정리녹두빈대떡,35.1347760664293,126.790773698942
광주 광산구 내상로33번길 109,35.1418551599059,126.801425554209
광주 광산구 상무대로 214,35.1382391549788,126.792327802021
광주 광산구 송도로 320,35.1411701140092,126.802134658761
광주 광산구 월곡중앙로54번길 16,35.1709398542481,126.812004376695
광주 남구 효천2로가길 17 1층,35.1014511277439,126.87493016077
광주 광산구 장신로 85 수영빌딩 204호,35.1911711413983,126.819480116142
광주 남구 효천안길 61,35.1048348959854,126.876193807474
광주 북구 용봉택지로 38 1층 수산한반찬,35.1784418527059,126.890670355125
광주 광산구 장신로19번안길 9-3 1층(장덕동1438번지) 오아시스조개,35.1915638377627,126.811478375049
광주 광산구 장신로 62 수완컴퓨터,35.1905626905959,126.816933375264
"광주 남구 봉선중앙로 8 쌍용예가앞 상가동 105, 106호",35.1217725385745,126.913347854133
광주 동구 동산길7번길 3,35.1320646292896,126.946667952463
광주 서구 상무대로868번길 17-2,35.1484632388179,126.857634642612
광주 서구 전평길 28,35.1167306318762,126.848672707656
광주 광산구 송정로 22,35.1364311324004,126.79328700448
광주 남구 봉선중앙로68번길 11,35.1272575894296,126.912562751103
광주 광산구 내상로33번길 73,35.1408725336803,126.800077586129
광주 북구 서양로 96,35.1688110722113,126.911468461285
광주 서구 운천로162번길 6,35.1470749079893,126.857510859657
광주 남구 노대실로 46,35.1055920388756,126.9059884963
광주 서구 상무중앙로 9,35.1478067687644,126.84790891024
광주 북구 매곡로69번길 42,35.1881208724958,126.891766212216
광주 서구 발산로 37,35.1583663215334,126.894489697598
광주 남구 광복마을길 117-1,35.1283108597365,126.896148195074
광주 북구 서방로 34,35.1728805849074,126.916639042446
광주 광산구 수완로52번길 36-4,35.1899998632972,126.830801067144
광주 광산구 첨단내촌로70번길,35.2131889496237,126.839473034925
광주 북구 송월로40번길 52,35.187249685651,126.916303113665
광주 서구 염화로115번길 16,35.1443185654639,126.8770312484
광주 북구 용주로8번길 43,35.1801158784679,126.901303135263
광주 광산구 풍영로101번안길 15-8,35.1811195551625,126.809562475479
광주 북구 빛고을대로 771,35.2301730266191,126.873147771763
광주 서구 금화로73번길 18-8,35.1336891689028,126.85752935592
광주 광산구 수등로243번길 20-23,35.1860681957778,126.836740190445
광주 광산구 목련로153번안길 45,35.1744641181414,126.81367123438
광주 광산구 월계로118번길 10,35.2130941367034,126.838260824066
광주 북구 호동로43번길 16,35.1760558467359,126.915930252623
광주 북구 호동로 10-9,35.1744525541303,126.914062406382
광주 북구 문산로 80,35.1883329482251,126.925575647172
광주 광산구 장덕로95번길 16,35.1960428205915,126.820298810577
광주 북구 일곡마을로 161,35.2104596409785,126.891654644808
광주 북구 양일로343번길 36,35.2050472204893,126.900936936813
광주 서구 내방로161번길 13,35.1600899466653,126.858464567717
광주 서구 천변우하로 381-1,35.1690143632505,126.862041964254
광주 서구 상무시민로 96,35.1549729129649,126.849475102941
광주 북구 우치로 17,35.1693159360783,126.9106272972
광주 북구 필문대로 7-1,35.1647556471881,126.920656121889
광주 광산구 첨단중앙로152번길 58,35.2188187219335,126.845452970979
광주 북구 대자로 48-2,35.1732947140992,126.877453190613
광주 광산구 첨단중앙로152번길 17-13,35.2202358490008,126.843020553958
광주 광산구 월곡중앙로14번길 22,35.1673538916082,126.812000884861
광주 광산구 소촌로86번길 20-17,35.1503918581698,126.796594840375
광주 북구 서강로 61,35.177376364255,126.870978685105
광주 광산구 첨단중앙로181번길 6,35.2213781946881,126.840177349761
광주 남구 봉선1로47번길 2,35.1282338093256,126.910521564444
광주 서구 상무자유로 149,35.1520064851795,126.850524035394
광주 북구 우치로 62,35.172941676363,126.912519576801
광주 북구 당뫼로 39,35.1698650889654,126.914308069811
광주 북구 금남로115번길 7,35.1558942555041,126.907864710354
광주 광산구 마항길 46,35.1846004545876,126.797587449599
광주 동구 준법로25번길 16,35.1506187890074,126.936009188647
광주 동구 서석로 56,35.1478384174223,126.920021781811
광주 남구 효우로60번길 10,35.1101676106804,126.902405251107
광주 북구 반룡로 34,35.1788328709163,126.90161460227
광주 서구 치평로 106,35.1567171912036,126.847646591984
광주 광산구 장신로82번길 16,35.1901613144388,126.818728808389
광주 남구 임암길 181,35.1019047413009,126.866601081917
광주 광산구 수완로52번길 1-14,35.1900418481695,126.829310698417
광주 광산구 수완로52번길 46-3,35.1899677028953,126.831460357516
광주 북구 중문로9번길 71,35.174360952132,126.914410274891
광주 남구 군분로15번길 13 스위트40,35.1346331146626,126.894067606561
광주 북구 하백로46번길 13,35.1916676745448,126.892341032043
광주 북구 송해로58번길 13-3,35.203900768043,126.900579998548
광주 동구 동명로 41-2,35.151749985258,126.925280942346
광주 북구 양산로 24,35.2106115328775,126.876865479306
광주 남구 봉선2로 39-3,35.1260375261935,126.910495551278
광주 동구 제봉로 221-11,35.1544490251111,126.913629520925
광주 광산구 송정로8번길 29,35.1358276569011,126.791594601472
광주 서구 상무대로 894,35.1503100656443,126.859746964367
광주 동구 준법로 14,35.1492832882037,126.934408975791
광주 서구 쌍촌로 34,35.1479284362582,126.86501587411
광주 동구 제봉로110번길 21,35.1493846698196,126.923889807306
광주 남구 화산로 101,35.1146532660863,126.907234552068
광주 서구 월드컵4강로42번길 52,35.1416521857175,126.881399871879
광주 광산구 신창로105번길 16-17,35.1956896279038,126.837090546969
광주 서구 동천로10번길 36-11,35.1689815088505,126.861765291454
광주 동구 동계천로 143-17,35.1496222920531,126.925084581135
광주 동구 동계천로 151-20,35.1492767670067,126.926353415571
광주 남구 군분로 57,35.1384570650783,126.892848289968
광주 광산구 수완로 104,35.1941841756446,126.830513821431
광주 서구 금부로95번길 29,35.1422689134947,126.858564226571
광주 남구 용대로 119,35.1269755617549,126.918125059238
광주 광산구 신창로33번길 15-9,35.1879477629524,126.836319430803
광주 북구 연양로 30,35.2061306268945,126.870625945116
광주 광산구 신창로33번길 11,35.1881944380373,126.836233844983
광주 광산구 수완로 54,35.189853224151,126.829012005153
광주 북구 금호로 42,35.173159274788,126.889186244989
광주 서구 화운로 111,35.1492331707666,126.878935903475
광주 광산구 하남대로 155,35.1802624679686,126.810661988488
광주 북구 우치로274번길 41,35.1894164411643,126.907962703625
광주 광산구 풍영로200번길 9,35.1893999820336,126.814882676504
광주 동구 서석로 34-3,35.1459457270479,126.917582722572
광주 북구 동운로 230-1,35.1739805592152,126.875335790046
광주 서구 죽봉대로 61,35.1586722673445,126.882007804032
광주 북구 연양로 63-1,35.2067111642197,126.874369996895
광주 광산구 선운로 14 선암동,35.1485486326719,126.771107868003
광주 북구 중흥로73번길 8 1층,35.1644458498842,126.902501585571
광주 광산구 신창로72번길 16 1층 신작로,35.1914967464896,126.838057027235
광주 광산구 광산로 23-1,35.1385922401687,126.794349307835
광주 남구 효천중앙로 64 109호,35.1021471231788,126.875591562542
광주 남구 대남대로379번길 1,35.1448374707519,126.890457650487
광주 서구 군분로159번길 15-2,35.1453855487308,126.885538586614
광주 북구 동문대로134번길 19,35.1744398965369,126.927813154372
"광주 광산구 임방울대로800번길 71 첨단아크레타 112호, 113호",35.2142826655995,126.846506382934
광주 동구 서석로 34-6 2층,35.1458596298225,126.917292880863
광주 광산구 사암로216번길 28-8 1층 싼타페포차,35.163019925892,126.80988313844
광주 광산구 삼도중방길 55,35.1510993695994,126.742917219834
광주 서구 월드컵4강로116번길 2,35.1469249772138,126.872359222703
광주 북구 천지인로173번길 10,35.1838967681645,126.918871231181
광주 북구 경양로 135,35.1614052983271,126.906623266874
광주 광산구 수완로74번길 18,35.191635587518,126.829734595719
광주 서구 염화로83번길 4-11,35.1425274438134,126.873848700809
광주 서구 금화로85번길 4-21,35.133182870471,126.858527054787
광주 북구 양산택지로37번길 12 아구&닭,35.2101367720035,126.878542120141
광주 광산구 장신로19번안길 5-5,35.1916221051775,126.811041347829
광주 광산구 수완로106번길 67,35.1925441526886,126.832059051508
광주 남구 금화로440번길 9,35.1446751861392,126.892121585292
광주 동구 필문대로205번길 39-2,35.1519919048556,126.935467063291
광주 동구 필문대로192번길 6-5,35.1540853623059,126.930501448277
광주 남구 금화로 425,35.1441551037081,126.890916822103
광주 북구 월동로 38,35.174947476486,126.93519084172
광주 서구 군분2로15번길 5-1,35.1542805136313,126.880384144906
광주 북구 첨단연신로108번길 59-19,35.2089779867996,126.86508305139
광주 서구 쌍촌로 21,35.1467978891548,126.864880676312
광주 광산구 남동길48번길 33,35.1304640299435,126.790349260641
광주 서구 상무시민로 131,35.1554832544712,126.853513113314
광주 광산구 어등대로665번길 9,35.1453669316584,126.791173586065
"광주 광산구 신창로86번길 32-12 1층, 아구이야기",35.1921718134272,126.838832635305
광주 서구 유림로98번길 7 1층,35.1712890550432,126.864702846126
광주 광산구 송도로 323-2,35.1417076281353,126.802154755851
광주 남구 천변좌로428번길 14-1,35.141491690401,126.915162565156
광주 광산구 선운로2번길 67,35.1457917830563,126.776492964871
광주 동구 필문대로171번길 1 1층 아담커피,35.1556673507772,126.932757580507
광주 남구 봉선1로47번길 1,35.1281390543262,126.910248479017
광주 남구 중앙로 96 1층,35.1441840697005,126.908369745791
광주 서구 염화로83번길 8,35.1421999874724,126.873510788528
광주 동구 동명로 19,35.1509682977866,126.923218448419
광주 동구 무등로375번길 17-3,35.1619561676366,126.923824974394
광주 서구 내방로209번길 4 1층,35.1581657145038,126.863561946629
광주 북구 북문대로19번길 10-3 2층,35.1735973067066,126.882277259335
광주 서구 군분로211번길 3,35.1495980908411,126.883210630642
광주 동구 남문로 345,35.1027728966771,126.938749020247
광주 남구 백운로 53 1층 아로,35.1379596434555,126.906390540526
광주 광산구 광산로56번길 40,35.1386284940467,126.798492230619
광주 서구 상무대로868번길 17-8 1층,35.1485629693007,126.857975985471
광주 서구 천변좌하로 270,35.1596141128783,126.844348820671
광주 동구 서남로 4-3,35.1452819341906,126.922171845675
광주 광산구 월곡중앙로 47,35.1704750712254,126.810991599981
광주 서구 풍암신흥로39번길 21,35.1224641685639,126.866675194097
광주 남구 오방로 5 마이더스빌딩1층,35.1262403411266,126.918828170922
광주 서구 천변우하로 369,35.1688725032664,126.860793250948
광주 남구 원효천2길 14,35.1041597249498,126.881007797664
광주 북구 우치로 100,35.1763243431906,126.91259422571
광주 동구 필문대로287번길 30-1,35.1445615735009,126.929861111977
광주 북구 양산로 27 1층,35.2108769084433,126.877594101215
광주 동구 중앙로 163 9층,35.1486317606388,126.913162021511
광주 남구 대남대로223번길 10 양우내안애 아파트상가 아메리칸피자,35.1337272863,126.89832544346
광주 서구 월드컵4강로197번길 1,35.1536314695576,126.869241875095
광주 광산구 수완로49번길 28 1층,35.189769079194,126.827073273642
광주 광산구 소촌로86번길 20-20,35.1512338296189,126.794944151395
광주 광산구 앰코로 35 폭스존 1층 105호,35.2215143042016,126.852391831029
광주 서구 화개중앙로15번길 7 1층 아메리칸피자,35.1222792905451,126.859253297582
광주 광산구 사암로340번안길 6-5,35.1756332171724,126.810790075199
광주 북구 용봉택지로 29 대주파크빌3차상가103호,35.1787416199993,126.889749098857
광주 서구 광천1길 21,35.1653676263251,126.882261569047
광주 광산구 도산로12번길 24 101호 카페 아미당,35.1294678534487,126.792396592115
광주 남구 군분로 132-1 호프아미티에,35.1441847882131,126.888866365508
광주 광산구 목련로153번안길 54-10,35.1747346494663,126.814221806933
광주 동구 학소로 100,35.1286300508727,126.933333106034
광주 광산구 여대길 290 상가동 104호,35.1668434278513,126.794503011162
광주 광산구 송도로 150 101호,35.1280510355073,126.792310880396
광주 광산구 남동길30번길 35-10 1층,35.1291359929971,126.790470828037
광주 남구 회재로1293번길 1 힐스테이트상가 101호,35.1367184063556,126.900873183086
광주 서구 풍암순환로 138-1,35.1231196593819,126.884427027951
광주 북구 동운로 185,35.173528509769,126.870674978247
광주 북구 안산로 10-1,35.1881589965757,126.902479746673
광주 광산구 광산로 19,35.1383343935687,126.793891073926
광주 서구 금화로85번길 22 1층,35.1343576964803,126.857902126526
광주 서구 상무민주로76번길 20,35.1571002630968,126.861614946084
광주 북구 용봉로 98,35.172415838553,126.907326296202
광주 서구 상무오월로3번길 32-7 1층(쌍촌동),35.1584608097228,126.860310397501
광주 서구 풍암순환로 162,35.124968841952,126.883426711252
광주 광산구 용진로 400,35.181382687086,126.73093397963
광주 서구 금화로 283 스타빌딩 1층 아우룸,35.1378294949402,126.877935724554
광주 광산구 첨단중앙로106번길 65-3 1층,35.2151711338981,126.846369947401
광주 서구 금화로 278,35.1366611132602,126.879159156444
광주 광산구 비아중앙로 32 아이러브피자 비아점,35.2216900286283,126.824905665136
광주 북구 송해로 70-2,35.2045603472811,126.899777529393
광주 동구 무등로307번길 14-7,35.1634095275503,126.917904712077
광주 광산구 목련로153번안길 39 (운남동),35.1743275081904,126.813694379554
광주 광산구 첨단내촌로 69-20,35.2124439820193,126.835377269795
광주 서구 화정로244번길 7 2층,35.1466778857003,126.884268519726
광주 북구 서하로 187 아임빈커피 오치점,35.1874499810531,126.901023405952
광주 광산구 신창로35번길 13,35.1884527765799,126.836174915509
광주 광산구 산월로 5 1층,35.2090004012383,126.837938485096
광주 서구 매월2로 53 23동 101호,35.1162223153676,126.860279961157
광주 광산구 신창로72번길 22 1층 아재비구이,35.1914813702036,126.838286977832
광주 남구 봉선1로 88 모아맨션2단지1차아파트,35.127891370177,126.914886477828
광주 북구 북문대로159번길 39 일신아파트 상가B동 107호,35.1818193339487,126.870984289625
광주 동구 남문로 728 남문로728,35.1353433224384,126.926932361008
광주 북구 군왕로 59,35.1666310714897,126.932339019291
광주 남구 봉선로 97,35.1251722496311,126.906714447651
광주 북구 자미로 35,35.1692513961629,126.903119780574
광주 서구 독립로 187,35.1499874381919,126.905148076538
광주 서구 상무버들로 20,35.1645585168592,126.861266328033
광주 동구 지호로 28,35.148083214469,126.932115029341
광주 서구 운천로56번길 7,35.1383939339468,126.860016926902
광주 서구 동천로 6,35.1690179796878,126.860321104791
광주 서구 화개중앙로 43-1,35.1241421459165,126.856872258993
광주 북구 문산로 81 상가 103호,35.1897216095017,126.924465319244
광주 동구 무등로 472,35.1549579753272,126.931302543338
광주 서구 시청서편로4번길 13,35.1593228458874,126.847008001171
광주 서구 상무평화로 64 라인동산아파트,35.1477316230292,126.84473260588
광주 광산구 풍영로 249,35.1937556726699,126.814935603503
광주 광산구 신창로 56,35.1902034985112,126.837260924497
광주 서구 상무오월로51번길 7,35.1562261038194,126.864870357269
광주 북구 양산택지로 80-1,35.2131114911618,126.881902729776
광주 광산구 임방울대로 142-20,35.1741679036187,126.818580660185
광주 북구 송해로 65-1,35.2042493355162,126.899505565982
광주 남구 회서로 15,35.1312853687988,126.893561201849
광주 남구 화산로31번길 18,35.1135306396976,126.901330180418
광주 광산구 월계로 77 첨단모아미래도아파트1층 상가 105호,35.2129178987215,126.833325159454
광주 서구 풍암순환로 183 우미광장아파트,35.1264281103416,126.880242101703
광주 광산구 용아로297번길 58-6,35.1703992538785,126.799871857958
광주 서구 월드컵4강로164번길 17-6 1층,35.1511737313986,126.872027961324
광주 북구 설죽로171번길 34,35.1753669723768,126.894128742714
광주 광산구 도산로9번길 22 1층,35.1286044367723,126.790822838391
광주 북구 북문대로247번길 19,35.1862304460713,126.864921166418
광주 광산구 산정로 10,35.167441440634,126.803442912244
광주 광산구 첨단중앙로152번길 34,35.2188221189399,126.844165353729
광주 남구 진제길 28,35.1152383375849,126.902406444992
광주 북구 중가로 46,35.1595045130496,126.905116286131
광주 남구 대남대로181번길 35-1,35.1303821460949,126.905682209135
광주 광산구 첨단중앙로67번길 79,35.2113395412368,126.838241130604
광주 동구 백서로 167,35.1436889709388,126.923181391112
광주 북구 호동로 51,35.1764150057762,126.9171927841
광주 북구 운용로 94-1,35.1766118436692,126.896220515111
광주 북구 군왕로 133,35.1730990275067,126.932647397746
광주 서구 화정로153번길 12,35.146358183505,126.874412334579
광주 북구 서하로 82,35.1871336029727,126.889355134141
광주 북구 첨단연신로108번길 31-8,35.2079667381308,126.865549160136
광주 서구 상무대로1005번길 27,35.1542871678024,126.871648181899
광주 북구 설죽로202번길 94,35.1773376992859,126.902728810015
광주 북구 용봉로 45,35.1729532582166,126.901095535954
광주 북구 서방로39번길 19,35.1738020893265,126.917629816441
광주 광산구 임방울대로 549,35.2080058650871,126.821722872136
광주 광산구 첨단중앙로124번길 27,35.2166656653497,126.843765947451
광주 서구 천변우하로 381,35.1690028507077,126.86190554048
광주 광산구 수등로 205,35.1853307850057,126.83101374925
광주 서구 쌍촌로47번길 52,35.1468765795001,126.860428741286
광주 북구 서강로66번길 25,35.177705723342,126.872685698312
광주 광산구 월계로 173,35.2136637211009,126.844327984706
광주 광산구 평동로 754,35.1257493192586,126.757061850013
광주 광산구 첨단중앙로68번길,35.2114278994905,126.847141061086
광주 서구 상무대로868번길 22,35.1482516059621,126.857410260797
광주 북구 대천로139번길 16-3,35.1874624617997,126.920260646021
광주 동구 남문로634번길 1-32,35.1285008194272,126.931437555746
광주 광산구 풍영로228번길 35,35.1915626521246,126.815389546802
광주 광산구 첨단중앙로67번길 7-1 1층(월계동(1층)),35.2113224342314,126.842424663344
광주 광산구 장신로266번길 5,35.1903338905569,126.839328269223
광주 광산구 내상로 86,35.1357532533097,126.801447942294
광주 북구 일곡택지로 61 1층,35.2071895025227,126.89406087716
광주 광산구 풍영로 249 알리바바커피 수완점,35.1937556726699,126.814935603503
광주 동구 무등로375번길 29,35.1632163923487,126.924311799398
광주 서구 쌍촌로 6-1,35.1454989629078,126.865307837376
광주 서구 마륵복개로 159 알베르,35.1468571175845,126.854609177424
광주 남구 효천중앙로 52 106호,35.1023489611058,126.874562897371
광주 동구 지산로78번길 19,35.1517591576135,126.933767168613
광주 광산구 목련로 78 1층,35.1720984852719,126.806357164328
광주 광산구 임방울대로801번길 29 1층,35.2192496339689,126.845788145116
광주 광산구 월곡중앙로 56-1,35.1712987276147,126.811336574305
광주 북구 설죽로217번길 8 1층,35.1792060675213,126.896782820156
"광주 광산구 임방울대로826번길 60-37 더존비지니스호텔 A동2층, B동1층",35.2159261958396,126.84765455225
광주 남구 백운로 60,35.138524553952,126.906308365647
광주 북구 우치로 176-1 1층,35.182418367447,126.909584138671
광주 광산구 장덕로 47 1층,35.1951030831273,126.814567668103
광주 북구 면앙로 54,35.1789223988356,126.917853218937
광주 남구 오기원길 19-1,35.1394713278173,126.915997509704
광주 북구 참판로 213,35.1768045480707,126.934530798512
광주 서구 쌍촌로4번길 8,35.1450369408107,126.866053713489
광주 서구 운천로17번길 4-12,35.1346939889035,126.858745203999
광주 북구 설죽로415번길 5,35.1959926872563,126.899526496509
광주 광산구 목련로382번안길 48,35.1792651361546,126.836678922317
광주 서구 전평길 47,35.1180703503326,126.847108199257
광주 서구 화개1로79번길 6 승진빌딩1층,35.1312931995279,126.854597348669
광주 북구 면앙로6번길 81 1층,35.1766684248482,126.913646644276
광주 서구 유림로98번길 41,35.1710603113367,126.868403641043
광주 광산구 임방울대로332번길 13,35.1897656615629,126.824633808102
광주 동구 중앙로 163 10층,35.1486317606388,126.913162021511
광주 광산구 수등로 277 거성빌딩 4층,35.1854166135784,126.839170736113
광주 광산구 임방울대로 501 2층 광주광역시 광산구 수완동 669-4 2층,35.2046941264297,126.818751977149
광주 남구 서서평길 19-2,35.1411385960061,126.915118490083
광주 동구 필문대로295번길 23-16 1층,35.1447916112292,126.92925845934
광주 북구 첨단연신로107번길 19 104호,35.2073478153207,126.862054801841
광주 남구 대남대로159번길 40 라인하이츠상가 3동103호,35.1301496023409,126.907682840863
광주 동구 장동로 1-2 골목 한옥건물,35.1493640803135,126.922690006488
광주 남구 광복마을5길 6,35.1240874905952,126.896537866848
광주 동구 필문대로273번길 30-6 1층,35.1456150996677,126.930198749706
광주 북구 문화소통로 252,35.1811150912696,126.921327375018
광주 서구 상무버들로54번길 25,35.1656218536318,126.858774179879
광주 서구 화정로49번길 7 1층 쌍촌동,35.1453295582286,126.862703058176
광주 서구 운천로114번길 11-18,35.1439190138398,126.859087224999
광주 광산구 소촌로64번길 28,35.1509300553401,126.794137191214
광주 서구 회재유통길 22,35.1124972500681,126.848432737141
광주 북구 임방울대로 1053,35.2122095722072,126.872628669911
광주 북구 유동길 13,35.1579929620742,126.90287751198
광주 남구 신효천2길 9,35.1004939428211,126.878363208972
광주 남구 회재로1186번길 20,35.1300234701521,126.891539333368
광주 북구 우치로 124-1,35.1785726424361,126.912282782133
광주 북구 용두택지로 38 1층 얌타코,35.2142370041754,126.877454515639
광주 광산구 수등로94번길 38 하늘애 102호,35.1816949540343,126.818829179417
광주 서구 풍암순환로 42 한신아파트,35.1227023056578,126.876543073627
광주 광산구 광산로 83,35.1416900154209,126.799663871038
광주 광산구 월곡중앙로53번길 20-1,35.1713854961138,126.810104617881
광주 북구 연양로 43,35.2065442860476,126.872180666781
광주 서구 풍암2로 38 주은모아아파트,35.1241677799369,126.880903226189
광주 서구 천변좌로 238 양동시장,35.1538794580939,126.902580261546
광주 서구 무진대로 932 본관 지하1층,35.1596823958076,126.882631959088
광주 북구 어매마을길17번길 16 매곡동 서강아파트,35.1918958504899,126.894231269333
광주 광산구 광산로 60,35.1402554067653,126.797762682964
광주 북구 양산로 41 1층,35.2106706122845,126.878871899451
광주 북구 황계로55번길 30,35.178209147885,126.874603018817
광주 광산구 첨단내촌로70번길 28-2 1층,35.2130267976425,126.83778309395
광주 남구 서문대로663번길 34-3,35.1186630472505,126.894827892758
광주 남구 서서평길 26,35.1406990735388,126.915092391363
광주 남구 백서로 78-2 양림객주,35.1394730841661,126.915671171783
광주 남구 백서로 91,35.1405307731457,126.915844663188
광주 남구 백서로 42,35.1373442238346,126.913087983357
광주 남구 백양로 155,35.1362772015984,126.918152615723
광주 남구 백서로 93-1,35.1407211625534,126.916136023492
광주 남구 정율성로 15,35.1373772896164,126.917186686207
광주 남구 양림로 59,35.13751455634,126.91547381739
광주 광산구 월곡반월로 45,35.169116198531,126.812624160573
광주 서구 풍암순환로128번길 69-11,35.1285513472467,126.885067002294
광주 북구 하서로 375,35.2084680076724,126.873522097766
광주 북구 양산제로 109-7 양산동커피,35.2033116948153,126.870248587547
광주 북구 연양로 46,35.2062165327751,126.87233097398
광주 광산구 장신로148번길 9-8,35.1899847741108,126.827263424986
광주 북구 양산로71번길 2 2층,35.2099970271377,126.882525771155
광주 북구 연양로40번길 15-1,35.2056652721949,126.871995462375
광주 북구 양산제로137번길 2,35.2046618482983,126.872471337723
광주 북구 양산택지로 36 양산포차,35.2095953099782,126.879877177242
광주 서구 시청서편로4번길 17-5 1층,35.1594581453765,126.847369724563
광주 광산구 임방울대로826번길 60-1 1층 101호,35.2145925853574,126.848466495352
광주 북구 첨단연신로108번길 121 1층,35.2094218570386,126.864961511104
광주 서구 풍암신흥로62번길 1 1층,35.1222685904364,126.868756426798
광주 서구 금화로73번길 6-3,35.1329710295718,126.856973553859
광주 광산구 장덕로50번길 12-1,35.1936179800417,126.81448660476
광주 서구 풍금로151번길 6-5,35.1308243021313,126.858473751652
광주 광산구 장신로 31 1층 101호,35.1910942501071,126.81346879617
광주 남구 양림로 61-3 1층,35.1377023378493,126.915384305257
광주 북구 하서로 374,35.2083709606786,126.873981744587
광주 북구 우치로241번길 36,35.1864229169565,126.903066686807
광주 남구 봉선1로 88 모아2차 상가 가동 110호,35.127891370177,126.914886477828
광주 광산구 동곡로185번길 15-10,35.0991276126788,126.773877525506
광주 광산구 평동로 777,35.1252638395087,126.759499409761
광주 서구 염화로83번길 12-19 1층,35.1431526656729,126.873279969396
광주 서구 상무오월로3번길 9,35.1563691807854,126.85966467832
광주 남구 대남대로283번길 6-1,35.1373778059856,126.895674512436
광주 남구 중앙로50번안길 15 1층,35.14305049104,126.905403027534
광주 서구 무진대로 904 유스퀘어 2층 223호,35.1605104898663,126.879344508277
광주 동구 금남로 242-1 2층,35.1480811297311,126.918096353548
광주 북구 하서로483번길 2,35.2178919418587,126.877594224447
광주 남구 백서로 98,35.1407572316781,126.916679925146
광주 광산구 첨단강변로99번길 31 1층 102호,35.2153997754156,126.850960151563
광주 광산구 내상로15번길 40,35.1409277919285,126.797690791801
광주 광산구 상도산길 21,35.1336857873004,126.794944377592
광주 광산구 하남지실길 108,35.1695101062275,126.797078637719
광주 광산구 하남지실길 255-115,35.1734514251493,126.789657267563
광주 광산구 여대길 224,35.1655658622373,126.799352878175
광주 광산구 여대길 303 상가동 102호,35.1666420054864,126.793990471681
광주 서구 칠성로52번길 1,35.1661323092919,126.863267203655
광주 북구 대자로42번길 3,35.1732016853832,126.877088767599
광주 광산구 상무대로263번길 5,35.142353747474,126.794851204686
광주 북구 연양로 79,35.2068616547718,126.875997191072
광주 서구 내방로350번길 5,35.1568136848492,126.878922259602
광주 남구 천변좌로 420 오피엄,35.1423467015195,126.915908524554
광주 북구 문산로 30-1 중흥2차상가,35.1846765875486,126.922678207805
광주 남구 봉선중앙로123번길 22 1층,35.1320100378911,126.908185341906
광주 서구 풍암신암로 34,35.1237330828721,126.882691120821
광주 북구 송해로58번길 7-1,35.2036876140109,126.900270467428
광주 서구 화개2로 16,35.1239210663093,126.858428535363
광주 북구 중가로65번길 2,35.1591300202405,126.907357610821
광주 서구 하남대로 698,35.1714669895974,126.868972705611
광주 북구 설죽로217번길 42,35.179373356916,126.893142195473
광주 서구 화개중앙로 67,35.125360562277,126.85463597907
광주 광산구 풍영로 237,35.1927249989371,126.814009572524
광주 서구 천변우하로 383-1,35.169189338497,126.862219495369
광주 서구 동천로10번길 12-2,35.1694001004463,126.860743284667
광주 북구 설죽로214번길 69,35.178039878848,126.901529928203
광주 서구 동천로10번길 17-1,35.1697361575573,126.861163022072
광주 남구 화산로 2,35.112112923305,126.896939672466
광주 동구 제봉로110번길 5-1 1층,35.1486347014063,126.92255264088
광주 서구 무진대로 904 2층 222-4호,35.1605104898663,126.879344508277
광주 서구 화정로179번길 48,35.1493382678413,126.876611064121
광주 서구 시청서편로4번길 15,35.159335839974,126.847305306579
광주 북구 하서로 443,35.2144432465425,126.875523716051
광주 동구 동계천로 58-3 억조감자탕,35.1539759522564,126.917983660488
광주 광산구 광산로30번길 55,35.1367036203112,126.796969810196
광주 남구 봉선로 76 1층,35.1269374057437,126.905222643869
광주 북구 서하로 82 105호,35.1871336029727,126.889355134141
광주 서구 월드컵4강로 220,35.1557917189168,126.869539906189
광주 남구 봉선로 64,35.1274257607407,126.904528359489
광주 북구 저불로69번길 33,35.1806309085443,126.891698414429
광주 북구 대천로 149-1,35.1877365919954,126.921406743051
광주 북구 참판로 82 1층,35.165170054497,126.932653715975
광주 광산구 상무대로 282,35.142816714252,126.796793761148
광주 광산구 임방울대로801번길 32,35.2193975998154,126.84625610065
광주 광산구 단전둘레길 10 101호,35.1824435061164,126.796936599251
광주 광산구 신가삼효로 23 1층,35.1866110085568,126.835023370959
광주 남구 구성로 16-1,35.1522595347864,126.899274751786
광주 북구 서림로 90-1,35.1634862375628,126.896811355616
광주 동구 금남로 161-36,35.1535335351037,126.912279373807
광주 서구 운천로172번길 5-2 1층,35.1480082258019,126.857322782729
광주 서구 상일로42번길 9-11,35.1598627703824,126.864183520549
광주 북구 대자로54번길 9-2,35.1727938222316,126.878519302786
광주 광산구 첨단내촌로70번길 28-3,35.2129394810687,126.838070578612
광주 북구 면앙로133번길 40,35.1784451723098,126.927220742664
광주 서구 풍금로24번길 19,35.1226929307795,126.866589578905
광주 북구 일곡로 66,35.2076139458684,126.895613747698
광주 북구 무등로262번길 9,35.1630071151575,126.911935419174
광주 광산구 광산로30번길 60,35.1366458665566,126.796822482227
광주 남구 중앙로 6-1,35.1447027038336,126.899272869792
광주 광산구 월계로118번길 17,35.2127710515618,126.838500121377
광주 광산구 손재로 173,35.1806920471331,126.794775448919
광주 북구 양산신촌길 15,35.1981073812547,126.874358428974
광주 동구 백서로167번길 4,35.1439486707091,126.923208910236
광주 북구 서양로 82,35.1691690865882,126.910115273068
광주 동구 동계천로 59-6 엄마추어탕,35.1540830428849,126.918397527418
광주 광산구 신창로138번길 7 1층,35.1970412663749,126.839633832362
광주 서구 쌍촌로 24,35.147039592284,126.865166807395
광주 북구 양산로 10 1층 엄송치킨,35.2108797886795,126.875293579197
광주 남구 대남대로159번길 20,35.13195924344,126.907529824272
광주 광산구 산정로 8,35.1672981726823,126.803416803163
광주 서구 쌍촌로 10,35.1457377076093,126.865284618516
광주 북구 우치로 186 1층,35.1826504726044,126.908631253817
광주 서구 상무버들로54번길 23,35.1653230733238,126.858713886957
광주 광산구 임방울대로801번길 8 CM타워 1층 에그드랍,35.2181793854034,126.846224458706
광주 서구 화개1로 63 1층 에그셀런트,35.1296304940277,126.855006035506
광주 북구 서강로 59 1층,35.1771205343263,126.870870626483
광주 광산구 수완로9번길 40-8 드림파크 1층,35.1855116520556,126.826841191066
광주 북구 용봉로 42,35.1715139230849,126.901701358205
광주 광산구 장신로 306-7,35.191334584085,126.843884835774
광주 동구 지산로 31-1 1층,35.1468178802252,126.931468726392
광주 광산구 무진대로231번길 30-25 1층,35.1632469747142,126.807540630034
광주 서구 금부로 100,35.1395669659374,126.860094692352
광주 북구 서강로 155,35.1847307489145,126.876378084733
광주 북구 비엔날레로 116 1층 에쏠로지,35.1819337812548,126.890553916307
광주 서구 상무중앙로 90 1층 카페에쏠로지,35.1548793802625,126.848846296311
광주 서구 상무자유로 176 1층 에쏠로지,35.1512812819164,126.85350132934
광주 북구 서강로54번길 22 코아빌딩 1층,35.1759271597987,126.873366793294
광주 북구 하서로 410 1층,35.2114486402549,126.87469097047
광주 북구 양일로305번길 2,35.2028557046586,126.897298027329
광주 남구 봉선중앙로 139,35.1335595707687,126.910351484909
광주 광산구 월곡산정로 7-1,35.1668398149993,126.803128342809
광주 광산구 수완로9번길 4,35.1858575316661,126.827747118734
광주 서구 치평로 2 에이치팜,35.147399728615,126.847633231873
광주 동구 제봉로 157 2층,35.1511610447549,126.919252727441
광주 남구 봉선1로 37-1,35.1279798266088,126.909458381812
광주 서구 풍암신흥로80번길 1,35.1238704861384,126.868998068866
광주 북구 용산마을길 141,35.2450067599043,126.886576368839
광주 북구 하남대로 669 1 2층,35.1726547846496,126.86591292989
광주 광산구 상무대로 201 2층,35.1372429355357,126.79068311776
광주 광산구 사암로383번길 6,35.178868405793,126.807613488741
광주 동구 금남로 245 전일빌딩 1층 하나은행 라운지,35.1483386295361,126.918737425445
광주 광산구 수완로11번길 34,35.186383556008,126.826668833623
광주 북구 일곡마을로 147,35.2095278473085,126.890578400964
광주 남구 봉선2로 53,35.1260082732192,126.912402810242
광주 북구 설죽로 504,35.2041402897367,126.898446629077
광주 서구 마륵로 90 주 티엔아이티빌딩,35.1454108637091,126.841371801473
광주 서구 금화로 240 모아레포츠1층 꼭모아레포츠로검색하세요,35.1336537390124,126.874829477436
광주 북구 용봉택지로 60,35.1782374725241,126.893045537123
광주 서구 상무오월로3번길 24-1 1층 여기도술집,35.1577380708502,126.859894786759
광주 서구 금화로492번길 19-2 1층 보라곱창,35.1505403635542,126.893163441556
광주 동구 필문대로295번길 25,35.1442016792369,126.929120043948
광주 광산구 용아로400번길 30 1093호 여기서 우리가,35.1780934325427,126.806489286879
광주 서구 상무민주로76번길 7,35.1573126285589,126.860206228563
광주 서구 월드컵4강로81번길 4-27 여기오계,35.1440902163138,126.873408992165
광주 서구 동천로10번길 5-6,35.1697652748222,126.860851773759
광주 서구 상일로24번길 22 1층 여래옥 메로와아구,35.1572999290069,126.865226268452
광주 광산구 신창로105번길 34-7,35.1955164486063,126.836000310496
광주 북구 운용로95번길 5-4,35.1773021024164,126.896430965282
광주 동구 양림로 117,35.1400301892699,126.920704810639
광주 북구 서하로355번길 13,35.187348794472,126.919705199315
광주 광산구 수등로 273-14,35.1856940936447,126.838525712234
광주 서구 내방로 394 1층 농성동,35.1575571903877,126.883680088565
광주 광산구 월곡중앙로26번길 20,35.1683477797782,126.811860289321
광주 북구 본촌동 3031,35.2144549576815,126.879074956166
광주 광산구 임방울대로 154-24 상가A동 111호 여수회포차,35.1746902319037,126.818575657633
광주 광산구 장신로147번길 5-8 101호 여원,35.1913896093599,126.82530525514
광주 북구 대자로 100,35.1729773119206,126.883352517589
광주 북구 설죽로471번길 55,35.2012272731292,126.894206654415
광주 광산구 임방울대로 170,35.176396016708,126.818014189869
광주 동구 백서로 174-1,35.1437531952314,126.924114850218
광주 북구 문흥동 1016,35.1893011175469,126.921891965114
광주 서구 상무버들로40번길 9-1,35.1654164289617,126.859001857204
광주 광산구 광산로20번길 28 상가 102동 110호,35.1371779804403,126.794441194169
광주 북구 우치로 88-1 1층,35.1752934922189,126.912762191338
광주 동구 백서로125번길 46,35.1456866499645,126.91701662575
광주 북구 저불로 39,35.1778983545811,126.895075068806
광주 북구 송해로 62,35.2039109473921,126.900025413889
광주 동구 경양로 247,35.1570971533586,126.91754359988
광주 광산구 수등로243번길 20-16,35.1858155888796,126.836371136313
광주 광산구 첨단중앙로106번길 60,35.2145764434454,126.846457174996
광주 북구 밤실로 177,35.1631104641001,126.934155852784
광주 남구 백운로 50-1,35.1380018741848,126.906919599214
광주 광산구 송정로29번길 7,35.1364504098406,126.794711850303
광주 광산구 수등로76번길 39-10,35.1818617839108,126.817321660272
광주 서구 상일로 22,35.1575033629803,126.863213047554
광주 북구 양일로 78,35.1975760681343,126.873525806458
광주 남구 회서로52번길 29,35.1266959226992,126.896824538398
광주 광산구 용아로379번길 55,35.1763611983611,126.801360562007
광주 서구 상무중앙로28번길 7,35.1495130420943,126.849278182502
광주 서구 화정로309번길 19-1,35.1516421379501,126.88821388338
광주 남구 광복마을7길 4-1,35.1276073167362,126.895904865385
광주 동구 충장로 69-12,35.1491647442608,126.915598292025
광주 북구 우치로 88-1,35.1752934922189,126.912762191338
광주 남구 칠석길 1,35.069875797167,126.835527232297
광주 서구 화정로254번길 12,35.1466995601963,126.885165169351
광주 북구 동운로 188,35.1734527351966,126.870956232726
광주 북구 북문대로159번길 37,35.1821616511101,126.870208432977
광주 서구 풍암2로57번길 7-1,35.1231637358768,126.882458369251
광주 북구 능안로 28,35.1877190879971,126.917318780596
광주 북구 첨단연신로108번길 69-4,35.2096889128863,126.866084568667
광주 광산구 신창로72번길 9,35.1917906042104,126.837665336949
광주 광산구 풍영로170번길 39-9,35.1874436036611,126.81471243123
광주 광산구 월계로 138,35.2134243071662,126.840575804015
광주 북구 신촌로23번길 10,35.1893357138866,126.911515815347
광주 북구 군왕로 157,35.1753707717142,126.933068937587
광주 서구 금화로492번길 8,35.1500506588265,126.891948668281
광주 동구 동계로 12-1,35.1528482445094,126.924620464638
광주 북구 대천로 124-6,35.1852117142329,126.920438839848
광주 동구 제봉로178번길 12,35.1531524062551,126.918692252177
광주 서구 월산로169번길 1,35.1526379436253,126.894839834099
광주 북구 충효샘길 42,35.1848303307887,127.001716137962
광주 북구 양일로 85,35.1979828048663,126.874349396908
광주 북구 양산제로 52,35.1996736523431,126.869742217075
광주 북구 양산제로 95,35.2019868685601,126.868062767355
광주 서구 월드컵4강로28번길 45-24,35.141515505483,126.881826599964
광주 북구 당뫼로 9,35.1673043199057,126.913405397459
광주 남구 효우로77번길 5,35.1065341267684,126.905036112014
광주 남구 대남대로149번길 16-1,35.1323006069168,126.908741625628
광주 북구 서암대로 299,35.165679738259,126.916525210671
광주 서구 화운로23번길 12-1,35.142343432899,126.883155483223
광주 서구 유덕로 71,35.1653701492754,126.847008860587
광주 서구 마륵복개로 147,35.147946199327,126.853087876458
광주 북구 천변우로257번길 28,35.1557131262192,126.904430680763
광주 동구 동명로 114-4,35.1504626771438,126.932851523687
광주 북구 송해로58번길 7-4,35.2038683793731,126.900433652986
광주 광산구 월계로22번길 20,35.209341896497,126.834652106923
광주 남구 군분로 149,35.1453421959936,126.887369179215
광주 남구 고싸움로 149-1,35.0809611813574,126.833190689226
광주 북구 호동로 13,35.175093968908,126.91382142837
광주 광산구 목련로382번길 78,35.1812549838608,126.836156533796
광주 광산구 광산로30번길 63,35.1364930190637,126.797159280361
광주 북구 서강로66번길 22-1,35.1775359061259,126.872598358032
광주 동구 동계천로 157-1,35.1492333287715,126.926514008433
광주 남구 군분로 108,35.1424245594604,126.890295405013
광주 남구 정율성로 10,35.1368198593428,126.917675422275
광주 서구 월드컵4강로116번길 3,35.1471314859137,126.872451411016
광주 서구 염화로65번길 16,35.1411390899708,126.871970696808
광주 서구 염화로 136-1,35.1430348146124,126.87942121992
광주 북구 중문로10번길 30,35.1732371643197,126.919984182741
광주 남구 군분로148번길 3,35.1460058856215,126.887582035307
광주 남구 광복마을3길 9,35.1195462316846,126.896958066549
광주 북구 무등로 1572,35.1404634212435,126.990189384392
광주 동구 동계천로 55-8,35.1542964356865,126.918190765606
광주 서구 칠성로52번길 6-1,35.1661366690786,126.862818255735
광주 광산구 장신로20번안길 52-3,35.1902653870942,126.812956836893
광주 북구 경양로119번길 18,35.16211250729,126.906160149148
광주 북구 송해로 41,35.202137433983,126.900339239166
광주 서구 금부로95번길 24,35.1419125292407,126.858962954
광주 북구 금호로 110,35.1764385622526,126.883394229704
광주 서구 염화로115번길 1,35.1430116583282,126.87700830433
광주 서구 월드컵4강로 170-1,35.1512686126221,126.869882069246
광주 북구 양일로 72-2,35.1973492699101,126.872563146918
광주 서구 칠성로 155,35.1660885938707,126.874685181205
광주 북구 군왕로 84,35.1687128465656,126.932821266328
광주 북구 경양로 126,35.1613004759361,126.905468283035
광주 북구 하서로 332,35.2047304870826,126.873805621111
광주 남구 용대로119번길 12,35.1268938077793,126.91706410835
광주 서구 상무중앙로104번길 10,35.1559809034148,126.849547987262
광주 북구 서림로 141,35.1600718531909,126.90031999993
광주 북구 금호로 19,35.1711686781178,126.89003331385
광주 서구 풍암순환로128번길 75,35.128624806599,126.885350622354
광주 서구 동림2지구길 1,35.1703870701359,126.873204579378
광주 광산구 신창로 8-16,35.1858265106278,126.838531708434
광주 광산구 목련로394번길 31-16,35.184431288971,126.834382101253
광주 남구 봉선1로47번길 3-5,35.128157413772,126.909967150871
광주 북구 용주로40번길 95,35.1823933435878,126.907244817636
광주 남구 금화로440번길 6,35.1448604224145,126.891724641972
광주 서구 군분2로 11,35.1538433457091,126.88083299944
광주 동구 충장로 45-13,35.1507770201227,126.913569200526
광주 광산구 임방울대로 261,35.1849898294306,126.818450335543
광주 광산구 왕버들로 11,35.202586205965,126.811941690674
광주 북구 저불로 88,35.1823882397182,126.895759312047
광주 동구 서남로33번길 4,35.1445399657353,126.925669086218
광주 동구 구성로194번길 28,35.1513047032804,126.916173014814
광주 동구 필문대로187번길 1-6,35.1543861771068,126.932955745164
광주 남구 백운로99번길 6-1,35.1419616156192,126.905479673921
광주 광산구 용아로400번길 35,35.1789228070331,126.806908227465
광주 서구 유덕로27번길 27,35.1635619895727,126.851470886945
광주 북구 경양로 122,35.16146969805,126.90516965193
광주 북구 설죽로202번길 53,35.177196979527,126.900487372662
광주 광산구 월곡중앙로 59-18,35.1718578115126,126.810337775349
광주 서구 풍암신흥로 86-1,35.1242926536523,126.869052357263
광주 북구 첨단연신로108번길 133,35.2088254288504,126.864957995871
광주 서구 경열로 138,35.1535701787399,126.900665078056
광주 광산구 첨단내촌로 35,35.2098152891059,126.837047839415
광주 남구 금화로456번길 13-1,35.1467625432304,126.893223797391
광주 광산구 신창로72번길 10-15,35.191352532183,126.838058740786
광주 광산구 삼도로 364,35.1626615461715,126.702629935622
광주 북구 경양로 128,35.1612648970775,126.905615730461
광주 북구 하서로 363,35.2074489741282,126.873210578226
광주 남구 경열로54번길 14,35.1493042115201,126.892116683638
광주 서구 천변좌로 224-1,35.1550923378203,126.901366729567
광주 광산구 수완로9번길 35,35.1853390258252,126.826074556038
광주 광산구 장덕로50번길 8,35.1940332364633,126.814488625438
광주 북구 삼정로120번길 3-1,35.1719346155269,126.935559546116
광주 북구 당뫼로8번길 29,35.1667433011447,126.915041400481
광주 서구 염화로104번길 5,35.142295027391,126.876164105672
광주 서구 풍암신흥로 84,35.1240727662633,126.869011019775
광주 북구 연양로105번길 28,35.2088255845635,126.880088182431
광주 서구 금부로 113,35.1400046441319,126.861250611006
광주 북구 비엔날레로 24,35.174865124517,126.886687267428
광주 광산구 목련로153번안길 25,35.1735625450868,126.81382313471
광주 광산구 첨단강변로 89,35.2147177321035,126.852291009499
광주 남구 중앙로107번길 16,35.1464447442611,126.910013517137
광주 북구 우치로110번길 9,35.1774361279837,126.913041270187
광주 광산구 사암로130번길 58,35.1556811245162,126.810551806359
광주 북구 무등로137번길 17,35.1678534016604,126.899049602437
광주 광산구 원사호길 67,35.2155540051236,126.73151924844
광주 동구 의재로 35,35.1327801487111,126.931622798132
광주 서구 상무평화로 131,35.1496684592131,126.852593679834
광주 광산구 동곡로185번길 15-11,35.0988516995832,126.774165087441
광주 동구 중앙로 150-4,35.1474501579219,126.912648594245
광주 광산구 장신로19번안길 19-3,35.1915478653185,126.812744619849
광주 북구 호동로 5,35.1747474543461,126.913270164264
광주 광산구 첨단중앙로152번길 31-13,35.2201970076312,126.843722494452
광주 광산구 임방울대로 364,35.1925572451816,126.824323880787
광주 북구 임방울대로1042번길 17,35.21091226591,126.871442711715
광주 광산구 임방울대로332번길 9-18,35.1900157204307,126.825899455264
광주 남구 군분로 58-2,35.1387024237605,126.893061280934
광주 광산구 비아중앙로 45,35.2230178100197,126.824908634814
광주 북구 무등로 1540-2,35.1444355676513,126.988410848945
광주 북구 연양로28번길 27,35.2048053263627,126.871093123988
광주 북구 참판로 115-1,35.1681373591367,126.933364762925
광주 서구 천변좌하로626번길 34,35.1662634989201,126.878621217941
광주 서구 상무화원로32번길 33,35.1462675591032,126.846300480228
광주 서구 화정로179번길 22,35.1472129900625,126.876739485461
광주 북구 설죽로370번길 27,35.1941788191136,126.900969128065
광주 북구 양산로 31,35.2108595007683,126.877761062278
광주 서구 천변우하로 375,35.1689193654776,126.861336089397
광주 북구 서하로 330,35.1866191976182,126.916578901487
광주 서구 상무화원로32번길 35,35.1464379603552,126.846193164378
광주 광산구 도산로9번길 54,35.1274154271153,126.78940443302
광주 북구 군왕로 17,35.1632806703099,126.928027611487
광주 광산구 송도로162번길 11-2,35.1289377903433,126.793573976271
광주 남구 대남대로203번길 13,35.1320278403909,126.903035847403
광주 동구 백서로175번길 16,35.1449282145185,126.922836859559
광주 동구 학소로 54,35.1247812253718,126.934993411967
광주 서구 금화로85번길 30-5,35.1352073107966,126.85797054448
광주 북구 독립로402번길 9,35.1661945577875,126.91712861482
광주 광산구 남동길48번길 1,35.131286104402,126.788913900834
광주 서구 월암신기길 168,35.143692943977,126.849921426771
광주 광산구 어등대로 449,35.1508576656932,126.772459712448
광주 서구 화개1로 33,35.1258743586657,126.854651852005
광주 북구 양산택지로 30,35.2089970827046,126.87951410454
광주 광산구 신창로105번길 24-3,35.1951568793414,126.836452439075
광주 남구 봉선1로47번길 9-1,35.1289158775122,126.910164242923
광주 광산구 수등로76번길 71,35.1809495308879,126.817147935232
광주 서구 화운로23번길 7-3,35.1424396344279,126.883933137786
광주 동구 충장로22번길 8-3,35.1512856377088,126.910560537212
광주 남구 봉선로79번길 3,35.1266912522918,126.906394220108
광주 북구 대자로 27,35.1735893371774,126.875391165203
광주 북구 안산로 46-1,35.1913312843627,126.902218586552
광주 광산구 첨단내촌로 53-2,35.2115594037969,126.836914539603
광주 남구 회재로 211,35.0836921924514,126.829525290423
광주 동구 제봉로 126,35.1495239468509,126.922494292917
광주 북구 면앙로 201,35.1751480436687,126.933555215463
광주 북구 용봉택지로 93,35.1786149680446,126.896688825292
광주 북구 능안로12번길 45,35.1861812394317,126.919660783932
광주 북구 양일1로 45,35.1952516708024,126.8689601105
광주 광산구 평동로1100번길 71,35.1314210161999,126.785716789336
광주 북구 설죽로336번길 17,35.1896607375688,126.901027422732
광주 광산구 왕버들로 129,35.2015372478256,126.82463903614
광주 서구 월드컵4강로 235,35.157184423613,126.868968501582
광주 북구 대천로 165,35.1888446595253,126.922293926027
광주 광산구 송도로182번길 55,35.1285926297467,126.795684664777
광주 남구 광복마을3길 26-6,35.1198299902149,126.895389829271
광주 광산구 산정공원로93번길 28-14,35.176681596616,126.805337313221
광주 북구 참판로 204,35.1758124138461,126.934344750896
광주 남구 서문대로749번다길 39,35.1224839119768,126.895323684017
광주 북구 일곡마을로 121,35.2074647437413,126.889685138722
광주 서구 시청로50번길 15,35.1531548846717,126.853531334404
광주 북구 북문대로150번길 14,35.1829541898435,126.873941503864
광주 서구 상무오월로 46,35.1554041931666,126.864340631145
광주 동구 동명로 26,35.1513285692475,126.923929151835
광주 광산구 수완로52번길 24,35.1901568647238,126.830211128169
광주 서구 마륵로 132,35.146592302415,126.845790570245
광주 북구 설죽로 239-12,35.1811346683481,126.897489377692
광주 서구 화운로125번길 6-1,35.1503592350313,126.877317483161
광주 북구 황계로 49,35.1772196052393,126.875970974433
광주 서구 하남대로710번길 3,35.1710268235923,126.870365979536
광주 남구 양림로 80,35.1379264291766,126.91749413554
광주 광산구 수완로11번안길 3-5,35.1866187642407,126.826448418987
광주 동구 계림로20번길 16-1,35.1561875960275,126.923743867222
광주 광산구 송도로 257-17,35.1372398036495,126.798189186402
광주 광산구 풍영로228번길 52,35.1919958187267,126.815906823504
광주 광산구 하남대로 30,35.1796073019042,126.795916519628
광주 북구 서방로 21-1,35.1733459830723,126.91550766341
광주 남구 효우로60번길 9,35.1071916220954,126.903826714922
광주 북구 본촌마을길 208-24,35.2154867900192,126.883639245897
광주 북구 반룡로27번길 17,35.1798340597602,126.901235958831
광주 광산구 목련로153번안길 37,35.1741881055575,126.813718519005
광주 북구 용봉택지로 89,35.1785571933666,126.896374921375
광주 동구 동계천로 79,35.1528135598378,126.920008792322
광주 북구 운용로 11,35.1739742972154,126.889104563502
광주 서구 천변우하로 371,35.1689010861996,126.860958843875
광주 남구 백양로 25-2,35.1339673924797,126.90473907139
광주 광산구 사암로24번길 25,35.1461884247832,126.808637141481
광주 광산구 월곡로 24,35.1687787338815,126.811580264184
광주 서구 월드컵4강로81번길 8,35.1439845663471,126.873054380234
광주 서구 금부로95번길 2,35.1399786569553,126.859427486104
광주 동구 동명로 19-16,35.1511554583786,126.922570116367
광주 서구 금화로 493,35.1501479312222,126.890859769494
광주 동구 필문대로287번길 15-12,35.1456668903161,126.929047553647
광주 동구 서석로7번길 12-12,35.1462228055676,126.914717054594
광주 광산구 첨단중앙로47번길 8-14,35.2102766755232,126.842415921063
광주 북구 문산로 43-7,35.1858953668532,126.92234372465
광주 북구 북문대로 43,35.175212438349,126.880792713108
광주 남구 서문대로654번길 6,35.1173117568443,126.899329740853
광주 서구 상무연하로 29,35.1508675221985,126.849936897922
광주 남구 군분로33번길 11-2,35.1359623851746,126.89328080268
광주 남구 금화로 409,35.1431734489484,126.889939957304
광주 북구 서방로182번길 23,35.167704436449,126.932065906523
광주 북구 임방울대로1042번길 49,35.209577221218,126.868207427881
광주 북구 참판로 101,35.1668721000257,126.933323974012
광주 북구 대자로 58-1,35.1732356738123,126.87879560786
광주 서구 풍암운리로41번길 14,35.1247186956155,126.868024791222
광주 북구 양산로 32,35.2105085685409,126.877636058135
광주 북구 평교로 20,35.1790754812644,126.924988623831
광주 서구 운천로184번길 28,35.1492422745143,126.859323872646
광주 동구 동계천로 77,35.1528729702627,126.919888670206
광주 동구 의재로 142,35.131958843889,126.943174219022
광주 서구 시청로20번길 19,35.1504804271204,126.853952277749
광주 서구 월드컵4강로42번길 17,35.1414225473415,126.877531922995
광주 북구 양산로 26,35.2105768144852,126.877026755167
광주 북구 용봉로 100-1,35.1723491061966,126.907638568727
광주 광산구 고봉로 100-3,35.1837705443191,126.797028814852
광주 남구 백운로75번길 4,35.1400049383325,126.905594628889
광주 동구 필문대로205번길 19-17,35.1528095147731,126.932950782922
광주 동구 필문대로187번길 19-24,35.1553694842596,126.934629629775
광주 북구 우치로27번길 18,35.1704150067264,126.910200731022
광주 서구 죽봉대로111번길 6,35.1635051378423,126.88290043334
광주 광산구 도산로 54,35.1328946868145,126.790322951561
광주 북구 우치로241번길 16,35.186464893067,126.904165333668
광주 북구 문산로74번길 3,35.1878891529105,126.925334722958
광주 남구 대남대로193번길 3-1,35.1331153627429,126.905120576719
광주 광산구 우산로95번길 47-12,35.1586798529351,126.810724304101
광주 광산구 용아로380번길 55,35.1776605047351,126.807673420736
광주 광산구 수완로74번길 38,35.1915879222997,126.830904280466
광주 서구 상무대로 1197,35.1555829254313,126.892442039557
광주 서구 유덕로8번길 1,35.1648136309151,126.8532588563
광주 북구 무등로 291,35.1629894720649,126.914997009269
광주 서구 운천로31번길 20,35.1355629398062,126.85693303154
광주 광산구 임방울대로 124,35.1720121501564,126.817933176275
광주 동구 동계천로 116,35.1505023848805,126.92279362612
광주 서구 구성로93번길 3-1,35.1487132968211,126.905291780778
광주 동구 동명로20번길 22-4,35.1502669839167,126.925732907676
광주 동구 무등로375번길 30,35.1630677517293,126.924590401734
광주 북구 연양로105번길 8,35.2070497190134,126.879249568288
광주 광산구 장신로20번길 13,35.1895033377063,126.812519615836
광주 광산구 장신로 76,35.1904850416113,126.818341819707
광주 남구 송암로27번길 13,35.1067457853582,126.878771824012
광주 광산구 장신로19번안길 11-8,35.1917498265249,126.812141904674
광주 광산구 첨단내촌로57번길 3,35.2117290989911,126.836826009395
광주 서구 양동로 48,35.1572981016428,126.898261661982
광주 동구 동명로25번길 4,35.1514975255064,126.923422298026
광주 북구 대자실로 16,35.178540135983,126.87391812876
광주 북구 일곡마을로 225-1,35.2105252089352,126.89846009508
광주 광산구 풍영로200번길 45,35.1898270509361,126.816546233408
광주 북구 서방로 79,35.1716993475522,126.921344020231
광주 광산구 산정공원로 61,35.1730432121477,126.8061415225
광주 광산구 어등대로 410-1,35.1487403688147,126.768460137636
광주 남구 제중로 20-1,35.1366032703829,126.914818379286
광주 서구 상무대로868번길 8,35.149389189471,126.857160806105
광주 광산구 월곡반월로 55,35.1697334704704,126.812697278479
광주 북구 군왕로8번길 6,35.1625771529481,126.929394862072
광주 서구 군분로 238,35.151924329641,126.881731986286
광주 광산구 사암로340번안길 6-13,35.1757033565161,126.811203337368
광주 북구 호동로75번길 14,35.1785852090048,126.91733450777
광주 북구 하서로523번길 36,35.2227741487677,126.87630822709
광주 서구 치평로 77,35.1536867988659,126.844858588614
광주 북구 대천로139번길 8-7,35.1874132319802,126.920648267315
광주 서구 상무번영로 44,35.1537556189091,126.853289688462
광주 북구 유림로 178,35.1783337998828,126.864633099587
광주 서구 상무민주로76번길 29,35.1573222657119,126.862722313124
광주 서구 상무평화로 106-1,35.1481849673126,126.85057963905
광주 서구 상무대로876번길 17,35.1489024480499,126.857767982738
광주 서구 월드컵4강로42번길 59,35.1420253383321,126.882127519345
광주 남구 백서로 89,35.1405230276899,126.915723966944
광주 북구 밤실로 178,35.1633385430229,126.934553335809
광주 광산구 임방울대로216번길 8,35.1804562413492,126.818541108713
광주 광산구 선운로20번길 38,35.1468945902375,126.774737411349
광주 북구 서양로41번길 19,35.1712370482841,126.906045712316
광주 동구 예술길15번길 10-1,35.1509653695208,126.918997873078
광주 북구 용봉로 92,35.1724220607215,126.90685985968
광주 동구 동명로 40,35.1515435046822,126.92502333797
광주 광산구 수완로106번길 55,35.1931494921115,126.832182211118
광주 광산구 월곡반월로 38,35.1685853205115,126.812871040588
광주 광산구 수완로74번길 48,35.191601573834,126.831580617822
광주 서구 구성로 5-1,35.1524187347595,126.89832710926
광주 북구 우치로241번길 14,35.1864608703601,126.904321573561
광주 북구 안산로 62,35.1929073346143,126.902258312972
광주 북구 설죽로 370,35.1924765819357,126.898968864518
광주 북구 안산로 31,35.1900904322034,126.901937014725
광주 북구 안산로 16 오치반점,35.1886040705533,126.902460988826
광주 북구 우치로228번길 19,35.1857496624509,126.90681545084
광주 북구 서하로183번길 23,35.1893214913165,126.900506299994
광주 동구 동명로 9,35.1501894803407,126.922727416759
광주 동구 충장로안길 4-1,35.1486289813115,126.914195135493
광주 광산구 수완로50번길 44-7 1층 오퀴진,35.1883054884796,126.830987827715
광주 광산구 사암로390번길 13-32,35.1794392371781,126.809899037839
광주 광산구 장신로19번길 7,35.191711559867,126.812284512803
광주 남구 금화로446번나길 23,35.1477982332259,126.892845045826
광주 동구 동명로25번길 6-2,35.1517573077326,126.923153505701
광주 서구 금화로73번길 10-1,35.1333099553567,126.856984920807
광주 북구 서하로 416,35.1831211407086,126.924139756142
광주 남구 봉선중앙로124번길 13,35.1322874538651,126.912166771101
광주 북구 석곡로 485,35.2028727915007,126.953600331629
광주 북구 서양로 33,35.170684449314,126.905150392182
광주 북구 송해로 47-2,35.2027614211251,126.900096884451
광주 광산구 첨단중앙로152번길 81,35.2191245325447,126.846573164954
광주 북구 양일로 79-1,35.198007858365,126.87373882413
광주 서구 회재로 715,35.1131600902409,126.846408417456
광주 북구 동문대로 9-9,35.1658541364577,126.918892117321
광주 서구 월드컵4강로112번길 11,35.146618803949,126.873494733662
광주 광산구 평동로 756,35.1257276684505,126.757187752777
광주 남구 봉선2로 26,35.125495843095,126.909332439941
광주 광산구 도산로 35-1,35.1313011309217,126.790352820452
광주 광산구 북문대로433번길 10-3,35.1946806677081,126.846627043018
광주 북구 일곡마을로 183,35.2105275982621,126.894094430901
광주 서구 금부로99번길 10,35.1405704595598,126.859789349441
광주 광산구 신가번영로8번길 64,35.1794998458084,126.822763305046
광주 서구 시청서편로4번길 8-1,35.1591108085912,126.846479374414
광주 북구 우치로231번길 37,35.1849432530425,126.90340648961
광주 북구 금녕길 29,35.1719112767539,126.929890543305
광주 광산구 월곡산정로 20,35.1659464315875,126.805497689297
광주 서구 월드컵4강로181번길 38,35.1522748074609,126.865188571318
광주 북구 군왕로 36,35.1646186115205,126.931383438829
광주 서구 개산길 13-11,35.1142340491571,126.844978053744
광주 서구 죽봉대로112번길 3,35.1634924639253,126.884155908236
광주 광산구 수완로10번길 103,35.1897479000707,126.831616833117
광주 광산구 첨단중앙로116번길 51,35.2159747313424,126.845483513243
광주 북구 설죽로 299,35.186283696204,126.898063494983
광주 서구 시청서편로4번길 19-15,35.1599023433438,126.847734605249
광주 광산구 장신로 60,35.1905407558932,126.816614460807
광주 서구 상무공원로 12,35.1456551467361,126.84360175014
광주 동구 충장로안길 16,35.1479033883603,126.915094675996
광주 동구 백서로 227-1,35.1480909084996,126.926604584323
광주 남구 제중로134번길 6,35.1430508645788,126.907521780597
광주 서구 천변좌하로 156,35.1530473172759,126.835986582067
광주 광산구 목련로382번안길 9,35.1815300256125,126.835785453821
광주 광산구 산정공원로2번길 37-10,35.1711075109424,126.808326079408
광주 북구 신흥로 37,35.1712371765427,126.907974082959
광주 남구 서서평길 18-1,35.1411768628318,126.914803080643
광주 동구 무등로 326,35.1615327289151,126.91845484569
광주 북구 설죽로171번길 7,35.1749892208739,126.895486300356
광주 동구 백서로153번길 3-1,35.1434606794014,126.921808710353
광주 동구 제봉로110번길 20,35.1490582505941,126.923975381213
광주 광산구 목련로 65,35.1725501507381,126.804950108737
광주 광산구 사암로215번길 16,35.1641280959899,126.808193837224
광주 광산구 무진대로 278-11 올라,35.1603151432274,126.811158448516
광주 북구 양산택지로 78 B동 뒷동 101호,35.2128385976727,126.881754527307
광주 북구 우치로100번길 23,35.1765952419532,126.913783397212
광주 서구 풍서좌로 211,35.1262694992802,126.846166141622
광주 북구 경양로165번길 13,35.1610141099754,126.909354947189
광주 북구 삼정로 136,35.1717952426916,126.934010098716
광주 서구 상무민주로64번길 5,35.1562195265136,126.860029531814
광주 광산구 월계로130번길 12,35.2130761841236,126.839468094964
광주 남구 대남대로149번길 18 읍스실내포장마차,35.1321152939458,126.908751378009
광주 북구 저불로 18-4 1층,35.175914325359,126.895534955861
광주 광산구 신가삼효로 20-21,35.1854057020571,126.834747705575
광주 북구 천지인로115번길 2,35.184043239075,126.911533738825
광주 북구 매곡로 88,35.1924747246197,126.892417047628
광주 북구 대천로139번길 16,35.1873539735757,126.920176869364
광주 북구 대천로 159,35.1883673396254,126.921932165444
광주 북구 호동로15번길 28,35.1763600689407,126.914661659863
광주 서구 화운로 123-2 1층 와샐,35.1502536700347,126.87801616294
광주 광산구 임방울대로165번길 69-7,35.1757154871077,126.814034050369
광주 남구 서문대로 648-1,35.1170635275908,126.898796686631
광주 광산구 목련로382번길 26,35.1823912827244,126.83341824572
광주 남구 서문대로 341 4층 와인바 하이엔드,35.0990834526965,126.876993702128
광주 남구 봉선2로 31 1층 와인에빠지다,35.1258124422746,126.90999079611
광주 북구 설죽로217번길 28 1층 와인에빠지다,35.1793201820617,126.894588219544
광주 동구 지산로 13,35.1454090980023,126.930756502721
광주 서구 하남대로680번길 3,35.171169691352,126.867206289145
광주 북구 양산택지로 92,35.2141651886261,126.882570068917
광주 북구 반룡로 15,35.1794005633408,126.899659006781
광주 남구 봉선로133번길 3,35.12377407544,126.910083767617
광주 광산구 송정로8번길 2-1,35.1369966771248,126.792145629783
광주 동구 제봉로 143,35.1503900186211,126.920476041225
광주 서구 염화로 108,35.142682892848,126.876261730105
광주 북구 문화소통로302번길 53,35.181015878878,126.928495146886
광주 서구 대남대로462번길 16,35.1520511415121,126.887690052444
광주 남구 봉선로 17,35.131712483572,126.902848491574
광주 남구 봉선1로37번길 12,35.1290201304333,126.909270384613
광주 남구 광복마을8길 8-4,35.1290676223301,126.89549288982
광주 북구 태봉로 67,35.1630822360123,126.905524614522
광주 북구 서암대로6번길 4,35.1726497046925,126.88537316042
광주 북구 저불로 14-2,35.1755098931341,126.895438100078
광주 남구 효천안길 86,35.1062931535081,126.877372253432
광주 남구 군분로 101,35.1418236935754,126.890275361978
광주 동구 의재로88번길 22,35.130612523755,126.93689293092
광주 서구 화개1로1번길 28,35.1261822025616,126.853105136894
광주 서구 시청로 97,35.1574884694527,126.850895183332
광주 광산구 월곡중앙로 37,35.1697239693416,126.810932854719
광주 광산구 송도로 257-10,35.136945599256,126.798405743698
광주 북구 북문대로 12,35.1738436985231,126.883917833124
광주 동구 충장로안길 17,35.1480265840186,126.915323138907
광주 북구 참판로 38,35.1621516501346,126.929444292573
광주 남구 대남대로223번길 58,35.1307065667392,126.896010968529
광주 북구 청계로 80,35.1801637143731,126.893197041311
광주 북구 송해로 73,35.2049687437245,126.899226840894
광주 광산구 왕버들로251번길 10,35.1969009170572,126.836860609037
광주 북구 비엔날레로 3,35.173598592515,126.885118576531
광주 북구 면앙로139번길 36,35.1780898329661,126.928237087874
광주 서구 풍금로38번길 14-1,35.123437642358,126.863998155844
광주 서구 군분로119번길 18,35.1426711134846,126.887576195921
광주 북구 면앙로 207,35.1749892160541,126.934200177216
광주 광산구 사암로130번길 57,35.1559371482482,126.810518397099
광주 남구 회서로 55,35.1292673149391,126.897120600462
광주 서구 무진대로 937,35.1618953453286,126.882935558767
광주 서구 상무번영로 53,35.1547663934308,126.852761292774
광주 광산구 장신로19번길 10 왕새우직판장 광주본점,35.1919770471366,126.812833671177
광주 북구 대천로 113-3,35.1856957379521,126.918802689903
광주 동구 남문로701번길 23,35.1319078780818,126.925912514642
광주 광산구 신창로 40,35.1888497558986,126.837261647358
광주 동구 경양로 360-1,35.1538591906277,126.928606055536
광주 광산구 수완로49번길 6,35.1896664699993,126.828442879312
광주 서구 학생독립로10번길 4-11,35.1444990933209,126.866212066393
광주 북구 북문대로247번길 34,35.1859914910673,126.864512476367
광주 남구 월산로151번길 7,35.1509054071132,126.895011070518
광주 서구 무진대로 923,35.1618487235695,126.881522579185
광주 동구 동명로 8,35.1499313563746,126.922909396411
광주 광산구 수등로94번길 22,35.182404874492,126.819079346128
광주 서구 상무오월로3번길 14-10,35.1567614605372,126.860295741976
광주 서구 계수로51번길 14,35.161597678442,126.85642120077
광주 북구 서암대로 166-2,35.1689922923036,126.902155874153
광주 서구 금화로103번길 9,35.1334725526809,126.859754338113
광주 광산구 첨단중앙로106번길 25,35.2152974371403,126.844202183966
광주 남구 서문대로627번길 17,35.1150939562383,126.895715978749
광주 남구 월산로 70-1,35.1444035229956,126.899033464591
광주 서구 풍암2로53번길 17,35.123791851434,126.883344461123
광주 북구 면앙로 192,35.1751844355902,126.932535351255
광주 서구 쌍촌로15번길 5-1,35.1461058385904,126.864409286027
광주 남구 대남대로127번길 22,35.1320340581828,126.911146759613
광주 동구 필문대로187번길 7-18,35.1551121891038,126.933549120383
광주 광산구 수완로74번길 11-46,35.1929145913289,126.8306225263
광주 북구 양산택지로37번길 21,35.2100902469279,126.877275472728
광주 서구 쌍촌로27번길 4-2,35.1475238489669,126.864641888333
광주 동구 무등로384번길 25-2,35.1582114100625,126.925761029058
광주 서구 상무대로956번길 5,35.1508498893938,126.866693000053
광주 광산구 송정로 47,35.1354964841731,126.796198264132
광주 광산구 왕버들로265번길 5-8,35.1966624840948,126.837512347726
광주 광산구 신창로 127,35.1966346463167,126.838263478947
광주 동구 금남로169번길 6-6,35.1530989959342,126.912662860664
광주 서구 상무평화로 156-1,35.1503989458509,126.855381513376
광주 서구 풍금로27번길 4,35.1219752811637,126.86384853377
광주 북구 하서로423번길 16,35.2130671965538,126.873909688905
광주 북구 거진길 1,35.2129186240486,126.874314416565
광주 북구 하서로523번길 35,35.2222371981252,126.875763791399
광주 북구 비엔날레로 172,35.1828715607912,126.895775712061
광주 북구 비엔날레로 174-3,35.1828452850571,126.896141559019
광주 북구 설죽로 211,35.1785957933457,126.897247092172
광주 북구 호동로43번길 24,35.1761716533973,126.915516156839
광주 서구 천변우하로 365,35.1688593036302,126.860288884483
광주 동구 화산로 327,35.1183820805501,126.930458611894
광주 남구 효우2로26번길 26,35.1022675471733,126.887785577044
광주 남구 봉선로 28,35.130745619942,126.902997210611
광주 북구 용전마을길35번길 1,35.2391658216036,126.896289318279
광주 북구 우치로 824,35.2359506558163,126.89434516345
광주 북구 용전마을길 28,35.23806975291,126.895939044308
광주 북구 삼각월산길 2-1,35.2049808195535,126.902303589278
광주 북구 우치로 948,35.2445952686362,126.886259853869
광주 광산구 왕동 산101,35.1997030625648,126.723944328162
광주 남구 포충로 729,35.0891086673128,126.84515731651
광주 북구 하서로423번길 18,35.213105584882,126.873727863158
광주 광산구 월곡중앙로33번길 26,35.1694744635482,126.809659992566
광주 남구 회서로22번길 5,35.1303418172275,126.893248857247
광주 남구 군분로 30-2,35.1364039386229,126.894799596229
광주 광산구 비아로24번길 9,35.2205663242188,126.822067103246
광주 북구 면앙로121번길 84-7,35.1806706385125,126.92739935534
광주 광산구 북문대로419번길 14-1,35.1932968068064,126.848046857358
광주 광산구 왕버들로 141,35.201071173462,126.825898597279
광주 서구 화운로175번길 20,35.1547241034495,126.874619528876
광주 서구 동천로18번길 14,35.169933184518,126.861785086088
광주 남구 양림로 41,35.1369359471946,126.913522823642
광주 광산구 손재로110번길 25,35.1763437069697,126.797870399831
광주 동구 필문대로206번길 10-2,35.1527705666947,126.929908173535
광주 동구 백서로153번길 16-8,35.1445695958034,126.922043583362
광주 서구 시청서편로4번길 17,35.1593370150677,126.847594292649
광주 서구 시청서편로4번길 13-12,35.1597287362138,126.847229059679
광주 북구 금남로131번길 17,35.1553822306914,126.909348682758
광주 북구 북문대로159번길 39,35.1818193339487,126.870984289625
광주 광산구 하남마항로12번길 8,35.1812094006438,126.800588941116
광주 동구 지원로 6,35.1237020183018,126.933164769538
광주 서구 화운로 111 우리동네 탕수육,35.1492331707666,126.878935903475
광주 광산구 첨단중앙로68번길 134 첨단3의3차호반리젠시빌아파트,35.2091394337078,126.850732836679
광주 서구 월드컵4강로28번길 59,35.1413804610257,126.882175853322
광주 북구 양산택지로 108,35.2154734670669,126.882908993027
광주 서구 화개중앙로 18,35.123148260472,126.859455859181
광주 북구 북문대로242번길 5,35.1877430042149,126.865889685786
광주 북구 하서로423번길 48,35.2134815386107,126.872267322254
광주 광산구 수완로49번길 16,35.1896967478894,126.827675663694
광주 서구 쌍촌로 35,35.14803544897,126.864711604745
광주 북구 동운로 217-5,35.1742653279711,126.874144610996
광주 남구 중앙로 91-1,35.1444432627587,126.907843488927
광주 서구 월드컵4강로 11,35.138328739303,126.876758035578
광주 동구 금남로 181,35.151964947614,126.913224986648
광주 북구 제봉로 330,35.1638381497705,126.909344569636
광주 북구 신임로31번길 39,35.1667912447382,126.896490175651
광주 남구 회재로1224번길 7,35.1329739242285,126.895357111469
광주 북구 북문대로232번길 9,35.1875615389528,126.867013618211
광주 북구 저불로91번길 4,35.1827613195367,126.895142816198
광주 동구 의재로82번길 3-1,35.1316635876398,126.9363445113
광주 북구 동문대로186번길 50,35.1780186224867,126.931980479452
광주 동구 증심사길30번길 33,35.1330703134656,126.958501818101
광주 남구 봉선중앙로82번길 10,35.1282671475655,126.912355189065
광주 북구 면앙로139번길 93,35.1805721475047,126.92911933339
광주 남구 서문대로751번길 15-1,35.1274807829452,126.896980548689
광주 북구 북문대로 101-10,35.1782970550649,126.875588724346
광주 서구 천변좌로 154,35.1591165889514,126.895606484397
광주 남구 군분로 99,35.141760193241,126.89032581452
광주 광산구 월곡중앙로53번길 18,35.1712408895008,126.810258635169
광주 남구 양림로 57,35.1374546681926,126.915161925467
광주 북구 우치로126번길 5,35.1788269554964,126.912463211012
광주 남구 효덕로 289,35.1092229940893,126.896448393548
광주 광산구 월계로34번길 37-19,35.2113723979104,126.833882611161
광주 광산구 신창로35번길 20,35.1902330925715,126.835415274512
광주 광산구 수완로74번길 11-19 1층,35.1924814185385,126.829478971611
광주 광산구 임방울대로332번길 9-16,35.1900212307195,126.825719814832
광주 서구 동림2지구길 56,35.1706493160034,126.872985617184
광주 북구 북문대로33번길 3,35.1745978978122,126.881624511011
광주 남구 대남대로203번길 15-1,35.1317774904942,126.903096928708
광주 동구 필문대로287번길 26,35.1447286819151,126.929543390424
광주 남구 월성동 555-1,35.0651000017626,126.803449118308
광주 남구 백운로 36,35.1368832461608,126.907933096756
광주 광산구 목련로 68-1,35.1721854078463,126.805252527505
광주 남구 금화로441번길 17,35.1469235483033,126.890122782998
광주 북구 상촌로 26,35.2118187104688,126.877307247491
광주 북구 면앙로156번길 37,35.1747141687328,126.927643965068
광주 동구 의재로 26,35.1327195123659,126.930400670525
광주 북구 문화소통로 256-1,35.1811208483385,126.92200628391
광주 광산구 우산로 126,35.156033173907,126.813852762391
광주 광산구 첨단내촌로 39,35.2103291515916,126.837049558324
광주 서구 내방로252번길 4,35.1575975002694,126.867957224659
광주 동구 제봉로 100,35.1472948831489,126.922076211152
광주 동구 필문대로206번길 12-12,35.1531750918621,126.929898827269
광주 서구 회재로 753,35.1148577476887,126.850028510193
광주 서구 상무오월로3번길 15,35.1569408225565,126.859664464911
광주 북구 중문로84번길 16,35.1797366647212,126.921632694523
광주 북구 대자로 97,35.1731998836852,126.883099717294
광주 북구 서하로194번길 6,35.1854488449553,126.900977743698
광주 남구 용대로 208,35.1347676778499,126.917339320566
광주 광산구 선운로 5,35.1484971713931,126.77011133935
광주 동구 제봉로 9-1,35.1394819490534,126.921905346423
광주 북구 중가로 113,35.1578305554801,126.91248329449
광주 광산구 목련로153번안길 54-6,35.1747280757144,126.814049581947
광주 광산구 목련로273번안길 93,35.17627272215,126.820619849127
광주 광산구 목련로153번안길 46,35.1745847902971,126.813893147085
광주 광산구 목련로273번길 68,35.1772032145714,126.825572955609
광주 동구 의재로 153,35.1324182334455,126.944458724024
광주 북구 대자로 24 1층,35.1733966847013,126.875009660976
광주 북구 대자로 70,35.1731791387983,126.880043283752
광주 북구 서방로 164,35.1691042357163,126.929990318306
광주 북구 금호로 77,35.175361996779,126.886638385499
광주 북구 서강로 127,35.182627823568,126.874215598545
광주 북구 북문대로19번길 6,35.1739178785205,126.882606673868
광주 북구 대자로 75-2,35.1733254971897,126.880751337852
광주 북구 대자로 74,35.1731316705328,126.880624391806
광주 북구 대자로 24,35.1733966847013,126.875009660976
광주 동구 장동로 13 3F,35.1488537156058,126.923806129338
광주 광산구 하남대로54번안길 8-3,35.1774723712378,126.799108894608
광주 동구 의재로33번길 19,35.1343582077453,126.931697626489
광주 동구 필문대로205번길 19-24,35.1530894522687,126.933231837365
광주 서구 시청서편로4번길 7,35.1592988650506,126.846363228277
광주 북구 신임로31번길 24,35.1667214764309,126.897333817807
광주 동구 지산로85번길 2-1,35.1514795821164,126.93283301919
광주 북구 동문대로100번길 17,35.1720208079727,126.925537384392
광주 서구 월드컵4강로68번길 5-1,35.1431877308356,126.875192809146
광주 광산구 월계로 154,35.2132880059649,126.842283359616
광주 남구 제석로 79,35.1215149926097,126.906988383368
광주 광산구 풍영로145번길 98,35.1829522980431,126.809631538713
광주 남구 봉선1로 64,35.1276782136939,126.912254663842
광주 북구 대천로 147,35.1874252872317,126.921165276129
광주 서구 광천2길 5-4,35.1641204688646,126.880291149334
광주 서구 상무오월로15번길 16,35.1569550515263,126.861218654055
광주 남구 효천2로가길 13-1,35.1018694847795,126.874786829104
광주 광산구 수완로73번길 25,35.1915757293047,126.827309687142
광주 동구 중앙로 196,35.1504996034142,126.91616648762
광주 광산구 손재로 202,35.1834112614128,126.795153092852
광주 서구 상무중앙로 6-28,35.1479157771367,126.850106159975
광주 남구 봉선중앙로 124,35.1319875301194,126.910877119262
광주 북구 호동로43번길 34,35.1761609980835,126.914844979227
광주 북구 서방로 78-1,35.1714442125306,126.921127245435
광주 서구 마륵로 124,35.1463778053457,126.844963873019
광주 남구 진다리로 43-1,35.1368365990114,126.906576495157
광주 서구 용두난산길 46,35.1043259596969,126.818058257039
광주 광산구 금봉로 108,35.1518263742011,126.810437277258
광주 남구 봉선2로 91,35.1261313769751,126.916456309913
광주 남구 봉주2길 23,35.1385789334548,126.891435156767
광주 북구 서방로73번길 21,35.1728254795878,126.92102996859
광주 광산구 사암로158번길 56,35.1580628377974,126.810759318182
광주 북구 운용로 94,35.1766424303937,126.896151205311
광주 광산구 첨단내촌로11번길 24,35.2089643871846,126.835495104797
광주 광산구 장신로19번안길 5-1,35.1913690982801,126.811043251207
광주 광산구 상무대로 178,35.1354193096566,126.790531209059
광주 서구 운천로 125,35.1436603842885,126.857214380449
광주 북구 동운로213번길 26,35.1753938009843,126.873687074041
광주 서구 상무민주로76번길 14,35.1571059567625,126.860841175684
광주 광산구 비아중앙로 6,35.2196993015542,126.825963281666
광주 북구 삼정로 134-2,35.1718187910642,126.93438418659
광주 남구 백운로 43,35.1373328296722,126.907085170411
광주 북구 하서로 450,35.2146613504152,126.876204553318
광주 북구 면앙로139번길 40,35.1782937042095,126.928362938263
광주 북구 하서로523번길 31,35.221767467368,126.876255273747
광주 북구 하서로339번길 9,35.2053230308517,126.872852910483
광주 북구 밤실로 203,35.1651710503923,126.932986739789
광주 북구 서하로 202-4,35.1869389564994,126.902634256357
광주 광산구 첨단내촌로 36,35.2099355667196,126.837410897902
광주 광산구 첨단중앙로182번길 24,35.2216686213264,126.844126850741
광주 북구 양산택지로37번길 2,35.2099368963741,126.879578940251
광주 광산구 하남대로 153,35.1802661790822,126.810441423165
광주 북구 서양로 12,35.1710954178051,126.902587832911
광주 북구 대천로 127,35.1859909919301,126.920112875845
광주 남구 효천2로가길 15-1,35.1017707736809,126.875037925828
광주 동구 의재로 15,35.1332264503484,126.929329688159
광주 광산구 수완로52번길 36,35.1901676052183,126.830801048795
광주 남구 봉선1로47번길 9,35.1287814099013,126.910185675371
광주 광산구 풍영로229번길 33,35.1919692270804,126.812265363929
광주 광산구 임방울대로826번길 52,35.2151663733724,126.848457191699
광주 광산구 월곡중앙로54번길 22,35.1709476991576,126.81252983627
광주 광산구 사암로279번길 9,35.1693615974231,126.808505807994
광주 서구 화정로78번길 3,35.1444756446335,126.866036855817
광주 서구 군분2로 54,35.1577245863364,126.881554241446
광주 북구 면앙로6번길 82,35.1766586782211,126.913251447881
광주 서구 화정로 106-15,35.1439411947871,126.870062834588
광주 서구 풍암2로 2,35.1271937590696,126.879092283889
광주 북구 금당마을길 61-8,35.24231695727,126.871340651872
광주 북구 석곡로 574,35.2101772247332,126.950104407656
광주 남구 대남대로294번길 3,35.1388005536525,126.896348187662
광주 남구 군분로 73-1,35.1397144334386,126.891898904382
광주 광산구 용보로 24,35.1363365099135,126.801164312756
광주 북구 하서로 462,35.2157000004442,126.876846373071
광주 서구 동림2지구길 22,35.1704150107783,126.874675689615
광주 서구 쌍촌로 31,35.1476734487876,126.864780023566
광주 북구 설죽로471번길 8,35.2010778153436,126.898293848711
광주 동구 무등로 528,35.1561711843627,126.93741855836
광주 동구 문화전당로35번길 15,35.145259886935,126.917458861964
광주 북구 반룡로18번길 27,35.1779703677016,126.899642760164
광주 서구 염화로 120,35.1428574007556,126.877597260321
광주 남구 봉선1로 76,35.1278798461134,126.913504859631
광주 광산구 첨단중앙로181번길 92,35.2184702265039,126.830992869471
광주 광산구 용아로379번길 2 1층,35.1772610289803,126.804132740084
광주 북구 서방로 63,35.17243735122,126.919925688408
광주 북구 금재로36번길 65-5,35.155403669111,126.910664793882
광주 남구 백운로75번가길 19,35.1415987400949,126.905380565997
광주 북구 북문대로 157,35.1824997919036,126.872027073312
광주 서구 전평길 1,35.1145963280159,126.849355125169
광주 광산구 신창로 58,35.1903404036208,126.837253075459
광주 동구 의재로 149-8,35.1327069924983,126.944180166675
광주 서구 풍암2로57번길 16-1,35.1232862958147,126.883552420235
광주 광산구 광산로 13,35.1380716182383,126.793397852248
광주 서구 상무대로867번길 5,35.1508230518269,126.856760914276
광주 북구 설죽로 620,35.214389953865,126.898270108806
광주 동구 학소로 109,35.1297643240236,126.932028857119
광주 광산구 장신로147번길 6-2,35.1910166264099,126.826620455181
광주 광산구 첨단강변로87번길 5,35.2143142061731,126.85200288695
광주 서구 시청로 77,35.1555788256127,126.850948604437
광주 서구 시청로 17,35.1500207909485,126.851184483169
광주 북구 서림로 94-3,35.1631359013435,126.896942963034
광주 서구 월드컵4강로28번길 55,35.1411564308634,126.881947714299
광주 북구 금재로 23,35.1578934470351,126.906421710055
광주 북구 유동길 17,35.1578967297352,126.903031063032
광주 북구 경열로 233,35.1602790588667,126.906751653296
광주 북구 경열로 223,35.1594786025967,126.906337248022
광주 광산구 수완로50번길 59,35.1882733804553,126.831296857721
광주 서구 죽봉대로111번길 18,35.1636859631483,126.881615188451
광주 동구 무등로 420-1,35.1584097176695,126.927712843861
광주 서구 내방로251번길 7,35.1585843756894,126.867936422777
광주 남구 효우로230번길 9-7,35.1029687168227,126.891544690772
광주 동구 필문대로287번길 7,35.1456664782166,126.927891354231
광주 서구 상무오월로15번길 28-23,35.1577057968501,126.862486356012
광주 북구 군왕로 30,35.1640710406843,126.930915760658
광주 서구 상무오월로3번길 14-18,35.156725158897,126.860707267232
광주 동구 구성로 256,35.1568864573928,126.918672513108
광주 서구 월산로 165,35.152406265066,126.895014300732
광주 북구 설죽로251번길 17-14,35.1813153550448,126.897128943343
광주 광산구 소촌로46번길 3-2,35.14890174092,126.794676743806
광주 북구 중문로9번길 39,35.1738717773366,126.916333731919
광주 광산구 월계로 235-8,35.2139826143803,126.851794153199
광주 동구 갈마로 52,35.1615496618812,126.936160328595
광주 북구 서강로 78,35.1787258627723,126.871816387855
광주 서구 대남대로487번길 6,35.1524344499238,126.884011791975
광주 북구 비엔날레로 191-3,35.1832300925477,126.897859478418
광주 북구 면앙로44번길 18,35.1784009810174,126.916690274029
광주 광산구 신가삼효로 34,35.1869557713834,126.836148275844
광주 광산구 월곡반월로 54,35.169601668807,126.812973871803
광주 광산구 월곡반월로 53,35.1695850914117,126.812687080816
광주 동구 중앙로196번길 15-33,35.1503233808517,126.917867923898
광주 광산구 수완로52번길 30-6,35.1898238564312,126.830369709332
광주 남구 양림로 93-1,35.1389224253075,126.918680288238
광주 북구 동문대로122번길 4,35.1736988746019,126.926141706328
광주 광산구 첨단중앙로124번길 60,35.216277396426,126.845477008713
광주 광산구 월봉반월길 164,35.2001808246576,126.848497440386
광주 북구 우치로228번길 42,35.186277451436,126.907580541706
광주 남구 서문대로823번길 3-1,35.1322553334888,126.900136226786
광주 광산구 비아중앙로 21-1,35.2209563040278,126.824389569222
광주 광산구 신창로36번길 46,35.1894225047874,126.839308104012
광주 북구 면앙로6번길 29,35.1788831574561,126.912904147582
광주 광산구 소촌동 산70-2,35.1612099389867,126.799556092585
광주 서구 운천로31번길 15,35.13532885133,126.857387918094
광주 북구 석곡로 169,35.1762363876962,126.961842537311
광주 서구 화정로 87,35.1451735425825,126.866831088085
광주 남구 군분로 102,35.1419352119797,126.890596510467
광주 광산구 월곡로 32,35.1686375630219,126.812614391448
광주 광산구 수완로52번길 24-2,35.1900194979507,126.829953829031
광주 광산구 월계로 132-1,35.2134342528597,126.839984245453
광주 북구 우치로231번길 41,35.1849218731231,126.903271252716
광주 북구 비엔날레로 132,35.1829165219502,126.891850073781
광주 광산구 용아로400번길 33,35.179148802847,126.806924599572
광주 동구 동계천로 113,35.1507308939594,126.922815798219
광주 남구 제중로47번길 2,35.1387777103134,126.913661767708
광주 남구 광복마을4길 13-2,35.1204058083558,126.896259266073
광주 광산구 장신로19번안길 19,35.1913415333721,126.81273674852
광주 북구 중흥로91번길 7,35.1641128815704,126.904416355382
광주 광산구 평동로800번길 38,35.1236692960154,126.759891586292
광주 서구 상무자유로 174,35.1513209460999,126.853281437975
광주 북구 삼정로 70-1,35.1682660700467,126.937415111065
광주 서구 내방로209번길 12,35.1589691561698,126.863615592757
광주 동구 문화전당로35번길 16-4,35.1455380388567,126.917579183014
광주 북구 저불로 48,35.1787336757821,126.895531788054
광주 북구 저불로31번길 14-3,35.1777286187211,126.893411335433
광주 서구 상무민주로76번길 6-1,35.1571021340723,126.860026593257
광주 광산구 빛동6로다길 7,35.1656549888978,126.674090189458
광주 북구 대자로 90,35.1730015531613,126.882414787581
광주 남구 천변좌로566번길 5,35.1312731287632,126.924293422081
광주 북구 중흥로 83,35.1640075411813,126.90354243883
광주 광산구 첨단내촌로70번길 28-2,35.2130267976425,126.83778309395
광주 광산구 수완로9번길 5,35.1856882285279,126.828044023252
광주 북구 효산로 26,35.1827431039862,126.913125643837
광주 광산구 신창로86번길 32-14,35.1920324890364,126.838783610151
광주 동구 동계천로 151-17,35.1495981622017,126.925713432331
광주 북구 하서로49번길 14,35.1806680557477,126.8799491746
광주 북구 탁영로 6,35.1665011792726,126.933139101516
광주 북구 서방로73번길 41,35.1737183057001,126.921355687949
광주 서구 월드컵4강로68번길 5,35.1432125493484,126.875048031235
광주 광산구 송정로8번길 11,35.1365164480306,126.791997404193
광주 북구 송월로40번길 7-2,35.1875032962061,126.913944034503
광주 남구 봉선로 8,35.132323713119,126.901860284768
광주 북구 서방로31번길 6,35.173393103065,126.916648289305
광주 서구 쌍촌로 32,35.1476436833368,126.865085041927
광주 남구 제중로 30,35.1372550516372,126.914570595812
광주 남구 서서평길 21-2,35.1410234592438,126.915200359779
광주 광산구 목련로273번안길 89,35.1764691574197,126.820761801297
광주 동구 제봉로140번길 12-5,35.1509876610903,126.922204275222
광주 서구 풍암신흥로 48,35.1208858195404,126.868601547525
광주 동구 무등로304번길 55,35.1600129912624,126.914978703198
광주 남구 경열로76번길 10,35.1506044499285,126.894396887247
광주 북구 군왕로8번길 31-1,35.1609161847967,126.931375572413
광주 북구 경양로103번길 27,35.16320763416,126.904057945402
광주 남구 봉선로51번길 34,35.1289456081496,126.908101228485
광주 서구 죽봉대로97번길 5,35.162382876433,126.882734876738
광주 광산구 하남대로54번안길 136-2,35.177663988342,126.799755471251
광주 동구 학소로 51,35.1244731254091,126.934800458175
광주 북구 금남로115번길 24-1,35.1562413905635,126.908607012112
광주 동구 중앙로 302,35.1594787737076,126.920997540369
광주 북구 대자로 103,35.173169492774,126.883833496324
광주 광산구 수완로48번길 18,35.18864347831,126.829495993323
광주 동구 백서로125번길 38,35.1449930015162,126.917602667553
광주 광산구 월곡중앙로 2,35.1664865025522,126.810892051116
광주 동구 필문대로287번길 23-17,35.1456766242287,126.929820100957
광주 남구 용대로53번길 2-7,35.1215371824586,126.917599416251
광주 북구 설죽로214번길 123,35.1779263387288,126.904380976557
광주 북구 우치로 16,35.1689443253191,126.91089795574
광주 동구 밤실로 16,35.1491210483913,126.937139613165
광주 북구 저불로 42,35.1781179846003,126.895456716705
광주 서구 상무오월로3번길 14-2,35.156739009028,126.859898804465
광주 광산구 산월로 17,35.2089990972003,126.839191349008
광주 서구 내방로230번길 10,35.1571762595833,126.865142620819
광주 북구 서강로 64,35.1775202596149,126.871354237235
광주 북구 첨단연신로107번길 16,35.2077164504879,126.862594170017
광주 북구 우치로90번길 12-2,35.1752269250882,126.913324543902
광주 서구 풍금로 16-1,35.1215569223197,126.86543096524
광주 광산구 풍영로101번안길 15-5,35.1812434560268,126.809884187762
광주 광산구 신창로36번안길 13,35.1884255891497,126.837941687139
광주 북구 하서로 367,35.2078707909576,126.873367736137
광주 광산구 첨단내촌로 34,35.2097628525537,126.837399491041
광주 북구 비엔날레로 1,35.1735310050437,126.885038645338
광주 서구 시청서편로 2,35.1591204722626,126.845784710663
광주 동구 학소로 141,35.1322547563572,126.931965234669
광주 동구 중앙로196번길 25,35.1491435349148,126.918320371287
광주 광산구 무진대로 278-11,35.1603151432274,126.811158448516
광주 동구 무등로321번길 13,35.163094527135,126.91847490987
광주 서구 월드컵4강로 34-1,35.1403887428232,126.876169297105
광주 북구 중흥로 37,35.1652693730546,126.898815595019
광주 북구 서방로107번길 37,35.172111184252,126.925050456355
광주 남구 주월동 1316,35.1293040416108,126.903301297505
광주 북구 하서로 499,35.2188946216453,126.878327195347
광주 북구 서암대로 315,35.1653323447785,126.918228780159
광주 북구 서방로9번길 26,35.1746712694179,126.914509627146
광주 서구 운천로 129,35.1440064702566,126.857106783715
광주 남구 효덕로 277,35.1059030273568,126.896176845497
광주 서구 하남대로 656,35.1716879890694,126.864374513174
광주 광산구 왕버들로 137,35.2013120270789,126.825406342138
광주 광산구 수등로94번길 8-5,35.1829650207448,126.819169448387
광주 광산구 임방울대로332번길 29,35.1897855344356,126.825474811662
광주 서구 상무대로955번길 30-15,35.154361836642,126.867412826551
광주 서구 화운로83번길 25,35.1468975999684,126.878071980464
광주 서구 상무대로1066번길 1,35.15202735357,126.878901584545
광주 북구 동문대로180번길 5,35.1784054152105,126.929649375533
광주 북구 동문대로 200,35.1793372313706,126.930418702216
광주 북구 서하로106번길 6,35.1869334870987,126.891833003958
광주 광산구 임방울대로 142-10,35.1737094022092,126.818352357648
광주 남구 봉선중앙로131번길 12,35.1330217476949,126.909168294166
광주 북구 양산택지로 58,35.2113420196561,126.880952768974
광주 남구 효천2로가길 11-1,35.1019190447631,126.874423495482
광주 북구 동배마을길 28,35.1788097130288,126.860970077272
광주 북구 갈마로 55,35.1619852392071,126.93658080786
광주 광산구 신창로 70,35.1915170410976,126.837394895887
광주 서구 상일로 55,35.1606853670221,126.863077218305
광주 북구 임방울대로 1039,35.2128248227487,126.871000054235
광주 광산구 목련로273번안길 17,35.1779899820742,126.823935314057
광주 북구 북문대로 167,35.1830181079899,126.871211303472
광주 남구 광복마을길 97-1,35.1263335434797,126.896260417208
광주 동구 남문로 760,35.137644416258,126.924875771984
광주 서구 군분로139번길 17,35.1436445699551,126.88659382412
광주 광산구 왕버들로 255,35.1965198564856,126.837017844799
광주 북구 비엔날레로 101,35.1809201826445,126.889831570078
광주 서구 칠성로 49,35.1667311608223,126.862938768612
광주 광산구 월계로 223-13,35.2146754869133,126.849387381627
광주 광산구 평동로 851,35.1250599954826,126.767232156216
광주 동구 의재로 46,35.1323473678566,126.932523084597
광주 광산구 광산로 69-1,35.1409594554097,126.798517759767
광주 북구 대천로 140-7,35.186579039043,126.92205387952
광주 북구 북문대로159번길 15,35.1823722072533,126.871306080721
광주 남구 봉선로51번길 13,35.1290848146566,126.905799893948
광주 동구 의재로136번길 32-10,35.1312233378054,126.944946357047
광주 동구 동명로 39,35.1519974874932,126.924970791923
광주 북구 우치로 37,35.1708969517468,126.911163888584
광주 광산구 산월로 7,35.2089734780962,126.838093608685
광주 서구 죽봉대로94번길 9,35.162028777366,126.884659367028
광주 동구 필문대로287번길 23-14,35.1453981814474,126.929799050877
광주 동구 백서로153번길 4,35.1434751391844,126.922007536475
광주 북구 동문대로168번길 16,35.1770789208127,126.929549959698
광주 서구 죽봉대로94번길 14,35.162118606407,126.885095316959
광주 광산구 산정로5번길 9,35.167014050978,126.802742752246
광주 광산구 하남대로54번안길 104-4,35.1775841598925,126.797875123683
광주 북구 밤실로 198,35.1648864829057,126.933461811569
광주 동구 백서로119번길 2,35.1418468498831,126.918478763289
광주 서구 천변좌로 68,35.1619670813729,126.887004912659
광주 서구 상무중앙로28번길 8,35.1491196535125,126.84939501549
광주 북구 서방로 77-1,35.1717886504996,126.921172139325
광주 북구 신흥로 35,35.1711135676601,126.907930971994
광주 북구 서강로53번길 6,35.176657580016,126.870685062619
광주 광산구 첨단내촌로70번길 19,35.2133044779968,126.837427904242
광주 남구 천변좌로 474,35.1384054135506,126.919234052297
광주 북구 필문대로 101,35.1616405202548,126.930119644954
광주 광산구 동곡로 382,35.1164129349822,126.780760749662
광주 서구 천변좌하로 266,35.1597255059968,126.843707189802
광주 광산구 임방울대로801번길 42,35.2198676601545,126.846332210442
광주 남구 효덕로 192,35.1021297023521,126.900561136895
광주 북구 서하로 376,35.185581901585,126.921128848915
광주 서구 화개1로 83,35.1314769850359,126.854971492531
광주 광산구 선운로 17,35.1489451143321,126.771141765536
광주 북구 양산로 57,35.2104423197966,126.880616150583
광주 북구 설죽로 515,35.2049836655478,126.897460623914
광주 서구 원마륵1길 33,35.146242841385,126.837242147372
광주 북구 청계로 5,35.1743599760156,126.895060514066
광주 남구 군분로 74,35.1398092309388,126.892274824184
광주 북구 능안로12번길 47,35.1861246257166,126.91978380711
광주 북구 서암대로 43-1,35.1727914451865,126.889794674786
광주 서구 금부로99번길 1,35.1399879515072,126.859592065598
광주 북구 우치로 176-1,35.182418367447,126.909584138671
광주 동구 남문로 582,35.123020550493,126.932773779622
광주 동구 동명로 48,35.1512523084874,126.925662762972
광주 북구 저불로69번길 15,35.1805405353856,126.893668403616
광주 북구 대자로54번길 12,35.1727662198458,126.878229210195
광주 광산구 하남대로54번길 65,35.177086239796,126.799767646503
광주 광산구 수완로50번길 18,35.1893910406845,126.829801752465
광주 동구 지산로 41,35.1475984480466,126.932089423384
광주 광산구 월계로118번길 23,35.2124362819017,126.838494084866
광주 광산구 수완로14번길 25,35.187030838934,126.829157245485
광주 동구 지호로 133,35.1493794276686,126.943074536075
광주 서구 대남대로 424,35.1485073248725,126.888538616498
광주 남구 오기원길 7-1,35.1385940375509,126.916658647399
광주 북구 송해로 79,35.205373588054,126.899066774825
광주 남구 제중로47번길 10,35.1391664955008,126.912818965516
광주 북구 호동로43번길 3,35.1757891680462,126.916498960103
광주 남구 효천안길 70,35.105009468381,126.876968676382
광주 광산구 광산로19번길 30,35.1395036130426,126.79329383171
광주 광산구 월곡중앙로14번길 19,35.1676113740175,126.811804028297
광주 남구 천변좌로 580-1,35.1302584157094,126.92537891715
광주 남구 백운로 80,35.1402972429095,126.906165659646
광주 남구 대남대로 219,35.1331828439074,126.900474242687
광주 북구 저불로69번길 10,35.1807971889281,126.894329195732
광주 동구 장동로 19-2,35.1484329002286,126.924285544233
광주 북구 양산택지로 21,35.2084393335428,126.878798886697
광주 북구 호동로 6-11,35.1742360672263,126.913835506857
광주 서구 무진대로 947,35.1615659872607,126.884152932274
광주 광산구 장신로 29,35.1911313614554,126.813219028542
광주 서구 풍암1로21번길 3-11,35.1259065388769,126.878119948551
광주 북구 설죽로 503,35.2040057433736,126.897834130807
광주 북구 송해로 48-7,35.2029219855601,126.900795440389
광주 광산구 수완로52번길 30-4,35.1899936768449,126.830373528689
광주 동구 제봉로158번길 7-1,35.1518620953704,126.919753795074
광주 동구 필문대로287번길 23,35.1449965696093,126.929393697598
광주 광산구 수완로74번길 50-1,35.1915756813849,126.831888000288
광주 동구 필문대로 283,35.1460118735162,126.927277282245
광주 광산구 수완로74번길 38-6,35.1912507960144,126.830889936479
광주 북구 우치로90번길 26,35.1755027218923,126.914057678564
광주 광산구 동곡로35번길 6,35.0871340239079,126.771762296755
광주 광산구 수완로50번길 44-11,35.1879313610596,126.831005510776
광주 광산구 우산로95번길 57-17,35.1588743367348,126.810763255858
광주 광산구 우산로95번길 57-9,35.1588241780443,126.811139943186
광주 동구 백서로166번길 5-14,35.1436489023215,126.923962524677
광주 남구 봉선1로 21-1,35.1279813903324,126.907707450011
광주 서구 상무대로916번길 16,35.1496509983292,126.862426489915
광주 북구 하남대로 681,35.1720943949227,126.867125309675
광주 광산구 임방울대로825번길 44,35.2199385488106,126.849016622438
광주 광산구 광산로20번길 13,35.137842828223,126.794549798909
광주 북구 용봉택지로 53,35.1788506684393,126.892438404811
광주 북구 황계로 13,35.1739284947979,126.87563193519
광주 남구 효덕로 198,35.1022954593132,126.900007600829
광주 동구 중앙로160번길 34-2,35.146180199269,126.916178269798
광주 동구 제봉로 136,35.150208421544,126.921346159466
광주 서구 상무대로867번길 28,35.1521434299234,126.855374805095
광주 광산구 수완로14번길 3,35.1865711276391,126.829334425159
광주 광산구 임방울대로800번길 11-6,35.2167969851807,126.846722195627
광주 북구 면앙로32번길 48,35.1774134565964,126.91552178823
광주 남구 봉선1로37번길 1,35.128119511803,126.909062158017
광주 북구 서방로107번길 99,35.1743797048959,126.927092414498
광주 동구 무등로304번길 9,35.1619137181727,126.915927025893
광주 북구 용주로30번길 78,35.1812453309588,126.90440387736
광주 광산구 선운로2번길 1-13,35.1483372746598,126.771304457858
광주 북구 서방로 27,35.1732626462323,126.915952009363
광주 동구 학소로 125,35.1319484786729,126.931177044278
광주 북구 양산택지로 18,35.2080360018409,126.879182873999
광주 서구 시청서편로4번길 20-1,35.1590743625321,126.847812099265
광주 광산구 첨단중앙로152번길 17-5,35.2194482794784,126.843043488646
광주 광산구 산정로 28,35.1690787557873,126.803888367699
광주 남구 백운로 45,35.1374260526136,126.906996405125
광주 북구 경열로212번길 11-4,35.158376062535,126.907043029566
광주 광산구 신창로72번길 16,35.1914967464896,126.838057027235
광주 서구 화운로199번길 30,35.1569778565342,126.873486272134
광주 동구 구성로 212,35.1540209682907,126.915417019916
광주 남구 효우로77번길 13,35.1057803828548,126.905009784518
광주 북구 용봉택지로 77,35.178644800238,126.895008459805
광주 서구 금화로85번길 11-1,35.1334798949093,126.857701873619
광주 동구 문화전당로35번길 13,35.1453100448391,126.917653375966
광주 서구 시청로56번길 17,35.1535466369108,126.853847586019
광주 광산구 임방울대로800번길 34,35.2160037854867,126.845719598046
광주 서구 쌍촌로20번길 9-1,35.1468212850836,126.86606297097
광주 동구 동명로 99,35.1509525998833,126.931461857744
광주 광산구 사암로340번길 47,35.1753501209263,126.811380566824
광주 동구 동계천로 81-1,35.152775207969,126.920078629304
광주 동구 구성로194번길 20-1,35.1517474097028,126.915593320476
광주 북구 우치로537번길 10-1,35.2126492507525,126.899549141261
광주 북구 송해로 70-16,35.2047404924494,126.900499906583
광주 북구 설죽로455번길 30,35.200306933091,126.897385680847
광주 북구 설죽로 653,35.2150871040018,126.901153959116
광주 서구 금화로 243,35.1360550487274,126.874209915463
광주 동구 동계천로 159-10,35.1495589247019,126.926703022813
광주 북구 우치로 180-1,35.1825334164753,126.90903035272
광주 동구 무등로307번길 11,35.1632518310061,126.917302718261
광주 광산구 진곡산단2번로 83,35.2014449853616,126.789838675295
광주 서구 매월1로49번길 2,35.1131109824868,126.857953610987
광주 북구 서강로 92-3,35.1798954867524,126.872779991613
광주 광산구 신창로36번길 37,35.1890904580172,126.838842343255
광주 북구 첨단연신로91번길 32-6,35.2067175329832,126.861215964309
광주 광산구 수완로12번길 46,35.1864533390352,126.831342230759
광주 동구 지호로 41,35.1478813632139,126.93351230959
광주 광산구 임방울대로826번길 70,35.214383721086,126.848449420467
광주 동구 서석로 23-15,35.1461360362785,126.916053432509
광주 북구 우치로 60,35.1726294759711,126.912560856997
광주 북구 중흥로 95,35.1637704254397,126.90472156598
광주 북구 설죽로 496-7,35.2037413052633,126.899471929224
광주 남구 제중로 124-10,35.1430430574424,126.907803916773
광주 서구 상무민주로64번길 11,35.1562251008989,126.860721289844
광주 북구 서암대로 2,35.1727576834923,126.885178818019
광주 광산구 첨단내촌로36번길 34-14,35.2093698927168,126.839040379305
광주 서구 상무대로1081번길 1,35.1528386919692,126.88001311328
광주 북구 호동로 13-6,35.1754274995506,126.913734900676
광주 북구 월동로 20,35.1735630299958,126.935094130429
광주 광산구 선운로20번길 44-1,35.1467963665394,126.77547908057
광주 북구 송월로20번길 2,35.1853689974577,126.913214964338
광주 남구 오방로 33-5,35.128166036867,126.919264789168
광주 북구 밤실로 184-1,35.1637800637804,126.934119311073
광주 북구 반룡로27번길 25,35.1802209046067,126.901325404326
광주 북구 설죽로214번길 64,35.177865436355,126.901271603728
광주 북구 금남로132번길 12-9,35.1543346118583,126.907956353635
광주 광산구 동곡로185번길 6,35.099830460188,126.775214403399
광주 서구 상무연하로 62,35.1537227301801,126.850496532315
광주 서구 무진대로971번길 9,35.1621404753418,126.886397260471
광주 광산구 목련로397번안길 8-16,35.1837154854076,126.831155976053
광주 광산구 비아중앙로 26-1,35.221357230365,126.825265994996
광주 서구 대남대로450번길 4-1,35.150546214639,126.887381872521
광주 남구 회재로1200번길 27,35.1328348015658,126.89562160679
광주 북구 서암대로 295,35.1659772258329,126.916060270232
광주 광산구 어등대로653번길 8,35.1457604855502,126.790350095023
광주 북구 밤실로 204-1,35.1653413640975,126.933235216549
광주 북구 양산택지로33번길 10-5,35.2099122137445,126.878241426045
광주 남구 광복마을7길 8,35.1275967429438,126.895558183415
광주 광산구 운수절골길 1-1,35.1595230725158,126.778650758095
광주 서구 화정로180번길 3,35.1451210162228,126.877089409262
광주 광산구 용아로399번길 40,35.1775353684487,126.80383380802
광주 서구 운천로17번길 4-22,35.1351376693921,126.858693525849
광주 남구 대남대로139번길 9,35.1330931562797,126.910163385513
광주 서구 화정로179번길 29-3,35.1477892143167,126.876017290255
광주 광산구 왕버들로265번길 7-7,35.1968143528378,126.83757265857
광주 북구 서암대로159번길 13,35.170106014639,126.901827422975
광주 서구 천변좌로222번길 18-1,35.1543174355128,126.899715823449
광주 광산구 사암로130번길 65,35.1559878371441,126.811058696956
광주 북구 안산로 20-1,35.1891488318152,126.902327264555
광주 광산구 고봉로 813,35.2202097090499,126.741867342883
광주 광산구 고봉로 822-1,35.2206618828769,126.741176784249
광주 광산구 고봉로 804,35.2200305616004,126.743157733964
광주 북구 경양로 43,35.1638959424569,126.896961212717
광주 서구 화운로155번길 7,35.1525040381443,126.875917402184
광주 북구 양산택지로 107,35.2154460386398,126.882508585674
광주 광산구 신창로 117,35.1956965652278,126.837961617284
광주 북구 송해로 40-1,35.2021919659721,126.900668504656
광주 동구 제봉로158번길 13,35.1523740513225,126.920274481014
광주 북구 동운로 130,35.1733373680985,126.864765098355
광주 북구 삼정로 80-1,35.1691072329143,126.937444982489
광주 서구 상무대로955번길 19,35.153336894804,126.866341151468
광주 북구 연양로40번길 15-10,35.205430562372,126.87216824542
광주 광산구 월곡반월로 57,35.1699775985349,126.812723612425
광주 남구 회서로11번길 22,35.1325080987297,126.895147373566
광주 남구 효덕로 302-1,35.1104393078157,126.896882656265
광주 동구 구성로152번길 24,35.1486992595172,126.912517324847
광주 광산구 목련로153번안길 22,35.1734262670557,126.814121155562
광주 광산구 선운로2번길 35,35.1465081836432,126.773146274583
광주 남구 효천로92번길 40,35.1053162394064,126.869922344372
광주 서구 시청로56번길 23,35.1535608621551,126.854208194238
광주 광산구 남동길30번길 45-18,35.1292468311653,126.791132678793
광주 서구 운천로154번길 30-2,35.1464419721344,126.860219113671
광주 광산구 목련로273번길 23,35.1746043045909,126.826304350673
광주 광산구 월곡산정로 87,35.1660967412519,126.811634856952
광주 서구 마재로 19,35.1304118144981,126.861495974684
광주 서구 상무대로 799,35.147808202329,126.850290502287
광주 광산구 임방울대로332번길 9-4,35.1900634788856,126.824640744232
광주 서구 상무오월로19번길 19,35.1573312742503,126.861372109168
광주 북구 양일1로 19-16,35.1947237203859,126.871033506596
광주 서구 운천로17번길 4-15,35.1348795311061,126.858472001298
광주 북구 운신남길 156-1,35.1719837064945,126.883311564209
광주 서구 풍암1로21번길 3-14,35.1260754540288,126.878478563813
광주 남구 효사랑길 9,35.1215052661023,126.916795964601
광주 남구 광복마을3길 14,35.1197304932083,126.896561147772
광주 동구 의재로35번길 22,35.1335669377675,126.932568271327
광주 서구 상무민주로64번길 10-1,35.1560071931419,126.860521803162
광주 북구 군왕로 134,35.1731918580712,126.932955679153
광주 북구 하백로46번길 10,35.1912721995885,126.891476225689
광주 북구 문산로 81,35.1897216095017,126.924465319244
광주 광산구 송도로 221,35.133758429784,126.796169020265
광주 광산구 목련로153번길 43,35.1738421619349,126.814421104154
광주 남구 수박등로 65-4,35.1445824174462,126.89792677018
광주 북구 서양로41번길 31,35.1717702230312,126.906306578403
광주 광산구 산월로 81,35.2100389263604,126.845868163136
광주 서구 풍암순환로109번길 18,35.122114347345,126.882810169189
광주 북구 동문대로97번길 8,35.1726015914832,126.924147223321
광주 서구 상무오월로 39,35.1556618053974,126.863781569065
광주 광산구 신창로162번길 9,35.1986173997739,126.841572378631
광주 남구 노대실로 38,35.1062627144586,126.906063738004
광주 동구 필문대로 201-2,35.1526296005538,126.931336546694
광주 서구 운천로172번길 4,35.1477926477796,126.857040137506
광주 북구 양산로 60,35.2100363746412,126.880731511426
광주 남구 봉선로 2,35.1326129660054,126.901866959814
광주 남구 서문대로627번길 19,35.1144769732896,126.895091496805
광주 서구 풍암순환로 140,35.1232405508663,126.884351926703
광주 서구 월산로 218-4,35.156116724489,126.891446873999
광주 동구 용산1길 2,35.1196537501821,126.924039349998
광주 북구 서암대로 186-1,35.1683935646543,126.904470182433
광주 동구 서석로7번길 17,35.1464176225036,126.913618034601
광주 북구 금남로98번길 36,35.155320489368,126.904424993873
광주 북구 독립로402번길 3,35.166264688847,126.916873338485
광주 북구 동문대로112번길 37,35.1737809650306,126.927295265791
광주 광산구 소촌로86번길 16,35.1521338184981,126.794986779782
광주 동구 천변우로 363-26,35.1485062403932,126.91196739569
광주 서구 시청로 92,35.156733155918,126.85231412844
광주 서구 화정로309번길 13,35.151176569285,126.888685986253
광주 남구 효천2로가길 11,35.1016376896457,126.874386526443
광주 북구 일곡마을로111번길 34,35.2085658278336,126.888790243107
광주 북구 송해로 64,35.204048452217,126.899975059242
광주 서구 서광주로 175,35.1426621619466,126.848628678469
광주 광산구 임방울대로 501,35.2046941264297,126.818751977149
광주 서구 화운로220번길 8,35.1583114939411,126.877954306549
광주 광산구 송정로30번길 34,35.1350931948504,126.792889895031
광주 동구 구성로 206,35.1536682748223,126.914914625904
광주 북구 면앙로121번길 92,35.1808744193218,126.927222749126
광주 광산구 하남대로54번안길 42-1,35.1773632714102,126.79762537115
광주 북구 석곡로529번길 21-12,35.2076648217029,126.947814411645
광주 남구 군분로 61,35.1386999108804,126.892665822225
광주 북구 용봉택지로13번길 15,35.1800439329618,126.887919653594
광주 북구 무등로 91-5,35.1684924596723,126.894392097412
광주 북구 삼정로 121,35.1714978222057,126.935568233474
광주 서구 상무중앙로38번길 6,35.1501667245708,126.849218703111
광주 남구 백서로 85,35.1400795040507,126.915517801517
광주 동구 동명로 8-1,35.1498700881927,126.922806075669
광주 광산구 월석복만길 35-22,35.1528487514146,126.65734162411
광주 남구 금화로440번길 11-1,35.1445626761563,126.892200305086
광주 서구 상무화원로32번길 3,35.1453623080353,126.844171847992
광주 광산구 수완로9번길 22-13,35.1858810408865,126.826850837731
광주 남구 사직길 2,35.1430974877237,126.914935394434
광주 서구 풍암신흥로90번길 12,35.124559409091,126.870180513326
광주 북구 북문대로103번길 34-1,35.1782641000221,126.874138996747
광주 서구 마륵복개로 157,35.1469470462854,126.854361444841
광주 광산구 월곡로 3,35.169166881626,126.809635133054
광주 광산구 첨단내촌로11번길 10,35.208580398879,126.83595076399
광주 북구 무등로 68-7,35.1683309754552,126.891478722926
광주 동구 구성로194번길 21,35.151753063446,126.915816757859
광주 서구 풍금로4번길 9-6,35.12108498223,126.867160033481
광주 서구 운천로85번길 9,35.1402595662012,126.857613045346
광주 남구 백서로 67,35.1385280498352,126.915217760935
광주 광산구 장덕로39번길 8,35.1954179405359,126.81393096369
광주 북구 첨단연신로108번길 51-13,35.2085527866353,126.865377639736
광주 북구 양산택지로37번길 12,35.2101367720035,126.878542120141
광주 광산구 장신로20번안길 52-4,35.1902783154002,126.812690437803
광주 북구 설죽로217번길 3,35.1789903125935,126.897241875038
광주 남구 효덕로 272,35.1076914866866,126.897301941073
광주 북구 청계로 81,35.1803036800879,126.892873981955
광주 광산구 장신로20번길 14-3,35.1895297086293,126.812029422385
광주 서구 계수로59번길 3,35.1606245812427,126.857115374096
광주 남구 용대로 131,35.1289367530264,126.917730534093
광주 북구 장운길 108-25,35.2071522217184,126.933307097305
광주 서구 동천로18번길 6-1,35.1699658360547,126.86101685634
광주 광산구 무진대로212번길 13-30,35.1607867999326,126.805166319914
광주 남구 서문대로823번길 5,35.1324348992645,126.899934890354
광주 남구 군분로33번길 6,35.136475202537,126.89383051734
광주 광산구 목련로381번길 22,35.1827043709649,126.831497860003
광주 광산구 장신로20번길 7,35.1900976195831,126.812532195029
광주 광산구 장덕로40번길 32,35.1936116552865,126.813771916051
광주 동구 문화전당로 43,35.146323632546,126.918597206864
광주 광산구 광산로56번길 42,35.1385555446481,126.798583045937
광주 북구 무등로180번길 11,35.1650861763207,126.903290464124
광주 서구 쌍촌로 9-1,35.1457539525879,126.864979080981
광주 광산구 첨단내촌로11번길 19,35.2087390258395,126.835411435162
광주 북구 신흥로 39-2,35.1715473592605,126.908126537148
광주 광산구 무진대로231번길 30-22,35.1631267480266,126.807209543934
광주 광산구 용아로399번길 26,35.1780339249019,126.803899906233
광주 동구 필문대로205번길 19-8,35.1523510497175,126.933217295497
광주 동구 백서로 179,35.1442756839504,126.924209835706
광주 남구 봉선2로 39-6,35.1261920761097,126.910816179718
광주 서구 유림로98번길 49,35.1710503331104,126.869344403551
광주 광산구 수완로74번길 10,35.1916595391531,126.829461034717
광주 남구 광복마을길 81,35.1249718990627,126.896631428376
광주 서구 상무민주로76번길 26-1,35.1570837700085,126.862328589778
광주 광산구 사암로216번길 30,35.1632472500948,126.810171721114
광주 북구 면앙로6번길 73,35.1771064670826,126.913622578291
광주 동구 필문대로287번길 15-10,35.1455711307987,126.928987939342
광주 북구 하백로 8,35.1881462678402,126.890836873127
광주 광산구 비아안길 70-8,35.220647222716,126.819965382784
광주 서구 금화로85번길 16-3,35.1339191232608,126.858081406474
광주 광산구 송정로1번길 20,35.1380898745541,126.792476862073
광주 남구 봉선로19번길 25,35.1318169395488,126.905686040665
광주 서구 운천로91번길 6,35.1410601873853,126.857870508367
광주 북구 경양로 131,35.1614563191501,126.906278125633
광주 동구 장동로 1,35.149391367898,126.922511867766
광주 동구 무등로375번길 21-1,35.1626572005962,126.924041866749
광주 북구 서강로62번길 23-3,35.1773458383378,126.872368335063
광주 광산구 고봉로 191,35.1829423999264,126.788299772503
광주 서구 금화로103번길 9-1,35.1335939532937,126.859743157771
광주 북구 서림로 92,35.1633663754247,126.89693905017
광주 광산구 임방울대로801번길 36,35.2196236642762,126.84633179164
광주 서구 풍서우로 124,35.1269687175525,126.848408125036
광주 광산구 송촌길 2-9,35.1379974465723,126.774010947829
광주 광산구 장신로20번안길 52,35.1904563010571,126.812961559876
광주 서구 풍금로38번길 37,35.1243985057827,126.866193050776
광주 동구 구성로152번길 6-2,35.1498390864146,126.910985401139
광주 서구 운천로31번길 18,35.1356032911017,126.857137048386
광주 북구 연양로 81,35.2068890711049,126.87627642233
광주 서구 풍암신흥로11번길 6,35.1204032350197,126.864432690657
광주 광산구 산정공원로 100-18,35.1762049181598,126.807624374744
광주 남구 군분로33번길 14,35.1360316888435,126.893063676088
광주 광산구 우산로 80-1,35.1564967569854,126.808997358279
광주 동구 지호로127번길 17,35.1501735787978,126.94376515123
광주 서구 경열로 12,35.1525854752266,126.888087700777
광주 서구 풍암순환로 152,35.1241391295208,126.883795309174
광주 남구 독립로 168,35.1484589432654,126.904272794139
광주 북구 면앙로139번길 19,35.1774892198481,126.927565647638
광주 북구 경열로 212,35.1581947623973,126.906293281117
광주 광산구 광산로30번길 5,35.1386625018127,126.79528127397
광주 광산구 상무대로 543,35.1423050636547,126.825077702059
광주 북구 대천로 153,35.1879607619383,126.921550248658
광주 서구 화운로125번길 12,35.1502008939789,126.876900693427
광주 남구 군분로90번길 13,35.1417082019833,126.89235560943
광주 서구 화개중앙로114번길 26,35.1271984613022,126.853901694702
광주 북구 밤실로 183-1,35.1636931957093,126.93383059669
광주 남구 군분로 122,35.1435580265841,126.889408321482
광주 동구 남문로 275,35.0966704762242,126.939515478095
광주 북구 하서로 668,35.2318993444774,126.88751837758
광주 광산구 첨단중앙로124번길 65,35.2166631832359,126.845766786893
광주 서구 상무연하로 46,35.1522533624608,126.850519852504
광주 북구 첨단연신로108번길 51-3,35.2085571341211,126.865965292743
광주 동구 경양로 386,35.1544416405231,126.931239651728
광주 서구 군분2로 3,35.1531532949202,126.880955606394
광주 광산구 송도로 179,35.13065287873,126.793613096334
광주 북구 유림로160번길 5,35.1774603549403,126.866473044246
광주 서구 화개2로20번길 16,35.1238877551113,126.859780533523
광주 광산구 금봉로64번길 9,35.1511987578799,126.80571419914
광주 북구 밤실로 197-1,35.1647857478589,126.933201204829
광주 광산구 첨단중앙로182번길 24-12,35.2208594077269,126.843721224674
광주 서구 상무중앙로 96,35.1554539188595,126.849000641154
광주 광산구 장신로20번안길 48,35.1904405828584,126.81253107787
광주 서구 풍암2로57번길 5,35.1230831732753,126.882199794293
광주 남구 봉선1로16번안길 19,35.1275463730664,126.909113702279
광주 북구 서하로 326,35.1866460510447,126.916047036401
광주 광산구 월곡중앙로2번길 27,35.1664118011048,126.812238390693
광주 광산구 광산로 1,35.1373972803073,126.792378329451
광주 광산구 목련로273번안길 63,35.1764059951188,126.822122433084
광주 북구 일곡마을로102번길 16-7,35.2062276494251,126.89149334087
광주 광산구 무진대로212번길 15,35.160829888197,126.803772178355
광주 광산구 내상로 56,35.1373057143354,126.798364366848
광주 광산구 비아로 24,35.2203150394963,126.822381789103
광주 동구 제봉로 190,35.1532550804353,126.916584216388
광주 남구 군분로 109,35.1424321339264,126.889802032411
광주 광산구 어등대로 703,35.1424080174076,126.793899789374
광주 서구 상무연하로 15,35.1496648872772,126.849904317199
광주 북구 서하로 344-1,35.1866090031033,126.918150708831
광주 동구 중앙로160번길 12-1,35.1474456347271,126.91439380057
광주 동구 장동로43번길 11,35.1485643435939,126.926225549658
광주 북구 일곡마을로 148,35.2094798283543,126.890903653583
광주 광산구 임방울대로826번길 19-20,35.2163759055148,126.849476939811
광주 서구 천변좌하로 436,35.1668187709086,126.859087469332
광주 동구 제봉로110번길 9-2,35.1487661725882,126.922918067506
광주 광산구 도산로 37,35.1313837584532,126.790284912276
광주 북구 중문로 33-1,35.1758715740567,126.919054301752
광주 남구 회서로11번길 7-1,35.1320314162621,126.893857022778
광주 북구 하서로 326,35.2041200067614,126.873897493609
광주 동구 지산로 49,35.1482280676035,126.932445450329
광주 북구 설죽로 506-8,35.2041526481377,126.899321961902
광주 광산구 첨단내촌로70번길 8-6,35.2128267982239,126.836918484893
광주 남구 봉선중앙로 60,35.1263306448609,126.911470570818
광주 서구 화운로 135,35.1510917756649,126.877233525992
광주 광산구 광산로 66,35.1405158543146,126.798330225416
광주 북구 설죽로202번길 30,35.1772673959332,126.899095709948
광주 북구 우치로90번길 17,35.175615598914,126.913589026252
광주 광산구 목련로 83,35.1725054304237,126.806911106454
광주 동구 필문대로191번길 19,35.153326130685,126.93352544023
광주 서구 월드컵4강로 191,35.1532367743659,126.869251396166
광주 북구 대천로 163,35.1886511393689,126.922154779426
광주 광산구 하남대로76번길 88,35.1774280657256,126.802587727821
광주 광산구 용아로 121,35.1545985182516,126.798819316065
광주 북구 양산택지로 22,35.2083637178386,126.879348110343
광주 광산구 첨단중앙로124번길 79,35.2166446029757,126.846750709258
광주 북구 독립로255번길 26,35.1549180789332,126.909534346578
광주 서구 내방로 52,35.1579449008592,126.844922174363
광주 동구 동명로20번길 6,35.1506508259795,126.923912991659
광주 광산구 목련로153번안길 28,35.1737151086876,126.814034434129
광주 동구 증심사길30번길 45,35.1326463820666,126.958706881488
광주 광산구 비아로34번길 8-16,35.2203289610259,126.821979970358
광주 광산구 소촌로 85,35.1517607634925,126.792718936699
광주 광산구 용아로379번길 66,35.1767314877373,126.800600206288
광주 동구 학소로76번길 9,35.1269615654566,126.935048291362
광주 북구 자미로6번길 30-1,35.1656353698609,126.905686089643
광주 동구 지산로 40,35.1473511527354,126.932157667798
광주 동구 예술길 31-11,35.1496536382308,126.91970361564
광주 서구 내방로 398,35.157677159556,126.883866170498
광주 북구 우치로27번길 54,35.1709111432397,126.908314523682
광주 동구 지산로89번길 6,35.1518986605555,126.932573014843
광주 광산구 장신로 47,35.1911074891133,126.815284730223
광주 서구 동천로10번길 12-7,35.1691025325071,126.860952683186
광주 서구 쌍촌로 22,35.1467598299583,126.865184827131
광주 남구 정율성로 14,35.1372152782711,126.917529746107
광주 북구 서하로 129,35.187650174843,126.894616549962
광주 동구 무등로 423,35.1584164710708,126.928156029138
광주 광산구 수완로74번길 11-68,35.19359518412,126.830802287509
광주 서구 계수로59번길 4-22,35.1605699654616,126.858503358837
광주 남구 송암로24번길 4,35.108040043639,126.879753036621
광주 광산구 하남마항로12번안길 6,35.1808754608918,126.800268086319
광주 남구 서문대로654번길 7,35.1175860689709,126.899688013777
광주 북구 본촌택지로29번길 9,35.2168373461254,126.879103494424
광주 광산구 첨단내촌로11번길 16-6,35.2087708304925,126.835933138792
광주 북구 반룡로28번길 12,35.1784967060918,126.900780992729
광주 광산구 내상로 90,35.135768340149,126.801688970483
광주 광산구 송도로85번길 56-27,35.1285840015089,126.78618864411
광주 서구 상무오월로3번길 28-16,35.1576786122316,126.860625082509
광주 북구 설죽로 330-1,35.1888883820576,126.899513722476
광주 남구 대남대로171번길 20,35.1318462000712,126.906456566647
광주 동구 구성로148번길 10,35.1492569309344,126.911153831875
광주 남구 광복마을1길 4,35.1183629397307,126.897727136935
광주 광산구 장덕로40번길 42,35.1933916351111,126.814124004114
광주 광산구 하남산단천변우로 34,35.2094022194333,126.813805495665
광주 동구 백서로125번길 27,35.1442135906372,126.917730198227
광주 동구 백서로125번길 3,35.1422304223284,126.918811202251
광주 북구 무등로111번길 30,35.168680045287,126.897556272625
광주 광산구 광산로 47,35.1397976157918,126.796476573303
광주 북구 동림용산로 31-13,35.1873473124214,126.866463350552
광주 서구 금화로85번길 26,35.1346695469407,126.857884248444
광주 광산구 신창로106번길 31-10,35.194648280448,126.839918754294
광주 광산구 신창로72번길 10-21,35.1913426531094,126.838287911489
광주 광산구 사암로340번안길 20,35.176106411288,126.811125340838
광주 광산구 송정로51번길 12,35.1356356966046,126.796867674659
광주 서구 금화로73번길 6-6,35.1327787533915,126.857113235298
광주 북구 우치로100번길 17,35.1765827547661,126.913462634588
광주 광산구 사암로130번길 98,35.1556535196462,126.812740090897
광주 서구 염화로 132-1,35.1430141302021,126.879016110999
광주 북구 문산로 100,35.1897653147213,126.92664782906
광주 광산구 풍영로 214,35.1904312581772,126.81449483664
광주 서구 상일로54번길 9-3,35.1603921981677,126.864236860838
광주 서구 천변우하로 499,35.1700655710754,126.873996525425
광주 북구 매곡로86번길 11,35.1926835688539,126.89343704478
광주 북구 자라봉로 49,35.2078551417751,126.879224215169
광주 남구 구만산길 31,35.0928956365649,126.844913167462
광주 서구 마륵로 92,35.1454645931298,126.841653832679
광주 서구 죽봉대로78번길 10,35.1598227717699,126.884449333047
광주 서구 내방마을2길 5,35.1550195105687,126.874650025311
광주 광산구 진곡산단2번로 58-5,35.1998735672465,126.79155851478
광주 서구 쌍촌로 8,35.1456085572199,126.865297780405
광주 서구 상무오월로15번길 12,35.156645253205,126.861217643643
광주 동구 지호로 151,35.1495290972964,126.944726396474
광주 남구 금화로394번길 12,35.1412772646318,126.889357418214
광주 동구 충장로22번길 9-1,35.1510402989766,126.91057627975
광주 동구 충장로안길 24,35.1477196503605,126.915811583766
광주 서구 죽봉대로119번길 23,35.1648336477821,126.881231547629
광주 북구 참판로176번길 4-4,35.1733418034493,126.933865812
광주 북구 동문대로85번길 8,35.1717921247829,126.922929383849
광주 북구 서암대로 171,35.1693099086566,126.903025089648
광주 동구 제봉로 72,35.1447236129719,126.921724322038
광주 동구 동명로 4,35.1496588454355,126.922580313556
광주 광산구 장신로 181-3,35.1913901877829,126.829954706344
광주 서구 화운로 205,35.1573231417883,126.87660789855
광주 광산구 송도로320번길 16-34,35.1398058714314,126.802390558356
광주 서구 풍금로177번길 9,35.1315272761918,126.858397487572
광주 북구 저불로69번길 29,35.1804901003016,126.892185167295
광주 서구 금화로73번길 6-49,35.1331313666059,126.857572789633
광주 북구 저불로 24,35.1765375376345,126.895446993709
광주 동구 구성로204번길 28,35.1517054075684,126.916636720176
광주 남구 용대로53번길 8,35.121309715796,126.916994400983
광주 광산구 수완로 58,35.1902126544597,126.828991049362
광주 광산구 도천남길 38-79,35.2047502329671,126.816030799792
광주 남구 백서로 59,35.1381918347139,126.914694158431
광주 광산구 수완로74번길 30-4,35.1913791821801,126.83046255111
광주 북구 서하로 249-7,35.1874923409459,126.907636808136
광주 북구 서하로214번길 25,35.1860100823733,126.90418200708
광주 서구 하남대로734번길 1,35.1711331799078,126.873000232824
광주 광산구 첨단중앙로124번길 45,35.216680230105,126.844717955473
광주 서구 풍암2로57번길 7,35.1231201656278,126.882330073808
광주 북구 대자실로 7,35.1777828488725,126.873603238292
광주 광산구 월곡반월로48번길 14,35.1690384850383,126.813665280563
광주 서구 상무민주로76번길 1,35.1573199193202,126.859573815938
광주 광산구 첨단중앙로106번길 42,35.2146217120754,126.845411062814
광주 서구 대남대로462번길 13-1,35.1521015309742,126.887305431061
광주 북구 양산택지로 35,35.209527210947,126.879376590729
광주 북구 서하로 266,35.1868669992691,126.909572513942
광주 광산구 임방울대로826번길 19-19,35.2167809291143,126.849732433772
광주 광산구 신창로138번길 15-5,35.1970180123222,126.839906967877
광주 광산구 장덕로40번길 13,35.1946466608306,126.813701585606
광주 남구 군분로 80-1,35.14037450661,126.891804321575
광주 서구 월드컵4강로81번길 5,35.1438379607615,126.873270457603
광주 광산구 수등로243번길 7,35.1853899452992,126.835223243456
광주 북구 용봉택지로 68,35.1781806326473,126.893906080256
광주 서구 동천로10번길 6,35.16942272849,126.860590007384
광주 북구 호동로15번길 9,35.1756672336396,126.914204718138
광주 서구 운천로17번길 8,35.1342771032076,126.858354323869
광주 남구 금화로364번길 4,35.1404930158999,126.885790904065
광주 광산구 하남대로 145,35.1803080548895,126.809555805103
광주 서구 시청서편로12번길 13,35.1602236374079,126.846987216727
광주 광산구 신가삼효로 20-22,35.1854098766162,126.834504399616
광주 남구 백운로 40,35.1371374816325,126.907644997785
광주 남구 포충로 7,35.0545263327743,126.781063629367
광주 남구 효천중앙로 62,35.1022045375111,126.87532561176
광주 동구 지호로 36,35.1478754291537,126.932722837745
광주 서구 상무대로967번길 27,35.1541540635518,126.86748636644
광주 남구 효덕로 105,35.0964695813066,126.907299240445
광주 북구 동문대로112번길 15,35.1734311383996,126.926235367253
광주 광산구 장신로19번길 6,35.1915382208754,126.812569841182
광주 북구 우치로110번길 16,35.1772846092896,126.91316603239
광주 광산구 임방울대로826번길 7-4,35.2169702502772,126.84896588426
광주 광산구 첨단중앙로152번길 6-33,35.2186272018261,126.845678058531
광주 남구 중앙로 128,35.1462529841748,126.910934656145
광주 남구 서동로 14,35.1455877436092,126.904040000315
광주 북구 자산로 93,35.1669710070245,126.901834044722
광주 동구 제봉로200번길 1-4,35.1542063312472,126.915997512541
광주 북구 면앙로6번길 60,35.1776979061926,126.913200722814
광주 남구 광복마을길 129,35.129286380162,126.89611832074
광주 남구 대남대로107번길 16,35.1326432224343,126.913420055827
광주 북구 동문대로112번길 4,35.1729682685099,126.925608422971
광주 북구 임방울대로1041번길 16,35.2141037840247,126.871711157037
광주 동구 백서로 161,35.1434222627545,126.922622212662
광주 남구 진제길 11,35.1137692385708,126.901671922454
광주 서구 풍암신흥로 94,35.1249155884289,126.869137702105
광주 동구 필문대로287번길 15-20,35.1459548897729,126.929226396772
광주 북구 호동로 52,35.1762128320188,126.91745777617
광주 서구 운천로56번길 10,35.1375893718708,126.860402129527
광주 북구 태봉로 72,35.1629061045418,126.906562939147
광주 북구 양산택지로 57,35.2114549227658,126.880458604921
광주 남구 봉선1로37번길 21,35.1299592078701,126.908958624703
광주 북구 저불로31번길 4-1,35.1774508594449,126.894692289676
광주 남구 회서로22번길 15,35.1298830723935,126.892387191552
광주 남구 대남대로 41,35.1366448297887,126.919713208502
광주 동구 천변우로 359-1,35.1486265560075,126.91083593607
광주 북구 저불로 48-13,35.178872618887,126.896845268845
광주 북구 설죽로471번길 5,35.2008900975734,126.898657012111
광주 동구 구성로 266,35.1575996554159,126.919410118697
광주 서구 경열로26번길 5,35.1513689378377,126.888804030062
광주 광산구 본안길 2,35.2167876712816,126.803964906057
광주 서구 상무오월로3번길 11-1,35.1566616689895,126.859662200485
광주 서구 월드컵4강로71번길 11,35.1431845596264,126.872836153138
광주 북구 연양로 112,35.2060848261255,126.879434943824
광주 광산구 소촌로 143,35.1573846439809,126.791478505708
광주 북구 대자실로 9,35.177925482944,126.873641111611
광주 광산구 첨단내촌로70번길 42,35.2130835090292,126.838672372711
광주 북구 천변우로257번길 16,35.1553137856208,126.903812920669
광주 남구 포충로 32,35.0558691512188,126.78349837711
광주 동구 장동로 23-3,35.1482844984997,126.924369524217
광주 동구 남문로 671,35.1305979409948,126.929101771213
광주 광산구 월곡산정로 96-21,35.1644043661191,126.813098277934
광주 북구 설죽로217번길 6-6,35.1793865367382,126.897333923697
광주 북구 두암동 396-4,35.1710179273682,126.933543975895
광주 광산구 광산로89번길 15,35.142436618644,126.799831360468
광주 남구 백양로 25-4,35.134058066505,126.904735125494
광주 서구 화운로193번길 36-2,35.1563653360768,126.873010785578
광주 서구 상일로54번길 7,35.1604058237846,126.864089543316
광주 동구 필문대로191번길 13,35.153322371211,126.932918864424
광주 서구 화개2로20번길 8,35.1241698731395,126.858918394791
광주 남구 봉선중앙로 134,35.1328407758764,126.910775246415
광주 서구 상무민주로76번길 21-5,35.1574778973056,126.861741950239
광주 북구 우치로 408,35.2009732898975,126.903170195702
광주 광산구 수완로 170,35.1993886570356,126.828451319022
광주 서구 풍암1로21번길 9-7,35.1258532281399,126.878889214468
광주 서구 금화로492번길 19-1,35.150490486316,126.89302500924
광주 광산구 임방울대로 468-5,35.2016974067752,126.820692225588
광주 광산구 수등로94번길 48,35.1812311481454,126.818729644973
광주 광산구 월곡반월로 26,35.167738315056,126.812812389322
광주 동구 남문로754번길 2-14,35.1375467721006,126.926004624567
광주 서구 발산로25번길 6,35.1580154180461,126.893250033847
광주 북구 서방로39번길 5,35.1732622124652,126.917418165735
광주 광산구 하남대로 126,35.1798245875077,126.807345229761
광주 동구 의재로82번길 9,35.1303990403893,126.935786374801
광주 북구 하백로6번길 3,35.1881704221189,126.89103480138
광주 남구 대남대로237번길 29-1,35.1334159643495,126.896631071418
광주 광산구 임방울대로332번길 35,35.1897492618145,126.825886628402
광주 광산구 장신로 326,35.1926689646565,126.844950098684
광주 서구 마재로 59,35.131217188302,126.864935384807
광주 서구 매월1로 45,35.1134921527928,126.857401513836
광주 동구 독립로368번길 27,35.1629335868167,126.916944889604
광주 북구 면앙로133번길 27,35.1781240436397,126.926812970604
광주 광산구 첨단내촌로11번길 27,35.2089582645006,126.835168503586
광주 동구 동계천로 143,35.1490257893848,126.924968032549
광주 남구 광복마을길 113-1,35.1279034634404,126.896171752231
광주 북구 문산로92번길 28,35.1884908296999,126.927297207435
광주 북구 밤실로 163-11,35.1616236248312,126.934234431445
광주 광산구 왕버들로 222,35.1978217173738,126.833861229368
광주 서구 상무자유로 179,35.1519654090472,126.853870387416
광주 광산구 장신로 77,35.1912522353662,126.818556745748
광주 광산구 하남대로 291,35.179293792489,126.825492300234
광주 북구 설죽로471번길 3,35.2009478108848,126.898796731475
광주 북구 능안로 24,35.1874394814323,126.917309731318
광주 남구 서문대로751번길 13,35.1273353175903,126.896997956874
광주 광산구 수완로12번길 30,35.1860859095768,126.830347394285
광주 서구 금부로85번길 8,35.1402812923118,126.858230901119
광주 남구 대남대로193번길 20-1,35.1314753346346,126.904093095893
광주 광산구 수완로9번길 39-7,35.1860374937925,126.825579003301
광주 동구 필문대로287번길 29-3,35.1448187214463,126.929842894517
광주 동구 중앙로160번길 16-8,35.1471777067151,126.914332297505
광주 북구 동운로201번길 32,35.1747193259453,126.873179191189
광주 동구 동계천로 161,35.1492629061142,126.926832894553
광주 서구 운천로56번길 26,35.1376879068816,126.861990153267
광주 서구 상일로54번길 9-10,35.1606866718147,126.864478168668
광주 동구 증심사길30번길 12,35.1333937316218,126.956471585532
광주 남구 고싸움로 141,35.0804870273542,126.833954602816
광주 동구 필문대로287번길 13-1,35.1453801935918,126.92847914204
광주 북구 탁영로 12,35.1664384654518,126.933833532059
광주 광산구 고봉로 799,35.2196312309864,126.743311885315
광주 광산구 동곡로 151-36,35.098742311981,126.773557351765
광주 광산구 송정로8번길 22,35.1362170296407,126.791585709013
광주 북구 능안로22번길 56,35.1867871909397,126.920161064426
광주 북구 대천로157번길 6,35.188343660175,126.921693492978
광주 서구 회재로 817,35.1176666162381,126.856079810512
광주 북구 송월로 43,35.1876252239595,126.913150531718
광주 북구 서방로19번길 11,35.1738756793168,126.915333559691
광주 북구 중흥로 164,35.161594127141,126.911663421782
광주 북구 서강로 53,35.176639246905,126.870820669409
광주 북구 우치로100번길 9,35.1765147631423,126.912918639709
광주 동구 지산로 7,35.1448456974829,126.930355562254
광주 북구 밤실로208번길 12,35.1654743040662,126.933708632493
광주 서구 금부로95번길 18-1,35.1413589989167,126.859191822475
광주 북구 하서로 421,35.2126654164768,126.874297014674
광주 동구 증심사길30번길 15,35.1335263173689,126.956962848952
광주 북구 서하로 176,35.1871507412064,126.899611931166
광주 북구 무등로218번길 60,35.1629066625473,126.904847920543
광주 북구 오산정길 22,35.1887226071535,126.908835265117
광주 북구 중문로 83,35.1800329011934,126.920603403041
광주 남구 화산로 19,35.1121777821393,126.898926790528
광주 광산구 송정공원로 36,35.1468017061611,126.798623087301
광주 북구 서암대로100번길 25,35.1701699919743,126.894409796973
광주 서구 화운로 308,35.1665233083935,126.877494962293
광주 광산구 사암로216번길 10-17,35.162575596213,126.809793510182
광주 북구 동운로201번길 40,35.1746825209235,126.873754808813
광주 서구 상무대로 749,35.1454836611239,126.845462131637
광주 동구 지호로 60,35.147617490293,126.935261241357
광주 동구 밤실로 36,35.1507428757953,126.937156254321
광주 동구 밤실로 54,35.1522972497106,126.936421730217
광주 북구 동문대로122번길 16,35.1733647156786,126.926692860603
광주 광산구 하남지실안길 59,35.1709164235938,126.790056449707
광주 동구 지산로 86-1,35.1514132100275,126.933264593975
광주 북구 동문대로97번길 85,35.1736901234186,126.920025124366
광주 광산구 수등로258번길 4-2,35.1848353299852,126.836544923378
광주 동구 학소로 92,35.127906413122,126.933620378946
광주 동구 학소로 60-1,35.1253803355158,126.934775489118
광주 북구 일곡마을로 124,35.2076550322591,126.889996773896
광주 동구 운림길 57-11,35.1364917004989,126.943154062017
광주 북구 호동로 16,35.1748722029612,126.914157031861
광주 동구 장동로 47,35.1473630957537,126.926813854085
광주 서구 상무민주로64번길 8,35.1560163913511,126.860212726298
광주 광산구 임방울대로 352,35.1914164128587,126.82439342392
광주 광산구 월곡반월로 79,35.1713429225986,126.812865820404
광주 북구 삼정로 80,35.1689896141154,126.93746131843
광주 북구 용주로30번길 56,35.1805159118071,126.903781922151
광주 광산구 고봉로 234,35.1858514091543,126.785216521436
광주 서구 상무오월로3번길 14-11,35.1569441629974,126.860449522955
광주 남구 진다리로40번길 10-1,35.1358790527987,126.905956875465
광주 광산구 수완로74번길 11-72,35.193760437479,126.830892092752
광주 북구 우치로 36,35.1706621864816,126.9115859961
광주 광산구 수등로 273-17,35.185469661655,126.838326994616
광주 광산구 신창로105번길 34-14,35.1956382220697,126.836400634608
광주 남구 군분로33번길 33,35.1348553426904,126.891466543193
광주 광산구 진곡산단중앙로 226,35.2085050957033,126.781643008891
광주 광산구 임곡로 564,35.2130003482006,126.795179285711
광주 광산구 풍영로101번안길 18,35.1819075016277,126.809895376682
광주 남구 백운로 57-1,35.1383471961131,126.906114569438
광주 남구 광복마을길 105-2,35.1271965548899,126.896208196499
광주 광산구 산정공원로59번길 15,35.1727385342586,126.805398525519
광주 남구 대남대로 234-6,35.1348144859828,126.900467758498
광주 북구 동문대로97번길 76,35.1737202805792,126.920514694437
광주 남구 서문대로 773-6,35.1284926416089,126.896859904575
광주 서구 상무중앙로28번길 18,35.1491240553647,126.850474764449
광주 광산구 선운로20번길 53-3,35.1464153513625,126.77635068466
광주 북구 설죽로 318,35.1877367166503,126.899075083845
광주 북구 비엔날레로 180,35.1829472877902,126.896738127452
광주 서구 월드컵4강로116번길 1,35.1471139889672,126.872270257743
광주 동구 지원로 20,35.1240605138756,126.934527721186
광주 서구 화운로303번길 3-1,35.1661526838102,126.876708938697
광주 남구 천변좌로552번길 22,35.1317240718833,126.922426020988
광주 광산구 산정로 33,35.1697007588603,126.803818487501
광주 북구 금호로6번길 1,35.1699998771122,126.890319742344
광주 남구 하지석길 3,35.0818821695691,126.834483261151
광주 남구 방림로 22,35.1342461807969,126.919801146916
광주 북구 동문대로 87-6,35.1719642716672,126.923193665373
광주 광산구 하남지실길 32,35.1664779184797,126.798305448324
광주 북구 송해로 70-8,35.2046666460008,126.900140235167
광주 서구 내방로 27,35.1594131194996,126.843516591732
광주 북구 죽봉대로 206,35.1718420570346,126.884864617301
광주 북구 양산로 59,35.2104074721141,126.880925908124
광주 북구 밤실로 202,35.1651644690687,126.933310878895
광주 남구 봉선1로 29,35.1279403269107,126.908471765571
광주 광산구 평동산단6번로 126,35.1193904815589,126.77768252819
광주 남구 월산로 73,35.1444870854388,126.898609120443
광주 동구 제봉로194번길 4-4,35.1534168689747,126.916445219516
광주 서구 금화로481번길 6-16,35.1497870811387,126.890720438074
광주 광산구 비아로12번길 36,35.221834508327,126.823288285797
광주 광산구 첨단내촌로 53-12,35.2114152183706,126.836536256693
광주 북구 서방로39번길 60,35.1754517349735,126.918401977793
광주 서구 천변좌로254번길 8,35.1529925765076,126.903100755176
광주 동구 무등로 529,35.1564543065311,126.93742821927
광주 남구 서문대로556번길 27,35.1110159501187,126.89576790284
광주 동구 독립로226번길 21,35.1509109091579,126.910150500795
광주 북구 중흥로 88,35.1636164690366,126.903803585547
광주 북구 독립로349번길 49,35.1627047451301,126.912357775701
광주 북구 중흥로 105,35.1634169920066,126.905744958465
광주 북구 설죽로440번길 9-3,35.198822667353,126.901059355569
광주 북구 설죽로471번길 12-4,35.2012250596497,126.898250069519
광주 북구 설죽로202번길 68,35.1770149993782,126.901262971319
광주 서구 상무대로876번길 19,35.1486848563426,126.857918817608
광주 서구 천변좌하로630번길 3,35.169019564961,126.87923677043
광주 북구 서림로 136,35.1602417947313,126.899598685417
광주 남구 서문대로749번가길 5-1,35.125685867592,126.895996724817
광주 남구 서문대로749번마길 27-1,35.1235389703316,126.894297768432
광주 남구 광복마을5길 12,35.1239978579836,126.895863160646
광주 광산구 왕버들로 265,35.1962239111847,126.837665741385
광주 광산구 임방울대로215번길 5-8,35.180119173726,126.816949768149
광주 동구 필문대로187번길 1-1,35.1541726393787,126.932783174716
광주 광산구 선운로2번길 9,35.14756004923,126.770836065892
광주 동구 제봉로 183,35.1526412079308,126.91691068287
광주 서구 금부로 109,35.1399724000709,126.860800552043
광주 서구 경열로14번길 3-2,35.1522722945714,126.887938105665
광주 동구 동계천로 126-5,35.1496859284968,126.923498291536
광주 광산구 수완로50번길 44-3,35.1886324656926,126.830963434799
광주 남구 대남대로293번길 2,35.1383896005261,126.895378491634
광주 광산구 광산로45번길 12,35.1401497078252,126.796167025308
광주 서구 상무민주로 115-1,35.1609385096249,126.859258846517
광주 북구 하서로483번길 8,35.2180554828873,126.876476075172
광주 광산구 하남대로54번안길 42,35.177329706007,126.797874326397
광주 남구 금화로394번길 11-1,35.1413435015499,126.88954058132
광주 서구 시청로56번길 18,35.153266146446,126.853858074689
광주 북구 태봉로 66,35.1625918725048,126.905956760739
광주 동구 제봉로212번길 2-8,35.1543927145471,126.915324225908
광주 북구 저불로69번길 7-6,35.18036025272,126.894169914865
광주 광산구 사암로106번길 46,35.1534809731794,126.809730721031
광주 광산구 사암로130번길 97,35.1559402890589,126.812828991121
광주 서구 상무번영로 14 1층,35.1510147145201,126.853248734905
광주 광산구 장신로20번안길 52-2,35.190438865414,126.812702696113
광주 광산구 첨단내촌로35번길 30,35.210171303303,126.835500358124
광주 광산구 하남대로54번안길 42-3,35.1775209144689,126.797623004397
광주 광산구 하남울로12번길 11 1층 짬뽕에 미치다,35.1815356896326,126.803233548029
광주 광산구 임방울대로 507 짬뽕지존 수완점,35.204930412804,126.819443851673
광주 광산구 임방울대로165번길 69-7 짬뽕천하,35.1759292414681,126.813534290945
광주 서구 상무대로868번길 3-8,35.149482472974,126.857460790352
광주 서구 풍암2로57번길 12,35.1231254783006,126.882976244695
광주 북구 양산택지로 61 1층,35.2117277434574,126.880622725541
광주 북구 우치로27번길 38 1층,35.1706937952076,126.909111050974
광주 서구 치평로 18 광주사우나1층 짱뚱어와해물나라,35.1487205120861,126.847720977944
광주 광산구 첨단중앙로106번길 36,35.2146562562066,126.845076013758
광주 광산구 장덕로40번길 7 1층,35.1948101247824,126.813674639877
광주 광산구 송정로 44 1층 쫄깃한족,35.1353097211341,126.795662399053
광주 북구 우치로110번길 57,35.1775897389425,126.915488781367
광주 북구 호동로43번길 43,35.1759683020755,126.914353591096
광주 남구 진월동 318-11,35.12579257631,126.896508282776
광주 북구 용봉택지로 92 1층,35.178213417421,126.896481955699
광주 광산구 용아로399번길 22,35.1781773658488,126.803921737607
광주 북구 저불로69번길 7-6 1층,35.18036025272,126.894169914865
광주 남구 봉선중앙로131번길 23-2,35.132710520709,126.907872949045
광주 서구 금화로73번길 10-5,35.1333206696425,126.857127649568
광주 광산구 용아로400번길 17 1층 쭈사장,35.1789287236713,126.805816755646
광주 서구 상무중앙로72번길 13,35.1535309238228,126.849915655234
광주 서구 원마륵1길 12-11,35.1451298889468,126.836407287915
광주 남구 회서로11번길 13-1,35.1323088027576,126.894415357361
광주 북구 면앙로133번길 73 1층,35.180020366666,126.927644862048
광주 서구 풍금로27번길 4-17,35.1223524941445,126.863200965894
광주 북구 설죽로214번길 71 1층,35.1779938671178,126.901699486206
광주 북구 우치로231번길 16,35.1853537255968,126.904651806034
광주 북구 문산로 42,35.1854338400408,126.923282331627
광주 북구 하서로483번길 2 1층 111호,35.2178919418587,126.877594224447
광주 광산구 선운중앙로 52,35.1479162185675,126.777533425062
광주 광산구 무진대로 279 상가동 115호,35.1618891989559,126.810878874726
광주 남구 광복마을3길 15 1층 찡케이크,35.1195457554624,126.89650488427
광주 동구 동계천로 45,35.1547649866918,126.917164790462
광주 광산구 동곡로 284,35.1076631770725,126.779401471922
광주 서구 내방로 308,35.1574405679467,126.874220796255
광주 광산구 임방울대로800번길 48,35.215318452622,126.845691130395
광주 동구 의재로 100,35.1319489600788,126.9384397145
광주 북구 설죽로471번길 82-7,35.2014883764947,126.897432842027
광주 동구 장동로43번길 14,35.1486023605438,126.926488457081
광주 광산구 신창로138번길 13,35.196925537137,126.839773404636
광주 광산구 무진대로231번길 30-8,35.1633117932539,126.806585332478
광주 북구 일곡택지로99번길 33 / 1층 차차룸,35.2101108946084,126.89103701512
광주 서구 상일로54번길 3-10,35.1607215335672,126.8637363652
광주 북구 설죽로471번길 53,35.2009623135797,126.894147260101
광주 북구 안산로 8,35.1878301074411,126.902610795248
광주 광산구 선운로2번길 67-1,35.145997291691,126.776541126777
광주 서구 상무대로916번길 18 착한참치,35.1494075195015,126.862487038846
광주 동구 중앙로160번길 31-7,35.1467624742519,126.916171856572
광주 북구 군왕로 143-1,35.1741621191126,126.932702616679
광주 동구 학소로 126 1층,35.1307748969998,126.9324477986
광주 서구 화정로 249-1,35.1475702395687,126.883992575862
광주 광산구 비아중앙로 24-2,35.2211684521687,126.824867023513
광주 북구 동문대로 19-1,35.1666531202892,126.919326656762
광주 북구 호동로63번길 73 1층,35.1768649986925,126.913882902341
광주 광산구 첨단강변로87번길 5 야스텍타워 112호,35.2143142061731,126.85200288695
광주 광산구 선운로2번길 5,35.147802740826,126.770288987005
광주 남구 중앙로 62,35.1432061744598,126.905080556607
광주 남구 봉선로19번길 4-1 1층 참맛꼼바다장어,35.1314219662736,126.903289467659
광주 북구 첨단벤처로 94,35.229954511539,126.85871749263
광주 북구 중흥로 151-12,35.1626834716019,126.910506352404
광주 서구 쌍촌로20번길 11 1층,35.1468298102964,126.866273656858
광주 동구 중앙로196번길 23-12,35.1496749524656,126.918417292399
광주 북구 동문대로167번길 27,35.1777776439498,126.926948531467
광주 남구 천변좌로 416,35.1423473012457,126.915474966669
광주 북구 연양로 149,35.2046967584968,126.882382625443
광주 북구 우치로347번길 12-8,35.1965024864649,126.902832246807
광주 서구 화정로 311,35.1505670522852,126.889850876854
광주 광산구 수완로 18,35.1866998869257,126.829111276122
광주 광산구 수등로76번길 41 참술맛,35.182228377296,126.817270118408
광주 동구 의재로 47,35.1325690175985,126.932855683858
광주 북구 송강로 379,35.1818018737626,126.999205803756
광주 광산구 첨단중앙로152번길 31-5 1층,35.2194815270327,126.843730785676
광주 북구 밤실로 193-4,35.1645392570266,126.933257056403
광주 서구 금화로73번길 34-14,35.134972872595,126.857591746909
광주 북구 양산택지로37번길 48,35.2102028765531,126.874946689524
광주 북구 저불로73번길 27,35.1810139488344,126.893898226772
광주 북구 군왕로 185-1,35.1778010314662,126.934093729099
광주 동구 남문로 752-3,35.1370957515709,126.925451242944
광주 북구 송해로39번길 18-16,35.2025561345663,126.899385098867
광주 광산구 첨단중앙로182번길 46,35.2216322806161,126.846228490388
광주 서구 천변우하로 297 1층,35.1654954614291,126.854190630291
광주 광산구 첨단내촌로70번길 27,35.2132860927429,126.837967529882
광주 남구 봉선로 20 1층 참좋은참치,35.1314021749881,126.9025500957
광주 광산구 사암로171번길 80,35.1602915576916,126.803303050701
광주 서구 상무오월로3번길 22 참참생돈구이,35.1573991000649,126.8599210503
광주 북구 저불로39번길 7-2 참치마루,35.1778614987161,126.894360220755
광주 광산구 장신로19번길 8,35.1917431176314,126.812582217192
광주 광산구 사암로 398 1층,35.1798098771358,126.808527415455
광주 광산구 첨단내촌로57번길 14-1 1층,35.2116181398525,126.836223063885
광주 서구 하남대로 690 sm빌딩 2층,35.1714785716719,126.868183092569
광주 광산구 풍영로101번길 22 상가1동 1층 109호,35.1814519344181,126.811727556887
광주 광산구 수등로76번길 39-6,35.1821826515609,126.817431497738
광주 서구 상무중앙로38번길 6 보성빌딩1층,35.1501667245708,126.849218703111
광주 광산구 목련로153번안길 54 1층 39콩나물,35.1749335316312,126.813838890843
광주 서구 월드컵4강로28번길 51 1층,35.1410201969605,126.88172372906
광주 광산구 장신로 62,35.1905626905959,126.816933375264
광주 서구 금화로85번길 16-7,35.1339022784902,126.858244592536
광주 서구 금화로492번길 18-1,35.1502770562062,126.893038677357
광주 광산구 비아안길 118,35.2213820180894,126.822662960691
광주 동구 필문대로287번길 18-1,35.1450988619908,126.928756913683
광주 광산구 신창로106번길 15,35.1946266280528,126.838681089438
광주 북구 천지인로 103,35.1842738767221,126.91003913888
광주 북구 서강로62번길 47,35.1771293190548,126.873817991998
광주 북구 일곡택지로 85 1층,35.2093824395637,126.894104264527
광주 동구 학소로 132-1,35.1313663044674,126.932326948621
광주 북구 두리봉길 45 1층,35.1795994625597,126.932699013658
광주 동구 서남로33번길 14,35.14525917449,126.926131414703
광주 광산구 첨단강변로99번길 46,35.2157690637124,126.850088177842
광주 북구 우치로 144,35.1802038076084,126.912380384627
광주 북구 대천로 16,35.1849508920582,126.908365400817
광주 북구 하서로 335,35.2049603744578,126.873328437164
광주 북구 삼정로 127,35.1715261774074,126.934991794347
광주 북구 본촌택지로30번길 27,35.2148459387275,126.882435753748
광주 남구 구성로78번길 2,35.1488747920878,126.903541533153
광주 동구 제봉로17번길 9,35.1395947043588,126.921757652069
광주 북구 서방로39번길 3,35.1731639425749,126.91738599127
광주 서구 죽봉대로 42-2 금호월드 사거리,35.1571907031385,126.883404470573
광주 서구 상무중앙로 6-22,35.1478109390687,126.849734330904
광주 서구 내방로398번길 5,35.1575358163528,126.884232400661
광주 동구 동계천로 167-7 1층,35.1494852960725,126.927623614336
광주 서구 화개1로 10,35.1249688476246,126.854876720877
광주 남구 봉선로 205 플러스존,35.1227878710397,126.917665187908
광주 동구 갈마로 58 보광빌딩,35.1615721849444,126.936827318777
광주 북구 경열로 230-1,35.1598741655389,126.907100045307
광주 동구 경양로 234 118동 상가 1층 710호,35.1575960732686,126.915734679338
광주 북구 북문대로 133 주동 1층 104호,35.1808850171783,126.873489419171
광주 동구 필문대로 308 101호,35.1444604363879,126.925621423191
광주 남구 봉선로 158 남양빌딩 104호,35.1226860747399,126.912348880505
광주 남구 대남대로107번길 3,35.1337916618495,126.913563782981
광주 서구 상무화원로32번길 21-10,35.1460713255503,126.845373668944
광주 북구 일곡마을로 158 1층,35.210036450176,126.891345941143
광주 북구 생용길 34 채움늘,35.2310917437874,126.90126769209
광주 북구 하서로 441-1,35.2144438456352,126.875317563402
광주 동구 제봉로 100-1 2층,35.1473869417069,126.922122214335
광주 남구 제중로 42,35.1382711487272,126.914175171593
광주 북구 양산택지로 119,35.2160500150699,126.881656512652
광주 광산구 송도로 319,35.1412882404467,126.801778073267
광주 광산구 장덕로39번길 14,35.1957339286633,126.814090009642
광주 남구 광복마을길 103,35.1269489627624,126.896222883008
광주 광산구 월곡중앙로13번길 14-17,35.1684236757926,126.810070779652
광주 광산구 하남산단6번로 57 A동 3층 308호,35.2025094402179,126.801128239251
광주 서구 화운로156번길 23-2,35.1532710462152,126.879349380064
광주 광산구 장신로19번안길 11-1,35.1913752629692,126.811876613412
광주 서구 쌍촌로28번길 1 구어조은닭간판,35.1475017473962,126.865110516473
광주 광산구 임방울대로800번길 27 1층,35.2160724176457,126.846246554769
광주 서구 상무연하로 47 2층,35.1525234931758,126.849931004111
광주 북구 안산로 64 1층,35.1930561887277,126.902308533663
광주 북구 동운로 101,35.174626965305,126.862228764368
"광주 광산구 용보로27번길 46 1층 송정동, 송정동라인1차아파트",35.1372521919335,126.803145283742
광주 남구 봉선중앙로91번길 9,35.1290421520724,126.909791400028
광주 남구 고싸움로 156-1,35.0815832589833,126.833090297542
광주 광산구 신창로36번길 18,35.1884389612219,126.838100424702
광주 광산구 사암로106번길 99-15 1층 천자문,35.1543691191854,126.812763227835
광주 북구 서하로257번길 2 1층,35.187299515462,126.909032068172
광주 동구 동명로 45-1,35.1517192957854,126.92550353558
광주 서구 풍금로 67,35.1239816480171,126.860614818084
광주 서구 매월1로 40,35.1138483551919,126.856166163468
광주 서구 월드컵4강로229번길 8-1,35.1565709183444,126.868266519956
광주 북구 운신남길 124,35.17203215652,126.881503088252
광주 남구 회재로 1216,35.1330164064778,126.893937706129
광주 북구 서림로 107,35.1622368898537,126.897905486988
광주 북구 면앙로139번길 31,35.1779917443579,126.927898168979
광주 북구 서림로 105,35.162345749619,126.897769687118
광주 북구 서방로73번길 9-2,35.1723792186043,126.920893512048
광주 북구 반룡로 21,35.1792767614548,126.900368028691
광주 남구 백운로 100,35.1423803904015,126.906879390386
광주 광산구 사암로216번길 30 1층 철길부산집 광주하남점,35.1632472500948,126.810171721114
광주 동구 구성로 186-1,35.1522785091619,126.913572880601
광주 북구 송해로 66,35.2043157042669,126.899867220864
광주 남구 서문대로 745,35.1257896522391,126.897309398534
광주 북구 용주로30번길 55,35.1808156019541,126.903654986615
광주 광산구 장신로64번길 11 101호,35.1901222074405,126.817297024738
광주 남구 금화로 400,35.1422873793516,126.889312048216
광주 서구 상무버들로54번길 17,35.1651235993753,126.85871093902
광주 서구 개산길 33,35.1143330978222,126.847098177933
광주 북구 첨단연신로107번길 5-22,35.2069553278147,126.862416664704
광주 광산구 첨단내촌로 58,35.2118596872755,126.837348963439
광주 광산구 첨단중앙로152번길 17-3,35.2193041061785,126.843006860994
광주 북구 연양로7번길 35-8,35.2078556870253,126.867672303661
광주 광산구 임방울대로800번길 11-4,35.2168239841559,126.846476007775
광주 광산구 첨단내촌로70번길 104,35.2130767693712,126.84217569687
광주 광산구 첨단중앙로182번길 24-3,35.2214231481049,126.844169059216
광주 서구 상무민주로 78,35.1575105003442,126.859602902462
광주 광산구 임방울대로800번길 82 1층 104호 첨단대패삼겹,35.2137917790863,126.845717632727
광주 광산구 월계로 124,35.2134263785241,126.839007771168
광주 서구 유림로 49,35.1668806607143,126.863386255053
광주 북구 북문대로 239,35.1866390945671,126.865871187772
광주 북구 군왕로 192 1층,35.1780421488747,126.934768032128
광주 광산구 풍영로230번길 4,35.1919265079461,126.814491328166
광주 광산구 임방울대로826번길 7-4 1층,35.2169702502772,126.84896588426
광주 광산구 첨단중앙로152번길 17-7,35.2196321227267,126.843018750816
광주 광산구 첨단중앙로152번길 76 1층 첨단섬진강추어탕,35.2187884928348,126.84627592143
광주 광산구 임방울대로801번길 35-4,35.2197912637864,126.845371055798
광주 광산구 첨단월봉로 58,35.2058421759398,126.845186541327
광주 광산구 첨단중앙로152번길 31 109호,35.2193358497656,126.844275526809
광주 북구 양일로 54 103호,35.1974272870694,126.870570677358
광주 광산구 월계로 92-1,35.212959607649,126.835947665933
광주 광산구 첨단중앙로152번길 5-8,35.2196174917123,126.842787900864
광주 광산구 산월로41번길 8-12,35.2091278406255,126.842436810747
광주 북구 무등로 1518,35.145976199954,126.986884168521
광주 서구 상무버들로54번길 40,35.1663290848161,126.858102069354
광주 서구 월산로165번길 8-8,35.152453092873,126.894239426078
광주 광산구 사암로172번길 64,35.1591657754572,126.811418153333
광주 서구 시청서편로4번길 13-9,35.1595925364644,126.847011227934
광주 광산구 지로길 51,35.1412986460892,126.768549466022
"광주 북구 하서로 428 201호, 202호, 203호",35.2129232234945,126.875188204149
광주 남구 제중로 49,35.1388549542811,126.913657845641
광주 남구 금당로 2,35.1179854786845,126.897870548875
광주 서구 풍금로171번길 5 1층,35.1309362364709,126.858770016476
광주 서구 상무중앙로 95 1층,35.1554760859773,126.847771058748
광주 남구 제중로46번길 8-1,35.1386138388177,126.914674515707
광주 북구 하서로 424,35.2126386138006,126.875049268008
광주 광산구 첨단중앙로182번길 24-6,35.2213857423324,126.843749652746
광주 광산구 임방울대로826번길 60-1 1층 청년연어 첨단점,35.2145925853574,126.848466495352
광주 북구 밤실로 188 청년통닭,35.1641476144236,126.933910684802
광주 광산구 소촌로 100 109동 지하1층 B1-113호,35.153438973099,126.793123163434
광주 북구 첨단연신로108번길 116,35.2096890574938,126.864674318175
광주 남구 대남대로389번길 5,35.1453284267832,126.88954693935
광주 북구 동문대로86번길 19,35.1711034885356,126.92450548402
광주 광산구 장신로147번길 6-5,35.1913820143005,126.827110262284
광주 북구 중흥로 78,35.16391874772,126.902628990323
광주 서구 염화로160번길 11,35.142615682222,126.882635284786
광주 서구 화개중앙로 61,35.1250568245614,126.855256820648
광주 남구 봉선중앙로 15 청담동마녀김밥,35.1226038445659,126.91256289737
광주 광산구 수완로52번길 48 1층 청담이상 수완점,35.1901679033974,126.831467410345
광주 북구 양산제로137번길 21,35.2044141835496,126.870290321456
광주 광산구 첨단중앙로152번길 6-23  101호,35.2186278329612,126.844691400301
광주 남구 봉선중앙로91번길 9-7,35.1287826400431,126.910021320429
광주 광산구 사암로 26,35.1465707695382,126.807661653944
광주 광산구 평동로 415,35.1228781847349,126.721592309352
광주 북구 서암대로 169,35.1693042705364,126.90285056245
광주 동구 동계로 16-19,35.1532250518164,126.925264887574
광주 동구 지원로12번길 5,35.123547825289,126.933877780346
광주 광산구 산월로3번길 46,35.2110169670667,126.837851230005
광주 동구 학소로 98,35.1285185773983,126.933379057756
광주 동구 밤실로 20-1,35.1494470673094,126.937133107094
광주 북구 설죽로320번길 24 1층,35.1878599978477,126.901453743135
광주 광산구 하남대로 143,35.1803419661795,126.809339560464
광주 북구 설죽로217번길 34-18,35.180006172811,126.89413875599
광주 광산구 사암로390번길 37 109호,35.1792794836688,126.809762949515
광주 광산구 도산로12번길 17-32,35.1301687143733,126.792795609603
광주 북구 천변우로79번길 83,35.1662034101807,126.89107717304
광주 광산구 사암로172번길 62,35.1592162359259,126.811292366208
광주 동구 증심사길30번길 10-1,35.1334507284605,126.9563063144
광주 북구 양산택지로 102-1,35.214777818986,126.882923940475
광주 북구 대자로 78 1층,35.1731166680193,126.880950115685
광주 남구 월산로 17,35.1397818408389,126.900731319358
광주 서구 동천로10번길 34,35.1693438337338,126.861984217746
광주 서구 금화로 240 월드컵경기장 모아레포츠타운 1층,35.1336537390124,126.874829477436
광주 서구 화개중앙로87번길 12,35.1270108592534,126.851725874461
광주 서구 천변좌로 42,35.1641795263805,126.885915200588
광주 서구 내방로306번길 9,35.1567240531215,126.874023905044
광주 북구 설죽로315번길 40 1층,35.1891266052056,126.894836652008
광주 광산구 비아안길 76-15 1층 102호,35.2204807393202,126.820691343414
광주 광산구 임방울대로215번길 2,35.1807826970959,126.817272036608
광주 북구 하서로423번길 52 1층,35.2135962623187,126.87190876957
광주 남구 봉선중앙로 68,35.1269938353631,126.911424980559
광주 서구 월드컵4강로 181,35.1523643000863,126.869290435102
광주 동구 제봉로 25,35.1409787062492,126.921417366454
광주 북구 첨단벤처로108번길 4 청자다방 광기술원점,35.2311192183081,126.859168396875
광주 광산구 도산로 15,35.129553609113,126.791158446798
광주 북구 북문대로242번길 5 1층 청자다방,35.1877430042149,126.865889685786
광주 북구 면앙로 52 1층 청자다방 문흥2호점,35.1789443915947,126.917719920593
광주 서구 운천로 247,35.1546189362755,126.854406600386
광주 광산구 수등로123번길 21,35.1856820700534,126.822279316257
광주 광산구 첨단중앙로182번길 24-12 1층 청자다방,35.2208594077269,126.843721224674
광주 북구 서하로 175,35.1874478318118,126.899834447878
광주 광산구 임방울대로 142-12 상가동1층126호,35.1720067229744,126.819486369977
광주 북구 일곡마을로 21,35.2057384573365,126.89885294552
광주 광산구 풍영로330번길 34 수완신안실리밸리,35.2003649226101,126.81688722474
광주 광산구 첨단강변로99번길 23,35.2154147024027,126.851297856785
광주 광산구 손재로110번길 42,35.175953994571,126.799300021932
광주 북구 서방로 78,35.1714806429631,126.921012827115
광주 동구 동명로67번길 22-26,35.152760527499,126.92725075512
광주 서구 내방로 29 3층,35.1594338244313,126.843775577176
광주 서구 운천로113번길 9,35.142548267363,126.856665130025
광주 북구 동문대로204번길 7,35.1804538021261,126.930681453648
광주 북구 동운로 172,35.1732440860663,126.869121892904
광주 동구 제봉로138번길 14-1,35.1505368879062,126.922622392026
광주 광산구 수완로74번길 41,35.1918284573011,126.83120133988
광주 북구 반룡로27번길 20,35.1798862926942,126.90151189254
광주 서구 마륵로 134,35.1466217327755,126.846039403224
광주 광산구 내상로 43,35.1382165496785,126.797667324442
광주 서구 치평로 112 1층105호 청진동해장국,35.157258227425,126.847678838586
광주 북구 신임로 12-1,35.1647461575842,126.898197615339
광주 동구 서남로 31,35.14454359537,126.92526876413
광주 광산구 평동로 801,35.1247132571641,126.76194963704
광주 서구 금화로85번길 30-11 1층,35.1351965980938,126.858290079033
광주 광산구 수등로94번길 48 1층 청춘치킨,35.1812311481454,126.818729644973
광주 북구 설죽로 495-8,35.2034390450768,126.897280271508
광주 서구 치평로 21 금호3차아파트,35.1491788236616,126.847195883595
광주 북구 저불로69번길 13 1층,35.1805466658235,126.893875340066
광주 동구 필문대로287번길 15-15 2층,35.1459809242041,126.928892988847
광주 광산구 광산로 24-3 1층,35.1383731391156,126.794679920729
광주 북구 매곡로 59,35.190144964882,126.893403686945
광주 동구 중앙로196번길 31-12 1층청춘뚝배기,35.148991104522,126.919246420855
광주 북구 필문대로11번길 12,35.1650624332149,126.921291138313
광주 광산구 월곡중앙로1번길 8-1 1층 청춘뼈해장국,35.166565221352,126.810104737528
광주 서구 천변좌로 12-14,35.1598932539792,126.89136184408
광주 남구 봉선중앙로123번길 10 1층,35.1320807751653,126.909597904554
광주 북구 반룡로 7 청명개발,35.179571510078,126.89885166811
광주 남구 금당로 12-1 1층,35.1183054053836,126.896738142044
광주 남구 대남대로372번길 1 청춘을돌려다오,35.1446349556228,126.891684008826
광주 광산구 임방울대로 360 106호,35.1920239233668,126.824392226524
광주 광산구 풍영로 47,35.1761865428224,126.811473154437
광주 광산구 풍영로330번길 15,35.2020358522721,126.815701220801
광주 서구 칠성로4번길 7-8 청출어람,35.1659685815871,126.858367229689
광주 동구 서석로7번길 17 2층 청킹맨션,35.1464176225036,126.913618034601
광주 북구 면앙로32번길 8,35.1793184795323,126.915530136893
광주 북구 밤실로 194,35.1645529041371,126.933651864157
광주 동구 구성로204번길 26-1,35.1517538421096,126.916551507739
광주 북구 장운길 6,35.1965206512125,126.935433403911
광주 서구 풍금로 155,35.1305294022661,126.858727929031
광주 남구 백운로 54,35.1381756155902,126.906631585051
광주 서구 구성로 107,35.148755757676,126.90669467517
광주 북구 자미로 38,35.1693237031034,126.903821123642
광주 서구 계수로73번길 4-1,35.1606258971595,126.858775791148
광주 남구 서문대로701번길 6,35.1224419648697,126.897819458372
광주 북구 설죽로217번길 6-11,35.1795394968801,126.896909418157
광주 광산구 수완로74번길 30-6 초돈,35.1912272794783,126.830444969405
광주 광산구 우산로 102,35.156223057251,126.811210049911
광주 북구 하서로 428 상록수타워 1층,35.2129232234945,126.875188204149
광주 서구 하남대로680번길 1 1층 초밥대통령 광주직영점,35.1714023998085,126.867186261505
광주 광산구 선운로 3 1층 104호,35.1484164296459,126.76983699334
광주 광산구 풍영로200번길 59 1층,35.1898897736745,126.81743336429
광주 북구 북문대로 184,35.1848529560288,126.871003429729
광주 광산구 북문대로419번길 55,35.1924332195233,126.846332169565
광주 광산구 임방울대로 353 1층,35.1916276128835,126.823410482322
광주 북구 연양로105번길 32,35.2090912828056,126.880249890892
광주 북구 하서로 454 1층,35.2149799126897,126.876405390206
광주 남구 양림로 58,35.1371969900041,126.915321406144
광주 북구 월동로 38-1,35.1750960412285,126.935230243737
광주 남구 양림로 36,35.1365517115404,126.913040326818
광주 남구 천변좌로418번길 1 1층,35.1423013867437,126.915812883555
광주 광산구 송정로15번길 42-1,35.1378124406294,126.795288559226
광주 북구 양일로 100 가동1층103호,35.1976052181302,126.875825355546
광주 북구 군왕로8번길 2,35.1627120390856,126.929159418112
광주 남구 포충로 584,35.0805144739608,126.83339587752
광주 북구 금남로 9-1,35.1601894965219,126.897530040476
광주 광산구 사암로216번길 38-6 우진그랑시티 107호,35.1630383708275,126.810264625353
광주 광산구 목련로397번길 17,35.1838901368426,126.831651642637
광주 북구 하서로523번길 11,35.2211274670936,126.878527834791
광주 북구 임방울대로1042번길 6-1,35.2118256982029,126.870178372204
광주 동구 양림로119번길 11,35.1407284663333,126.920006461335
광주 서구 화운로 129 초짓남,35.1505881490255,126.877642861462
광주 서구 염화로 123,35.1431293334379,126.878036230384
광주 서구 풍금로 27,35.1219316304548,126.864308823501
광주 북구 천변우로257번길 6,35.1551051027258,126.903450220825
광주 광산구 월곡중앙로 6,35.1666538697192,126.810882553082
광주 광산구 월전로 4-11,35.1206807498506,126.778501365789
광주 서구 천변좌로170번길 11,35.1577981937539,126.896263072476
광주 북구 본촌마을길 157-22,35.2184826609616,126.881832014248
광주 북구 일곡마을로 10-1,35.2062689959238,126.899505603616
광주 광산구 풍영로101번길 22 광주 수완지구 이지 더원 아파트,35.1814519344181,126.811727556887
광주 서구 풍금로37번길 6-2,35.1223223167988,126.862738822339
광주 서구 상무연하로 16 1층,35.1495938814346,126.850577941562
광주 서구 운천로17번길 8-5 1층,35.1343754783396,126.858077322914
광주 북구 서하로233번길 50 금호타운 상가동 1층 101호,35.1894689563818,126.906389804381
광주 서구 화개2로20번길 10-4,35.1241230757921,126.859059122465
광주 북구 월동로 2-1 1층,35.1720256767969,126.934930252965
광주 남구 군분로 16-1,35.1354280846482,126.895588671602
광주 서구 상무민주로76번길 31 최가박당,35.1573217337797,126.862889358983
광주 광산구 무진대로231번길 14-11,35.1629435779116,126.80674799196
광주 서구 금부로 79-1 1층 최강깐풍기,35.1397750502002,126.857660743763
광주 북구 서방로9번길 8,35.1737708233042,126.91426829466
광주 북구 우치로110번길 16-1 1층 최고당돈가스,35.1771758234856,126.913177126107
광주 동구 장동로 23-20,35.1488724713743,126.924828251822
광주 광산구 목련로219번길 143,35.1776976091032,126.823953728982
광주 광산구 북문대로419번길 40 1층,35.1928462350943,126.847056300183
광주 남구 군분로 78,35.1401849970284,126.891957866016
광주 광산구 임방울대로216번길 9,35.180711552069,126.818632650851
광주 서구 풍암1로21번길 3-16 1층 최다연샤브샤브,35.1262088904963,126.878423180544
광주 광산구 산월로41번길 54,35.2113072360657,126.841967156919
광주 북구 양산택지로 36 최씨부엌,35.2095953099782,126.879877177242
광주 북구 안산로 43,35.1911671271707,126.901970197976
광주 북구 양일로 102,35.1974560995634,126.876055409722
광주 광산구 장신로19번안길 13,35.1914738164422,126.812131779659
광주 북구 연양로67번길 26-1,35.2089245730194,126.875640205
광주 북구 양산택지소로 28 상가동 1층 추닭집,35.2144299356273,126.883243387522
광주 동구 무등로 506,35.1554945707003,126.935091033599
광주 남구 서문대로 624,35.1150155565681,126.898284521294
광주 북구 설죽로214번길 81,35.1779174456374,126.902161538
광주 서구 쌍학로 11,35.1464766238606,126.866243507674
광주 남구 군분로23번길 4-2,35.1358344669148,126.894395663744
광주 광산구 산월로 9,35.2090033307758,126.838241920367
광주 동구 문화전당로35번길 8-1,35.145602933203,126.918105530415
광주 동구 동계로 17-1,35.153432891691,126.924371015945
광주 북구 반룡로27번길 24,35.1800495824004,126.901578444356
광주 광산구 용아로379번길 40 1층 고깃집,35.1770142900846,126.802168161219
광주 동구 제봉로98번길 3,35.1471992161915,126.922447004306
광주 광산구 신창로105번길 16-2,35.1949911410594,126.837136521927
광주 광산구 금봉로 105,35.1521684667858,126.810109000068
광주 북구 용봉택지로 85,35.178568668461,126.895881875002
광주 서구 내방로 400,35.1578431556917,126.884018602847
광주 광산구 신창로138번길 18,35.1965907349154,126.839811506027
광주 남구 용대로 117,35.1266590848936,126.918113417303
광주 북구 탁영로 19,35.1667524911995,126.934817223202
광주 광산구 장신로20번안길 46,35.190460137834,126.812237323187
광주 북구 무등로 3,35.1709769290453,126.884953983751
광주 동구 경양로247번길 11-2,35.157755946676,126.918460370839
광주 북구 경양로 132,35.1611975349555,126.906272934536
광주 서구 시청서편로8번길 5,35.1596726183731,126.846189548928
광주 북구 설죽로336번길 17 상가동1층103호,35.1896607375688,126.901027422732
광주 남구 봉선중앙로123번길 32,35.1318773720602,126.907140083458
광주 서구 월드컵4강로 77,35.1437635978697,126.873788085032
광주 서구 풍금로38번길 53-1 1층,35.1249468278681,126.867939288148
광주 북구 우치로110번길 10 1층,35.1772525524291,126.912833321974
광주 서구 화개중앙로3번길 5,35.1218317677283,126.86034827463
광주 동구 구성로 154,35.1502961555565,126.911093330673
광주 동구 서석로 34-4,35.1459451513581,126.917267005822
광주 동구 필문대로 161,35.1562673562005,126.931897068125
광주 북구 효산로 2,35.1806195564488,126.912440320193
광주 광산구 첨단중앙로182번길 62,35.2215686004971,126.848192659421
광주 서구 금화로85번길 5,35.1328407750908,126.857809743813
광주 북구 설죽로202번길 60 1층 취하리,35.1768972338576,126.900762626938
광주 남구 광복마을6길 4-1,35.1251613564938,126.896198600596
광주 북구 설죽로217번길 29,35.1790381776209,126.894312260261
광주 광산구 월곡중앙로33번길 22,35.1694545068467,126.809808777142
광주 광산구 월계로 223-11,35.214380316735,126.849550146187
광주 서구 상무오월로3번길 12,35.1566037994478,126.859893877899
광주 광산구 신창로161번길 19,35.1989391816937,126.838974868774
광주 서구 화정로 222 골든타워1층 101호,35.1458692722935,126.881560775924
광주 동구 문화전당로35번길 3 1층,35.1455523286133,126.918718137828
광주 광산구 임방울대로 154-11 1층 105호,35.1751189305413,126.818765498393
광주 북구 안산로 63,35.1928689425727,126.90193082129
광주 북구 설죽로217번길 12,35.1791933141648,126.896308902942
광주 광산구 월계로150번길 27,35.2120719332478,126.84196040336
광주 동구 필문대로273번길 6-1 1층 치교치밥,35.1465202015246,126.928268981841
광주 북구 군왕로130번길 12 1층,35.1726302996262,126.933422900221
광주 동구 중앙로 242-2 치순이통닭,35.1534183488769,126.919836444119
광주 서구 풍암신흥로 86-1 1층 치주고고,35.1242926536523,126.869052357263
광주 동구 문화전당로35번길 18-1 치치 광주구시청점,35.1454158566154,126.917244606291
광주 남구 대남대로193번길 20 치킨계닭발,35.131655148314,126.904082571452
광주 북구 중가로 54 1층,35.1592871295957,126.905956832696
광주 서구 상일로14번길 4-15 1층,35.1560283310157,126.863490444953
광주 서구 내방로 247 1층 치킨더홈,35.1580805093604,126.868013077551
광주 동구 육판서길 16 내남지구1차진아리채 상가동 1층 103호,35.0906296297755,126.941062804966
광주 서구 풍암신흥로 41 1층 102호,35.1208376831814,126.867852122709
광주 북구 서방로 59-2,35.1725924344681,126.91959259127
광주 북구 일곡로 66 치킨밴드,35.2076139458684,126.895613747698
광주 북구 우치로537번길 10 동아A상가 109호,35.2131334249092,126.900383462675
광주 북구 서강로 104-8 치킨아이 운암점,35.18014129204,126.873042981081
광주 북구 서강로62번길 5-1 1층,35.1773377523632,126.871455522829
광주 서구 상무버들로 48-1,35.164578143835,126.858133539381
광주 남구 봉주4길 23 1층 치킨인류 주월점,35.1383366000934,126.89098098452
광주 북구 설죽로315번길 37,35.188807543345,126.8946496414
광주 서구 내방로278번길 12,35.1566820498764,126.870940905389
광주 서구 풍암순환로 86 삼능남양아파트,35.1207686021446,126.879856106944
광주 북구 송해로 65,35.204134451358,126.899551720662
광주 광산구 선운로20번길 4,35.1484450848878,126.7715474531
광주 북구 서하로 460 1층,35.181477680107,126.928556881386
광주 서구 군분2로 6 1층,35.1533528841265,126.881351836242
광주 북구 양산제로 85 1층 107호,35.2019948317083,126.868921497351
광주 북구 서방로 46-1 1층,35.1726382200995,126.91797436412
광주 광산구 산월로9번길 39,35.2106529237823,126.838264787006
광주 동구 독립로264번길 2-1,35.1545148247415,126.911383200489
광주 서구 치평로 21 상가 1층,35.1491788236616,126.847195883595
광주 서구 시청로50번길 17 1층,35.1530973090403,126.853847511547
광주 서구 풍금로4번길 11 1층,35.1210045329714,126.867363556901
광주 북구 서하로 202-15,35.1865671802504,126.902899630207
광주 북구 매곡로 81-4,35.1921842527959,126.891848773771
광주 남구 용대로 117 1층 102호,35.1266590848936,126.918113417303
광주 서구 상무누리로 15 2층 친츠,35.1443340305275,126.840085918044
광주 서구 풍암순환로 68 친한친구사이호프,35.1212828728625,126.878631699448
광주 북구 양산로 37 1층,35.2107536725228,126.878467837994
광주 광산구 선운로20번길 22,35.147227529337,126.773082604575
광주 광산구 목련로 89,35.172388058987,126.807468046534
광주 광산구 진곡산단2번로 47-57,35.2005297367498,126.790609713775
광주 동구 지산로 69,35.1498802118146,126.933003667947
광주 동구 동계로 8,35.1523448070467,126.924431395911
광주 동구 밤실로 147 상가동 2층 201호,35.1612322434858,126.934881226552
광주 북구 면앙로 36 칠분통닭 문흥점,35.1793589240168,126.916140709612
광주 광산구 수등로 267 칠분통닭,35.1853300179665,126.838106700675
광주 북구 양일로 66 연제빌딩 1층 101호,35.1975183371951,126.8721957959
광주 광산구 목련로273번길 87,35.1778081902456,126.824689023621
광주 광산구 사암로215번길 21 1층 칠분통닭 하남점,35.1635514857506,126.807107670498
광주 남구 대남대로 331-1 1층,35.1413043768607,126.893255725058
광주 서구 천변좌하로484번길 4-1,35.1673440673182,126.864124102576
광주 광산구 송정로 42,35.1354057249434,126.795453902956
광주 서구 계수로51번길 10,35.1613353243511,126.856371611712
광주 동구 제봉로 194 칠우불고기,35.1534303858862,126.916309556635
광주 서구 쌍학로 1,35.1464588677918,126.86526784719
광주 서구 금호운천길 54-20 1층,35.1399189952517,126.85804290301
광주 동구 동계천로 143-6 2층,35.1491042026731,126.92525142579
광주 남구 광복마을3길 16,35.119712493567,126.896382464058
광주 남구 군분로 75 칭따오,35.1397663284582,126.891771658633
광주 북구 각화대로 22,35.1811005140272,126.933065228841
광주 광산구 수완로74번길 11-42 이사야1층,35.1930492936426,126.830200608724
광주 북구 저불로 23,35.1766217147751,126.895019074946
광주 북구 무등로 133,35.1672155127247,126.898620433689
광주 북구 동문대로134번길 10,35.1743803635647,126.926988784809
광주 광산구 월계로130번길 37,35.2117353596282,126.839690827153
광주 서구 치평로 116 112호 1층,35.1577458796963,126.847620747683
광주 남구 봉선로186번길 6 카메,35.1224346557061,126.915223688443
광주 북구 저불로 61,35.1800162768314,126.895081239674
광주 동구 백서로 169,35.1437495628995,126.923356033005
광주 동구 지산로89번길 1,35.1516639971871,126.93298980453
광주 광산구 수완로11번길 23,35.186127003987,126.827344381104
광주 동구 서남로 27 1층 까리노,35.1447034518138,126.924904182348
광주 북구 북문대로 101-9,35.1781950720386,126.87581360279
광주 북구 비엔날레로 54-2,35.176741216065,126.888933940841
광주 북구 양산택지로 37,35.2097196256351,126.87953368406
광주 북구 서양로 41,35.1704902721909,126.905811880227
광주 서구 죽봉대로119번길 23-1,35.1648585986018,126.881122515958
광주 동구 필문대로205번길 19-23,35.1530976938577,126.932976337288
광주 서구 내방로 433,35.1603516002465,126.886452541151
광주 북구 설죽로214번길 93,35.1779053183218,126.902772156144
광주 동구 문화전당로35번길 16-6,35.1457524470689,126.917541436414
광주 남구 서문대로 689-6 4층,35.1210592455685,126.898217549141
"광주 동구 동명로25번길 7-2 1층, 2층",35.1514845451514,126.922852729351
광주 광산구 상무대로 358,35.143510208169,126.804791274878
광주 서구 경열로 38 1층,35.1508688222591,126.890043292088
광주 북구 우치로1번길 17-1,35.168279369256,126.908209465725
광주 서구 경열로 122 1층,35.1526612606004,126.898937441988
광주 광산구 사암로106번길 62,35.1534309214118,126.810749850226
광주 광산구 월곡중앙로 60-3 1층,35.1717758464992,126.811530209325
광주 북구 우치로 184,35.1825977443183,126.908752188998
광주 서구 화운로83번길 31 1층 카페59,35.146881509688,126.877311948031
광주 동구 학소로 44 1층,35.1238825172903,126.935073116352
광주 동구 의재로 33 1층,35.1328259386624,126.931305227882
광주 광산구 북문대로419번길 61 1층,35.1923145873594,126.84610818011
광주 서구 운천로 143,35.1451496862081,126.856589459505
광주 동구 동계로 12 1층,35.152713031003,126.924460577523
광주 동구 학소로62번길 8,35.1255710055452,126.935507987592
광주 남구 금화로440번길 3,35.145208130589,126.891784098069
광주 북구 첨단연신로108번길 59-3,35.2089898774746,126.866050792701
광주 남구 효천로 10 1층 카페896,35.098659748259,126.876048282529
광주 광산구 목련로153번길 79-1 카페공감,35.1754134680959,126.814403152489
광주 서구 군분2로 55 서구노인종합복지관 본관 1층,35.1579709985951,126.880616141911
광주 북구 첨단연신로108번길 31-15,35.2076775871073,126.865065324789
광주 광산구 풍영로 285 213동 102호,35.1963942929989,126.814935658644
광주 남구 서동로 41,35.1479159064341,126.904887211565
광주 북구 문산로 88,35.1888887209555,126.926012348467
광주 북구 매곡로 51 1층,35.1895631857695,126.893865813643
광주 동구 계림동 1737,35.1605064497718,126.927394117721
광주 서구 상무시민로 130,35.1550078582928,126.853273721674
광주 동구 예술길 32 1층,35.1492979802656,126.919189929331
광주 북구 서강로 55-1 1층,35.1768270426654,126.870861210415
광주 동구 충장로 72,35.1486986804418,126.91486800075
광주 서구 풍서우로 446,35.1454122066557,126.833503945247
광주 서구 구성로19번길 7-4 재승빌딩 1층,35.1531264704363,126.9004835454
광주 북구 서방로 171,35.1691990486579,126.930915046155
광주 북구 설죽로471번길 55 2층,35.2012272731292,126.894206654415
광주 북구 자미로 64 카페 글로어 전대정문점,35.1715603214583,126.904720273235
광주 북구 설죽로471번길 81-1,35.2020020549854,126.897111100913
광주 북구 일곡로 100-1,35.2089669758634,126.899569381322
광주 서구 금화로 278 광주광역시체육회관,35.1366611132602,126.879159156444
광주 북구 비엔날레로 94 아이파크아파트 상가 1층 111호,35.1799907586383,126.890288647728
광주 서구 상무민주로32번길 1,35.1534634000806,126.858675457199
광주 광산구 월계로 223-8 111동 122호,35.2136432576932,126.850841451437
광주 북구 매곡로 76 1층,35.1915281845599,126.892894057108
광주 서구 상무오월로 37-1 2층,35.1556689475087,126.863640307143
광주 광산구 임방울대로826번길 20 수연빌딩 4층,35.2166546704878,126.848447286458
광주 북구 북문대로33번길 14,35.1743540489634,126.881039975263
광주 서구 죽봉대로22번길 5-3,35.155545474758,126.883897954696
광주 광산구 복영길 166,35.208238738592,126.75038809101
광주 서구 화운로 112-1 1층 카페달,35.1495751251705,126.879094634417
광주 광산구 월계로150번길 22 1층,35.2123105727931,126.841655279371
광주 북구 첨단연신로91번길 38 J-TOWER 1층 106호,35.2066188746957,126.860153734655
광주 서구 쌍촌로 37-1,35.1482896860395,126.864678700505
광주 북구 설죽로196번길 30,35.177130879634,126.898818573709
광주 동구 의재로136번길 26,35.1317731096702,126.944419882547
광주 북구 용산마을길 129 카페더뷰,35.2438727495056,126.886548173144
"광주 동구 필문대로273번길 29 지산빌딩, 2층",35.1458268717973,126.93074374845
광주 광산구 동곡로185번길 15-15,35.098756594468,126.773917374843
광주 광산구 송정로 55,35.1352212901258,126.797106475423
광주 동구 남문로 716-5,35.13448571475,126.927749685873
광주 동구 백서로 160,35.1431466978862,126.923301950303
광주 동구 필문대로187번길 4,35.1540888400647,126.933321783604
광주 동구 제봉로184번길 5-8 1층,35.153411496736,126.917285788062
광주 동구 성촌길 6,35.1342929909793,126.953476882144
광주 북구 송해로39번길 8 1층,35.2018959696698,126.900021074773
광주 광산구 첨단중앙로182번길 62 라온빌딩1층,35.2215686004971,126.848192659421
광주 서구 칠성로 42,35.1661902713192,126.861920393659
광주 북구 양산제로 143 1층,35.2048473624999,126.873087014126
광주 서구 상무번영로 11,35.1506566769157,126.852714372684
광주 서구 죽봉대로 12,35.1542439147554,126.883995724802
광주 남구 효천중앙로 52,35.1023489611058,126.874562897371
광주 북구 문화소통로 170 2층 204호,35.1824561267277,126.912021816992
광주 서구 운천로31번길 18 1층 카페로,35.1356032911017,126.857137048386
광주 북구 양일1로 3 신안타워,35.1974691347141,126.870931768105
광주 북구 저불로69번길 10 2층,35.1807971889281,126.894329195732
광주 서구 마륵복개로 152,35.1469774389879,126.853478205694
광주 서구 상무화원로 32,35.1455294255268,126.844035783884
광주 동구 학소로62번길 18 1층,35.1259211372048,126.936440040199
광주 북구 우치로383번길 5 1층 카페루바니,35.1985838987973,126.902952864136
광주 북구 매곡로 84 대화아파트 상가동 1층 1호,35.1920344203315,126.892526769548
광주 북구 서하로 196,35.1870419744235,126.901843949005
광주 서구 상무누리로 33,35.1454724031287,126.839301700904
광주 동구 갈마로 18 박양례헤어스튜디오 옆,35.1606863090228,126.93277046282
광주 광산구 수완로9번길 22-4 102호,35.1850157333986,126.827098165251
광주 서구 내방로350번길 13,35.1561722176165,126.878862407367
광주 서구 계수로 61,35.1604844325892,126.857355549797
광주 북구 하신마을길 44-5,35.2485201899636,126.896304107266
광주 남구 서문대로650번길 17-2 1층,35.1161504399923,126.900095547808
광주 동구 제봉로 225 1층,35.1548244404028,126.912872505591
광주 서구 화개중앙로 2 1층,35.1223965021292,126.86100138224
광주 북구 첨단연신로107번길 29 삼보빌딩 1층,35.2073650945985,126.861085383658
광주 북구 하서로 427 아이콤타워 1층,35.2130941898075,126.874645389092
광주 북구 우치로422번길 11 2층,35.2032410982996,126.902278109132
광주 서구 화운로23번길 12-1 1층,35.142343432899,126.883155483223
광주 서구 쌍촌로 52 1층,35.1494571987798,126.864903606574
광주 서구 상무평화로 78 1층 101호,35.1477789635789,126.847659192019
광주 남구 효덕로 122,35.0978992747489,126.906520033845
광주 남구 백운로 91-1,35.1412765977593,126.905965262246
광주 북구 석곡로 120-1,35.1724840346344,126.964197846429
광주 동구 증심천로 31,35.1304432736358,126.933076754293
광주 서구 상무대로 923,35.1515138116464,126.862958804263
광주 광산구 임방울대로 24,35.1634899424749,126.81976302047
광주 서구 상무버들로40번길 7,35.1651436418046,126.858970715964
광주 북구 설죽로 595 상가동 1층 108호 카페 보라,35.2125125420847,126.897111680139
광주 남구 양림로80번길 9-12 1층,35.1370662590884,126.918560666832
광주 서구 내방로 336 1층,35.1572387409072,126.877373776169
광주 남구 효우로230번길 26-2,35.1039262610574,126.890965727301
광주 서구 금화로 385-7 1층,35.142263325456,126.887466145357
광주 북구 두방길 85,35.1660035343973,126.930252900052
광주 동구 서석로 44 1층 2층,35.1466139176763,126.918398728667
광주 광산구 용아로297번길 58-2,35.1702929408826,126.799845773434
"광주 광산구 장신로50번길 9-16 1층, 2층",35.1901708092323,126.816593881501
광주 동구 중앙로 226-1 카페소담,35.1525010748782,126.918545619412
광주 북구 상촌로 14,35.2119727014997,126.876195675257
광주 북구 동문대로 155 1층,35.1766958347433,126.927547579084
광주 남구 광복마을길 107 1층,35.1273446474275,126.89620636291
광주 북구 송해로 7 1층,35.1991543323215,126.901460967368
광주 남구 군분로33번길 32,35.1351477395095,126.891360052185
광주 광산구 풍영로101번길 22 상가1동 B112호,35.1814519344181,126.811727556887
광주 남구 대남대로237번길 23 cafe쉼표,35.1335604012735,126.897100059044
광주 서구 마륵로 126 1층 102호,35.1464184513872,126.845171202497
광주 광산구 수완로12번길 66 1층 카페스무크,35.1874378002627,126.831343710056
광주 서구 풍암운리로 29 1층,35.1232884507208,126.867153603717
광주 북구 금호로 99,35.1761099805556,126.884484254166
광주 동구 동명로69번길 20,35.1529983479735,126.928532288719
광주 광산구 임방울대로 348 8층,35.1911218192771,126.8243718784
광주 남구 효천2로가길 5,35.1020516314793,126.87389814682
광주 북구 호동로 26-1,35.1748883401573,126.915313628118
광주 동구 독립로264번길 4-6,35.1542788421087,126.911374237405
광주 동구 동명로 72-1 1층,35.1508880063231,126.928403208161
광주 동구 동명로67번길 22-24,35.1526486015119,126.927289046838
광주 남구 금화로422번길 60 1층,35.1390579201947,126.894396548549
광주 남구 독립로 106,35.1429262225214,126.903270704302
광주 북구 용두마을길40번길 3,35.2213501126465,126.875873994472
광주 남구 진다리로52번길 7,35.1360600501628,126.907366086332
광주 동구 제봉로 17,35.1403201722295,126.921837390598
광주 광산구 도산로 10 1층카페에쏠로지도산점,35.1291847141639,126.791701164651
광주 북구 군왕로 4,35.1626348485538,126.928947097881
광주 서구 금화로 39,35.132163336707,126.852996306505
광주 서구 상무중앙로 43 BYC빌딩 2층,35.1508230515736,126.847885958225
광주 광산구 남동길48번길 55  1층,35.1296184841562,126.790988220955
광주 광산구 신창로105번길 6-19,35.1956869489517,126.837578965515
광주 북구 매곡로 36-3 1층 카페오늘,35.1882649878981,126.8947188539
광주 북구 군왕로 2,35.1625424528953,126.928782756733
광주 북구 하남대로 631 주1동 1층,35.1724405688001,126.861775573728
광주 광산구 용보로51번길 23,35.1362723706374,126.803675310895
광주 서구 마륵복개로 151,35.1472146987964,126.853570730222
광주 남구 회재로 1178-1 서남하이츠,35.1312819405627,126.890223125184
광주 북구 서하로 124 삼성아파트 상가동 105호,35.1871841128931,126.894132741549
광주 서구 죽봉대로 9 1층 카페욜로,35.1542506420878,126.883210896602
광주 북구 용주로30번길 64-1 2층,35.1806838995498,126.904319231745
광주 서구 금호운천길 70,35.1413253409719,126.856471072844
광주 동구 제봉로 12,35.1401679364725,126.922546066825
광주 남구 오기원길 11,35.1390270245279,126.916487687089
광주 북구 면앙로139번길 51,35.1788633277674,126.928153631969
광주 북구 송해로 10-20,35.1998117239362,126.90261801818
광주 북구 연양로 71,35.2067806255137,126.875209794178
광주 북구 우치로90번길 13 하늘색 대문 안쪽 1층,35.1756919400369,126.913457431019
광주 남구 황산길 26 1층,35.0887286525684,126.861873424128
광주 남구 수박등로 3 1층,35.1406788345834,126.894909094921
광주 서구 풍암순환로 56 새한아파트 상가 101호,35.1215453370154,126.87807960066
광주 서구 군분로 195 1층,35.1487994771773,126.884424203245
광주 북구 각화대로 5,35.1822037489114,126.931568584743
광주 남구 대남대로 131 미래아동병원 1층,35.1336715120237,126.910706861188
광주 북구 안산로 57,35.1923761303611,126.901768029954
광주 서구 화운로175번길 5-1,35.1544568758688,126.876134156321
광주 동구 남계길 31 1층,35.0945703425684,126.939447608159
광주 동구 예술길 31-3 1층 카페정원,35.1493884062425,126.919354454447
광주 북구 면앙로165번길 28 상가 4호 카페 정월,35.1771725675961,126.930321854289
광주 동구 예술길 31-16,35.1496323040743,126.920155340169
광주 북구 면앙로 22 1층,35.1797332878924,126.914636067828
광주 남구 봉주5길 7,35.1369029759095,126.891173490154
광주 북구 설죽로214번길 133,35.1780321937296,126.904769588808
광주 서구 상무화원로3번길 16 1층,35.1451664652284,126.84134154926
광주 서구 죽봉대로94번길 9 카페지요,35.162028777366,126.884659367028
광주 동구 동산길 42,35.1299634200182,126.949090007794
광주 북구 면앙로 125-2 1층,35.1771340399231,126.92570496722
광주 북구 군왕로 102-1,35.1704469993494,126.932875603856
광주 북구 안산로 23,35.1892725549713,126.901951941548
광주 북구 첨단연신로107번길 25,35.2073381781908,126.861350976313
광주 북구 양산제로 95 상가  110호,35.2019868685601,126.868062767355
광주 남구 광복마을길 75-1 농협과 60계치킨사이 골목안,35.1244964936031,126.896601090911
광주 동구 문화전당로 38 아시아문화전당 B2,35.147057304165,126.92003143495
광주 북구 설죽로471번길 12-4 2층카페크림,35.2012250596497,126.898250069519
광주 서구 천변우하로 391,35.1692529288272,126.862974054245
광주 서구 무진대로 932 지하 1층 키친205 신세계백화점 광주점,35.1596823958076,126.882631959088
광주 동구 의재로136번길 33 1층,35.1320112966662,126.945315143232
광주 북구 서하로 418 1층,35.183313353653,126.924788208566
광주 동구 동명로 8 1층,35.1499313563746,126.922909396411
광주 남구 용대로 106,35.1256637797081,126.918621059714
광주 남구 대남대로 301,35.1388809570186,126.895093336005
광주 동구 중앙로160번길 15-3 황금동,35.1475360389736,126.914774176269
광주 서구 마륵복개로 91 마륵동,35.1461774393135,126.849182824322
광주 동구 동명로14번길 21 카페평안,35.150041327886,126.92551208851
광주 동구 지산로78번길 5 1층,35.1508127110161,126.933569955688
광주 남구 군분로 20,35.135664802718,126.895403044598
광주 동구 지산로63번길 2,35.1496423611712,126.932874255987
광주 동구 필문대로 277 1층,35.1466219040323,126.927710977993
광주 남구 압촌길 54-5 2층 카페 핀포레,35.090841703799,126.838842634513
광주 북구 하서로523번길 97,35.2247013925183,126.870007821641
광주 서구 화개중앙로 14-1,35.1229448602228,126.859799702599
광주 광산구 하남지실길 181,35.17051914074,126.793590895521
광주 북구 양산로 45,35.2106597272315,126.879344603916
광주 서구 월드컵4강로 48 카페허니스 염주점,35.1413782380928,126.875621990578
광주 광산구 월곡로 32 1층,35.1686375630219,126.812614391448
광주 북구 영락공원로 28,35.2421206054232,126.916427836458
광주 광산구 월곡로55번길 16 1층,35.1692489979271,126.815876546541
광주 서구 상무화원로11번길 5 1층,35.1450695433057,126.841597534545
광주 남구 제중로46번길 8-2,35.138630864792,126.914532728636
광주 남구 군분로23번길 4-1,35.1357797846587,126.894430626815
광주 광산구 평동로 790-3,35.1244281244306,126.760880253111
광주 광산구 풍영정길 225-1 캄포,35.1875129328062,126.855732456317
광주 광산구 왕버들로132번길 35,35.1997200818364,126.824549163756
광주 남구 제중로46번길 10 1층 캐쥬얼식당,35.1386207622864,126.91477842142
광주 광산구 수완로48번길 41-2 서호빌리지 1층,35.1879327999659,126.829395917795
광주 서구 상무대로 909,35.1512164288264,126.861431756766
광주 광산구 용아로400번길 30 1층 1092호,35.1780934325427,126.806489286879
광주 동구 의재로 76,35.1318935929191,126.935788822251
광주 북구 양일로 70,35.1967785506527,126.871386252121
광주 광산구 신창로106번길 7 1층,35.1946682277064,126.838513666276
광주 동구 동명로 33-3 캬베츠,35.1519168178902,126.924249941824
광주 광산구 수완로50번길 42-14 커프커프하우스,35.1879265943914,126.83030393269
광주 서구 상일로42번길 5-11,35.1598465906783,126.863821898179
광주 북구 동운로201번길 60,35.1746363535913,126.874779647299
광주 북구 북문대로 161,35.1828193967192,126.871416371327
광주 서구 풍금로 35,35.1224111730674,126.863600968285
광주 서구 금화로59번길 12,35.1345080458501,126.85652681719
광주 북구 능안로30번길 3 1층,35.1886608881654,126.916754793806
광주 광산구 임방울대로 142-12,35.1720067229744,126.819486369977
광주 서구 회재유통길 53-8,35.1139030739699,126.851756644383
광주 서구 대남대로 458-1 1층 101호농성동,35.1511861180599,126.886445740667
광주 동구 독립로 262-1,35.1545429593816,126.911276712558
광주 북구 비엔날레로3번길 42,35.174856371518,126.883446986429
광주 북구 호동로 18 커피스미스광주전남대점,35.1749553723149,126.914502743089
광주 북구 일곡로 34 커피스토리,35.2075350601731,126.892199179342
광주 광산구 풍영로230번길 22 1층,35.1919593198948,126.815614508256
광주 북구 양산로 55 나운빌딩 3층,35.2105266109428,126.880448433984
광주 북구 양일로 313,35.2028954950928,126.89787911778
광주 북구 서하로 92,35.1871800220183,126.890544686627
광주 북구 하서로 424 1층 112호,35.2126386138006,126.875049268008
광주 광산구 산정공원로42번길 25 1층,35.1710327139844,126.807483316442
광주 북구 효산로12번길 11-7,35.1818434681618,126.913261968025
광주 서구 천변좌하로 294 커피콩 1층,35.1601959055622,126.846725716715
광주 서구 사동길 2 서창건설,35.1096223668085,126.829132916921
광주 서구 상무대로1005번길 6,35.1521542836452,126.872163280144
광주 동구 지호로 125,35.14953128451,126.942076096264
광주 북구 일곡마을로 225,35.2109320396977,126.897984372582
광주 서구 천변우하로 509 1층,35.1705693919571,126.875003998558
광주 광산구 산월로21번길 9 1층,35.2093820419927,126.839433413864
광주 동구 지호로 32-4,35.1480234715209,126.932145916228
광주 동구 중흥로213번길 5 1층 커피향,35.1604491640655,126.917066612119
광주 광산구 사암로92번길 70 1층 커피향기,35.1523526355208,126.81116060521
광주 동구 백서로 157,35.1432816039613,126.922268121805
광주 북구 밤실로 207 1층,35.165529875722,126.932651663108
광주 동구 충장로 73,35.1488630672822,126.91574006134
광주 서구 군분2로 16 1층,35.1543932150574,126.881424845962
광주 북구 비엔날레로 111 비엔날레 사무동 1층 2층,35.1830982815446,126.889208656522
광주 북구 무등로218번길 11,35.1641064498148,126.907274475464
광주 광산구 풍영로329번길 19,35.2003513846677,126.813099861358
광주 광산구 신창로 129,35.1968776756696,126.838416946264
광주 북구 양산제로 113,35.2033131489022,126.870849934608
광주 광산구 신창로 64 1층 101호 신창동 프뤼몰타운,35.1909878387072,126.837381786207
광주 북구 하서로 403,35.2110692181641,126.873867969093
광주 북구 양일1로 25,35.1958590349769,126.870245615341
광주 북구 첨단과기로208번길 43-10 112동 1층 8호,35.2226023308766,126.849252900621
광주 동구 경양로 237,35.1576451615041,126.916856974071
광주 동구 무등로375번길 24,35.1626006890159,126.924335748834
광주 동구 무등로384번길 29 1층,35.1579198631896,126.92583120753
광주 서구 화운로199번길 26,35.1569563874819,126.874075899117
광주 남구 도시첨단산업로 34 상가동 지1층 B03호 B04호,35.0893374022341,126.830185116547
광주 서구 동천로 13,35.1699494803759,126.860041682575
광주 동구 제봉로213번길 10-9 1층,35.1541785545242,126.913163700918
광주 북구 설죽로 319,35.1880408212479,126.898520682613
광주 남구 백운로 60 1층 컴포즈 커피,35.138524553952,126.906308365647
광주 광산구 장신로 306 102호,35.1911247753858,126.843416614981
광주 북구 양산택지로 74 금헌빌딩,35.212580302101,126.881602460656
광주 북구 설죽로 410,35.1959052774385,126.900315995965
광주 서구 상무중앙로28번길 8 1층 102호,35.1491196535125,126.84939501549
광주 서구 치평로 30,35.1499371030929,126.847669326845
광주 광산구 수등로258번길 16,35.1835914117632,126.836910046593
광주 광산구 목련로153번길 63,35.1749470805016,126.814444939795
광주 북구 대자로 64-1,35.1731934045611,126.879432255473
광주 북구 동배마을길 29 120동 5호,35.1795121207647,126.859469679033
광주 북구 반룡로27번길 5,35.1792678098785,126.901103586612
광주 남구 회재로1186번길 23 1층,35.1298211535295,126.891886196744
광주 광산구 월계로 173 신양트위스 103호,35.2136637211009,126.844327984706
광주 서구 무진대로 919 106호,35.1623727902778,126.880530024229
광주 서구 운천로16번길 3,35.1342970347567,126.859681385143
광주 북구 군왕로51번길 152 1층 컴포즈,35.1700142584118,126.925917922704
광주 북구 북문대로242번길 7 108호,35.1879015393786,126.865959254737
광주 서구 백석길 1 107호,35.1429801638608,126.849716324909
광주 남구 방림로 1,35.1334814897449,126.917820981897
광주 남구 봉선2로 87,35.1261331846435,126.915941979143
광주 서구 경열로 28,35.1514654427753,126.889163974623
광주 광산구 선운중앙로 43 상가210동 지하1층 105 106호,35.1496528481647,126.776055287596
광주 광산구 장덕로137번길 17,35.1970299158802,126.823007988733
광주 북구 첨단연신로 240 1층 106호,35.2077749157559,126.858265239983
광주 서구 화정로 103,35.1453151198803,126.868706600171
광주 서구 내방로 239-1 1층 컴포즈커피 쌍촌현대점,35.1579559020481,126.866905856417
광주 북구 용두마을2길 16 상가동 1층 102호 첨단진아리채 아파트,35.219037428174,126.875171925061
광주 북구 서하로94번길 19 104동 106호,35.1871049852412,126.891497466852
광주 광산구 임방울대로 138,35.1734027299904,126.818031508439
광주 광산구 사암로 277 1층,35.1692371960893,126.808782169934
광주 북구 첨단연신로133번길 3 호반베르디움 2차 상가 218동 102호,35.2098257606832,126.863922125027
광주 광산구 첨단중앙로181번길 88-22 상가동 1층 108호 109호,35.2213474197202,126.832351223379
광주 동구 충장로 103,35.1471304776869,126.918249954329
광주 광산구 용아로379번길 49,35.1763894558772,126.801553045805
광주 광산구 하남대로54번안길 42-7 101호,35.1778382810187,126.797622656945
광주 광산구 어등대로 424 송하빌딩 1층,35.1491531254022,126.769513044471
광주 서구 염화로45번길 13 상가동1층 38호,35.1385509655212,126.871248456721
광주 서구 월드컵4강로28번길 43,35.1407338061845,126.881142237986
광주 남구 효천2로 26,35.1018152045444,126.873380934962
광주 북구 용봉택지로 38 Com For Table,35.1784418527059,126.890670355125
광주 동구 동명로 19-6 컴피코지,35.1509682977866,126.923218448419
광주 북구 필문대로 37-1,35.1639856541303,126.923803873665
광주 광산구 목련로382번안길 38,35.1801900406591,126.836162513318
광주 광산구 수등로76번길 31 인생케밥 닭강정,35.1826688259438,126.817420639433
광주 북구 반룡로 42,35.1785588499429,126.902719890112
광주 남구 봉주7길 23,35.137658271937,126.889726938468
광주 서구 상무연하로 13,35.149503453907,126.849904503888
광주 북구 서하로94번길 60 상가동 106호,35.1857040401305,126.89469855169
광주 광산구 월계로 187 6층,35.2136779473658,126.846149587313
광주 북구 동운로 112,35.1747184240381,126.863237240843
광주 광산구 남동길30번길 43,35.1288565995034,126.790383222902
광주 광산구 목련로153번안길 29,35.1737039128452,126.813787354942
광주 동구 장동로 43-1,35.1474951364746,126.926501633968
광주 서구 상무연하로 22 1층,35.1501196182626,126.850483368951
광주 서구 화정로254번길 26 1층 코니팡,35.1455962889811,126.886018833735
광주 서구 염화로160번길 13,35.1425010408188,126.882740574253
광주 서구 화정로260번길 5 1층,35.1474677707119,126.885525684799
광주 광산구 광산로 78,35.1411489109158,126.799489626008
광주 광산구 풍영로228번길 52 1층,35.1919958187267,126.815906823504
광주 남구 백운로 15-1 1층,35.1352836462645,126.90907207775
광주 광산구 어등대로647번길 41,35.1454952892443,126.793913624891
광주 북구 동문대로10번길 31,35.1653866541798,126.921433519781
광주 서구 운천로184번길 28-1 1층 쌍촌동,35.1492422745143,126.859323872646
광주 서구 내방로157번길 8,35.1596029432979,126.858310983691
광주 북구 우치로331번길 11 코발트,35.1937931887778,126.902934734469
광주 서구 마륵로 67 201호,35.1449576571877,126.838910293375
광주 동구 필문대로205번길 44,35.1517982173944,126.935834646686
광주 동구 경양로 275 2층 카페코브,35.1552569030067,126.919911685819
광주 북구 저불로 35,35.1775949426345,126.895057344839
광주 서구 내방로 433 1층,35.1603516002465,126.886452541151
광주 광산구 수완로52번길 1-4,35.1899482765735,126.829494804733
광주 동구 장동로 7 1층 코지코지,35.1491153979943,126.923119993885
광주 동구 장동로 36 코코로나인,35.1477099068214,126.925576216515
광주 광산구 장신로 77 2층,35.1912522353662,126.818556745748
광주 동구 학소로 72,35.1263673534309,126.934318738605
광주 광산구 임방울대로332번길 17,35.1897654062881,126.8248311141
광주 서구 화운로 24 광주유니버시아드 힐스테이트 C2-101호,35.1426348096021,126.886246490358
광주 서구 상무대로876번길 13 1층,35.1491844634109,126.857750701401
광주 남구 봉선1로17번길 12 1층 코튼스토리 위드 커피,35.1289075606449,126.90702452318
광주 남구 제석로80번안길 26-1 코튼테라스,35.1194045633223,126.911108804841
광주 북구 어매마을길17번길 13,35.1915586284418,126.893790311747
광주 남구 군분로 14,35.1352632542778,126.895726914861
광주 광산구 수완로106번길 40 1층,35.1939364192309,126.831760377697
광주 동구 제봉로 126 1층 좌측,35.1495239468509,126.922494292917
광주 남구 서문대로663번길 13-1,35.1185286737102,126.897162405451
광주 광산구 장덕로49번길 7,35.1953248897847,126.814615917306
광주 광산구 풍영로 97,35.1807766808774,126.811580355319
광주 북구 하남대로 697,35.1721072758645,126.868937758399
광주 남구 화산로 59,35.1130722118291,126.903014211117
광주 서구 월드컵4강로112번길 5-5,35.1467829013366,126.872853272084
광주 남구 봉선중앙로 109 모아상가 101호,35.1307320692722,126.910698001122
광주 광산구 장신로20번안길 44-7,35.1899176343143,126.812076620196
광주 광산구 신창로 54,35.1900667589146,126.837257793422
광주 북구 경양로 43 1층,35.1638959424569,126.896961212717
광주 서구 유림로 88 호반베르디움,35.1702380098139,126.863922578956
광주 서구 내방마을2길 14-1,35.155892554641,126.874899249294
광주 북구 첨단연신로91번길 30 삼성타워 2층 201호,35.2065145521014,126.861219055167
광주 북구 첨단연신로107번길 21 일취빌딩 1층 107호,35.207328801777,126.86174305264
광주 서구 내방로 185 모아제일아파트상가 101호,35.1585502513063,126.861590319946
광주 북구 중문로9번길 45,35.1741114769907,126.915854752263
광주 광산구 풍영철길로 15 202호,35.162942407489,126.811961205176
광주 동구 금남로 241-7 쿠로시로,35.1487126549245,126.91841046113
광주 서구 치평로 80 1층 쿠마키친,35.1545565294428,126.847707470456
광주 남구 봉선로121번길 2 1층 봉선동,35.1241811439394,126.909133238785
광주 서구 죽봉대로94번길 14-2,35.1618942250183,126.884965347682
광주 북구 첨단과기로 235,35.2299768484916,126.849795108666
광주 서구 시청로50번길 3 5층,35.153196800447,126.852049660808
광주 광산구 임방울대로801번길 8 5층,35.2181793854034,126.846224458706
광주 남구 독립로 3-1,35.1340439598699,126.901299294743
광주 서구 학생독립로9번길 10,35.1440045193827,126.867940335382
광주 광산구 사암로340번길 30,35.1744978542815,126.809400519285
광주 남구 대남대로181번길 45-1 쿡스타일,35.1294096375665,126.905763094121
광주 남구 천변좌로 404-1 첼로노래방,35.1434282891726,126.914681342933
광주 서구 치평로 124 케이원오피스타운 1층 107 108 109호,35.1582569792303,126.847787280456
광주 광산구 월계로 191 1층,35.2136373822634,126.846430167897
광주 남구 양촌길 5 쿼카카페,35.139214219365,126.91465040716
광주 남구 백양로 61,35.1344034840137,126.908857011935
광주 동구 동명로20번길 1 퀴비,35.1508069290529,126.92374954591
광주 서구 풍암신흥로 17,35.1200789484449,126.86526302608
광주 광산구 풍영로200번길 75 1층 퀸즈퀸즈,35.1898803874672,126.818324390171
광주 북구 하서로423번길 50 1층,35.2135446752689,126.872136416753
광주 북구 경양로197번길 5 1층,35.1597875009525,126.913240716723
광주 동구 지호로 132,35.1490363199484,126.942968873452
광주 북구 연양로105번길 42,35.2098266736636,126.880501406859
광주 광산구 신창로72번길 10-9,35.1913451716335,126.837812146198
광주 북구 호동로63번길 64,35.1770716954726,126.914286236353
광주 북구 밤실로 175,35.1628970113219,126.934301677874
광주 남구 군분로 7,35.134589204519,126.895819393054
광주 서구 상무오월로29번길 19 1층 크라운호프,35.1573261173284,126.86246251989
광주 북구 양산로 42 1층 크라운호프광주양산점,35.2102868120307,126.878867088061
광주 서구 상무대로868번길 18 1층,35.1486124074927,126.857322606115
광주 광산구 용아로379번길 39,35.1764897150169,126.802176567752
광주 동구 남문로 694-14,35.1326713104578,126.929192139326
광주 남구 군분로147번길 10,35.1450019646086,126.886727137318
광주 광산구 송정로8번길 50 크랩마켓,35.1347760664293,126.790773698942
광주 북구 설죽로 328,35.1886585426171,126.899303966145
광주 북구 독립로 363 크레센트,35.1631087390306,126.915150112136
광주 남구 회서로51번길 16-2,35.1306616542336,126.896614364103
광주 북구 서하로233번길 60 금호타운상가 103호,35.1898638115566,126.907290348905
광주 남구 금화로421번길 11 5층,35.1445920874764,126.890122843884
"광주 북구 호동로15번길 36 1층, 2층",35.176726411648,126.914578173754
광주 북구 양산로 64 카페 크리밀,35.2099397898764,126.881230804483
광주 북구 하서로 395,35.2104058264947,126.873611455464
광주 광산구 장신로 98 롯데아울렛 광주수완점 A블럭 1층,35.1894383628979,126.819287851791
광주 서구 상무화원로4번길 21 1층 아이빌 크림로즈케이크,35.1445295954931,126.842887873447
광주 동구 서석로7번길 12-29,35.1464959459997,126.914884999722
광주 북구 군왕로208번길 8,35.1790091530171,126.936175443799
광주 북구 일곡로41번길 41,35.2090361466024,126.89116364941
광주 남구 군분로52번길 4 1층,35.1382461787923,126.893704005983
광주 남구 봉선중앙로47번길 10 연아볼링장 1층,35.1251885300572,126.910494176161
광주 서구 운천로 19,35.1343887566103,126.858950803088
광주 동구 필문대로273번길 29 1층지산동,35.1458268717973,126.93074374845
광주 남구 대남대로107번길 9 주먹구이,35.1331103844529,126.913652279886
광주 광산구 금봉로 65,35.1518780943649,126.805703036404
광주 서구 죽봉대로119번길 27,35.1649456760176,126.880853577555
광주 서구 운천로172번길 10,35.1479115891953,126.857773657467
광주 북구 일곡로 39,35.2079141469439,126.892681893653
광주 광산구 사암로216번길 38-12 큰집나주곰탕,35.1628296753591,126.810359833667
광주 서구 치평로 112 101 102호 큰집나주곰탕,35.157258227425,126.847678838586
광주 서구 풍암순환로 183 상가 117동 1층 104호 우미아파트 후문 상가라인,35.1264281103416,126.880242101703
광주 북구 북문대로159번길 42,35.1821864376423,126.869704032009
광주 광산구 장신로20번길 14-1 정원팰리스 1층 claro,35.1895082913021,126.812226227507
광주 북구 우치로 233,35.1855926899973,126.905245280127
광주 광산구 풍영로101번길 22 상가113호,35.1814519344181,126.811727556887
광주 서구 유림로46번길 21 클레망,35.1671938978454,126.865819372173
광주 동구 독립로 268 롯데백화점 광주점 10층,35.1545374246114,126.912216616835
광주 서구 상무공원로 8,35.1452583811275,126.843821764424
광주 광산구 임방울대로826번길 22-22 102호 키치키치,35.2167998412126,126.848202087766
광주 서구 유림로98번길 49 101호 키친기연,35.1710503331104,126.869344403551
광주 동구 장동로 15 1층,35.148690600935,126.9237132201
광주 서구 천변좌로 243 가5동 2층 207호,35.1535737356894,126.903958849031
광주 남구 오기원길 9 1층 101호,35.1387718969911,126.916557625403
광주 서구 금화로393번길 31 1층 킨토토,35.1447640461139,126.886674464102
광주 북구 용봉택지로 71,35.1787030497007,126.894308083183
광주 광산구 송도로 320 송정토스트킹,35.1411701140092,126.802134658761
광주 동구 중앙로 163 NC웨이브 충장점 9층,35.1486317606388,126.913162021511
광주 광산구 광산로 17-2,35.1382737014473,126.793873121796
광주 북구 설죽로 352 1층,35.1909406231055,126.899449269228
광주 남구 효우2로26번길 23,35.102552295134,126.888182229021
광주 광산구 첨단중앙로68번길 99 호반리젠시빌 상가 1층 103호,35.2124815552181,126.848773323076
광주 광산구 북문대로419번길 64,35.192511122873,126.845785653759
광주 북구 반룡로6번길 18 1층,35.1786352127004,126.898351013174
광주 서구 상무평화로 114,35.1485641371836,126.85135942973
광주 광산구 하남대로54번안길 3,35.17776623577,126.79934013876
광주 북구 각화대로13번길 3,35.1819439011368,126.932394618568
광주 남구 용대로 103-1 1층,35.1255579787818,126.917847921601
광주 광산구 월계로 203 121호,35.213722048844,126.847810015146
광주 서구 군분로159번길 17 킹피쉬,35.145306041536,126.885435654427
광주 서구 상무연하로 31 현성F&T빌딩,35.1510555461336,126.849937101446
광주 광산구 장신로 306-7 3층,35.191334584085,126.843884835774
광주 서구 매월2로15번길 16 202동 1층 109호,35.1173263488781,126.85906995107
광주 서구 내방로318번길 7 1층,35.1568866310201,126.875479747794
광주 북구 북문대로232번길 3-8 1층 타이밍,35.1874731508585,126.866635411665
광주 광산구 상무대로 207 2층,35.1380808187937,126.791559452407
광주 서구 풍암신흥로 11,35.1199359860614,126.864852860949
광주 광산구 첨단중앙로106번길 23 1층,35.2150060280487,126.844340359176
광주 북구 호동로15번길 45 타코,35.1771823793575,126.914282387638
광주 남구 봉선중앙로 135 1층 봉선동,35.1330630379925,126.910389663482
광주 광산구 수등로 280 상가동 1층 102호,35.1831817512113,126.839545894078
광주 서구 화운로194번길 9,35.1561859602591,126.877826985791
광주 남구 용대로 133 라인효친아파트,35.1283387777456,126.918114478841
광주 서구 상무오월로15번길 28-13,35.157796396248,126.861942810366
광주 광산구 수완로 57 1층,35.1902410038031,126.828450565281
광주 남구 백서로 58-1,35.137719548401,126.914733494582
광주 남구 봉선중앙로123번길 8,35.1320891247195,126.909795390936
광주 서구 운천로113번길 4-1,35.142660947867,126.857208334749
광주 서구 상무연하로 20,35.1499145282025,126.85053159232
광주 서구 상무중앙로72번길 5-2,35.1535514016261,126.849203349824
광주 동구 남문로 377,35.1051210408526,126.937146211333
광주 북구 송월로40번길 62,35.1872477877737,126.916819146856
광주 북구 안산로 25,35.1895431174183,126.901921971348
광주 광산구 비아로45번길 8-6,35.2200088529067,126.820245560943
광주 남구 방림로 38-1,35.1350304450034,126.921434383796
광주 서구 풍암2로57번길 15-1 1층,35.1234522996889,126.883430078784
광주 북구 서암대로 40 2층 운암동,35.1724457542149,126.889179419174
광주 북구 자미로66번길 35-1 1층,35.1713653035332,126.90650145004
광주 서구 화정로 77,35.1450500876928,126.865878990456
광주 북구 우치로 104-3,35.1768650324911,126.912671151584
광주 북구 첨단연신로108번길 132,35.2089572664705,126.864688820971
광주 서구 화개중앙로87번길 15,35.1257591813597,126.852206154749
광주 서구 상일로 36,35.1587810683923,126.863318578899
광주 남구 서문대로663번길 6,35.1188190676226,126.897985024741
광주 광산구 송정로65번길 6,35.1346580408199,126.798193033633
광주 서구 염화로 102,35.142606557781,126.87565534662
광주 서구 화정로260번길 5,35.1474677707119,126.885525684799
광주 남구 효우2로26번길 25 105호,35.1023215835398,126.888224003058
광주 광산구 장신로64번길 11 1층 장덕동,35.1901222074405,126.817297024738
광주 북구 동운로201번길 37,35.1748369408991,126.873598796328
광주 남구 용대로 92,35.1245046673371,126.918550023711
광주 동구 제봉로 60,35.143787851693,126.921218020508
광주 광산구 수등로76번길 71 1층,35.1809495308879,126.817147935232
광주 서구 상무대로1005번길 23,35.1540067438014,126.871722922481
광주 서구 대남대로450번길 17,35.1513802300488,126.888439220163
광주 북구 군왕로 93,35.1695465020029,126.932477878442
광주 광산구 하남대로261번길 11 아름마을 휴먼시아,35.1805236984648,126.820014928082
광주 남구 회재로1186번길 11 애프터눈티,35.1308755728165,126.89148751374
광주 서구 군분로 182,35.1479770999459,126.885780668258
광주 서구 화정로 126,35.1448070004841,126.870444659437
광주 남구 봉선1로 88,35.127891370177,126.914886477828
광주 남구 효천2로가길 11-1 1층 109호,35.1019190447631,126.874423495482
광주 광산구 임방울대로826번길 25 115호,35.2163654476537,126.84896854222
광주 동구 중앙로 244-1,35.1535375873384,126.920091931606
광주 북구 양산로71번길 34 양산지구현진에버빌,35.212453538589,126.882122349693
광주 동구 경양로 332,35.1536597078802,126.925443819566
광주 광산구 산정로 6,35.1671554405458,126.803387619416
광주 광산구 왕버들로132번길 22 수완2차우미린아파트,35.2011349007235,126.822239401237
광주 북구 임방울대로1041번길 3,35.2130306284809,126.871110326002
광주 북구 독립로 404,35.1663154353477,126.916742116785
광주 남구 대남대로 287 1층 투사랑,35.1378519201473,126.895986192053
광주 남구 백운로 53-1,35.1380417325846,126.906358186594
광주 남구 효사랑길 12,35.1214659233855,126.916209847888
광주 서구 상무대로884번길 9,35.1494920752592,126.859042719962
광주 광산구 풍영로 285 골드클래스2차상가 그린생활시설,35.1963942929989,126.814935658644
광주 동구 지호로 56-1 1층,35.1476919331975,126.934906939282
광주 서구 상무대로876번길 16,35.1488093617734,126.857558427455
광주 광산구 사암로216번길 16,35.1633383921594,126.80937749411
광주 광산구 하남대로 248-16,35.1777533651364,126.820427992781
광주 광산구 송정로29번길 24,35.1367374528585,126.795647859133
광주 광산구 산정공원로 6,35.1692721674896,126.80838208784
광주 북구 설죽로 195 1층 2층,35.177155371456,126.896865112871
광주 서구 풍암순환로 113,35.1212903803616,126.883809447814
광주 북구 하서로 395 빛고을 여성병원,35.2104058264947,126.873611455464
광주 북구 동문대로 212 1층 2층,35.1809902524422,126.930616883473
광주 서구 상무대로 632,35.1398709414283,126.834316039272
광주 북구 첨단연신로91번길 14 주 어울림,35.2065436663747,126.862881018193
광주 광산구 하남대로 33 씨앤디빌딩 1 2층,35.1804940721672,126.79721492128
광주 동구 필문대로273번길 1,35.1469061342581,126.927914293765
광주 동구 백서로125번길 47,35.1457173155366,126.916650727872
광주 서구 상무대로868번길 6-2 1층,35.1495208657244,126.856997388005
광주 남구 대남대로223번길 10 상가 1층 카페 투픽스,35.1337272863,126.89832544346
광주 동구 동명로26번길 40 1층 TDA G,35.1505091468748,126.927917591282
광주 광산구 소촌로46번길 13,35.1490633902462,126.794857412677
광주 북구 상촌로21번길 2-1,35.2121380059724,126.87716585864
광주 북구 설죽로 402,35.1949739928565,126.900090278015
광주 동구 동계천로 115,35.1506498503326,126.922939666775
광주 서구 마륵로 116 1층 티파라치,35.146150285812,126.844108233988
광주 남구 봉선1로16번안길 15 1층 2층,35.1275342544233,126.908700204909
광주 북구 북문대로 184 운암동,35.1848529560288,126.871003429729
광주 광산구 장신로 82 장덕동,35.1904248948262,126.818745241665
광주 광산구 신창로 86 신창동 1층 파스쿠찌,35.1928227154328,126.837509452343
광주 서구 상일로 58 쌍촌동,35.1607441036428,126.863448212312
광주 서구 무진대로 904 광천동 파스쿠찌,35.1605104898663,126.879344508277
광주 광산구 단전둘레길 18 하남동 1 2층,35.1824536984224,126.796189471738
광주 서구 죽봉대로 80 무등산타워 105호 카페파스쿠찌,35.1604443825565,126.88391876275
광주 북구 호동로 15 1층,35.1752157482211,126.914210791137
광주 서구 상무대로 1046 1층 카페 파스쿠찌,35.1516380002314,126.876435730255
광주 광산구 사암로340번길 43 101호,35.1753236133192,126.811202019757
광주 서구 염화로160번길 12-1 1층,35.1424836593153,126.882476689637
광주 북구 천지인로 109-2,35.1841075685662,126.910759322689
광주 서구 운천로162번길 27 1층,35.1475614499536,126.85974059656
광주 북구 용봉로 45 전남대학교사범대학부설고등학교,35.1729532582166,126.901095535954
광주 남구 군분로 70-1,35.1396103670366,126.892451422045
광주 북구 반룡로18번길 32 라이크펍,35.1777549951764,126.899379111106
광주 북구 우치로100번길 58,35.1765003655413,126.915627242876
광주 남구 대남대로223번길 10 112동 201호,35.1337272863,126.89832544346
광주 남구 백서로 81,35.139711222877,126.915410756328
광주 광산구 평동로800번길 16,35.1243192240962,126.760598289916
광주 광산구 평동로735번길 18,35.1267955096248,126.754679959283
광주 광산구 평동산단외로 69,35.1337054693803,126.751115884009
광주 광산구 평동로 769,35.1254115496573,126.758852670741
광주 광산구 월전로 6-5 1층101호,35.1206892540535,126.777632375317
광주 광산구 평동산단로 170-3,35.1224509006995,126.768922368271
광주 광산구 첨단중앙로106번길 65-3 117호 118호,35.2151711338981,126.846369947401
광주 서구 염화로116번길 6,35.1424041620041,126.877118183619
광주 남구 군분로77번길 6-1,35.1397718088517,126.89114783593
광주 동구 서석로7번길 6-27,35.1461357733911,126.915287127869
광주 북구 중흥로83번길 18-9,35.1646373661472,126.904054071088
광주 광산구 평동로 790-7,35.1244744590115,126.760654226262
광주 동구 지산로 82-3,35.1509765767811,126.933402790387
광주 광산구 임방울대로 321 1층 포도당,35.1887896386737,126.822812525976
광주 남구 군분로159번길 8 달산 빌딩 1층,35.145934146324,126.886239595165
광주 광산구 신창로106번길 23-20 1층 PODOJOO,35.1952057607237,126.839641172985
광주 북구 설죽로217번길 6,35.1792120999778,126.896986789446
광주 동구 무등로384번길 43,35.1566879042211,126.926306457849
광주 서구 화운로83번길 26-7 1층 포르코로소 세컨드 키친,35.1473578860411,126.877854337496
광주 동구 동명로 85,35.1511894125701,126.929930051866
광주 남구 효사랑길 12 1층,35.1214659233855,126.916209847888
광주 북구 우치로 104-10,35.1767396419648,126.913030594797
광주 북구 북문대로 131,35.1806087942966,126.87370304946
광주 서구 치평로 20 가동 2층 포베이,35.1490993566764,126.847651573367
광주 광산구 광산로 61-2,35.1406293571164,126.797856236506
광주 남구 대남대로181번길 31-4,35.1305320278307,126.905894778916
광주 서구 상무대로868번길 35-1,35.1470200976912,126.85796505828
광주 서구 죽봉대로78번길 16 2층,35.1600093516169,126.885111234576
광주 서구 상무연하로 69 1층,35.1544320251269,126.849925524149
광주 남구 오방로 99 1층,35.1340685725178,126.918659549283
광주 서구 월드컵4강로 215,35.1553325355765,126.869010103227
광주 서구 화운로193번길 38,35.1563443638915,126.872609563782
광주 광산구 남동길 42-14,35.1305101558905,126.789347860879
광주 동구 동명로25번길 11 1층 포카포카,35.1516041319697,126.922392122319
광주 서구 월드컵4강로68번길 9-2,35.1432083723575,126.87563149681
광주 서구 화개중앙로114번길 26 1층 103호,35.1271984613022,126.853901694702
광주 북구 일곡마을로 146 1층,35.2092950055485,126.890852942693
광주 광산구 목련로397번안길 7,35.18365876122,126.832237843737
광주 서구 상무연하로 72 5층,35.1546473355906,126.850489133909
광주 동구 동명로14번길 1 1층 폴리아,35.1503795910045,126.923316454407
광주 남구 봉선로79번길 7,35.1266940100096,126.906697572135
광주 광산구 신창로162번길 24-48 1층,35.1973050518025,126.842002955657
광주 동구 제봉로 114 폼폼스,35.1485170169067,126.922182483409
광주 서구 운천로17번길 9 1층 표주박,35.1340314443732,126.858091086583
광주 북구 설죽로202번길 31,35.177427086278,126.899276211576
광주 남구 서문대로627번길 19 상가동 지하3호,35.1144769732896,126.895091496805
광주 광산구 신창로162번길 19,35.1982918760581,126.841951630888
광주 북구 우치로 25 1층,35.1700339561738,126.91086987326
광주 광산구 송도로 324,35.141566740781,126.802428110777
광주 북구 서하로 248 1층,35.186968396356,126.907535951807
광주 서구 월드컵4강로181번길 30-1 1층,35.1522817075283,126.866046121644
광주 광산구 하남대로54번안길 25,35.1771469175089,126.798635774562
광주 북구 설죽로 283,35.1849248861052,126.898257764734
광주 북구 금남로131번길 9,35.1549584001779,126.909093324525
광주 서구 시청로 26,35.1506617811169,126.852168713182
광주 광산구 첨단강변로87번길 6,35.2149312812503,126.852306767833
광주 서구 운천로154번길 31,35.1466316741755,126.860502136006
광주 북구 면앙로121번길 78,35.1803815812887,126.926813142732
광주 북구 용봉로138번길 57-2,35.1706131295352,126.910694375221
광주 북구 서방로39번길 52-2 1층 푸드홈즈,35.1750794936366,126.918296633987
광주 북구 하백로6번길 12 대광로제비앙상가1층 도로변,35.1877969216583,126.890958004597
광주 북구 용봉로 48-1,35.1713633927368,126.902253804871
광주 북구 동운로213번길 27-1 1층,35.1755069567773,126.87337578804
광주 서구 내방로 415 중해마루힐 상가동 1층 101호,35.1590600708758,126.884385436088
광주 북구 서하로 342-1,35.1866237909517,126.917892680349
광주 서구 시청로50번길 3 1층 108호,35.153196800447,126.852049660808
광주 동구 서남로 32 1층,35.1442834346394,126.92493222166
광주 남구 회서로 21,35.1308927419307,126.893877591342
광주 서구 화운로125번길 1 1층,35.1503403389234,126.877884998977
광주 북구 군왕로 147-2,35.1745766075604,126.932782521996
광주 남구 중앙로 69,35.1434443910659,126.90610476615
광주 남구 봉선중앙로 105,35.1303712280583,126.910663614622
광주 광산구 임방울대로826번길 29-28,35.215980073299,126.850309541651
광주 동구 백서로 235,35.1487215129568,126.926624759381
광주 북구 호동로43번길 5,35.1758116243348,126.916386414175
광주 광산구 원사호길 118-20,35.2138317636638,126.729640028604
광주 남구 광복마을6길 4,35.1251663430998,126.896337926584
광주 동구 동명로69번길 26,35.153383073091,126.92751140212
광주 남구 광복마을길 113,35.1278179330249,126.89618228362
광주 동구 무등로384번길 23,35.1584109986576,126.925658994967
광주 남구 군분로42번길 4 1층 푸른달,35.1374807537028,126.894232678048
광주 서구 계수로 61-1,35.160465133905,126.857500573549
광주 북구 동림용산로 31,35.1878754802853,126.866603353033
광주 북구 용봉로 60 1층,35.1714976391508,126.903420308365
광주 북구 용주로30번길 85,35.1817158075252,126.90425017441
광주 서구 화정로138번길 21,35.1434395381264,126.873164303052
광주 남구 봉선중앙로131번길 27 1층 푸릇,35.1326730107898,126.9075005997
광주 서구 풍암중앙로82번길 31,35.1235725713022,126.884402142659
광주 서구 화운로 171,35.1542009870427,126.876582870533
광주 북구 버들로 32,35.1578000296223,126.91042795848
광주 남구 대남대로181번길 3 푸짐한집,35.1331372402022,126.905318268914
광주 동구 무등로375번길 28-1,35.1629552962109,126.924500391559
광주 남구 백서로 83-1,35.1399771901112,126.915375257742
광주 북구 설죽로 511 국민은행 2층,35.2046760522284,126.897588728129
광주 동구 금남로 248 천하빌딩,35.1477667297617,126.918489650468
광주 남구 봉선중앙로 51 2층 풀덤,35.1253714822254,126.911195686123
광주 서구 운천로 253 3층,35.1549523494699,126.854406884408
광주 북구 대자실로 30 엘투빌딩 2층,35.1795501231239,126.874021741744
광주 북구 동문대로204번길 43-2,35.179837977081,126.932564990446
광주 북구 서방로 174 1층,35.1688886152458,126.931063277611
광주 동구 예술길 22,35.1498930744991,126.918540426597
광주 북구 하백로 24,35.189655797585,126.890771171891
광주 남구 효천길 30,35.1048471503629,126.879137467356
광주 서구 내방로161번길 5,35.1594293037093,126.858432785141
광주 북구 등촌길24번길 1,35.1729212663716,126.965380147296
광주 서구 하남대로 670,35.171552436256,126.865760289476
광주 서구 매월동 663-5,35.1111545365708,126.859240398359
광주 북구 우치로 72,35.1738499195278,126.913195481885
광주 광산구 장신로50번길 16 2층,35.189927375714,126.815480973764
광주 광산구 송정로30번길 14,35.1358488070398,126.79368315588
광주 서구 풍암운리로 4 1층 Fragrance coffee flower,35.1222005119698,126.864716046824
광주 서구 염화로 98,35.1425734325223,126.875260465019
광주 북구 면앙로 151 1층 프라하 카페,35.176496882402,126.928418745644
광주 남구 봉선중앙로68번길 10,35.1270403498138,126.912422879769
광주 서구 금화로73번길 10,35.1330846661582,126.856875813131
광주 북구 삼정로 101 1층,35.1710672150461,126.937230633189
광주 동구 경양로 234 그랜드센트럴 116동 상가 606호,35.1575960732686,126.915734679338
광주 서구 운천로 21-1,35.1346076694117,126.858926615637
광주 서구 상무중앙로 29 1층,35.1495911006466,126.847908224111
광주 북구 용봉택지로 39 1층 117호,35.1789257240268,126.890896079083
광주 광산구 첨단중앙로170번길 64 1층,35.220459421939,126.845361440787
광주 북구 양산제로 105,35.2033145446483,126.869712793455
광주 광산구 송도로 184,35.1308745814877,126.794389559528
광주 북구 호동로 21-3 1층,35.1752568384952,126.914961298489
광주 광산구 송정로15번길 35-1,35.1377678408484,126.794766040177
광주 서구 화정로309번길 26 1층 fleur,35.1521066262512,126.888037434011
광주 서구 월산로 274,35.1602843277229,126.888358794973
광주 광산구 임방울대로825번길 60-18 1층 103호,35.220405119104,126.850787012888
광주 동구 구성로152번길 28-4 1층,35.1483800770835,126.91287805801
광주 남구 회서로22번길 14 1층,35.1301020769422,126.892458548703
광주 동구 지산로 49 1층,35.1482280676035,126.932445450329
광주 북구 안산로 67,35.1932195950899,126.901962571866
광주 북구 우치로27번길 45-7,35.1703392312379,126.908552271338
광주 광산구 사암로171번길 70,35.1601523703226,126.804015161739
광주 북구 일곡로 80 일곡1차청솔아파트,35.2073416758784,126.896486842853
광주 광산구 풍영로200번길 51 1층 피자마루 수완점,35.1899399244309,126.816979130256
광주 북구 문산로 30-1 중흥상가동 1층 10호,35.1846765875486,126.922678207805
광주 광산구 첨단중앙로68번길 100 첨단 호반아파트3-2차 상가 1호,35.2110934758053,126.848918451065
광주 북구 동문대로 69 1층,35.1706921186874,126.921681440261
광주 광산구 수완로33번길 76 106호,35.1875723974321,126.824074727196
광주 서구 화운로193번길 23 105호,35.1560463333162,126.874122519223
광주 광산구 풍영로 253,35.1940269511523,126.81515283715
광주 북구 서강로 62 1층,35.1773649918649,126.871303214342
광주 북구 면앙로121번길 2 1층,35.1771884956995,126.925434089519
광주 광산구 임방울대로825번길 22-77 상가 1동 107호,35.2207664107229,126.850227930565
광주 남구 제중로134번길 4 1층,35.1429793865387,126.907403677504
광주 서구 운천로 82 로얄빌딩,35.1400016668926,126.858983697081
광주 남구 회재로1200번길 19,35.1326309547256,126.894835500149
광주 서구 월드컵4강로197번길 38,35.1536966165498,126.865354361112
광주 북구 군왕로171번길 60,35.1775307355522,126.930581399877
광주 서구 상무민주로76번길 11-2,35.1573217499154,126.860847942186
광주 북구 설죽로 297,35.186156519455,126.898068814041
광주 서구 시청로60번길 21-9 1층,35.1546099283514,126.85388716999
광주 광산구 사암로 300 월곡시장 다엘 9호 10호,35.1713090764483,126.809654948732
광주 광산구 하남울로12번길 8 1층 하남동,35.1811898268362,126.802616179124
광주 광산구 수등로 124 신가동,35.1826656268898,126.823285498887
광주 동구 제봉로 35-1,35.1416357900946,126.920849307656
광주 동구 경양로 360-1 산수도서관 맞은편,35.1538591906277,126.928606055536
광주 북구 서하로 199,35.1873705270809,126.902300626473
광주 동구 경양로 234 108동408호,35.1575960732686,126.915734679338
광주 서구 하남대로 654 1층,35.1716651415847,126.864094740081
광주 동구 경양로 234 108동 408호 1층 상가,35.1575960732686,126.915734679338
광주 남구 효천중앙로 62 그린타워 105호,35.1022045375111,126.87532561176
광주 광산구 송도로 168,35.1296684455275,126.793474594637
광주 서구 독립로 193 1층 양동,35.1503963344234,126.905659888656
광주 광산구 월곡반월로 74,35.1708701746371,126.813108071997
광주 광산구 수등로76번길 45 1층,35.1820548028139,126.817227909645
광주 광산구 임방울대로 142-5,35.1739537485901,126.818104598924
광주 서구 시청로56번길 23 2층 하우지,35.1535608621551,126.854208194238
광주 북구 효죽로 2-1 . 1층 중흥동,35.1697249645352,126.915257181243
광주 동구 문화전당로35번길 31,35.1443759944812,126.915990934285
광주 동구 동계천로 107 1층,35.1511357971401,126.92241111397
광주 서구 상무민주로 16,35.1519641106581,126.858703291335
광주 동구 남문로693번길 24,35.1317766819861,126.925981976124
광주 남구 봉선중앙로 28 1층 봉선동,35.1236583236412,126.912774824371
광주 서구 치평로 72 맥도날드,35.153716521467,126.847611030143
광주 광산구 사암로390번길 13-32 1층,35.1794392371781,126.809899037839
광주 북구 연양로 32 1층,35.2060884751698,126.870824345412
광주 광산구 무진대로 279 124호 125호,35.1618891989559,126.810878874726
광주 광산구 목련로 85-1 1층,35.1724300209876,126.807158824628
광주 서구 풍암순환로109번길 22-11,35.122638356876,126.882392641499
광주 서구 운천로 22-1,35.1346978200414,126.859482098502
광주 서구 무진대로 904 유 스퀘어 터미널 1층 매표소 앞,35.1605104898663,126.879344508277
광주 서구 풍암1로21번길 9-22 현인빌딩 103호,35.1266645188063,126.879133001401
광주 동구 충장로안길 38-1,35.1469583204905,126.917060328184
광주 남구 봉선동 156,35.1262616916907,126.91525526958
광주 남구 광복마을5길 12 1층,35.1239978579836,126.895863160646
광주 광산구 수완로74번길 12-2 1층 한쌈 수완점,35.1913668901239,126.829411577757
광주 북구 대천로139번길 16-3 1층,35.1874624617997,126.920260646021
광주 남구 서문대로499번길 8 삐아체빌딩 2층,35.1095917216244,126.887327565866
광주 북구 첨단연신로108번길 39 한옥떡갈비,35.2081256307919,126.865860133523
광주 서구 화개1로 67,35.1300361729163,126.854609238215
광주 서구 풍금로11번길 6-4,35.1209056548119,126.865159200627
광주 남구 봉선중앙로 21,35.1232660091945,126.912593456523
광주 광산구 첨단중앙로 136,35.217256236376,126.84265735783
광주 북구 첨단연신로133번길 15 호반베르디움,35.2098277020832,126.862449489031
광주 동구 동계로 38 그린웰로제비앙상가 할멈탕수육김밥,35.1555703786676,126.925684297632
광주 광산구 풍영로101번안길 19-11,35.1807933099872,126.809304802475
광주 서구 매월2로15번길 16 매월 종합상가 201동 1층 매월동,35.1173263488781,126.85906995107
광주 남구 봉선로 21 JM빌딩 2층,35.1312966914011,126.903307829083
광주 남구 고싸움로 163 광주 남구 고싸움로 163,35.0817153650378,126.832020590749
광주 북구 경열로212번길 6 해물나라 뚝배기식당,35.1581937707083,126.906526401491
광주 남구 봉선로 205 1층,35.1227878710397,126.917665187908
광주 동구 무등로375번길 19-3 1층 골목길 국밥집,35.1622468339493,126.923790019143
광주 서구 매월2로 16,35.116178072688,126.858659572191
광주 동구 제봉로222번길 6-4 대인동,35.1551359172648,126.914088321248
광주 남구 봉선중앙로123번길 10-1 1층 해장쿡,35.1320884840611,126.909419820828
광주 광산구 임방울대로826번길 19-20 1층 125호 쌍암동,35.2163759055148,126.849476939811
광주 서구 군분로147번길 11,35.1447068068605,126.886575122006
광주 서구 화정로244번길 17 1층 110호,35.1458343600054,126.884802492823
광주 북구 서암대로131번길 24 1층,35.171215509618,126.899318560528
광주 광산구 월계로 84-25 1층 102호,35.2116725451514,126.835996492088
광주 북구 동림용산로 31-6 1층,35.1877349114827,126.866314933084
광주 서구 상무대로956번길 6,35.1511298672987,126.866134708157
광주 남구 양림로 42,35.136716229275,126.913697410587
광주 광산구 풍영로 285 수완골드클래스2차 상가동 1층 105호,35.1963942929989,126.814935658644
광주 북구 비엔날레로 95,35.1803705143609,126.889808049368
광주 북구 하백로6번길 12 상가 120호,35.1877969216583,126.890958004597
광주 광산구 비아로45번길 20 1층,35.2205976074094,126.819756030078
광주 광산구 수완로11번안길 1,35.1863869789668,126.826856352105
광주 동구 지호로160번길 11,35.1489326245941,126.945830808513
광주 동구 백서로 170,35.1435564539465,126.923582487981
광주 남구 대남대로398번길 11,35.1473113980808,126.89031529468
광주 동구 필문대로153번길 34-1,35.1577882302269,126.935201270873
광주 광산구 목련로2번길 29-52 1층,35.1719920113589,126.799363986491
광주 서구 상무화원로32번길 29-3,35.1460998208038,126.846091304804
광주 북구 하서로 377-4,35.2088533668357,126.873465819968
광주 북구 중흥로 153-5,35.1621454263633,126.910718010498
광주 북구 북문대로33번길 16,35.1742792240536,126.881027459973
광주 북구 문산로 27-6 신원아동복지시설,35.1846674163346,126.92215067354
광주 북구 용주로8번길 1,35.1808198112577,126.899300021476
광주 북구 서하로 289-1,35.1871724040221,126.912303954527
광주 광산구 고봉로 126-11,35.1852343816187,126.794167425874
광주 동구 필문대로287번길 15-22,35.1460568801483,126.929305868922
광주 남구 제석로80번안길 5,35.1205161751989,126.912538140929
광주 북구 북문대로 89 101동 1층 112-2호,35.1779835791697,126.876927656512
광주 동구 필문대로205번길 21,35.1520669268051,126.933355479147
광주 서구 무진대로 945-1 1층,35.1616284925654,126.884007522194
광주 광산구 소촌로 75 2층 헤이키즈,35.1512640172881,126.792820064702
광주 남구 백서로 80-1 1층,35.139673466723,126.915685120298
광주 서구 금화로383번길 2 3층 헬로멍,35.1420676222148,126.887641439079
광주 북구 첨단연신로 261 광해빌딩 3F,35.2072409282875,126.859014376416
광주 서구 유림로98번길 19,35.171226886824,126.866023290067
광주 북구 각화대로 7 1층,35.1824186811758,126.932136225021
광주 북구 중가로37번길 30-7,35.1611766268321,126.905465243321
광주 광산구 수완로74번길 12-8,35.1910849774331,126.829305442459
광주 서구 상무연하로 63 GIL빌딩,35.1541201501671,126.849921816626
광주 서구 무진대로 904 유스퀘어 1층,35.1605104898663,126.879344508277
광주 서구 하남대로 676,35.1715748377326,126.866374211628
광주 북구 용봉택지로 66,35.1783425980121,126.893690916885
광주 광산구 용아로379번길 14,35.1772031019344,126.803427980397
광주 남구 봉선중길 6 현대회관,35.1298336878627,126.911569145517
광주 남구 금화로 427,35.1443506760168,126.890991291524
광주 서구 상무번영로 11 명품주차장 1층,35.1506566769157,126.852714372684
광주 북구 군왕로182번길 36,35.1765745728997,126.935975462148
광주 동구 무등로415번길 18,35.1594019581738,126.929280605436
광주 동구 남문로 551,35.1203657878159,126.93315049043
광주 서구 상무평화로 89 1층,35.1482267546742,126.848879120339
광주 광산구 우산로 47,35.1595452195918,126.805977636854
광주 남구 백서로 89 1층,35.1405230276899,126.915723966944
광주 북구 수리마을길 49 충효갤러리1층,35.1836338828316,127.000172259037
광주 북구 신임로 19,35.1653552044231,126.898089177465
광주 동구 필문대로205번길 19-19 1층,35.1528966807875,126.932958832746
광주 북구 일곡택지로53번길 55,35.2065423729415,126.89095974698
광주 북구 자미로66번길 15,35.171645077485,126.905446761128
광주 서구 상무민주로76번길 12-1 1층 형님육회,35.1570806116069,126.86059120091
광주 광산구 앰코로 35 121호,35.2215143042016,126.852391831029
광주 서구 시청서편로4번길 17-19 1층,35.160035636448,126.847362279909
광주 동구 필문대로 242-7 1층,35.1495721027283,126.928697265553
광주 동구 필문대로 341-6,35.1412490036228,126.924358804435
광주 광산구 남동길 3,35.1279446133553,126.789661886098
광주 광산구 광산로29번길 3,35.1390493861916,126.794653972676
광주 서구 금부로99번길 6,35.1402341986304,126.859821418732
광주 남구 대남대로193번길 13,35.1321720356793,126.904254225538
광주 서구 대남대로450번길 11-1,35.1509825819956,126.887790730305
광주 서구 천변좌로 92,35.1606639697644,126.888935933216
광주 광산구 첨단중앙로182번길 24-5 2층,35.2214472616742,126.844416262567
광주 광산구 첨단내촌로70번길 16,35.2130837276567,126.837286555676
광주 북구 서양로 31-3 1층,35.1708843800315,126.904817880557
광주 서구 월드컵4강로 144 1층,35.1491665224093,126.871121117741
광주 광산구 수등로94번길 26 호초밥,35.182243969504,126.819010207527
광주 광산구 사암로216번길 20-3 1층,35.1631619196882,126.809672615053
광주 광산구 평동산단로 196-14,35.1240891366365,126.769874841041
광주 광산구 송정로8번길 15,35.1363263297627,126.79198504989
광주 서구 운천로 103,35.1418954976799,126.85788639416
광주 동구 양림로 117 2층 남광주시장 상인회,35.1400301892699,126.920704810639
광주 북구 호동로 20,35.1749415237439,126.914676425327
광주 남구 봉선1로 41-1,35.1279866956671,126.909846214191
광주 광산구 어등대로433번길 68,35.1528664622169,126.769708020136
광주 남구 봉선2로 27 1층,35.1259062944105,126.909412842434
광주 남구 광복마을길 79-2,35.1248880132815,126.896668067827
광주 동구 장동로 8-1,35.1489434562348,126.923037739046
광주 북구 면앙로6번길 68 1층,35.1772637441652,126.913356633444
광주 북구 서하로 369,35.1862619849415,126.921006871035
광주 북구 북문대로 148 호밀호두 운암점,35.1821769344525,126.873062651319
광주 북구 양산제로 109-4,35.2035000122464,126.870608812949
광주 북구 면앙로6번길 2 1층,35.1800608135219,126.912826042415
광주 서구 계수로73번길 6,35.1607612068059,126.85878927705
광주 광산구 우산로 92,35.1563324450097,126.810090434864
광주 서구 마륵복개로 145,35.1475944778325,126.853004776552
광주 북구 첨단연신로108번길 99,35.2098465991166,126.865226911958
광주 북구 자미로66번길 17-1 1층,35.1715798563887,126.90572576933
광주 북구 버들로19번길 31 1층,35.1584090183723,126.90758781644
광주 동구 제봉로110번길 15,35.1490157014332,126.923395102384
광주 광산구 월계로 84-13,35.2121263216908,126.835624692883
광주 북구 서강로66번길 3-3 1층,35.1778844641064,126.871662478054
광주 북구 송해로 40-1 1층 102호,35.2021919659721,126.900668504656
광주 서구 월드컵4강로58번길 19,35.1426179431584,126.877096683685
광주 동구 백서로 176 1층,35.1438856823098,126.924237960356
광주 북구 연양로67번길 25,35.2090723035737,126.875113816769
광주 북구 반룡로27번길 9,35.1795040718903,126.90112382995
광주 남구 중앙로 51,35.1438551853993,126.904203015954
광주 남구 봉선1로37번길 6-1 1층,35.1286240795933,126.909281685677
광주 동구 필문대로145번길 1-3,35.1577400639643,126.932014594855
광주 광산구 장덕로40번길 42 1층,35.1933916351111,126.814124004114
광주 광산구 수완로9번길 18-12,35.1858709078993,126.827582512448
광주 광산구 월곡반월로 72 1층,35.170766500726,126.813096453896
광주 광산구 임방울대로825번길 9 광주첨단LH2단지아파트상가 1층 104호,35.2182406165629,126.848319894905
광주 서구 상무민주로32번길 3-11,35.1538889947759,126.858806639523
광주 광산구 풍영로101번길 22 지하1층119호,35.1814519344181,126.811727556887
광주 북구 천지인로 111,35.1842064742592,126.91104104495
광주 북구 경양로 184,35.1596922636311,126.911793125143
광주 남구 우월순길 4 1층,35.1377961580569,126.913075433025
광주 동구 동계로 1 1층,35.1520190304999,126.923959457738
광주 남구 오기원길 20-8,35.1397796803409,126.916514131473
광주 동구 동명로67번길 22-49,35.1535844386174,126.926615674545
광주 북구 임방울대로1042번길 14 1층 107호,35.2112052752476,126.87066226507
광주 서구 상무대로884번길 15,35.1490088957147,126.859154393016
광주 광산구 신창로 117 1층,35.1956965652278,126.837961617284
광주 서구 상무중앙로 96 102호,35.1554539188595,126.849000641154
광주 남구 백운로 82,35.1404394148643,126.90620072014
광주 광산구 신창로 69 1층,35.1914967986599,126.836753158216
광주 북구 양산택지로 54 1층,35.2108650731653,126.88072744405
광주 광산구 송도로 154,35.1285154680032,126.7926036272
광주 북구 북문대로103번길 21 1층,35.1785964217319,126.874914095727
광주 북구 첨단연신로107번길 45-11 101호,35.2070076356138,126.859770893122
광주 남구 회재로 1255,35.1346478124695,126.897854025446
광주 광산구 용진로 773,35.2064917041574,126.752741597288
광주 광산구 임방울대로825번길 60-6,35.2199298076719,126.850106229494
광주 동구 중흥로213번길 21,35.1616560308438,126.917915035254
광주 북구 호동로15번길 48 1층,35.1772527680669,126.914527233908
광주 광산구 왕버들로252번길 46 상가101호 혼밥대왕,35.1953073757434,126.834111322754
광주 남구 효천안길 85-4 1층 홀리데이93,35.1065090506124,126.876680802032
광주 북구 설죽로 320 2층,35.1880773861944,126.899132085394
광주 광산구 도산로9번길 27,35.1282526176728,126.790760542489
광주 북구 면앙로121번길 96-1,35.1810194930098,126.92744877797
광주 북구 양산택지로 52 2층,35.2107610178185,126.880596025296
광주 북구 금호로40번길 16,35.1731550179135,126.89015336766
광주 광산구 송정로 3 2층,35.1374458903484,126.792130991622
광주 서구 풍암순환로 110 상가동 111호,35.1209324507294,126.883249035462
광주 광산구 용아로 390,35.1779487258628,126.805395879695
광주 북구 첨단연신로107번길 29 삼보빌딩 106호,35.2073650945985,126.861085383658
광주 서구 화개중앙로 20,35.123219533084,126.859356341468
광주 북구 우치로27번길 13,35.1702591380937,126.910168519935
광주 동구 무등로 295,35.1628069446292,126.915638532848
광주 북구 안산로 15-1,35.1886171918727,126.902078225303
광주 광산구 장신로20번길 14-4,35.1897728602436,126.812065864025
광주 서구 상무연하로 75 2층 201호 202호,35.1549522339227,126.84988044921
광주 광산구 사암로171번길 90-8 1층,35.1605611272105,126.802843065241
광주 남구 효천2로가길 17,35.1014511277439,126.87493016077
광주 북구 양산택지로34번길 5,35.209346082478,126.880328479935
광주 동구 동계천로 64,35.1535053944988,126.918581164736
광주 남구 봉선로19번길 3,35.1315902610891,126.90330232525
광주 북구 문산로 30 상가동 1층 2호,35.1840586767397,126.922487978746
광주 남구 봉선로 180 1층 105호,35.122829895446,126.914825480007
광주 북구 임방울대로1042번길 17 상가2동 지하1층 110호,35.21091226591,126.871442711715
광주 광산구 첨단중앙로 164 1층,35.2200443343791,126.842205595756
광주 광산구 사암로 248 1층,35.1664184771593,126.809013239106
광주 서구 화정로244번길 17 1층 105호,35.1458343600054,126.884802492823
광주 북구 황계로55번길 24,35.1781502379469,126.874814768208
광주 서구 내방로161번길 7 1층,35.1595715563038,126.858448343632
광주 북구 서방로 134 1층,35.1698478970442,126.92670699415
광주 북구 참판로 112,35.1676616348849,126.933551865627
광주 북구 양산택지로51번길 1 1층 홍샐러드,35.2107875275118,126.880058939682
광주 북구 대자로 75-1,35.1733547286968,126.880596292644
광주 서구 마륵복개로150번길 7,35.1466758251026,126.852571092698
광주 서구 시청로50번길 21-4 1층,35.1532981301203,126.854220076722
광주 서구 시청서편로4번길 1,35.1593114951263,126.845804325775
광주 서구 운천로 160,35.1468373929352,126.857122576325
광주 서구 상무민주로32번길 3-9,35.1537696865523,126.858756580684
광주 서구 상무연하로 60,35.1535738305235,126.850500536145
"광주 광산구 월계로 223-20 101호, 102호",35.2153446028769,126.8505134574
광주 남구 봉선중앙로 9,35.1220828580526,126.912441350913
광주 동구 서석로7번길 12-35 홍일점,35.1467405461129,126.915228887964
광주 서구 상무버들로16번길 6-17,35.1653602754793,126.86205625794
광주 광산구 신창로 134 1층 홍짜장,35.1969248819507,126.839075364126
광주 북구 무등로180번길 9-18,35.164895839528,126.904122150384
광주 광산구 월계로 223-8 중흥s클래스 상가 1층 110동 111호,35.2136432576932,126.850841451437
광주 북구 동문대로186번길 8,35.1786212612844,126.929910581202
광주 북구 연양로 49,35.2065761251369,126.872800110606
광주 광산구 첨단강변로99번길 21 1층 102호,35.2151822074863,126.851121342395
광주 북구 설죽로 518-7,35.2055472128116,126.898664185044
광주 남구 광복마을6길 3-2 1층,35.1249262970862,126.896217768971
광주 서구 마륵복개로 156 키친42 2층 211호,35.146476040064,126.853874603772
광주 서구 화개중앙로 51,35.124534182448,126.856139042313
광주 북구 송해로 74 1층,35.204920311073,126.899624770057
광주 광산구 첨단내촌로 53,35.2116339510492,126.837052552379
광주 동구 지호로160번길 10,35.1490033873736,126.945642772698
광주 북구 안산로 38 화덕촌,35.1906553218013,126.902173061463
광주 광산구 수완로74번길 45,35.1918239006226,126.831424352935
광주 광산구 선운로 12 1층,35.1484405701091,126.770827232418
광주 동구 백서로 168,35.1434611162124,126.923481401369
광주 광산구 목련로153번길 49-3,35.1738709207222,126.81418952177
광주 서구 염화로83번길 4-23,35.142955766182,126.873757728593
광주 북구 대자로 46 1층,35.1731839122575,126.877250383038
광주 서구 상무오월로3번길 4 1층,35.1558801099182,126.859904118268
광주 북구 중문로9번길 54 1층,35.1743343765539,126.915457680486
광주 동구 의재로 70 화산고1층,35.1319939908033,126.935254189162
광주 광산구 신가삼효로 36-6,35.1869985822977,126.836412462705
광주 동구 동명로 9-4 2층,35.1504116198619,126.922796784695
광주 북구 우치로110번길 23-1,35.1775705838348,126.913634053452
광주 광산구 하남대로 157,35.1802343188517,126.810875584202
광주 북구 우치로100번길 12 2층,35.1763425677906,126.913119280183
광주 남구 수박등로5번길 2,35.1408050623162,126.895055863114
광주 동구 화산로350번길 6,35.1193283230803,126.931867706761
광주 서구 회재로 699,35.1126370695236,126.844883780112
광주 동구 의재로 55-1,35.1326317062266,126.933754353274
광주 남구 군분로42번길 7,35.1378292443756,126.894466934372
광주 서구 풍암운리로 16 1층,35.1226053267994,126.865862364274
광주 북구 면앙로 189,35.1755110293835,126.932431231347
광주 북구 면앙로165번길 5,35.1762754488957,126.929701050304
광주 남구 봉선2로 36 1층,35.1254179383001,126.91038706683
광주 광산구 수완로52번길 1-4 1층 101호,35.1899482765735,126.829494804733
광주 광산구 임방울대로826번길 30 1층 109호,35.2159620532602,126.84814378878
광주 서구 월드컵4강로182번길 21 지하1층,35.1525523766991,126.871956881486
광주 서구 시청로 92 상무유탑 상가 1층 106호,35.156733155918,126.85231412844
광주 서구 화운로100번길 1 1층,35.1488930601702,126.87990488297
광주 서구 월드컵4강로42번길 57-1,35.1419345298117,126.881899844631
광주 광산구 광산로29번길 6,35.1392600802052,126.794947298406
광주 서구 화운로23번길 7-2,35.1422674054895,126.883673314095
광주 서구 금화로 241,35.1360130211338,126.87383987767
광주 서구 화운로 105-1 1층,35.1489597657522,126.879184435938
광주 동구 학소로 85,35.1274668710759,126.933553152016
광주 북구 일곡택지로 73,35.2082717760683,126.894083961782
광주 북구 월동로 41,35.175334524965,126.935033222851
광주 광산구 광산로30번길 7,35.1385715554801,126.795388596462
광주 북구 하백로 13,35.188688215791,126.890496659729
광주 남구 양림로 39-2 성도재활센터,35.136969930689,126.913399565032
광주 동구 의재로 130,35.1318748678624,126.941908882101
광주 서구 화정로253번길 38,35.1503686503093,126.881987197836
광주 서구 쌍촌로 13-1,35.1461497808853,126.864934751267
광주 광산구 임방울대로826번길 42 포플레이 5층 501호,35.215428915903,126.848440558502
광주 광산구 하남산단8번로 172,35.2084549295754,126.814647359281
광주 광산구 첨단중앙로152번길 22,35.2188406247101,126.843558143225
광주 동구 화산로238번길 9-10,35.1165945821355,126.922577817269
광주 광산구 사암로 300 1층 바열 9호 10호,35.1713090764483,126.809654948732
광주 서구 풍암순환로128번길 77,35.1286950890867,126.885611536319
광주 북구 서림로 150 1층 황금닭,35.1593566485122,126.900788324827
광주 광산구 풍영정길 27-17 황금닭,35.1806325142072,126.838307590364
광주 북구 경열로212번길 6,35.1581937707083,126.906526401491
광주 서구 풍암신흥로 88 1층,35.124401817196,126.869060081626
광주 북구 첨단연신로108번길 35 1층,35.2079753556711,126.865842260086
광주 광산구 하남울로12번길 11,35.1815356896326,126.803233548029
광주 광산구 도산로9번길 28,35.1282892312521,126.790458075724
광주 서구 상무평화로 62 라인동산아파트,35.1477896235738,126.84561283611
광주 광산구 비아동원촌길 51,35.221049425086,126.827722550646
광주 동구 지산로85번길 2-1 1층,35.1514795821164,126.93283301919
광주 광산구 우산로95번길 57-2,35.1589286336358,126.811653467977
광주 서구 내방로246번길 3,35.1575657723822,126.86779187676
광주 서구 풍암중앙로91번길 8-26,35.1280481807837,126.884471631245
광주 남구 대남대로 127,35.1337493787075,126.911182421097
광주 동구 제봉로 175,35.1522501753165,126.917537515408
광주 남구 대남대로171번길 8 1층,35.1328081165298,126.906315901747
광주 서구 쌍촌로3번길 18-16,35.1457206818808,126.86336148783
광주 북구 양산택지로121번길 14-4,35.2152945289614,126.88058147918
광주 광산구 풍영철길로 15 콜롬버스,35.162942407489,126.811961205176
광주 서구 상무오월로15번길 28-17 1층,35.157757669586,126.86220826139
광주 서구 내방로161번길 3,35.1592817456725,126.858427992005
광주 서구 개산길 36,35.1140879758741,126.847280401393
광주 북구 하서로 513-1,35.2203194467398,126.878747397399
광주 동구 증심사길30번길 33-1,35.1331156183386,126.958666925516
광주 서구 내방로 33,35.1593811337715,126.844155654317
광주 북구 설죽로217번길 6-10 1층,35.1796134426579,126.89737469745
광주 남구 백운로 57 도울마트,35.1382285390429,126.906182188397
광주 광산구 하남대로54번안길 115 상가1동,35.1783051631104,126.798421588549
광주 북구 서하로106번길 8-1,35.1866974365977,126.891647437013
광주 광산구 목련로217번길 38 1층,35.1739427248131,126.821662788002
광주 서구 금화로73번길 2-5,35.132613685037,126.857012361441
광주 남구 봉선2로 61,35.1259632823477,126.913136499683
광주 광산구 목련로153번안길 50,35.1747350274054,126.813880839023
광주 서구 쌍학로 10 1층,35.1462172915284,126.866152080702
광주 북구 서하로 195,35.1873902806627,126.90187185703
광주 북구 저불로69번길 17,35.180580969732,126.893524203394
광주 남구 진다리로39번길 31-1 1층,35.1382313905696,126.905907316436
광주 서구 내방로165번길 11-1,35.1600087102854,126.858907688469
광주 광산구 복영길 128,35.2094719139954,126.749229303381
광주 남구 대남대로139번길 16,35.1323622158995,126.910008385731
광주 동구 구성로238번길 10-1,35.1551287765351,126.918094229778
광주 서구 무진대로 932 지하 1층,35.1596823958076,126.882631959088
광주 동구 백서로153번길 2,35.1433370800793,126.922053427622
광주 광산구 신창로106번길 8-15,35.1938813087908,126.838215462128
광주 광산구 장신로19번안길 23,35.1914855294205,126.81311917891
광주 동구 중앙로160번길 16-10,35.1472979645577,126.914100619665
광주 북구 우치로275번길 53,35.1891764262025,126.902455144412
광주 광산구 월곡반월로 27,35.1678919013094,126.812517750164
광주 서구 내방로 349 유탑유블레스,35.15779069599,126.878589683427
광주 남구 봉선중앙로 98,35.1296272926513,126.911099672379
광주 서구 대남대로 462,35.1514490890524,126.886300620693
광주 남구 유안초등북길 15,35.1278563594089,126.914321047728
광주 남구 구성로 102 1층,35.1482818790204,126.906068372568
광주 북구 서강로 63,35.177557555501,126.870996183299
광주 광산구 첨단중앙로67번길 7-4,35.2111998807838,126.842171092213
광주 북구 송해로 82-22,35.2058462930151,126.900416303376
광주 서구 풍암2로57번길 8,35.1229320557977,126.882521015918
광주 동구 천변우로 505,35.1382757354766,126.920640784801
광주 동구 제봉로194번길 15,35.1544112636522,126.917121907587
광주 광산구 수등로 273-8 1층,35.1856904148399,126.838741240577
광주 북구 우치로422번길 14,35.2035071777612,126.902726058271
광주 북구 양산택지로 5,35.2070841942375,126.878302754436
광주 북구 충효샘길 48,35.1850503468101,127.002036293044
광주 광산구 고봉로 11,35.1805259471029,126.805493703153
광주 북구 매곡동 42-20,35.1886776360363,126.893593354067
광주 남구 봉선로 91,35.1261766104168,126.90726328795
광주 서구 상무중앙로38번길 11,35.1504961605567,126.849935823803
광주 동구 필문대로205번길 14,35.1519911983566,126.932515650822
광주 남구 대남대로149번길 7,35.1329950837978,126.908949978992
광주 서구 운천로17번길 13,35.1340359049385,126.85766733122
"광주 남구 봉선중앙로123번길 20 (봉 선동, 송암빌딩) 1층",35.1320242990138,126.908449530922
광주 서구 화운로156번길 18,35.1529802927268,126.878652581602
광주 광산구 용아로 456,35.183908545111,126.805265955875
광주 북구 밤실로167번길 4,35.1623415453246,126.934378408031
광주 광산구 비아안길 78,35.2210187570254,126.82057131405
광주 북구 북문대로247번길 5,35.1867588854526,126.865141415377
광주 광산구 삼도중방길 25,35.1522414935901,126.739589076821
광주 동구 장동로 23-11,35.1484766882996,126.924400952036
광주 북구 서하로 362-3,35.1860520121023,126.919973928897
광주 광산구 임방울대로801번길 29,35.2192496339689,126.845788145116
광주 서구 풍암신흥로61번길 3,35.1218233242202,126.868265109743
광주 동구 학소로 91,35.1280381177542,126.933319874131
광주 북구 면앙로 202-1 1층,35.1748959365217,126.933559701903
광주 북구 자동차로 43,35.1634443510905,126.90105721697
광주 북구 서양로 56 모아타운 114동 111호,35.169937800337,126.907057096362
광주 북구 금호로 57,35.1740279202859,126.888018475977
광주 북구 설죽로 212,35.1785148498455,126.89788458901
광주 서구 금화로73번길 6-10,35.1327866336911,126.85729886887
광주 동구 남문로 377 상가동 1층 106호(월남동),35.1051210408526,126.937146211333
광주 서구 풍금로38번길 50,35.1246130938978,126.867646463088
광주 서구 내방로 41 1층(치평동),35.1590570480277,126.845526355235
광주 광산구 임방울대로800번길 37 회박사,35.2158298773162,126.846185835544
광주 북구 동문대로134번길 10 1층,35.1743803635647,126.926988784809
광주 광산구 수완로11번길 15,35.1861193757349,126.827747554327
광주 동구 제봉로213번길 14-4,35.1539852158248,126.913167967063
광주 북구 서하로 254,35.1869676736971,126.908126092669
광주 북구 문산로74번길 36,35.186840119441,126.926602697698
광주 동구 동계로 16 횟집아저씨,35.1531025046866,126.924598609778
광주 남구 효덕로 226,35.1037716842184,126.897803606659
광주 북구 우곡길 20 효령왕갈비탕,35.2424411492416,126.910536263763
광주 북구 우곡길 4,35.243037668785,126.910669319214
광주 광산구 풍영로200번길 13,35.1893810250606,126.815100006965
광주 북구 금당마을길 61-3,35.2419082533382,126.871055202546
광주 북구 설죽로471번길 82-3,35.2016904855431,126.897356816758
광주 광산구 임방울대로801번길 37 효자반점,35.2198410221858,126.845798120093
광주 북구 동운로 231 1층,35.1742881304503,126.875275711944
광주 남구 서문대로749번길 14-1,35.1262108760271,126.896059580582
광주 남구 덕림중앙길 20 효정식당,35.1461907600115,126.901574780799
광주 남구 송하동 127-1,35.1042803531698,126.879210365407
광주 남구 효우2로26번길 18 1동 2층 203호,35.1028580387046,126.888084195792
광주 남구 효천2로 12,35.1010757685641,126.873252438729
광주 남구 효천2로가길 5 1층,35.1020516314793,126.87389814682
광주 북구 군왕로51번길 80,35.1681193091325,126.928579104661
광주 서구 금화로73번길 2-1,35.1325991039651,126.856877430843
광주 서구 화정로260번길 3,35.1476770849549,126.885354305975
광주 동구 동명로 15 1층,35.1505751141482,126.9230604563
광주 남구 회서로12번길 8 종원아파트,35.1312088366068,126.892329381183
광주 북구 우치로 60 2층,35.1726294759711,126.912560856997
광주 광산구 첨단내촌로 28,35.2092182727593,126.83741177873
광주 남구 독립로10번길 14,35.1344521839939,126.902969663103
광주 서구 화정로85번길 9 101호,35.1458228186766,126.866526823932
광주 북구 양산로 30 1층,35.2105159408262,126.877439240401
광주 광산구 산정공원로82번길 16,35.1746423762044,126.808052452649
광주 동구 제봉로 136 2층,35.150208421544,126.921346159466
광주 광산구 산정공원로94번길 27,35.1759243711319,126.808050427292
광주 서구 화운로125번길 11,35.1499514006968,126.876903922502
광주 동구 제봉로82번길 21 1층,35.1473817950821,126.92352349335
광주 북구 호동로 6-3 1층 후토루,35.1744553401717,126.913544257531
광주 광산구 장덕로39번길 14 아리따움빌라 103호,35.1957339286633,126.814090009642
광주 서구 상무대로868번길 8-6 1층 103호,35.1493678752832,126.856972305046
광주 북구 양산로 35 1층 훈민정음,35.2107939455482,126.878181462828
광주 북구 용주로30번길 68,35.1808412276881,126.904257677416
광주 북구 천지인로173번길 22,35.1850921363032,126.918856648709
광주 북구 호동로 71,35.1780142102877,126.917880260605
광주 남구 봉선중앙로123번길 13,35.1317826000021,126.909110312063
광주 동구 동계천로 125 2층,35.1499859164962,126.9236651506
광주 북구 모생마을길1번길 5-4,35.2251535524637,126.902473842493
광주 북구 설죽로214번길 76,35.1777458340386,126.901835584009
광주 광산구 임방울대로800번길 63 2층,35.2146171315198,126.846202401158
광주 북구 황계로55번길 40 휴1727,35.1781388467395,126.874086165309
광주 동구 동계천로 84 흐름,35.1525184166981,126.920088208921
"광주 서구 유림로98번길 9, 1층",35.1712898384163,126.864920194104
광주 광산구 수완로 42,35.1888077484877,126.829143095679
광주 광산구 선운로 9,35.1486469251273,126.770511804804
광주 북구 비엔날레로 182,35.1828050229857,126.897019474172
광주 북구 북문대로19번길 8,35.1738165564443,126.882503849831
광주 서구 금화로85번길 7,35.1331501194422,126.857730097088
광주 광산구 선운로20번길 8,35.1480588030635,126.77176033271
광주 북구 황계로 3 북구황계로 3,35.1730136258952,126.875552314668
광주 광산구 월곡로 30,35.1687398967766,126.812284301326
광주 광산구 임방울대로825번길 30,35.2194329353611,126.848907172491
광주 북구 우치로100번길 12,35.1763425677906,126.913119280183
광주 남구 봉선중앙로131번길 36,35.1327632519267,126.906579611939
광주 동구 백서로117번길 8-2,35.142304602804,126.917872468247
광주 동구 무등로 480,35.154748715085,126.932326798509
광주 광산구 도산신송길 31,35.1345650477153,126.791447717952
광주 서구 동천로10번길 6-7,35.169082708485,126.860565670068
광주 북구 본촌동 3097,35.2136055333022,126.882656322062
광주 동구 남문로693번길 12-5,35.1322710768017,126.926867737513
광주 동구 구성로204번길 19,35.1524875808556,126.91620505502
광주 서구 풍암2로 65 1층,35.1220975127736,126.882180917669
광주 서구 대남대로461번길 7,35.1506950618085,126.885302553605
광주 북구 면앙로165번길 4,35.1762369168779,126.929936120501
광주 동구 준법로 7-12,35.1505686107203,126.93404337281
광주 서구 운천로172번길 27-2 1층,35.1484088948493,126.859728278076
광주 동구 동명로 8-6,35.1496757430153,126.922787602828
광주 남구 봉선로9번길 26,35.1324939919899,126.905042628046
광주 남구 대남대로 404 히스토리 카페,35.1471027499074,126.889738013498
광주 광산구 수완로74번길 10 1층,35.1916595391531,126.829461034717
광주 북구 설죽로 518-4 두경건물 107호 히쿠,35.2049462125038,126.898689860274
광주 동구 경양로 377,35.1543846884867,126.930160859834
광주 북구 용산마을길 145,35.2451191176335,126.886725967642
광주 북구 자미로66번길 20 1층,35.1713889793595,126.905764958909
광주 서구 상무자유로 137-10 봉령주차빌딩 2층,35.1524110739675,126.849479162735
광주 광산구 소촌로 100 1층,35.153438973099,126.793123163434
광주 서구 시청로50번길 3 2층,35.153196800447,126.852049660808
광주 서구 내방로 394,35.1575571903877,126.883680088565
광주 광산구 비아로62번길 7,35.2198324647723,126.817837430942
광주 동구 문화전당로35번길 13 2층,35.1453100448391,126.917653375966
광주 서구 상무시민로 97-5 서영빌딩,35.1558075676673,126.849544465076
광주 동구 충장로22번길 3,35.1514480413242,126.911020962476
광주 남구 양림로 50 1층,35.1369186549103,126.914431265689
광주 동구 의재로136번길 26-11,35.1311164389076,126.944754531326
광주 광산구 풍영철길로 15 콜럼버스웨팅홀,35.162942407489,126.811961205176
광주 광산구 송도로182번길 12,35.130193121053,126.794637258079
광주 광산구 송도로 151-1,35.1285753142495,126.792075088655
광주 서구 운천로 247 스타타워 B102호,35.1546189362755,126.854406600386
광주 서구 상무대로 773,35.1463934422133,126.846983477886
광주 서구 시청로60번길 21-6 콜롬버스시네마,35.1542417103585,126.854400797192
광주 서구 시청로60번길 22 2층,35.1537355488355,126.854210845837
광주 광산구 송정로8번길 11 1층,35.1365164480306,126.791997404193
광주 광산구 소촌로 86,35.1518189547954,126.793277945323
광주 동구 제봉로184번길 7,35.1534088737757,126.917669580888
광주 동구 제봉로184번길 15-1,35.1538011631784,126.918227698022
광주 동구 남문로753번길 20 상가A동 104호,35.1363662640727,126.92269450524
광주 동구 남문로 690 1층,35.1321989438626,126.928949079687
광주 동구 동계천로 59-2,35.1538817973617,126.918439432991
광주 광산구 상무대로 296 1층 EGGTOP,35.1431647454148,126.798205727291
광주 동구 양림로 122 1층,35.1400875631239,126.921330438457
광주광역시 광산구 임방울대로 142,35.1737404616694,126.817907258397
광주 광산구 소촌로 100 110호,35.153438973099,126.793123163434
광주 광산구 송정로8번길 20-1,35.1363983232035,126.79170791995
광주 동구 남문로 726 1층 학동,35.1352044795825,126.927027286571
광주 동구 제봉로184번길 9-2,35.153582936852,126.917817675954
광주 광산구 송정로8번길 6,35.1369208110333,126.792057163948
광주 서구 염화로83번길 7-2,35.1421180698586,126.87318127674
광주 동구 금남로 162-1,35.1526807872273,126.911205642308
광주 서구 월드컵4강로 66-1,35.1429487205907,126.874698601452
광주 동구 동계천로 60-1,35.1538260886795,126.918165225921
광주 동구 동계천로 56-1,35.1540655681814,126.91788117447
광주 동구 제봉로194번길 3,35.153761377574,126.916327216512
광주 광산구 송정로15번길 62 1층,35.1382405397407,126.795955291208
광주 남구 양림로 43,35.1369649825411,126.913665327439
광주 광산구 송정로 30-2 1층,35.1357953198865,126.794457397587
광주 광산구 선운로20번길 56 1층,35.146633413381,126.776656479549
광주 광산구 선운로2번길 71 1층,35.1457433318237,126.776955971664
광주 남구 봉선로 33,35.1303589254303,126.903776772834
광주 남구 봉선로19번길 1 1층,35.1315825092008,126.903189214026
광주 남구 회재로 1267,35.1350357174264,126.899203801115
광주 광산구 선운로20번길 57,35.146870096303,126.777089413208
광주 남구 대남대로203번길 13-7,35.1320379498348,126.90327919373
광주 광산구 광산로 62,35.1403365645272,126.797945951905
광주 남구 백운로 58 1층,35.1383576508998,126.906462944436
광주 남구 백운로 44 1층,35.1375077781638,126.907312764992
광주 남구 대남대로203번길 11-1,35.1321170669396,126.903025318245
광주 남구 독립로 25-1 1층,35.1359847123765,126.901333710422
광주 남구 금화로 436 1층,35.1448622824358,126.891486400694
광주 광산구 동곡로 739 103호,35.1475097888877,126.777873628482
광주 광산구 선운로 5 1층,35.1484971713931,126.77011133935
광주 광산구 선운로 1,35.1483487256389,126.769120024269
광주 광산구 선운로2번길 1,35.1480394147717,126.770419572087
광주 광산구 신창로162번길 24-31 1층 로맨티크,35.1978568126462,126.841966638857
광주 남구 봉선2로 27 indeco 1층,35.1259062944105,126.909412842434
광주 남구 회재로 1242 무등수산,35.1338223321618,126.896881821424
광주 남구 백운로99번길 2-1 1층,35.1420874757132,126.905865569802
광주 남구 오기원길 20-4 1층,35.1395789222121,126.916478235325
광주 남구 봉선로 2 창신빌딩 1층,35.1326129660054,126.901866959814
광주 동구 충장로 45-5,35.1505574383442,126.913302424173
광주 동구 동계천로 159-10 일다,35.1495589247019,126.926703022813
광주 동구 구성로194번길 15-10 1층,35.152245905434,126.915785191885
광주 북구 하서로 450 1층 원조장수갈비,35.2146613504152,126.876204553318
광주 북구 저불로 1,35.1746563405314,126.894746939661
광주 북구 용봉택지로 80 1층 101호,35.178170507513,126.89500961857
광주 북구 설죽로214번길 98,35.1776600743718,126.903015942362
광주 서구 상무평화로 101,35.148272846281,126.849920261707
광주 서구 풍금로11번길 6-3 1층,35.1208224217752,126.864963953861
"광주 광산구 수등로243번길 20-23 1층, 2층",35.1860681957778,126.836740190445
광주 광산구 선운로2번길 35-1 1층 미세스베이글,35.1465081836432,126.773146274583
광주 광산구 첨단중앙로 96 (월계동) LC타워 1층,35.2138293623386,126.843468142344
광주 남구 백서로 80-1 1층 헤이키커피,35.139673466723,126.915685120298
광주 남구 백서로 95,35.1407533500398,126.916279189975
광주 남구 대남대로 330 1층,35.1413219321956,126.894053235428
광주 남구 백서로 98-1,35.1405750672091,126.916812336836
광주 남구 회재로1186번길 20 상가동 103호 시온,35.1300234701521,126.891539333368
광주 동구 지호로70번길 2 1층 natural coffee stall,35.1475245291007,126.936566349234
광주 동구 백서로125번길 45 1층,35.1455719220344,126.916776196767
광주 북구 면앙로 52 1층,35.1789443915947,126.917719920593
광주 서구 무진대로 932 신세계백화점 지하 1층 소맥베이커리,35.1596823958076,126.882631959088
광주 서구 염화로 153,35.1435244735876,126.88128698195
광주 서구 유림로33번길 4-12 1층,35.1659803329613,126.863260652588
광주 서구 상무민주로 10,35.1514516470865,126.858823251335
광주 서구 상무민주로76번길 26 1층,35.1570907264014,126.862184032989
광주 광산구 선운중앙로 48 1층 101호,35.1479007066079,126.776989372561
광주 서구 동천로 6-1 1층,35.16915454873,126.860332726355
광주 광산구 선운중앙로 43 208동 B104호,35.1496528481647,126.776055287596
광주 북구 경양로 161-1 땅땅치킨 중흥점,35.1606147271057,126.909367463651
광주 서구 상무민주로 97,35.1591535925068,126.859141189313
광주 서구 상무민주로64번길 6,35.1560036848954,126.859902918654
광주 서구 상무오월로15번길 28-15 1층,35.157783922876,126.862070695095
광주 서구 동천로 13 동천마을2단지휴먼시아,35.1699494803759,126.860041682575
광주 서구 상일로14번길 14 1층,35.1566265133211,126.864489841202
광주 서구 내방로 19 빛고을흑염소,35.1591722246646,126.842710894924
광주 서구 상일로 8,35.1561656711448,126.863226700888
광주 서구 상무오월로15번길 28-2 상지타코,35.157826588405,126.861308489444
광주 광산구 선운로20번길 8-1 랭삼1992,35.1480588030635,126.77176033271
광주 서구 치평로 79 중흥2차 아파트 상가,35.1548181019835,126.847133318707
광주 북구 경양로103번길 26,35.163117451373,126.904340577231
광주 서구 상무대로1081번길 16,35.1540286362716,126.880255009507
광주 서구 상무대로1081번길 18,35.1542511890707,126.880262146389
광주 서구 화운로156번길 25-5,35.1534161493267,126.879424014247
광주 동구 문화전당로35번길 3-5,35.1454232154666,126.918795631265
광주광역시 남구 백서로 98,35.1407572316781,126.916679925146
광주광역시 북구 경양로119번길 18,35.16211250729,126.906160149148
광주광역시 북구 삼각월산길 2-1,35.2049808195535,126.902303589278
광주광역시 남구 수박등로 53,35.1444390222942,126.896664103398
광주광역시 광산구 용아로400번길 33,35.179148802847,126.806924599572
광주광역시 남구 제중로47번길 10 이이남스튜디오,35.1391664955008,126.912818965516
광주광역시 동구 경양로 386,35.1544416405231,126.931239651728
광주광역시 동구 증심사길 28-16,35.1332667861326,126.955387934841
광주 남구 백서로 59 1층,35.1381918347139,126.914694158431
광주 남구 서문대로556번길 27 (송하동),35.1110159501187,126.89576790284
광주광역시 서구 상무화원로 36,35.1456575096958,126.844316797763
광주광역시 광산구 송도로85번길 22,35.1264457438533,126.786776583886
광주 서구 군분로159번길 13,35.1455592395579,126.885919353178
광주 서구 천변좌하로 192,35.1558359811328,126.837823275
광주광역시 동구 서석로7번길 6-44,35.1461888536228,126.915790115109
광주광역시 동구 의재로 130,35.1318748678624,126.941908882101
광주광역시 동구 동명로26번길 5-1,35.1513849158454,126.924379605463
광주 광산구 신창로131번길 9 107호,35.1969694451288,126.838020910832
광주 광산구 신창로161번길 34 신창부영사랑으로 3차 아파트 상가 107호 이모푸드,35.1996082738902,126.838109669791
광주 광산구 신창로161번길 34,35.1996082738902,126.838109669791
광주 남구 금당로 3,35.1177338716749,126.897614273354
광주 남구 서문대로812번길 4-8 상가2층 b3 306호,35.1307081472886,126.899813570114
광주 남구 백운로 37,35.1368761227806,126.907574409818
광주 남구 광복마을5길 21,35.1236650440373,126.894577033026
광주 남구 진다리로39번길 23 1층,35.1379332409924,126.90593454276
광주 남구 진다리로 44-2,35.1366149594237,126.906350054745
광주 남구 광복마을3길 20 1층,35.1196893159772,126.895946971941
광주 남구 백운로 72-1 1층,35.1397308285049,126.906167736121
광주 광산구 목련로219번길 157,35.1776540037826,126.824651260702
광주 남구 백운로 45-1,35.1375324519735,126.906929240871
광주 남구 금당로 1 1층,35.1177327696361,126.897803727529
광주 남구 금당로 78 백애란 헤어센스,35.1237584597582,126.895553757983
광주 광산구 목련로273번길 83,35.1776864750745,126.824791381168
광주 남구 백운로 66,35.1391936828896,126.906136969909
광주 광산구 목련로273번길 67 남도수산회포차,35.1770269792245,126.825183722831
광주 서구 풍암신흥로 37 1층,35.1207641726712,126.867311946554
광주 서구 풍암1로 15 1층,35.1257551529628,126.878162961465
광주 서구 풍암신흥로 88 고기잡이,35.124401817196,126.869060081626
광주 서구 풍금로 15,35.1212935227719,126.865249945939
광주 서구 풍암1로21번길 15-3,35.1259785669893,126.879571873616
광주 서구 화개중앙로 71-1,35.1255474547973,126.854293787731
광주 동구 필문대로273번길 28-1 1층,35.1456478167094,126.930351257586
광주 서구 풍암신흥로 90,35.1245078301162,126.869071650885
광주 동구 필문대로287번길 23-9 1층,35.1453640667904,126.929569289606
광주 서구 풍암1로21번길 13 1층,35.1257621442873,126.879385353912
광주 서구 풍암신흥로 82,35.1239718996341,126.869007341451
광주 서구 풍암1로 9,35.1261923842681,126.877963512479
광주 서구 풍암순환로 170 1층,35.1255808715799,126.883149367419
광주 동구 지산로 42 1층,35.1475117763008,126.932320608878
광주 서구 상무대로868번길 15,35.1486948773718,126.857548530686
광주 동구 필문대로287번길 15-29,35.1461664485695,126.929088052609
광주 서구 풍암순환로 142,35.1233596342329,126.88427123268
광주 동구 필문대로287번길 15-6 2층,35.1453978220009,126.928873523765
광주 서구 풍암순환로 172 1층,35.1258349406682,126.883029528866
광주 서구 상무대로868번길 3-1,35.1497882731973,126.857281046014
광주 서구 풍금로 25,35.1219090555619,126.864433487035
광주 서구 운천로 174,35.1480886244593,126.856709408667
광주 서구 풍금로38번길 33,35.1242966001308,126.865820315606
광주 서구 풍암2로 16 상가 1층,35.1262720824997,126.879876001915
광주 동구 필문대로 287,35.1458094405164,126.927148519923
광주 서구 운천로 131 101동 109호,35.1446375629261,126.856843520071
광주 서구 마륵복개로 140 상가동 106호,35.1476979418246,126.851884467671
광주 동구 지산로 13 1층,35.1454090980023,126.930756502721
광주 동구 필문대로287번길 29,35.1447152720423,126.929889401934
광주 서구 풍암2로 12 풍암동리빙프런티어,35.1265643562797,126.879746221919
광주 서구 상무대로868번길 2 쌍촌동 1층,35.149970593165,126.857030292531
광주 서구 풍금로 4,35.1206879014315,126.866231481509
광주 동구 필문대로273번길 26 1층,35.1457469128784,126.930101628656
광주 동구 필문대로287번길 15-15,35.1459809242041,126.928892988847
광주 동구 금남로 188-1 1층 금남로5가,35.151171174998,126.913428748606
광주 동구 중앙로 182,35.149561945809,126.915042032397
전라남도 영광군 영광읍 대하길4길 10,35.2758842180005,126.497663931832
광주 남구 군분로 47 1층,35.1377648306419,126.893372706338
광주 동구 중앙로 163 2층,35.1486317606388,126.913162021511
광주 남구 광복마을길 115 돈서방,35.1280371576091,126.895987043038
광주 남구 군분로 5 남.여성복 할인매장,35.1344482478933,126.895943559521
광주 광산구 신창로131번길 10 상가동 103호 식사준비,35.1977560185119,126.837858370958
광주 남구 군분로 61-1,35.1388247630292,126.89257930178
광주 남구 군분로 102 (월산동),35.1419352119797,126.890596510467
광주 북구 임방울대로1041번길 12,35.2136526732253,126.871725595404
광주 북구 하서로 486 1층,35.2177521351467,126.878123069707
광주 남구 군분로169번길 1 1층,35.1468657426452,126.886185843261
광주 서구 화정로 211 106호 힐스테이트2단지상가 팡파레케이크,35.1459914484472,126.878597332822
광주 광산구 신창로131번길 19 1층,35.1972427495437,126.837627697666
광주 광산구 월계로 191,35.2136373822634,126.846430167897
광주 광산구 임방울대로800번길 11-5 상가동 1층 111호,35.2172173111788,126.846814325134
광주 북구 독립로 403-1,35.166476875322,126.916489929607
광주 북구 면앙로156번길 42,35.1746576180591,126.92728350763
광주 북구 와우로 12-1,35.170712684122,126.916311281544
"광주 광산구 목련로394번길 40-9, 1층 101호(신가동)",35.1832384571685,126.834859685251
광주 북구 면앙로 176,35.1755916428457,126.930890537091
광주 북구 우산동 359-1,35.16819542725183,126.91958704065584
광주 북구 운용로 95,35.1769169676109,126.896342971111
광주 북구 서양로 155 상가4동 1층 4호,35.1678354326818,126.91758698693
광주 북구 당뫼로 70-1,35.1725057924941,126.915845319449
광주 북구 용봉택지로 90 1층,35.1782271906209,126.896250737914
광주 북구 면앙로155번길 7 1층,35.1766235835511,126.928827344051
광주 동구 필문대로206번길 12-26,35.1531367048206,126.929606710885
광주 북구 비엔날레로 55 상가동 1층1 호,35.1771686567803,126.888756503398
광주 동구 동계로 38 무등산그린웰로제비앙 121동 지하1층 121-6호,35.1555703786676,126.925684297632
광주 북구 서방로107번길 75-2 1층,35.173505796645,126.926426089487
"광주 북구 서양로 155 상가1동 1층 103호(우산동, 무등산자 이앤어울림아파트1단지)",35.1678354326818,126.91758698693
광주 북구 동문대로 71,35.1707921327163,126.921903851719
광주 북구 동문대로 182,35.1784134219467,126.929468008749
광주 북구 우산동 353-1,35.167522517756,126.917508379897
광주 북구 서방로107번길 102,35.1744115857402,126.927347177596
광주 서구 상무중앙로68번길 5 1층,35.1530907982425,126.849196407573
광주 서구 월드컵4강로71번길 6,35.1434183383739,126.87349222394
광주 서구 시청서편로8번길 3,35.1597220499904,126.845935039644
광주 서구 시청서편로4번길 7-1,35.1593261925843,126.846518372242
광주 광산구 임방울대로 360,35.1920239233668,126.824392226524
광주 광산구 임방울대로 374 1층,35.1935298396433,126.824099108238
광주 서구 시청로 71 1층 미스터초밥 상무점,35.1548465982581,126.850905381308
광주 광산구 임방울대로 362 1층(수완동) 코코봉고,35.1923780022323,126.824348861975
광주 북구 평교로 27,35.1797683638648,126.925004564638
광주 동구 동명로67번길 29,35.1529779052321,126.925862251529
광주 북구 초당로7번길 11,35.1945513358264,126.893006591047
광주 동구 제봉로17번길 6,35.1399753038767,126.921686731258
광주 북구 경열로233번길 16,35.1604580860844,126.906073913705
광주 북구 매곡로 52,35.1895650149148,126.894205083917
광주 광산구 풍영철길로 188-65,35.1711864612732,126.823566766967
광주광역시 서구 상무중앙로 95,35.1554760859773,126.847771058748
광주광역시 동구 동계로15번길 7,35.1535817684993,126.923894569069
광주 서구 염화로83번길 8-8,35.1424924324882,126.873638724531
광주 남구 봉선중앙로123번길 12,35.132067545218,126.909262944768
전남 구례군 구례읍 섬진강로 745,35.1905558931704,127.385967077736
전남 구례군 구례읍 중앙로 37,35.2090090450975,127.467459193251
전남 구례군 구례읍 봉성산길 1,35.2086184212073,127.464339123292
전남 담양군 창평면 사동길 12-12,35.2385094128071,127.014383038948
전남 담양군 담양읍 객사4길 38-11,35.3238367806318,126.984693554866
전남 담양군 담양읍 깊은실길 16,35.3220726054056,127.00378042079
전남 담양군 담양읍 객사3길 15,35.323987920961,126.982594257352
전남 담양군 담양읍 객사2길 11-37,35.3238129729812,126.982602433236
전남 담양군 가사문학면 가사문학로 753-8,35.1935609189059,126.994353410839
전남 담양군 담양읍 객사3길 5-6,35.3235800079042,126.981588156814
전남 담양군 담양읍 메타프로방스2길 8-4,35.3222796858027,127.001933050928
전남 담양군 담양읍 객사2길 15-69,35.3240039962426,126.983460884418
전남 담양군 월산면 용흥사길 378,35.3459975395399,126.889101763135
전남 담양군 담양읍 객사4길 41,35.3236107293337,126.98402438159
전남 담양군 담양읍 메타프로방스2길 8,35.3221964873779,127.002232843648
전남 담양군 창평면 의병로 29,35.2305469335002,127.008236170542
전남 담양군 창평면 사동길 14-25,35.2381046443675,127.014905473126
전남 담양군 창평면 돌담길 15-39,35.2370638392782,127.018323388292
전남 담양군 담양읍 객사4길 38-6,35.3233320266315,126.984644050108
전남 담양군 담양읍 메타프로방스2길 6-15,35.3218538145355,127.001175638964
전남 담양군 담양읍 담주4길 24-61,35.3226837996444,126.980938177717
전남 담양군 창평면 보평길 5-5,35.2331960436753,127.010020606262
전남 담양군 담양읍 죽향대로 1195,35.3126148620883,126.98197122422
전남 담양군 담양읍 메타프로방스1길 55-9,35.3217376230171,127.001910163139
전남 담양군 담양읍 메타프로방스4길 11,35.3220825461318,127.005458213444
전남 담양군 담양읍 객사2길 11-24,35.3235910181842,126.982911408794
전남 담양군 고서면 창평현로 190,35.2220764226559,126.973590864717
전남 담양군 담양읍 죽녹원로 91,35.3230276889143,126.984988116238
전남 담양군 대전면 병풍로 356,35.2926780424172,126.88231221913
전남 담양군 고서면 가사문학로 330,35.2230783612764,126.97358010512
전남 담양군 대전면 병풍로 189,35.2812096332622,126.891941914343
전남 담양군 담양읍 향교길 12-1,35.3252006140009,126.985617130755
전남 담양군 담양읍 객사3길 23-11,35.3238687306514,126.982361018906
전남 담양군 창평면 창평현로 476,35.2279568955924,127.002224766404
전남 담양군 창평면 창평로 583,35.2386251592342,127.013484049512
전남 담양군 담양읍 언골길 5-4,35.3253075136525,126.98350956016
전남 담양군 대전면 병풍로 169,35.2798775638601,126.893185325922
전남 담양군 창평면 사동길 12-14,35.238638326523,127.014205522885
전남 담양군 대전면 병풍로 374,35.2942668342712,126.88065787841
전남 담양군 가사문학면 가사문학로 1146,35.1761327461556,127.029374987008
전남 담양군 담양읍 담주4길 24-65,35.322782150959,126.981037573694
전남 담양군 담양읍 지침6길 45,35.317119321751,126.987151092097
전남 담양군 담양읍 메타프로방스1길 49,35.3214857049222,127.001547569366
전남 담양군 담양읍 죽녹원로 131,35.3257435165769,126.987495067556
전남 담양군 창평면 사동길 8-1,35.2386032970502,127.01392185029
전남 담양군 담양읍 메타프로방스4길 5,35.3220700458692,127.004790439098
전남 담양군 담양읍 메타프로방스1길 19,35.3224606814739,127.001384932843
전남 담양군 담양읍 객사3길 18,35.3238617772632,126.982897164622
전남 담양군 창평면 의병로 45,35.2316443104224,127.009665148573
전남 담양군 담양읍 추성로 1134,35.3172518272095,126.96280319793
전남 담양군 대전면 병풍로 376,35.294021153646,126.88040879008
전남 담양군 창평면 창평로 594-1,35.2377231508975,127.013745591269
전남 담양군 담양읍 중앙로 18,35.3147329631052,126.983587583392
전남 담양군 고서면 창평현로 257,35.2248050063284,126.980304224733
전남 담양군 창평면 창평로 624,35.235863760596,127.015943454141
전남 담양군 담양읍 객사3길 40,35.3239287579031,126.985021603068
전남 담양군 대전면 추성1로 355,35.285919698927,126.899059909397
전남 담양군 담양읍 삼거리길 18,35.3107223720399,126.982917524462
전남 담양군 담양읍 지침6길 22,35.3153095143326,126.985435347677
전남 담양군 담양읍 죽녹원로 131-1,35.3257692239593,126.987683460849
전남 담양군 담양읍 죽녹원로 74,35.3213780313013,126.985451305653
전남 담양군 창평면 창평로 587,35.2384883057727,127.013740556805
전남 담양군 담양읍 깊은실길 18,35.3217865159427,127.003954938576
전남 담양군 담양읍 메타프로방스2길 6-1,35.3223821639878,127.002149376743
전남 담양군 담양읍 객사6길 1,35.3223905093799,126.985517440001
전남 담양군 담양읍 깊은실길 25,35.3216618118227,127.005252861245
전남 담양군 대전면 병풍로 343,35.2920258073541,126.882563705386
전남 담양군 담양읍 중앙로 118-1,35.3235425348091,126.981148913712
전남 담양군 금성면 담순로 53,35.338201097884,127.021117253175
전남 담양군 담양읍 객사4길 45,35.3239967139073,126.984274946622
전남 담양군 창평면 창평로 604,35.2371461931875,127.014557587333
전남 담양군 담양읍 추성로 1272,35.3190942487088,126.977382640709
전남 무안군 삼향읍 남악4로 50,34.8107774525661,126.466359185981
전남 무안군 삼향읍 남악4로34번길 6,34.8074488948038,126.466428837795
전남 무안군 무안읍 성남2길 13-1,34.9855593156552,126.473518810351
전남 무안군 무안읍 성남1길 172,34.987372907087,126.477176171096
전남 무안군 삼향읍 남악4로60번다길 5,34.8115562826478,126.469725264152
전남 무안군 무안읍 불무로 50,34.9884729405642,126.471885958379
전남 무안군 일로읍 인의로 643,34.8478949479254,126.496405245526
전남 무안군 삼향읍 남악4로82번길 31,34.8126273093293,126.469804744168
전남 무안군 무안읍 불무로 38-3,34.9879183040483,126.472959475231
전남 무안군 무안읍 불무로 53,34.9884604087909,126.471264039368
전남 무안군 무안읍 승달로 42,34.9903615775819,126.471262986264
전남 무안군 삼향읍 남악3로82번길 20,34.8126278343525,126.462364401519
전남 보성군 보성읍 중앙로 57,34.7678055528899,127.083806809935
전남 보성군 보성읍 송재로 185-2,34.7725574478,127.080763440679
전남 보성군 보성읍 현충로 112-1,34.7686424203547,127.083688260241
전남 보성군 벌교읍 채동선로 148-1,34.8371405225851,127.342497970876
전남 보성군 보성읍 중앙로 101,34.7678129019177,127.083737780519
전남 보성군 회천면 충의로 216-4,34.6770275143372,127.106147685332
전남 보성군 벌교읍 채동선로 251-1,34.8445127279374,127.344030022085
전남 보성군 보성읍 중앙로 46-11,34.7676566532997,127.085855913769
전남 보성군 보성읍 중앙로 9,34.7655446718983,127.08807103788
전남 보성군 조성면 조성로 63,34.8054751368044,127.24262670295
전남 보성군 조성면 신동길 35,34.7835584715317,127.208962028741
전남 보성군 보성읍 신일길 2,34.7691802797329,127.081990053668
전남 보성군 보성읍 중앙로 7,34.7658479272154,127.087670912095
전남 보성군 벌교읍 채동선로 226-1,34.8423828082367,127.344571105784
전남 보성군 회천면 우암길 3,34.6707127598439,127.086847938458
전남 보성군 보성읍 중앙로 96-1,34.7702056003713,127.080839036675
전남 보성군 조성면 조성로 247-18,34.8149128641658,127.257762752483
전남 보성군 득량면 공룡로 1249,34.7374913797879,127.208646162355
전남 보성군 벌교읍 부수길 7,34.7971022106347,127.463781728338
전남 보성군 보성읍 현충로 13,34.7640032261232,127.074902101318
전남 보성군 보성읍 인사길 5,34.7702406652704,127.081245657361
전남 보성군 벌교읍 채동선로 263,34.8454751278416,127.343784081754
전남 보성군 보성읍 현충로 107,34.7685285960168,127.082993729195
전남 보성군 벌교읍 회정새길 25-5,34.8468911353664,127.348189781574
전남 보성군 벌교읍 태백산맥길 7-1,34.8430191718707,127.343209158571
전남 보성군 회천면 우암길 27-10,34.6707546023536,127.089566624701
전남 보성군 벌교읍 홍암로 116-10,34.8461891659445,127.355960777452
전남 보성군 보성읍 녹차로 763-43,34.7147987543976,127.080956911126
전남 보성군 벌교읍 체육공원길 2-1,34.8435647022323,127.348156310258
전남 보성군 보성읍 신흥길 14,34.7685448148717,127.080724357578
전남 보성군 벌교읍 채동선로 251,34.8444378425049,127.344022603625
전남 보성군 회천면 우암1길 19-2,34.6741996640761,127.091788261998
전남 보성군 보성읍 송재로 123,34.7680862242352,127.076742918751
전남 보성군 벌교읍 남하로 23-2,34.8346285409762,127.34642910059
전남 보성군 득량면 녹색로 3434,34.7756661450603,127.155972601429
전남 보성군 벌교읍 채동선로 750,34.8771956041085,127.310308278838
전남 보성군 보성읍 용문길 62,34.7763815439005,127.091566322307
전남 보성군 벌교읍 조정래길 263,34.8625960552299,127.339575722086
전남 보성군 보성읍 녹차로 750,34.7134268015863,127.087704854092
전남 보성군 득량면 득량만길 333-168,34.7573848297891,127.228752324337
전남 신안군 증도면 보물섬길 8,35.0022417814685,126.132897757411
전남 신안군 암태면 중부로 1816,34.828768304466,126.114422159862
전남 신안군 압해읍 압해로 859,34.8644125007869,126.314767851714
전남 신안군 안좌면 소곡두리길 257-29,34.717849758595,126.121286722649
전남 신안군 안좌면 중부로 840-1,34.7533146433206,126.126218249051
전남 신안군 비금면 읍동길 42-2 보릿고개,34.7556449731406,125.92803394386
전남 신안군 흑산면 예리1길 46-2,34.6852382798883,125.443576522163
전남 신안군 흑산면 흑산일주로 20,34.6834889156392,125.442151115674
전남 신안군 지도읍 읍내길 16-38,35.0594788456844,126.207173727095
전남 신안군 임자면 임자로 110,35.0848962764837,126.110589753046
전남 신안군 압해읍 압해로 1852-5,34.8478245298453,126.227525131858
전남 신안군 증도면 증도중앙길 40-23,35.0022119411284,126.140539165971
전남 신안군 압해읍 압해로 858,34.8644867616185,126.315197569275
전남 신안군 지도읍 송도2길 36,35.0460317445429,126.202880515243
전남 신안군 압해읍 압해로 820,34.8628393872319,126.318726220267
전남 신안군 흑산면 예리1길 31-1,34.6851771005955,125.443070075566
전남 신안군 암태면 중부로 1834,34.8303055716109,126.11455546046
전남 신안군 압해읍 압해로 1849,34.8483497600455,126.228575666945
전남 신안군 안좌면 반월도길 58,34.7083316737859,126.113440311195
전남 신안군 팔금면 삼층석탑길 163-3,34.78500540892,126.143288735808
전남 신안군 지도읍 해제지도로 815,35.0558240631744,126.255492415889
전남 신안군 흑산면 예리1길 64-1,34.6849259919699,125.444756743245
전남 신안군 흑산면 예리2길 32-2,34.6860019217929,125.445727152454
전남 신안군 임자면 임자로 236-1,35.0899360254224,126.098911865559
전남 신안군 안좌면 김환기길 1-2,34.7539902146862,126.125400008707
전남 신안군 안좌면 김환기길 11-12,34.7533298160922,126.12490437822
전남 신안군 신의면 동리선착장길 138-20,34.5926496380383,126.102538958145
전남 신안군 지도읍 송도2길 53,35.0446645314753,126.204039766139
전남 신안군 압해읍 압해로 889,34.8651083778114,126.311848803675
전남 신안군 증도면 병풍1길 67-16,34.9617688220957,126.211475500255
전남 신안군 흑산면 가거도길 22-6,34.0519821923551,125.128312680984
전남 신안군 자은면 두봉길 10-38,34.8572031569376,126.065601004985
전남 신안군 암태면 중부로 1825,34.829489457362,126.114083222527
전남 신안군 지도읍 지도증도로 24-1,35.0564445599881,126.203624131268
전남 신안군 지도읍 해제지도로 1262,35.0591224071241,126.208781659397
전남 신안군 임자면 대광해수욕장길 135,35.0994289423621,126.074870669798
전남 신안군 흑산면 예리1길 52,34.6851171063712,125.443961775337
전남 신안군 흑산면 예리1길 92,34.6861735249893,125.445288579953
전남 신안군 자은면 구영2길 48,34.8846492634205,126.045395961734
전남 신안군 안좌면 중부로 815,34.7515661756769,126.12683895757
전남 신안군 증도면 소기점길 23-58,34.9300818111019,126.199826934995
전남 신안군 자은면 구영2길 70-2,34.8864532761725,126.044746669198
전남 신안군 안좌면 김환기길 3-2,34.7538503865583,126.125195944789
전남 신안군 비금면 서남문로 14,34.7619918831671,125.997981931465
전남 신안군 지도읍 송도2길 38,35.0453511429227,126.202881318343
전남 신안군 임자면 대광해수욕장길 172-41,35.1030039331793,126.073461301577
전남 영광군 법성면 굴비로1길 62-8,35.3619858352809,126.436874992015
전남 영광군 영광읍 물무로 102-1,35.2764910166836,126.51129080673
전남 영광군 영광읍 대하길3길 12,35.2742900655515,126.498584047905
전남 영광군 홍농읍 상하길 33,35.3948960953774,126.444918698894
전남 영광군 영광읍 중앙로 191 2층,35.2760423845784,126.511906152762
전남 영광군 홍농읍 홍농로 558,35.4036097759946,126.44958601174
전남 영광군 영광읍 중앙로3길 5-12,35.2742369842226,126.512680417605
전남 영광군 영광읍 신남로 119,35.2753837732952,126.495145986244
전남 영광군 영광읍 옥당로 90,35.271256326016,126.505075862573
전남 영광군 영광읍 대하길3길 5-19,35.2750394947192,126.497361067424
전남 영광군 영광읍 중앙로 187-3,35.2758952386003,126.511782395265
전남 영광군 법성면 진굴비길 79-2,35.3620263431687,126.444478435426
전남 영광군 염산면 천년로 6-10,35.2164190494656,126.373009944939
전남 영광군 불갑면 불갑사로 354,35.2032117129105,126.538701990769
전남 영광군 홍농읍 계마길1길 45,35.3970492486558,126.407593984472
전남 영광군 영광읍 신남로 185-1,35.276230820892,126.502319002811
전남 영광군 영광읍 천년로 1440-26,35.2709554000637,126.502818588159
전남 영광군 홍농읍 홍농로 451,35.3947169817745,126.445855984687
전남 영광군 영광읍 중앙로 157-1,35.2730864518042,126.511835189689
전남 영광군 영광읍 대하길3길 24,35.2744544640271,126.499693346196
전남 영광군 법성면 법성포로 19-4,35.3600895951864,126.44076502247
전남 영광군 불갑면 불갑사로2길 5,35.2101717738337,126.533779101929
전남 영광군 영광읍 중앙로 184 더리터,35.2753290706979,126.512017815592
전남 영광군 영광읍 신남로 152,35.2755504129655,126.498544515845
전남 영광군 영광읍 물무로 123,35.2765313562928,126.513517180814
전남 영광군 백수읍 백수로 783-1,35.2829850440736,126.39604545538
전남 영광군 영광읍 신남로 155,35.2759687924562,126.499062260986
전남 영광군 영광읍 천년로13길 3,35.2741534355627,126.504757636901
전남 영광군 홍농읍 상하길 50,35.3958707898653,126.446120304368
전남 영광군 영광읍 대하길 35,35.274250753811,126.496843978713
전남 영광군 영광읍 월현로 29,35.2786439731583,126.50212661582
전남 영광군 영광읍 천년로11길 38,35.2755546709017,126.499856174045
전남 영광군 영광읍 중앙로 22,35.2616228035163,126.512068788381
전남 영광군 영광읍 물무로 122,35.2762753177014,126.513345269785
전남 영암군 삼호읍 난전로 83,34.747306844035,126.425109281785
전남 영암군 삼호읍 용당로 80-1,34.7513937800114,126.411235399597
전남 영암군 학산면 독천로 162-1,34.7247621447437,126.567040538969
전남 영암군 신북면 고분로 1014,34.9344699529802,126.672798017466
전남 영암군 군서면 학암길 9-11,34.7630579551396,126.627849850077
전남 영암군 삼호읍 용당로 84,34.7516129609501,126.41120839763
전남 영암군 영암읍 천황사로 280-25,34.7766253749548,126.722362801088
전남 영암군 영암읍 천황사로 99,34.7905142489575,126.710981655786
전남 영암군 삼호읍 녹색로 609,34.7787222946173,126.45451952772
전남 영암군 학산면 독천로 170-1,34.7250517557276,126.568001543829
전남 영암군 군서면 도갑사로 308,34.7537225795866,126.661432702338
전남 영암군 삼호읍 삼호중앙로 202,34.7449828645695,126.472850678929
전남 영암군 삼호읍 용당로 34,34.7482143924121,126.41532332852
전남 영암군 금정면 영나로 911,34.865722737377,126.748470615466
전남 영암군 영암읍 영암로 1588,34.7957855551801,126.703392138416
전남 영암군 미암면 영산로 9,34.7248261865872,126.569035103322
전남 영암군 삼호읍 대불주거로 55-8,34.7464674007059,126.465202630444
전남 영암군 영암읍 서문안길 8,34.7985862749541,126.695307843167
전남 영암군 삼호읍 대불주거2로2길 7-12,34.7542027535863,126.459897294223
전남 영암군 삼호읍 신항로 106,34.7477346230183,126.377168373882
전남 영암군 영암읍 남문로 54,34.7963339073321,126.701338034516
전남 영암군 삼호읍 대불주거로 50,34.7465136820852,126.466403487075
전남 영암군 삼호읍 세가래2길 6,34.7461939561543,126.475576616126
전남 영암군 삼호읍 신항로 96-5,34.7472830943421,126.378152981396
전남 영암군 삼호읍 대불주거로 211,34.7570706834364,126.454803945894
전남 영암군 삼호읍 세가래2길 26-17,34.7473793195242,126.47319845821
전남 영암군 삼호읍 신항로 106-7,34.7480974982797,126.3774270922
전남 영암군 삼호읍 대불주거로 173 1층,34.7539972223337,126.456572033438
전남 영암군 군서면 도갑사로 93,34.7627752692252,126.642469666328
전남 영암군 삼호읍 대불주거로1길 80,34.7548507395074,126.461049134625
전남 영암군 군서면 왕인로 710-29,34.7748884538178,126.647077999224
전남 영암군 덕진면 새터신정길 71,34.81923830124,126.698153597199
전남 영암군 삼호읍 대불주거5로 58,34.7535712283647,126.453532748046
전남 영암군 삼호읍 신항로 110,34.7479346601196,126.376854321563
전남 영암군 삼호읍 삼호중앙로 213,34.745667283674,126.473825788473
전남 영암군 삼호읍 대불로 91,34.7333558410807,126.387450623203
전남 영암군 삼호읍 방아제로 4,34.7460524315295,126.472507531904
전남 영암군 금정면 용두로 10-1,34.8627343898895,126.749113458093
전남 영암군 신북면 황금동로 47-12,34.8871800603113,126.68999363621
전남 영암군 영암읍 천황사로 81,34.7910037211635,126.709356479303
전남 영암군 영암읍 오일시장길 6,34.8005893119589,126.699228260946
전남 영암군 삼호읍 신항로 135-29,34.7479456250515,126.370730014955
전남 영암군 영암읍 열무정로 29 국일관,34.7991819889614,126.700123865547
전남 영암군 삼호읍 대불주거로1길 82,34.7549537728224,126.461334941145
전남 영암군 금정면 영나로 915,34.8660158697043,126.748164266812
전남 영암군 영암읍 읍성로 31 3호,34.8005161984893,126.69980868418
전남 영암군 신북면 예향로 2977,34.9248124429666,126.70585575157
전남 영암군 영암읍 읍성로 31  2호,34.8005161984893,126.69980868418
전남 영암군 삼호읍 녹색로 1392-23,34.7344757082612,126.509608574897
전남 영암군 삼호읍 대불주거1로4길 24,34.7534694974263,126.456683831772
전남 영암군 삼호읍 대불주거5로1길 3,34.7543286861015,126.455365208875
전남 영암군 삼호읍 중앙촌길 16,34.7465877340667,126.468558080846
전남 영암군 삼호읍 모밀항길 35,34.7497567664501,126.383195537905
전남 영암군 영암읍 중앙로 34-2 1층 큰맘할매순대국 전남영암점,34.7992095209699,126.697698375705
전남 영암군 영암읍 중앙로 16,34.7981186232884,126.696172945239
전남 영암군 삼호읍 대불주거로 118,34.7503989866768,126.460687517652
전남 영암군 영암읍 중앙로 17-1,34.7984319260516,126.696270471509
전남 영암군 삼호읍 대불주거5로 6,34.7546189240631,126.456209075331
전남 영암군 삼호읍 대불주거1로14길 5 에라완태국식당,34.7525774847531,126.454771989758
전남 영암군 삼호읍 대불주거5로 27 1층,34.7539074069522,126.455252752494
전남 영암군 시종면 내동중앙로 23-1,34.867200787694,126.607883622111
전남 영암군 군서면 평리길 99-31,34.7747276730034,126.62827922951
전남 영암군 삼호읍 대불주거8로 55,34.7585961435238,126.460330911809
전남 영암군 영암읍 중앙로 30,34.7990280246507,126.69742726838
전남 영암군 삼호읍 삼호중앙로 139,34.7452366622187,126.466095880612
전남 영암군 영암읍 천황사로 279,34.7786552500987,126.723464554854
전남 영암군 삼호읍 대불주거로 171,34.7537666281421,126.456730377271
전남 영암군 영암읍 동문밖길 21,34.8021029555844,126.700580132958
전남 영암군 신북면 황금동로 47-16 이레성,34.886911828754,126.689579061995
전남 영암군 학산면 영산로 12-14,34.7250556835025,126.570412286982
전남 영암군 군서면 정자등길 17-10,34.7645184785947,126.638520460105
전남 영암군 삼호읍 녹색로 749 102호,34.7683521302617,126.46336858473
전남 영암군 학산면 독천로 214,34.7259142942488,126.572568504162
전남 영암군 삼호읍 대불주거7로 10,34.7559858402479,126.454380865936
전남 영암군 삼호읍 신항로 135-30 2층 삼호호프,34.7485791151236,126.370901581072
전남 영암군 영암읍 여중고길 3,34.8023002888898,126.701319904116
전남 영암군 영암읍 동문안1길 7-6 1층 이디야커피,34.8000747751413,126.698712919057
전남 영암군 영암읍 군청로 1-6 지도,34.8001145142127,126.697653546586
전남 영암군 신북면 황금동1길 11-4,34.8886087976507,126.691207801323
전남 영암군 삼호읍 대불주거5로 6 1층 101호,34.7546189240631,126.456209075331
전남 영암군 삼호읍 삼호중앙로 232-1,34.74578129132,126.476121099047
전남 영암군 삼호읍 대불주거7로11길 12,34.7561011091789,126.451927390715
전남 영암군 삼호읍 대불주거로 78,34.7480380851401,126.464132317038
전남 영암군 삼호읍 중앙촌길 22,34.7466676963366,126.468911068689
전남 영암군 삼호읍 신항로 116,34.7483500961037,126.376304507969
전남 영암군 영암읍 중앙로 36,34.7993787849524,126.697762668152
전남 영암군 삼호읍 대불주거6로 16 중흥s클래스 후문 상가 126동 101호,34.7542438736935,126.456961956774
전남 영암군 삼호읍 신항로 112 삼호돼지족가,34.7480176597325,126.376744818614
전남 영암군 삼호읍 대불주거로 55-4,34.7465680189116,126.465310095775
전남 영암군 영암읍 중앙로 45,34.800398870664,126.6982193333
전남 영암군 영암읍 중앙로 61,34.8014975096053,126.698911658074
전남 영암군 삼호읍 대불주거로 195 기찬나주곰탕,34.7557842352187,126.455477102196
전남 영암군 삼호읍 대불주거로 171 역전할머니맥주,34.7537666281421,126.456730377271
전남 영암군 삼호읍 신촌길 6 지도,34.7463087931892,126.379748669537
전남 영암군 군서면 도갑사로 80-14,34.762116017772,126.642299710996
전남 영암군 영암읍 천황사로 292,34.7774894349862,126.723813995648
전남 영암군 삼호읍 신호정길 17 하와이,34.7550270543923,126.475583359067
전남 영암군 삼호읍 대불로 400,34.7638649767218,126.394857981739
전남 영암군 삼호읍 삼호중앙로 203,34.7455069588717,126.473000126643
전남 영암군 삼호읍 신항로 63-12 삼호한마음회관,34.7451173736752,126.37968855872
전남 영암군 삼호읍 대불주거5로2길 15 영흥상가 106호,34.7549695838387,126.453493719686
전남 영암군 영암읍 낭주로 237-1 1층 2층,34.8089703761693,126.698990055007
전남 영암군 군서면 도갑리 34-2,34.74531810448,126.662034536539
전남 영암군 삼호읍 대불주거로 48-1 1층,34.7464204904422,126.466530109758
전남 영암군 삼호읍 삼호중앙로 205 보리뜰 김치찌개,34.7455447655066,126.473196345608
전남 영암군 삼호읍 대불주거6로 16 중흥 s클레스 아파트 정문상가,34.7542438736935,126.456961956774
전남 영암군 삼호읍 대불주거로 34,34.7453621510613,126.467725712122
전남 영암군 삼호읍 삼호중앙로 204-16,34.7439418544605,126.472877494433
전남 영암군 영암읍 열무정로 20,34.798714470659,126.69900908791
전남 영암군 삼호읍 대불주거2로2길 14,34.7537493572507,126.460428411561
전남 영암군 영암읍 영암로 1359-12,34.794141301881,126.678100123243
전남 영암군 삼호읍 대불로 404,34.764261181456,126.395301289641
전남 영암군 삼호읍 신항로 124,34.7487359433951,126.375557353951
전남 영암군 삼호읍 까치목길 131,34.7679723587094,126.478783103636
전남 영암군 삼호읍 대불주거4로 11,34.7549950025953,126.461832265915
전남 영암군 삼호읍 녹색로 1500 백년뷔페,34.7327548010998,126.522374850132
전남 영암군 삼호읍 대불주거로 195 102호 길봉식당,34.7557842352187,126.455477102196
전남 영암군 삼호읍 삼호중앙로 234,34.7458179394927,126.47638448849
전남 영암군 영암읍 천황사로 357-2,34.7746675991359,126.728156130282
전남 영암군 영암읍 월출로 6 영암 축협 한우프라자,34.7949012175259,126.685977989524
전남 영암군 삼호읍 신항로 128 1층,34.7488276402535,126.375228165363
전남 영암군 삼호읍 대불주거7로4길 12,34.7568703795728,126.453916216657
전남 영암군 신북면 예향로 2538,34.8874908740693,126.690069262855
전남 영암군 삼호읍 중앙촌길 10-2 1층,34.7460627978911,126.468278928927
전남 영암군 영암읍 서문로 6-1,34.799201143406,126.695566970083
전남 영암군 삼호읍 신촌길 2,34.7461298067177,126.379631083514
전남 영암군 영암읍 중앙로 41,34.7999457121354,126.697811522322
전남 영암군 삼호읍 용당로 257-37 2층,34.7602099433953,126.393384142165
전남 영암군 삼호읍 삼호중앙로 204-12 내가찜한코다리찜 삼호점,34.744327398471,126.472838571587
전남 영암군 학산면 독천리 177-3,34.7254346761635,126.568840991931
전남 영암군 삼호읍 대불주거로 113,34.7498304134476,126.460776616011
전남 영암군 삼호읍 신항로 34 모밀항포차,34.7442615678587,126.383662821591
전남 영암군 삼호읍 중앙촌길 30,34.7463048196543,126.469517734947
전남 영암군 삼호읍 대불주거5로 5,34.7543296948421,126.456337334373
전남 영암군 삼호읍 삼호중앙로 215,34.7457452769822,126.474269102501
전남 영암군 영암읍 군청로 2-28 1층,34.7993905341132,126.696037693321
전남 영암군 삼호읍 대보둑로 188-5,34.7278605549495,126.5441775449
전남 영암군 학산면 독천로 182,34.725466236359,126.569124256045
전남 영암군 군서면 왕인로 538 1층 달지붕,34.7641430266482,126.635281462776
전남 영암군 삼호읍 신촌길 3,34.7464000831557,126.379425832101
전남 영암군 영암읍 천황사로 256-1,34.7790100567722,126.719842175246
전남 영암군 시종면 태간로 18,34.8671062903944,126.609835594071
전남 영암군 영암읍 천황사로 280-46,34.7754636521282,126.721384359724
전남 영암군 영암읍 천황사로 120,34.7887421085989,126.712060578954
전남 영암군 삼호읍 대불주거2로2길 15-9 하예원,34.7541329309978,126.460088439669
전남 영암군 삼호읍 용앙리 236-114,34.7478281802231,126.472918330222
전남 영암군 영암읍 갈무정1길 8,34.8031674482579,126.699746508146
전남 영암군 군서면 도갑사로 80-10,34.7621484108612,126.641513789794
전남 영암군 영암읍 회의촌길 14-15,34.7921539890929,126.686851504894
전남 영암군 영암읍 교동로 22,34.7955760093717,126.687728584425
전남 영암군 영암읍 열무정로 22,34.7987339246447,126.699184732681
전남 영암군 삼호읍 대불주거로 145,34.7516623178572,126.458090748727
전남 영암군 삼호읍 대불주거1로5길 30,34.7527913215217,126.455683941231
전남 영암군 삼호읍 신항로 100 2층,34.7474273357029,126.37769749238
전남 영암군 학산면 영산로 16,34.725299275189,126.569246310491
전남 영암군 삼호읍 대불주거로 82 6호,34.7483643594684,126.463653406542
전남 영암군 신북면 예향로 2720,34.9033023833725,126.697209428025
전남 영암군 도포면 예향로 2139 기찬곰탕,34.853230682027,126.689773854335
전남 영암군 삼호읍 대불주거5로 6 1층 102호,34.7546189240631,126.456209075331
전남 영암군 영암읍 군청로 2-22,34.7994973011261,126.696162095532
전남 영암군 영암읍 군청로 2-28,34.7993905341132,126.696037693321
전남 영암군 삼호읍 대불주거1로5길 18,34.753051427328,126.456340906432
전남 영암군 시종면 내동중앙로 37,34.8683909128484,126.607691828982
전남 영암군 삼호읍 삼호중앙로 169-1,34.7454933929919,126.46941895974
전남 영암군 학산면 독천로 164,34.7248050339646,126.567162267017
전남 영암군 삼호읍 녹색로 853,34.763644898475,126.473254509729
전남 영암군 삼호읍 대불주거1로1길 2,34.7518490702828,126.456084818688
전남 영암군 삼호읍 신항로 80,34.7463156943944,126.379298584211
전남 영암군 삼호읍 아산길 32,34.7607698691597,126.398247729222
전남 영암군 군서면 도갑사로 8,34.762112108624,126.633109017358
전남 영암군 삼호읍 대불주거1로4길 19,34.7532958327311,126.456590935345
전남 영암군 삼호읍 세가래2길 11 101호,34.7465290959236,126.47492723456
전남 영암군 삼호읍 대불주거1로2길 4,34.7527431094855,126.457363313179
전남 영암군 영암읍 회의촌길 12-45 영암기찬면옥,34.793253591806,126.686455948069
전남 영암군 삼호읍 모밀항길 39-18 영암삼호제이에스희망가,34.7512056849687,126.382858441689
전남 영암군 삼호읍 대불주거2로 10,34.7524825924671,126.458717955827
전남 영암군 삼호읍 삼호중앙로 225,34.745903248575,126.475220042327
전남 영암군 삼호읍 대불주거5로 67,34.7531147501681,126.453270254809
전남 영암군 삼호읍 삼호중앙로 204-18,34.7438150613699,126.472864758747
전남 영암군 삼호읍 세가래2길 11,34.7465290959236,126.47492723456
전남 영암군 삼호읍 대불주거1로13길 20,34.7522483801482,126.454147923654
전남 영암군 서호면 장동길 4,34.7552356310043,126.581204708335
전남 영암군 영암읍 중앙로 39-1,34.7999833045018,126.697631514482
전남 영암군 삼호읍 대불주거로 183,34.7548089210399,126.456083650403
전남 영암군 삼호읍 대불주거2로3길 2,34.7538076517333,126.4610330857
전남 영암군 삼호읍 삼호중앙로 219,34.7457767414664,126.474500089951
전남 영암군 삼호읍 이라니길 28,34.7480964653749,126.466074967107
전남 영암군 삼호읍 삼호중앙로 178,34.7449764191056,126.470201980675
전남 영암군 영암읍 오일시장길 11-1,34.8010160948393,126.699871674337
전남 영암군 삼호읍 대불주거2로2길 24,34.7539126288147,126.460922969664
전남 영암군 삼호읍 대불주거로 68,34.7475387623869,126.464965297962
전남 영암군 신북면 황금동로 75-4,34.8887774631846,126.692315558913
전남 영암군 삼호읍 삼호중앙로 165,34.7456014426504,126.468977955699
전남 영암군 영암읍 중앙로 58-2,34.8009186148872,126.699089810865
전남 영암군 삼호읍 매자리길 18-8,34.7364033462523,126.509377381988
전남 영암군 삼호읍 신항로 128,34.7488276402535,126.375228165363
전남 영암군 삼호읍 방아제로 2,34.7459103228148,126.472579964624
전남 영암군 삼호읍 대불주거2로 29,34.7535880575799,126.460521529073
전남 영암군 영암읍 갈무정1길 5,34.8030340450596,126.700041068325
전남 영암군 삼호읍 세가래1길 17,34.7480881487126,126.4741700584
전남 영암군 삼호읍 세가래1길 18,34.7481171442595,126.474622650984
전남 영암군 삼호읍 신항로 104,34.7476179996737,126.377365821353
전남 영암군 삼호읍 용당로 295,34.763788080108,126.393769320314
전남 영암군 삼호읍 대불주거로 159,34.7528254452791,126.457290802518
전남 영암군 삼호읍 대불주거2로2길 43-4,34.7545553647809,126.461908839278
전남 영암군 삼호읍 나불외도로 13-13,34.7750156620596,126.45848225287
전남 영암군 신북면 간은정로 24,34.8894872903606,126.692770296575
전남 영암군 삼호읍 대불주거6로 16,34.7542438736935,126.456961956774
전남 영암군 영암읍 낭주로 82,34.7967082447814,126.705250192694
전남 영암군 삼호읍 신항로 120-7,34.7487394226587,126.376113088028
전남 영암군 영암읍 예향로 1673,34.8139947333931,126.698300160187
전남 영암군 삼호읍 대불주거로 48-1,34.7464204904422,126.466530109758
전남 영암군 군서면 왕인로 440,34.7565322758409,126.629122271754
전남 영암군 영암읍 읍성로 31,34.8005161984893,126.69980868418
전남 영암군 삼호읍 신항로 120,34.7485052060609,126.375913251563
전남 영암군 군서면 월산길 4,34.7786899771928,126.651900894374
전남 영암군 학산면 영산로 23-1,34.7257111984577,126.568272043512
전남 영암군 시종면 쌍구길 7,34.8684682488681,126.608837852894
전남 영암군 삼호읍 신항로 116-1,34.7484781307568,126.376540308031
전남 영암군 삼호읍 용당로 309,34.764972396131,126.393418554364
전남 영암군 학산면 독천로 165,34.7250782937704,126.567275261497
전남 영암군 영암읍 동문안1길 7-6,34.8000747751413,126.698712919057
전남 영암군 삼호읍 신항로 63-12,34.7451173736752,126.37968855872
전남 영암군 삼호읍 대불주거1로14길 10,34.7526404698334,126.454464903372
전남 영암군 삼호읍 대불주거1로 20,34.7521102214652,126.456713921542
전남 영암군 삼호읍 세가래2길 30-27,34.7477893032171,126.472912243152
전남 영암군 서호면 서호로 583,34.7744441997742,126.575859527207
전남 완도군 완도읍 장보고대로 334,34.3154995763959,126.761158856169
전남 완도군 완도읍 개포로 19,34.3163749445255,126.75036838011
전남 완도군 완도읍 군내길 3,34.3126360437343,126.756320219681
전남 완도군 신지면 명사십리길 74,34.3278929860441,126.806415234902
전남 완도군 완도읍 군내11번길 11-6,34.3132136902277,126.757535025721
전남 완도군 완도읍 해변공원로 53,34.3185921489366,126.749755224007
전남 완도군 완도읍 해변공원로 33,34.3171478186419,126.751626734832
전남 완도군 완도읍 해변공원로 59,34.3189402411544,126.749461378356
전남 완도군 완도읍 망석길 92-37,34.3029904297902,126.753383793018
전남 완도군 완도읍 개포로 12-1,34.3168882939124,126.750435091151
전남 완도군 청산면 도청3길 28-1,34.1813560379414,126.856823814978
전남 완도군 고금면 고금로 601,34.3959468110603,126.799829274869
전남 완도군 완도읍 장보고대로 284,34.3145945939386,126.755772097434
전남 완도군 완도읍 장보고대로 173,34.3196524356149,126.746537630965
전남 완도군 청산면 청산로 136-1,34.1733457973694,126.862647197979
전남 완도군 완도읍 장보고대로 313,34.315295979843,126.758974460378
전남 완도군 완도읍 해변공원로 39,34.3175335087633,126.750757062718
전남 완도군 완도읍 청해진남로 13,34.3138917364809,126.757010064969
전남 완도군 금일읍 금일로 358-4,34.3502393413644,127.023673235621
전남 완도군 완도읍 해변공원로124번길 19-1,34.3258156639498,126.749246011072
전남 완도군 완도읍 청해진서로 5-2,34.3150390955677,126.742127897173
전남 완도군 완도읍 개포로145번길 27,34.3213014551296,126.7429621079
전남 완도군 완도읍 개포로 179,34.3204695438378,126.747369515346
전남 완도군 약산면 약산로 383-1,34.3945926923352,126.900086058475
전남 완도군 완도읍 개포로114번길 57-6,34.3193528748901,126.747454783886
전남 완도군 보길면 보길로 8 보길로8,34.1693693736991,126.563246894647
전남 완도군 완도읍 개포로 40-5,34.3158384660781,126.747812651522
전남 완도군 완도읍 개포로 154-6,34.3191520886149,126.744832343343
전남 완도군 완도읍 개포로114번길 38-10,34.3178886919187,126.745973938247
전남 완도군 완도읍 장보고대로 198,34.3175752002524,126.747652198743
전남 완도군 완도읍 장보고대로 182,34.3188839228248,126.746493982107
전남 완도군 완도읍 장보고대로286번길 6,34.3144778704137,126.755826540465
전남 완도군 완도읍 개포로114번길 30,34.3177410241805,126.745276966815
전남 완도군 완도읍 장보고대로 257,34.3161969448678,126.753595064371
전남 완도군 노화읍 이포21번길 4,34.1761593188973,126.573023008341
전남 완도군 완도읍 장보고대로 253-10,34.316483304717,126.753485145879
전남 완도군 완도읍 장보고대로 198-1,34.3175308541873,126.747699267599
전남 완도군 완도읍 해변공원로 43,34.3177969868181,126.750434900672
전남 완도군 완도읍 개포로62번길 9-10,34.3172703375525,126.745699617497
전남 완도군 완도읍 해변공원로 77,34.3202401934012,126.748282335857
전남 완도군 완도읍 해변공원로91번길 12-12,34.3220715714221,126.746979426698
전남 완도군 완도읍 장보고대로 186,34.3185190756357,126.746834066245
전남 완도군 완도읍 개포로135번길 32-18,34.3211475045492,126.742372047511
전남 완도군 완도읍 개포로56번길 15,34.3168400551508,126.747614742365
전남 완도군 군외면 청해진서로 2142-2,34.3890286654618,126.64706867633
전남 완도군 완도읍 해변공원로 125,34.3247165086834,126.747938107616
전남 완도군 보길면 청별길 10,34.1695923991413,126.56591359038
전남 완도군 완도읍 개포로159번길 14,34.3206056630375,126.744974951016
전남 완도군 완도읍 해변공원로 130,34.3248904045606,126.74864006141
전남 완도군 완도읍 해변공원로 137,34.326043402321,126.748598375227
전남 완도군 완도읍 장보고대로 183,34.3189707205903,126.747271983484
전남 완도군 완도읍 장보고대로 210,34.3167494834876,126.748416723162
전남 완도군 완도읍 개포로114번길 37-13,34.3185902520752,126.745249303268
전남 완도군 완도읍 장보고대로 303,34.3151254670848,126.75808405533
전남 완도군 신지면 대곡길 4-1,34.3340840464692,126.827753908584
전남 완도군 고금면 고금동로2번길 25,34.3962769950275,126.802532347183
전남 완도군 완도읍 장보고대로 212,34.3166376263858,126.748468773016
전남 완도군 완도읍 장보고대로 191-1,34.3183174531106,126.747770469687
전남 완도군 완도읍 중앙길 78,34.3097689245659,126.760595280723
전남 완도군 완도읍 해변공원로 17,34.316715897033,126.752908525808
전남 완도군 완도읍 개포로 3,34.3171417505572,126.751435097649
전남 완도군 고금면 고금로 1-34,34.3550764209874,126.776839889194
전남 완도군 완도읍 장보고대로 235-1,34.3164289018178,126.751189809523
전남 완도군 완도읍 개포로62번길 20,34.3173753678419,126.746834783878
전남 완도군 완도읍 청해진남로 31,34.3125729139622,126.755854436038
전남 완도군 완도읍 청해진남로35번길 9-6,34.3119720282464,126.75664588941
전남 완도군 신지면 완도로 2081,34.3363655698363,126.782576739496
전남 완도군 완도읍 개포로 139,34.3191605039256,126.743251343445
전남 완도군 완도읍 개포로145번길 8-4,34.3196833708443,126.744073544997
전남 완도군 신지면 명사십리길 102,34.3267039493604,126.804270726287
전남 완도군 완도읍 개포로62번길 46-4,34.3185869367325,126.749102253898
전남 완도군 군외면 원동1길 81-13,34.3918625800676,126.648718935299
전남 완도군 완도읍 장보고대로 253-9,34.3165756163869,126.753216517269
전남 완도군 노화읍 노화로 706,34.1869139194868,126.576387463841
전남 완도군 완도읍 해변공원로 67,34.3195079157963,126.748938927174
전남 완도군 완도읍 개포로114번길 37-17,34.3187568128418,126.745190129013
전남 완도군 완도읍 청해진동로 5,34.3140549733099,126.73983775791
전남 완도군 완도읍 해변공원로 73-1,34.3199775154044,126.748508354911
전남 완도군 완도읍 해변공원로 109-1,34.3232047516979,126.747819194715
전남 완도군 완도읍 군내11번길 15,34.3133034707819,126.757622551199
전남 완도군 완도읍 장보고대로 174-2,34.3192814916919,126.746153361904
전남 완도군 완도읍 개포로 150,34.3190767073543,126.744478045006
전남 완도군 완도읍 개포로 5-1,34.3169977060177,126.751219095827
전남 완도군 청산면 청산로 1614,34.1817361807429,126.857424988553
전남 완도군 완도읍 장보고대로 197,34.317912003946,126.74818281022
전남 완도군 완도읍 개포로56번길 11-4,34.3167441126094,126.74742772129
전남 완도군 완도읍 개포로145번길 13,34.3202309667332,126.743530687487
전남 완도군 완도읍 중앙길 12,34.3141247338372,126.756764944367
전남 완도군 완도읍 청해진남로18번길 6-2,34.3141901508895,126.756160150702
전남 완도군 완도읍 개포로145번길 7-11,34.3194283368223,126.743424803945
전남 완도군 완도읍 해변공원로 27,34.31700549877,126.752172674714
전남 완도군 완도읍 개포로114번길 34-5,34.3178836187255,126.74574470429
전남 완도군 소안면 소안로 238,34.1692454674187,126.652605494644
전남 완도군 완도읍 개포로130번길 20-1,34.3187059658208,126.745058490238
전남 완도군 완도읍 개포로114번길 23-14,34.3181207711038,126.744518534503
전남 완도군 완도읍 장보고대로 292,34.3146578172378,126.756783614758
전남 완도군 생일면 생일로 643,34.3373928195855,126.995137795457
전남 완도군 완도읍 해변공원로 55,34.3187020648257,126.749679386048
전남 완도군 청산면 청산로 639-3,34.1831333727682,126.904142354533
전남 완도군 완도읍 해변공원로124번길 17,34.3256462123658,126.749082983423
전남 완도군 신지면 명사십리길 85-29,34.3269873549273,126.80510599593
전남 완도군 완도읍 개포로159번길 29-4,34.3218837460066,126.743877481705
전남 완도군 완도읍 개포로114번길 37-9,34.3183617739218,126.745532265072
전남 완도군 완도읍 장보고대로 237,34.3164246894243,126.751335083079
전남 완도군 완도읍 개포로 154-10,34.3189536317841,126.744942572082
전남 완도군 완도읍 해변공원로 65,34.3194016094071,126.749016277197
전남 완도군 완도읍 개포로114번길 61-9,34.3196976955333,126.747456793308
전남 완도군 완도읍 개포로62번길 18-7,34.3171766677084,126.747002698391
전남 완도군 완도읍 청해진서로 414,34.3039406837612,126.717172477766
전남 완도군 완도읍 구계등길 36,34.2998107279902,126.708711356712
전남 완도군 청산면 도청3길 22,34.1814965593888,126.856033669556
전남 완도군 완도읍 개포로114번길 65,34.3197133422785,126.748138316004
전남 완도군 완도읍 군내3번길 23-5,34.3142527507371,126.757495642535
전남 완도군 군외면 청해진로 799,34.392921478295,126.700494464871
전남 완도군 완도읍 개포로130번길 8-3,34.3184805017424,126.743803833369
전남 완도군 보길면 예송3길 3,34.1382175943082,126.562553655923
전남 완도군 완도읍 장보고대로 298,34.3147390137899,126.757315414715
전남 완도군 완도읍 개포로 40-15,34.3161364891842,126.747503095033
전남 완도군 완도읍 해변공원로 150,34.3263409378652,126.749545327632
전남 완도군 완도읍 개포로159번길 25,34.321637304898,126.744061311953
전남 완도군 완도읍 개포로62번길 17-9,34.3176240404665,126.746202680282
전남 장성군 북하면 백양로 1102-1,35.4249398295305,126.879118182546
전남 장성군 북하면 백양로 1109,35.4255250694195,126.878592273939
전남 장성군 북하면 백양로 1108,35.4253659368956,126.879171833114
전남 장성군 북하면 단풍로 1872,35.4103084568031,126.883089491809
전남 장성군 북하면 백양로 1115-7,35.4262669400561,126.878318400265
전남 장성군 북하면 백양로 1104,35.4250493025491,126.879170984587
전남 장성군 북하면 단풍로 1850,35.4084533151635,126.884169431025
전남 장성군 북하면 단풍로 1846-1,35.4082369360028,126.884387063644
전남 장성군 북하면 단풍로 1870,35.4100010417701,126.883116138407
전남 장성군 북하면 백양로 1110,35.4254917490644,126.879069787747
전남 순천시 상사호길 215,34.9301821631682,127.464316322282
전남 장성군 북하면 백양로 1115-5,35.4260241611899,126.878354663518
전남 장성군 북하면 백양로 1097,35.4244424868565,126.878674172058
전남 장성군 진원면 하서대로 333-2,35.2558591749184,126.810834033006
전남 완도군 완도읍 개포로 104,34.3161566096484,126.742402832688
전남 완도군 완도읍 개포로56번길 40-7,34.3177753478491,126.750167905957
전남 완도군 완도읍 개포로62번길 13-13,34.317524314377,126.745713845044
전남 완도군 청산면 도청3길 31-1,34.1815410782275,126.85717767036
전남 완도군 완도읍 중앙길 79,34.3092591387716,126.761243340207
전남 완도군 신지면 명사십리길 71-3,34.3275598499107,126.806847386409
전남 완도군 노화읍 노화로831번길 5,34.1767014122861,126.57435333639
전남 완도군 완도읍 장보고대로 243-7,34.3164076868003,126.751885973736
전남 완도군 군외면 청해진서로 2164,34.3907987548973,126.647776991737
전남 완도군 완도읍 개포로177번길 11,34.3210574951785,126.746456046112
전남 완도군 완도읍 개포로56번길 11-5,34.316630323201,126.747067353015
전남 완도군 신지면 대곡길 5,34.3342220817809,126.827510965881
전남 완도군 노화읍 노화로 884-2,34.1768374260246,126.568436207719
전남 완도군 노화읍 노화로 864-1,34.1769262394372,126.570676796192
전남 완도군 완도읍 개포로135번길 16-39,34.3210384356025,126.741863124258
전남 완도군 완도읍 개포로145번길 22,34.3209467347761,126.743483962525
전남 완도군 노화읍 노화로 820,34.1777293867705,126.574925117172
전남 완도군 금일읍 금일로 386-1,34.3488460291608,127.028664288813
전남 완도군 청산면 청산로 667-15,34.1844543539308,126.90507995363
전남 완도군 생일면 생일로 364,34.3238558799462,127.012554883818
전남 완도군 금일읍 금일로 359,34.3500382585448,127.026566962494
전남 완도군 완도읍 개포로 34-1,34.3161428258669,126.748216558889
전남 완도군 금당면 울포길 27,34.4287771090364,127.07233934855
전남 완도군 완도읍 군내리 164,34.3089080975844,126.762075410066
전남 완도군 노화읍 이포11번길 6-6,34.176541410749,126.572127968875
전남 완도군 보길면 보길로 1172-33,34.1282142092312,126.514855494456
전남 완도군 노화읍 이포17번길 3 1층,34.1763611563082,126.572321840565
전남 장성군 북이면 동산길 6,35.4406274857009,126.77470782261
전남 장성군 진원면 노사로 514,35.2718865434494,126.835080036037
전남 장성군 진원면 불태3로 168,35.2536470145085,126.863409507266
전남 장성군 진원면 불태3로 138-59,35.2489383368556,126.865213453358
전남 장성군 진원면 선적리 510,35.2724664751766,126.82771278427
전남 장성군 진원면 상림길 26,35.2726453551204,126.860412829295
전남 장성군 장성읍 청운12길 19,35.3070647975216,126.785280923347
전남 장성군 삼서면 수양로 201,35.2368136995013,126.668922518336
전남 장성군 삼계면 능성로 548-13,35.2559882720276,126.669406191605
전남 장성군 삼서면 우치1길 69-12,35.2240704484759,126.646526144174
전남 장성군 삼계면 능성로 548,35.2605975408211,126.677149486531
전남 장성군 황룡면 홍길동로 388-14,35.317292484672,126.732390326679
전남 장성군 장성읍 영천로 182-1,35.3012217377606,126.783478379805
전남 장성군 장성읍 기산리 1,35.3093183034652,126.781799185216
전남 장성군 삼계면 주산2길 15,35.2547643547017,126.671794990681
전남 장성군 장성읍 충무길 9-3,35.3001230955931,126.781472044916
전남 장성군 장성읍 용강리 178-1,35.3556960703049,126.81723600104
전남 장성군 남면 마령로 22-36,35.2493640926951,126.769412943232
전남 장성군 장성읍 제봉로 102,35.3010046613524,126.787935444157
전남 장성군 남면 나노산단1로 46-2,35.2361739498265,126.830979445387
전남 장성군 삼서면 태청로,35.2349941531898,126.625881144965
전남 장성군 서삼면 축령로 41,35.3078398482338,126.774384731103
전남 장성군 삼계면 능성로 558,35.2554497402189,126.66964419192
전남 장성군 장성읍 영천로 161,35.3000674669794,126.781662730593
전남 장성군 북하면 백양로 819,35.4083420494471,126.873609593115
전남 장성군 진원면 불태3로 212-15,35.2582245510639,126.864584457872
전남 장성군 삼계면 영장로 1771-14,35.2465703658112,126.675409331755
전남 장성군 장성읍 충무길 7,35.3000094142904,126.781309850722
전남 장성군 남면 나노산단1로 58-8,35.2356480886693,126.832329384329
전남 장성군 삼계면 능성로 548-5,35.2558421890127,126.66997643239
전남 장성군 북이면 사남북길 71,35.4319283433654,126.808782200208
전남 장성군 장성읍 영천로 197,35.3023371497794,126.784542902337
전남 장성군 황룡면 뱃나드리로 168,35.2903183807022,126.771872036957
전남 장성군 장성읍 역전로 181,35.3055409068977,126.784570033737
전남 장성군 장성읍 영천로 173,35.3008754335374,126.782668333781
전남 장성군 장성읍 영천로 162,35.2999474974201,126.781861614716
전남 장성군 장성읍 봉암로 211,35.324042631727,126.78147456739
전남 장성군 장성읍 황룡강동쪽자전거길 819,35.3036944430994,126.77667650735
전남 장성군 동화면 삼동로 730,35.2840581242084,126.739635443688
전남 장성군 장성읍 영천로 133-2,35.2976443961945,126.781110180917
전남 장성군 장성읍 영천로 165-1,35.300398948961,126.782046102438
전남 장성군 장성읍 영천로 122,35.2965385209609,126.781196054122
전남 장성군 장성읍 영천로 175-2,35.301094453354,126.782866312844
전남 장성군 삼계면 능성로 559,35.2550541114602,126.670294006811
전남 장성군 북하면 백양로 935,35.4103518344699,126.882002014935
전남 장성군 장성읍 영천로 173-3,35.3008711051676,126.782466702705
전남 장성군 삼계면 사창로 20,35.2567149708854,126.668728095652
전남 장성군 북이면 백양로 18,35.4293919029635,126.809040043532
전남 장성군 장성읍 미락단지길 25,35.3455571789089,126.818302700457
전남 장성군 북하면 단풍로 1728-3,35.4001838957943,126.881418427626
전남 장성군 삼계면 주산2길 13,35.2546932008918,126.671614847668
전남 장성군 남면 나노산단5로 5-1,35.2374287715434,126.833622633003
전남 장성군 장성읍 청운4길 2,35.3027149901488,126.784897477137
전남 장성군 삼서면 삼계리 1,35.257677065659,126.64507822758
전남 장성군 장성읍 영천로 219,35.3038002535394,126.786250079405
전남 장성군 삼서면 해삼로 1107,35.230003141671,126.646388256303
전남 장흥군 장흥읍 동교1길 2,34.6758433299713,126.906193486672
전남 장흥군 장평면 곰치로 423,34.7769559926407,126.966127999979
전남 장흥군 관산읍 장흥대로 1697,34.5554736172698,126.941699696123
전남 장흥군 안양면 한승원산책길 54,34.6290964704143,127.024395577439
전남 장흥군 장흥읍 동교로 36-5,34.683564267344,126.904803478639
전남 장흥군 장흥읍 중앙로 46,34.6800298142228,126.907568807772
전남 장흥군 대덕읍 대대로 926,34.4986952275198,126.887735963937
전남 장흥군 장평면 장평중앙길 48,34.7740928286253,126.97468175971
전남 장흥군 장흥읍 중앙로 97,34.6842207953548,126.905752774642
전남 장흥군 장흥읍 북부로 18,34.6839272011626,126.904711288936
전남 장흥군 장흥읍 중앙로 76,34.6825324543493,126.906268986236
전남 장흥군 장흥읍 부동로 18,34.6792772899663,126.910453771272
전남 장흥군 장흥읍 북부로 19,34.6843622897715,126.904901651453
전남 장흥군 용산면 남포길 45,34.6072314644389,127.003133482571
전남 장흥군 장흥읍 동교로 36-10,34.6834579474349,126.905213144935
전남 장흥군 장흥읍 괘야리2길 32,34.6849349544167,126.907579070948
전남 장흥군 장평면 장평중앙길 32,34.7727180657206,126.975061904835
전남 장흥군 대덕읍 거정2길 14-24,34.498997250828,126.88787242585
전남 장흥군 대덕읍 거정2길 3-2,34.499041913042,126.8865486667
전남 장흥군 장흥읍 동교1길 21,34.6773851331088,126.907842028135
전남 장흥군 관산읍 정남진로 3-7,34.5627840401862,126.939183456183
전남 장흥군 용산면 덕암길 4 번지,34.6354767797553,126.955555802625
전남 장흥군 장흥읍 건산로 19,34.6784301216029,126.909229942693
전남 장흥군 장흥읍 우드랜드길 78,34.6718699808078,126.924611051604
전남 장흥군 안양면 기산길 21,34.6745331302567,126.948634212043
전남 장흥군 장흥읍 중앙로2길 13-9,34.6802485705413,126.908496960963
전남 장흥군 장흥읍 중앙로 38-1,34.6793802330203,126.907912491347
전남 장흥군 장흥읍 토요시장2길 23,34.6768882688447,126.902629780929
전남 장흥군 장흥읍 건산로 62-2,34.6821640070239,126.907881364914
전남 장흥군 유치면 보림사로 399,34.8180491918044,126.890943037266
전남 장흥군 회진면 회진중앙길 15-12,34.4811951169008,126.940428434654
전남 장흥군 장흥읍 남부관광로 27,34.6771056346997,126.91228849833
전남 장흥군 안양면 수문용곡로 171,34.6350258836259,127.033090906898
전남 장흥군 장흥읍 장흥로 80,34.6843967311762,126.912116248148
전남 장흥군 장동면 신북1길 47 카페1층,34.7507208917555,126.996185406762
전남 장흥군 장흥읍 중앙로2길 24,34.6806735475728,126.909885275776
전남 장흥군 장흥읍 물레방앗간길 25-19,34.6788123430709,126.906037482037
전남 장흥군 대덕읍 대대로 918,34.4983463654464,126.886858400555
전남 장흥군 장흥읍 토요시장3길 15,34.6763679677882,126.90286193253
전남 장흥군 용산면 계산1길 15,34.6327740211064,126.943809383696
전남 장흥군 관산읍 장흥대로 1674,34.5539068319682,126.943475778235
전남 장흥군 장흥읍 칠거리예양로 53,34.6766831111761,126.902077131764
전남 장흥군 장흥읍 동교1길 19-2,34.6772747375642,126.907643121954
전남 장흥군 장흥읍 건산로 34-1,34.6797291584754,126.908606761141
전남 장흥군 안양면 로하스로 121,34.6790417471493,126.958370284982
전남 장흥군 장흥읍 동교3길 25,34.6807226299766,126.907656425949
전남 장흥군 장흥읍 건산로1길 6,34.6794332504538,126.909131404576
전남 장흥군 장흥읍 토요시장3길 19,34.6768680608379,126.903175602556
전남 장흥군 장흥읍 장흥로 39,34.6817295101257,126.908589831797
전남 장흥군 장흥읍 중앙로 27,34.6783150521734,126.908204360429
전남 장흥군 장동면 내반길 4,34.7418679424425,126.993917045562
전남 장흥군 관산읍 정남진해안로 221,34.5114453818521,126.970064935846
전남 장흥군 장흥읍 남부관광로 17,34.6768283991232,126.911477295622
전남 장흥군 안양면 수문1길 41,34.6307020661126,127.030237606294
전남 장흥군 관산읍 관산로 87-3,34.5630753225492,126.938333736232
전남 장흥군 장흥읍 물레방앗간길 35,34.6799647302411,126.906621718358
전남 장흥군 장흥읍 건산로 41-1,34.6802169103762,126.907752904143
전남 장흥군 장흥읍 중앙로 11-3,34.6772050349779,126.908811290359
전남 장흥군 대덕읍 거정2길 1,34.4990213942348,126.886101182531
전남 장흥군 장평면 장평중앙길 56-2,34.7748670931211,126.974862651173
전남 장흥군 장흥읍 건산로1길 2,34.6794330068811,126.908805247195
전남 진도군 의신면 초평길 54,34.4160070130229,126.337236320322
전남 진도군 진도읍 남동1길 62-19,34.4793995317493,126.264835596628
전남 진도군 의신면 초사로 224,34.4099149163442,126.324592314871
전남 진도군 진도읍 남문길 54-12,34.4834544307938,126.264323106339
전남 진도군 진도읍 철마길 1,34.4840884704445,126.263914209285
전남 진도군 의신면 송군길 3-6,34.4049085359807,126.327389046693
전남 진도군 진도읍 남산로 124-1,34.4764946261928,126.264185763642
전남 진도군 군내면 정거름재길 70-15,34.4886298863432,126.283770316562
전남 진도군 의신면 수품길 35,34.381013711061,126.306224255643
전남 진도군 의신면 초평길 108-132,34.4087015856689,126.335591571258
전남 진도군 임회면 강계길 13,34.3941162693369,126.261331962625
전남 진도군 임회면 서망항길 44-17,34.367022910298,126.138275869148
전남 진도군 진도읍 남동1길 22,34.4812576084873,126.26053945844
전남 진도군 진도읍 남문길 25,34.4804237977884,126.263437822187
전남 진도군 진도읍 남문길 35,34.4813057705016,126.263559175278
전남 진도군 진도읍 남동1길 62-18,34.4796569358378,126.264558370018
전남 진도군 진도읍 남문길 27,34.4806630367259,126.263437570049
전남 진도군 진도읍 남동1길 64,34.4804961270015,126.265075584814
전남 진도군 진도읍 쌍정1길 8-6,34.4796376748878,126.266453166226
전남 진도군 진도읍 동외1길 8,34.4812834399215,126.26923966397
전남 진도군 진도읍 쌍정1길 10,34.4804058509705,126.266704214215
전남 진도군 임회면 십일시길 37,34.4092505802884,126.192038719667
전남 진도군 진도읍 쌍정2길 28,34.4822521422182,126.264899509194
전남 진도군 군내면 만금길 112-41,34.5660603436837,126.302518556356
전남 진도군 고군면 지수길 44-6,34.490762454576,126.343359935908
전남 진도군 진도읍 남동1길 43,34.4812612395084,126.262975981935
전남 진도군 진도읍 쌍정2길 30,34.4823628042235,126.264848898792
전남 진도군 진도읍 남문길 12-11,34.4793429548352,126.26508090771
전남 진도군 진도읍 서문길 40,34.4880467444612,126.262925983457
전남 진도군 의신면 운림산방로 299-10,34.4662427689218,126.306044543477
전남 진도군 진도읍 남문길 5,34.4787024365714,126.263470476221
전남 진도군 군내면 내동산길 2,34.5121596624338,126.29096494586
전남 진도군 진도읍 남문길 4,34.4784131020779,126.263998455877
전남 진도군 진도읍 남동3길 11-20,34.483168026173,126.261793648289
전남 진도군 진도읍 남문길 42-5,34.4822350083478,126.264239322587
전남 진도군 진도읍 남산로 130-53,34.4777829802426,126.269268008678
전남 진도군 진도읍 쌍정1길 12-2,34.4805029815718,126.267147716447
전남 진도군 군내면 만금길 112-31,34.5665691243911,126.302631994601
전남 진도군 임회면 십일시길 47-4,34.4089202030068,126.193336284266
전남 진도군 의신면 돈지로 2,34.4414090534208,126.280356194158
전남 진도군 진도읍 동외1길 48,34.4824304718555,126.272829193675
전남 진도군 진도읍 남동1길 40-12,34.4805305787195,126.261847688011
전남 진도군 의신면 돈지1길 31,34.440352957052,126.280560662391
전남 진도군 진도읍 남동1길 6-1,34.4814467920409,126.258987220877
전남 진도군 의신면 금갑길 184,34.3957432600122,126.28061595275
전남 진도군 진도읍 남문길 20,34.479983519533,126.263973452233
전남 진도군 의신면 섬바위칠전로 334-153,34.4357516782299,126.250843521953
전남 진도군 진도읍 성죽골길 22-3,34.4822450470624,126.277723788627
전남 진도군 고군면 오일시1길 44,34.501411816935,126.314245197605
전남 진도군 고군면 신비의바닷길 148,34.4272243458804,126.351358339902
전남 진도군 의신면 창포길 42,34.4349704135656,126.273767785011
전남 진도군 군내면 진도대로 7964,34.537627005773,126.298329377844
전남 진도군 진도읍 남문길 53-1,34.4831127564107,126.263883808507
전남 진도군 임회면 헌복동길 6,34.39226969828,126.260249564447
전남 진도군 진도읍 동외3길 11,34.4832430526195,126.268845483865
전남 진도군 진도읍 옥주길 33,34.4835158380364,126.265840298553
전남 진도군 진도읍 쌍정1길 8,34.480325244105,126.266235531418
전남 진도군 진도읍 쌍정1길 8-11,34.4797384117353,126.267407709066
전남 진도군 조도면 조도대로 436,34.298183132293,126.051486085651
전남 진도군 진도읍 철마길 6-1,34.4845339736106,126.264305899055
전남 진도군 진도읍 남문길 54-13,34.4836549131648,126.264248845069
전남 진도군 고군면 진도대로 307,34.4908559464699,126.344335989845
전남 진도군 임회면 십일시장길 7,34.4096462762079,126.192265385518
전남 진도군 진도읍 남문길 45,34.4823301639693,126.263709542082
전남 진도군 진도읍 남동4길 7-38,34.4833954346734,126.263792168755
전남 진도군 진도읍 남동1길 62-9,34.4800031594848,126.26497507972
전남 진도군 진도읍 철마길 6-5,34.4845830152993,126.264725892567
전남 진도군 임회면 석교길 16,34.4076466122649,126.192128425878
전남 진도군 고군면 회동길 73,34.4240521908742,126.347518727131
전남 진도군 진도읍 남동2길 6,34.4818164656851,126.261533082683
전남 진도군 의신면 운림산방로 314,34.4656883997166,126.306921138148
전남 진도군 진도읍 옥주길 22,34.4835917956703,126.264545499739
전남 진도군 조도면 창유1길 27,34.2975631219702,126.047930287683
전남 진도군 진도읍 교동3길 46,34.4843257646892,126.262231195722
전남 진도군 조도면 창유1길 21,34.2980226982705,126.047677887012
전남 진도군 진도읍 고작길 75-7,34.4837204635405,126.241820495929
전남 진도군 진도읍 진도대로 6953,34.4739270441678,126.247686398321
전남 진도군 진도읍 남산로 129,34.4770023450044,126.26363715574
전남 함평군 함평읍 함평천우길 54,35.0609056830226,126.524529127922
전남 함평군 함평읍 함평천우길 52 키친205,35.0612001376723,126.524431828932
전남 함평군 함평읍 주포로 395,35.0943230109427,126.461961799008
전남 함평군 엄다면 영산로 3280,35.0142965014694,126.515158560423
전남 함평군 함평읍 시장길 112,35.064988035974,126.522942042396
전남 함평군 함평읍 중앙길 21,35.0610996744153,126.523454131662
전남 함평군 함평읍 영수길 195,35.064678327878,126.520496174475
전남 함평군 함평읍 중앙길 35,35.0614005819915,126.523141270544
전남 함평군 해보면 용천사길 102-8,35.1758285770186,126.538159536997
전남 함평군 함평읍 영수길 188,35.0643890949653,126.520499839143
전남 함평군 함평읍 광남길 85 1층,35.0637498152726,126.520377506354
전남 함평군 함평읍 영수길 192,35.0645296098222,126.520657539595
전남 함평군 함평읍 영수길 175,35.0638818918576,126.519951380407
전남 함평군 함평읍 내바람길 27-7,35.0632272645806,126.520141906294
전남 함평군 대동면 동함평산단길 74-109,35.0626126478727,126.551108802856
전남 함평군 함평읍 서부길 53-26,35.0610213297269,126.519110542337
전남 함평군 해보면 해삼로 348,35.1797315773763,126.605190800992
전남 함평군 함평읍 광남길 95-6,35.0638155452485,126.520998597838
전남 함평군 월야면 용정길 6 요블랑,35.2003443818291,126.608456993066
전남 함평군 대동면 대동길 5-29,35.0691439677124,126.53019768381
전남 함평군 함평읍 함장로 1117 날다,35.0584566887053,126.517659852409
전남 함평군 함평읍 내바람길 66-5,35.0624834621774,126.522426465191
전남 함평군 함평읍 영수길 181,35.0641854718608,126.520088282035
전남 함평군 해보면 유정길 10,35.1785544385429,126.603239530702
전남 함평군 함평읍 중앙길 77,35.0632195849104,126.522215203642
전남 함평군 함평읍 서부길 96 1층,35.0626534062374,126.520721894643
전남 함평군 해보면 밀재로 1286-7 내일커피,35.1807070752063,126.604048719121
전남 함평군 월야면 밀재로 1538-1,35.1790483280368,126.629932834476
전남 함평군 나산면 수상길 185-6,35.1309826252495,126.647652250158
전남 함평군 함평읍 영수길 148,35.0626493567509,126.520016916567
전남 함평군 함평읍 내바람길 12,35.0627319332005,126.5192459843
전남 함평군 함평읍 내바람길 15,35.0631050536186,126.519553380998
전남 함평군 함평읍 영수길 159,35.0631671216404,126.519840238019
전남 함평군 신광면 백운리 378-1,35.154865438101,126.495548113902
전남 함평군 월야면 밀재로 1508-1,35.1795014788936,126.626920209046
전남 함평군 함평읍 광남길 87,35.0638193248839,126.520540773031
전남 함평군 학교면 학교길 10,35.0223420449319,126.533442195626
전남 함평군 학교면 학교길 22,35.022627029823,126.533974412104
전남 함평군 함평읍 중앙길 143,35.064870329903,126.519906675561
전남 함평군 함평읍 시장길 113,35.0649507747209,126.522704036205
전남 함평군 함평읍 서부길 94-6,35.0623738987471,126.520631991238
전남 함평군 함평읍 영수길 137,35.0622249107826,126.519585834222
전남 함평군 함평읍 외대화길 26,35.058508263206,126.513668176662
전남 함평군 월야면 밀재로 1515,35.1798760050491,126.627716072786
전남 함평군 함평읍 중앙길 172-1,35.0650710256005,126.518282994907
전남 함평군 학교면 사거리길 14,35.0221512963968,126.534399619378
전남 함평군 월야면 금석길 82,35.1765928294271,126.63332833438
전남 함평군 함평읍 중앙길 70,35.0631584691575,126.52262643879
전남 함평군 해보면 용천사길 176,35.1817847580078,126.541907073421
전남 함평군 손불면 서해안고속도로 38,35.1307138225236,126.482290409227
전남 함평군 함평읍 내바람길 39,35.0629888862542,126.520925372962
전남 함평군 나산면 나산길 80,35.1130807902417,126.610189672334
전남 함평군 신광면 학동로 1398-14,35.1370532426184,126.493217292159
전남 함평군 학교면 사거리길 31,35.0226682726098,126.533541696608
전남 함평군 함평읍 시장길 49,35.0641374928073,126.523212837545
전남 함평군 함평읍 영수길 198,35.0646521877649,126.520815345409
전남 함평군 함평읍 중앙길 136-1,35.0650704979717,126.520219370701
전남 함평군 함평읍 교광길 51,35.063422121362,126.51859053696
전남 함평군 함평읍 서해안고속도로 31,35.0698437340084,126.478066043794
전남 함평군 월야면 밀재로 1708,35.1744431382497,126.647054494114
전남 함평군 해보면 밀재로 1268-11,35.1811913972619,126.602351181893
전남 함평군 나산면 나산길 73,35.1125419164606,126.609980751045
전남 함평군 해보면 밀재로 1288,35.1809568973651,126.604149277852
전남 함평군 함평읍 중앙길 8,35.0604614240849,126.52414429728
전남 함평군 함평읍 서부길 63-5,35.0613558672273,126.519667004205
전남 함평군 대동면 대동길 8,35.068126014657,126.531374615654
전남 함평군 함평읍 중앙길 106-1,35.0644195703928,126.521643628009
전남 함평군 함평읍 광남길 85,35.0637498152726,126.520377506354
전남 함평군 함평읍 교광길 73-2,35.0645326489117,126.518534574884
전남 함평군 대동면 대동길 5-52,35.0693966839742,126.530400484886
전남 함평군 해보면 밀재로 1264,35.1813763161351,126.601790926006
전남 함평군 학교면 함영로 504,35.0225093464705,126.533162822782
전남 함평군 해보면 밀재로 1283-4,35.1814074373692,126.604135675725
전남 함평군 함평읍 영수길 117-2,35.0615547300688,126.519240278838
전남 함평군 손불면 손불중앙길 77,35.1436423594122,126.430611902034
전남 함평군 엄다면 엄다길 49,35.0100178304891,126.515553558582
전남 해남군 해남읍 읍내길 8,34.570896217746,126.598810333974
전남 해남군 문내면 관광레저로 5,34.5733687375574,126.306047795194
전남 해남군 해남읍 북부순환로 176,34.5765842933801,126.593523667047
전남 해남군 계곡면 오류골길 64,34.6331496770096,126.653680405466
전남 해남군 해남읍 서림길 8,34.5740470150101,126.593523702006
전남 해남군 해남읍 북부순환로 158,34.5757805994496,126.595268360851
전남 해남군 송지면 산정길 42,34.3703524556824,126.518531697771
전남 해남군 삼산면 해남화산로 613,34.5142086083232,126.548573728387
전남 해남군 해남읍 구교2길 41,34.5785015531843,126.593088197595
전남 해남군 송지면 장척길 8,34.369770402118,126.529783322929
전남 해남군 해남읍 고산로 287,34.5413711287131,126.612034298134
전남 해남군 송지면 송호리 1145-6,34.2970592235983,126.528034362717
전남 해남군 송지면 땅끝해안로 1792-19,34.3181101366213,126.51705869596
전남 해남군 해남읍 남외1길 11,34.57079743616,126.59763756975
전남 해남군 화원면 영호길 68,34.6984682662701,126.343990462552
전남 해남군 북일면 오소재로 12,34.4682454784051,126.676841134975
전남 해남군 해남읍 북부순환로 70,34.5735462868712,126.604283869655
전남 해남군 해남읍 중앙1로 88,34.5713765813925,126.602443174193
전남 해남군 문내면 학동리 1021,34.5725798434104,126.310092373777
전남 해남군 해남읍 중앙1로 123,34.5714995101137,126.600446889274
전남 해남군 해남읍 홍교로 31,34.5696315514315,126.599457833843
전남 해남군 송지면 산정1길 77-1,34.3699682086436,126.5203806399
전남 해남군 송지면 땅끝마을길 70-8,34.2982032374452,126.528934963048
전남 해남군 북평면 현산북평로 1125,34.4096792868857,126.623606183195
전남 해남군 북평면 동촌길 42-25,34.4391953526838,126.640702758828
전남 해남군 삼산면 대흥사길 170,34.4958600516088,126.617158923093
전남 해남군 해남읍 군청길 31-1,34.5746842805318,126.598739063164
전남 해남군 화원면 관광로 53,34.6640460116391,126.322362719858
전남 해남군 해남읍 홍교로 43-1,34.56932183583,126.599875928024
전남 해남군 산이면 산이로 1331 그랑블루,34.6503836588335,126.435913024407
전남 해남군 삼산면 대흥사길 154-6,34.497149362056,126.616774016951
전남 해남군 해남읍 법원길 4,34.5765772545146,126.591657898623
전남 해남군 해남읍 중앙2로 111,34.5673988260657,126.596080714025
전남 해남군 해남읍 구교2길 36,34.5779713089867,126.594491137868
전남 해남군 삼산면 대흥사길 98-4,34.4973185075178,126.619872531566
전남 해남군 해남읍 중앙1로 2-12,34.5720233179248,126.607666785696
전남 해남군 계곡면 신성1길 3-8,34.6453006215453,126.658254407345
전남 해남군 해남읍 북부순환로 138,34.5750596415825,126.59726164539
전남 해남군 해남읍 군청길 2,34.5720440300377,126.598923061575
전남 해남군 해남읍 중앙1로 139,34.5716210913719,126.599642054662
전남 해남군 문내면 관광레저로 40,34.5752637013976,126.309399973044
전남 해남군 해남읍 북부순환로 149,34.5752551385017,126.595863116192
전남 해남군 북평면 달량진길 41,34.4057213626333,126.627893467203
전남 해남군 문내면 우수영안길 76-1,34.5891350473771,126.309335249042
전남 해남군 북평면 달량진길 25-1,34.4068845999038,126.627149160572
전남 해남군 문내면 증도길 31-52,34.631046112602,126.278687804699
전남 해남군 해남읍 남외1길 11 1호,34.57079743616,126.59763756975
전남 해남군 해남읍 남부순환로 37 센트럴펠리체 1층 103호,34.5678982199844,126.606232794347
전남 해남군 해남읍 해남로 3,34.5712134711165,126.607556600029
전남 해남군 해남읍 중앙2로 54 비룡반점,34.5697246126535,126.597686000775
전남 해남군 문내면 관광레저로 12,34.5726492743743,126.310144000121
전남 해남군 황산면 시등로 85,34.5761305407881,126.434837562502
전남 해남군 해남읍 홍교로 104 1층,34.5668381154762,126.601396421301
전남 해남군 해남읍 중앙2로 1 1층,34.5717345036242,126.598821782163
전남 해남군 해남읍 북부순환로 89 찜꽁찜닭,34.5732947179909,126.601989624989
전남 해남군 해남읍 중앙1로 148-1,34.5720552348007,126.599233158962
전남 해남군 해남읍 해남로 22 1층,34.5704589327185,126.609711111456
전남 해남군 해남읍 북부순환로 172,34.5762742145291,126.593772132794
전남 해남군 해남읍 구교3길 12,34.5775509756408,126.592652421151
전남 화순군 화순읍 연양1길 28,35.0415990834662,126.965460842391
전남 화순군 화순읍 학포로 2641-23 오펜스part2,35.0445415930198,126.960888625951
전남 화순군 도곡면 덕리길 10-5,35.016264512775,126.913994191237
전남 화순군 이서면 야사길 76,35.1100074945669,127.079637178641
전남 화순군 화순읍 안양산로 616-2,35.090556375506,127.019615849955
전남 화순군 화순읍 칠충로 61-8,35.0560771840243,126.97739544148
전남 화순군 춘양면 학포로 1429-11 카페 몽리브,34.9539627193301,126.965282512574
전남 화순군 화순읍 만연로 66-15 1층 다올,35.0617081751837,126.9916118889
전남 화순군 화순읍 진각로 37,35.0550919737857,126.985628806949
전남 화순군 화순읍 칠충로 143 bhc화순점,35.0613908908748,126.98365050388
전남 화순군 이양면 학포로 660,34.8964155920121,126.989223555711
전남 화순군 도곡면 지강로 212,35.0170095958312,126.912483593668
전남 화순군 화순읍 중앙로 93,35.0606001096731,126.991525508818
전남 화순군 화순읍 칠충로 141-7 화순힐스테이트 상가 1층 111B호,35.0611405425654,126.983380767101
전남 화순군 화순읍 만연로 48-1 1층,35.0600790675485,126.990868589592
전남 화순군 화순읍 쌍충로 84,35.0591408196224,126.981953891935
전남 화순군 능주면 잠정햇살길 22 상가동 101호 102호,34.9824812775914,126.959976945756
전남 화순군 화순읍 만연로 20,35.0574235768317,126.990341942591
전남 화순군 화순읍 만연로 37 새생명교회,35.0591379678506,126.990047076381
전남 화순군 화순읍 만연로 48-1,35.0600790675485,126.990868589592
전남 화순군 화순읍 칠충로 86,35.057180864717,126.980185502435
전남 화순군 화순읍 쌍충로 27 이디야커피 화순삼천리점 1층 2층,35.0544027379896,126.981332316498
전남 화순군 화순읍 자치샘로 32 1층,35.0618966818274,126.984566326882
전남 화순군 화순읍 만연로 122-1,35.0666707871814,126.990495325272
전남 화순군 화순읍 만연리 72,35.0619200536362,126.988932062941
전남 화순군 도곡면 고인돌1로 262-2,34.9937165002476,126.920576291392
전남 화순군 화순읍 광덕로 204 1층,35.0630832920188,126.992702650709
전남 화순군 도곡면 지강로 467-1,35.035964373248,126.905558161539
전남 화순군 이양면 오류리 121-6,34.8896256266859,126.990365229286
전남 화순군 화순읍 광덕로 136,35.0568120597322,126.992554126792
전남 화순군 화순읍 한고을길 11-5,35.0557404616055,126.975692734419
전남 화순군 화순읍 칠충로 110 1층,35.0586869592546,126.981831873399
전남 화순군 화순읍 쌍충로 77 1층,35.0587346363778,126.981203511789
전남 화순군 화순읍 만연로 62 1층,35.0611976505268,126.990571820065
전남 화순군 화순읍 만연로 20-1,35.057527595923,126.990347301723
전남 화순군 화순읍 대교로 66,35.0633352266566,126.98642380811
전남 화순군 도곡면 효산모산길 76 소풍,34.9886304497137,126.914232959334
전남 화순군 한천면 동산1길 77-11,34.9641691766932,127.065137341231
전남 화순군 도곡면 천태로 1125,34.9925340450216,126.897030528979
전남 화순군 화순읍 학포로 2697,35.0497287055353,126.96583645022
전남 화순군 화순읍 부처샘길 6-9 1층 프리덤케이,35.0663022160902,126.99173343906
전남 화순군 화순읍 광덕로 177 1층,35.0606218768377,126.992181278118
전남 화순군 이서면 도원길 93,35.1113084277006,127.033156809967
전남 화순군 화순읍 광덕로 154,35.0582424615039,126.992717770639
전남 화순군 화순읍 안양산로 147-1,35.0757842442387,127.003984258422
전남 화순군 화순읍 광덕로 222,35.0646412243399,126.992662278039
전남 화순군 화순읍 큰재전원길 25,35.083804034107,127.003448982995
전남 화순군 화순읍 서양로 438,35.0683467123708,126.993201457591
전남 광양시 옥곡면 신금산단5길 76 영일관안쪽 건물 풍경,34.9750808004684,127.719047062574
전남 광양시 광양읍 서산2길 21 1층,34.9681991306065,127.569219302935
전남 광양시 중마중앙로 87-1,34.9381509671893,127.697745092899
전남 광양시 구마9길 18 1층,34.9459209382454,127.686450932432
전남 광양시 광양읍 인서1길 72 1층,34.9705252483194,127.58879727491
전남 광양시 광양읍 백운로 3 44호,34.9711606062842,127.590453342707
전남 광양시 항만11로 70 삼성홈프러스광양점,34.9282839613271,127.694090024895
전남 광양시 광장로 139 달보드레,34.9362795330869,127.694805902466
전남 광양시 눈소4길 20-7,34.9378200104705,127.705838761287
전남 광양시 중동로 75-11 1층 Cafe mellow,34.9422571922968,127.696623391878
전남 광양시 중마로 334-1 1층,34.949968680025,127.697438299047
전남 광양시 눈소5길 35-7 카페 오늘,34.9376467179688,127.709668831145
전남 광양시 눈소5길 31-10 1층 1호,34.937593608226,127.709332558756
전남 광양시 오류5길 8 청년꿈터 2층 쉼표카페,34.9371670082487,127.690365389519
전남 광양시 광양읍 매천로 867-1,34.9738917502726,127.589732021998
전남 광양시 광양읍 용강로 51 1층,34.974139646316,127.607663003936
전남 광양시 광장1길 29 1층,34.9348096887821,127.697617959351
전남 광양시 광영로 154,34.9662434335597,127.71756052514
전남 광양시 중촌길 34 1층,34.9382522815471,127.692167082415
전남 광양시 광양읍 순광로 466 광양LF스퀘어,34.9625155748752,127.565425861327
전남 광양시 광양읍 예구1길 5,34.9629097154561,127.571785672568
전남 광양시 진등6길 51 송보6차 상가 2층,34.9553665923882,127.692842356847
전남 광양시 시청로 33,34.9406251052973,127.69595906034
전남 광양시 광양읍 호북길 4-3,34.9794185312572,127.584281824697
전남 광양시 광양읍 용강3길 3,34.9752787043378,127.608167708167
전남 광양시 오류5길 21 1층,34.9380118098432,127.691499885954
전남 나주시 우정로 106 B동 1층 114호,35.0234269191886,126.791727711405
전남 나주시 금남길 55-1,35.033525789055,126.714209207211
전남 나주시 빛가람로 746 S타워 109호,35.0208387387835,126.793331049385
전남 나주시 그린로 317-9 105호 더 멜로우 케이크,35.0151551389391,126.794365272542
전남 나주시 향교길 15 쌀다방,35.0329875293143,126.714111905011
전남 나주시 배멧1길 40 창우빌딩 401호,35.0199867390312,126.791371896993
전남 나주시 빛가람로 740 한빛타워 1층,35.0208475581322,126.792741317303
전남 나주시 그린로 197 범진빌딩 1층,35.0097378942723,126.788051865307
전남 나주시 왕곡면 나주서부로 391 1층,34.9675130107953,126.670487329586
전남 나주시 중앙로 24 2층,35.0314001550409,126.720081905396
전남 나주시 나주로 41-10 카페마실,35.0227372174057,126.7152022324
전남 나주시 그린로 198 103호,35.0091946319713,126.788051513744
전남 나주시 상야2길 22,35.0216184981029,126.787884355255
전남 나주시 우정로 77 빛가람 중흥S-CLASS센트럴1차,35.0239766924859,126.787838160035
전남 나주시 영산강변로 99 3층,35.0100444752264,126.716820665705
전남 나주시 나주로 41-5 카페보들,35.0227372174057,126.7152022324
전남 나주시 예향로 3778,34.992395600831,126.710533721553
전남 나주시 배멧3길 5-18 101호,35.0200376571481,126.785829185403
전남 나주시 남고문로 99 타드림24시무인카페가맹본점,35.0293454957824,126.721660534079
전남 나주시 대호길 15 타드림24시무인카페 성북점,35.0372315867679,126.718130015475
전남 나주시 건재로 205,35.050949543453,126.72272753837
전남 나주시 나주로 101 1층,35.0280120131477,126.717105206276
전남 나주시 빛가람로 745,35.0215522020331,126.793291232696
전남 나주시 금성관길 29 1층,35.0335352818544,126.71548707379
전남 나주시 한빛로 171 산포농협히나로마트내  제과점,35.0288691465204,126.7892623512
전남 나주시 나주로 117 1층,35.0291372720755,126.717252113629
전남 목포시 평화로 51,34.7957242969255,126.430618506017
전남 목포시 해양대학로 59 유달유원지 2층,34.787740159993,126.367327994875
전남 목포시 용해로 57-2 1층,34.8027757789177,126.399201296346
전남 목포시 해안로 2-1 2층,34.7850258466154,126.368380971444
전남 목포시 영산로 18,34.7865707414269,126.38072955008
전남 목포시 미항로 139,34.7971409708924,126.435211317404
전남 목포시 번화로 19 1층,34.7861725276663,126.381585172119
전남 목포시 자유로20번길 31,34.7906198015773,126.391864801116
전남 목포시 옥암로 82,34.8067036726759,126.427466744167
전남 목포시 영산로75번길 27,34.7915216775204,126.383841107581
전남 목포시 유동로36번길 15 호텔목화카페,34.7849797641109,126.382394920814
전남 목포시 하당로 78,34.7993479373021,126.417461446228
전남 목포시 하당로 36,34.7980328571561,126.421764377615
전남 목포시 하당로 38-1,34.7980400165455,126.421431043606
전남 목포시 영산로75번길 3-2,34.789627167487,126.384633909852
전남 목포시 원산중앙로 7,34.8071847738085,126.374005055318
전남 목포시 하당로34번길 5,34.7982016216099,126.421712277736
전남 목포시 양을로397번길 29 송정빌딩,34.8199468700342,126.410233897368
전남 목포시 차범석길35번길 21 1층,34.7939129890378,126.379299307575
전남 목포시 평화로 42 테바 카페,34.7949105955919,126.430096547283
전남 목포시 마인계터로39번길 2-1,34.79073768687,126.382906726237
전남 목포시 해안로 79,34.7805359039029,126.373334831976
전남 목포시 백년대로 288 1층,34.80295175257,126.41973217313
전남 목포시 원산로145번안길 6-1,34.8110935473069,126.382627359579
전남 목포시 연산백련로 25,34.817573807067,126.390829563145
전남 목포시 호남로64번길 31,34.7914461433506,126.38473261207
전남 목포시 호남로58번길 18-1 홈보이,34.7928525322589,126.384310887139
전남 목포시 백년대로 298 1층 베이커리번,34.8035765492747,126.420667390334
전남 목포시 통일대로 66,34.7996119227472,126.431811511364
전남 목포시 신흥로83번길 27,34.8069481806636,126.427573027067
전남 목포시 영산로 54,34.7873951730322,126.384482120404
전남 목포시 평화로43번길 11-1 1층,34.7960851951668,126.429266747538
전남 목포시 원형로 37-1,34.798659375105,126.431899347008
전남 목포시 연산백련로1번길 112-1,34.8199848646955,126.390832144179
전남 목포시 비파로51번길 33 1층 타코후루,34.8016033247159,126.423462434433
전남 목포시 삼학로 329,34.8003075402889,126.408486382983
전남 목포시 용당로 54-1,34.7924158582039,126.402480014706
전남 목포시 영산로 648-24 라송센트럴 카운티5차 아파트 상가 103호,34.8213112667896,126.423674266216
전남 목포시 비파로51번길 37,34.8013288564605,126.423102526639
전남 목포시 원형로 44-2 1층,34.7994128885239,126.43190685377
전남 목포시 원산중앙로 10-3,34.8066745381254,126.374627026634
전남 목포시 미항로 129,34.7967420318551,126.434380949583
전남 목포시 백년대로 319 1층,34.8050606241828,126.422187510452
전남 목포시 원형서로 46-1 양우비치팰리스 상가1층,34.7966237782344,126.430729024342
전남 목포시 양을로143번길 3-1,34.8096794848567,126.385949458371
전남 목포시 삼향천로 25 1층,34.8039304510541,126.434215681421
전남 목포시 후광대로105번안길 33-7,34.8119044888832,126.443247160571
전남 목포시 영산로 495,34.809916778658,126.416815716838
전남 목포시 신흥로 24,34.8021508420319,126.423711712131
전남 목포시 원산로59번길 11 1층,34.8056748384158,126.374651516938
전남 목포시 영산로73번길 3,34.7891438513447,126.384725564734
전남 목포시 원산로 38 차오름 1층 골목커피,34.8034978246099,126.373763774303
전남 목포시 백년대로375번길 1,34.8074146474507,126.427226971963
전남 목포시 후광대로 110,34.8107822287357,126.444978874625
전남 목포시 삼학로 88-56 요트마리나 2층 바다풍경,34.7835377481138,126.389874168245
"전남 목포시 해안로165번길 48-1 1, 2층",34.7864602218295,126.381454755963
전남 목포시 신흥로 67,34.8043764603527,126.427603702986
전남 목포시 비파로 73 1층,34.8048948782066,126.425103887428
전남 목포시 후광대로105번안길 2 산들소리찻집,34.8128788545858,126.442902781354
전남 목포시 평화로61번길 2,34.796275506333,126.431776706361
전남 목포시 용해지구로88번길 8 상가동 105호,34.8201213652906,126.393327715401
전남 목포시 양을로 42 상가동 101호,34.8012328377683,126.380976817982
전남 목포시 노적봉길 6 1층,34.7902161083778,126.384805994521
전남 목포시 미항로 141,34.7972400842719,126.43543574281
전남 목포시 원산로59번길 42 1층,34.8078861391934,126.372463298489
전남 목포시 자유로 117 1층,34.7936849645136,126.402559475645
전남 목포시 호남로64번길 23,34.7922630381313,126.385081329718
전남 목포시 해안로165번길 49-4 네이비 카페,34.786637022212,126.381195914613
전남 목포시 연산백련로1번길 112-3,34.8197272766541,126.390856119448
전남 목포시 삼일로 39 103과자점,34.7958096449623,126.384612672922
전남 목포시 산정로238번길 4-1 카페 아마빌레,34.8090610165841,126.388971371793
전남 목포시 산정로 257 2층 카페 1995,34.8105006152111,126.387533531644
전남 목포시 산대로 80-1,34.8010674545283,126.385516881852
전남 목포시 허사로81번길 37 라르고하,34.7591389765625,126.358573035479
전남 목포시 해양대학로 66-2 더뷰,34.7882800506496,126.367596803826
전남 목포시 옥암로 16 101호 노스티모스,34.8015227233528,126.431120766643
전남 목포시 원산정로 48-2,34.8089844526285,126.379805982901
전남 목포시 해안로165번길 41-1 1층,34.7859944762788,126.381225405805
전남 목포시 영산로75번길 4-2 1층 오월의하루 담을꿈 굿즈샵,34.7896864398865,126.384911432523
전남 목포시 청호로219번길 34-15 복합상가동 C층 107호 카페리스,34.8079632128091,126.365580089477
전남 목포시 영산로 64,34.7883312810776,126.384893741989
전남 목포시 청호로 176 쥬빌리 메디칼센터 1층,34.8064473972376,126.37361250853
전남 목포시 수문로 32 트윈스타 1층 118호 리마인드비,34.79316775771,126.382906214503
전남 목포시 유달로 130 앨리스커피,34.789006984506,126.380223597019
전남 목포시 수문로 14-2,34.7918352457912,126.384423561418
전남 목포시 유달로 1 까페치노,34.7805478649059,126.373049380436
전남 목포시 용당로 269,34.8110147634067,126.399030135549
전남 목포시 신흥로45번길 2,34.8035161814315,126.425827172562
전남 목포시 원산로59번길 34 1층,34.8072749912054,126.373197191905
전남 목포시 용두로10번길 2 1층,34.7998441687089,126.39632293664
전남 목포시 연산백련로21번길 8-1 1층,34.8169941673895,126.390982803418
전남 목포시 평화로 86 1층 카페몬드리안,34.7968873925141,126.43427647624
전남 목포시 번화로 60 1층,34.7871179490297,126.385543771709
전남 목포시 해양대학로 240 1층,34.7994897868608,126.370028250213
전남 목포시 번화로 6-4 마술카페,34.785953683146,126.380205685076
전남 목포시 원산중앙로 10 1층,34.8070548937141,126.374287555602
전남 목포시 영산로 261-5 1층,34.8038037798981,126.394663925745
전남 목포시 해안로237번길 19-4,34.7872612780879,126.38593811694
전남 목포시 해안로 166,34.7819546172737,126.382099326833
전남 목포시 원산로 48,34.8041243710592,126.374550121624
전남 목포시 원산로 67 107호,34.8056221986077,126.375986370856
전남 목포시 산정로238번길 6,34.809106232549,126.389090271066
전남 목포시 고하대로 644 1층,34.8055469585208,126.369416515378
전남 목포시 용당로266번길 4,34.8105569260205,126.399555755569
전남 목포시 연산백련로7번길 6 1층 베르시,34.8170353542211,126.392243365736
전남 목포시 용해지구로 11,34.8169946784583,126.398132328501
전남 목포시 삼일로 52-4 플로렌스,34.7966293982228,126.384367933268
전남 목포시 청호로 177 104호 달담케이크,34.806388417929,126.372959435685
전남 목포시 해안로 2,34.7859385164958,126.368503811313
전남 목포시 연산백련로21번길 2-16,34.8175817771965,126.390261258798
전남 목포시 용당로77번길 32-1 1층,34.7946216914233,126.398586917324
전남 목포시 통일대로 42-1 2층,34.7985745092113,126.42959653798
전남 목포시 마파지로 5 1층,34.7979441281072,126.383344106043
전남 목포시 남악1로52번나길 31-11,34.8116245635889,126.450795297061
전남 목포시 동부로5번길 10 동부다방,34.8041751378901,126.394044754568
전남 목포시 수문로 9 1층,34.791467525178,126.384789817128
전남 목포시 산정로 308 상가 2층 202호,34.8135369707221,126.383946888472
전남 목포시 해안로249번길 10,34.7874192632442,126.388026309582
전남 목포시 원산로145번길 12,34.8113040803702,126.381502718271
전남 목포시 영산로59번길 30 목포극장 1층 오쇼잉,34.7905914357781,126.38387654462
전남 목포시 원산중앙로 10 105호,34.8070548937141,126.374287555602
전남 목포시 수강로12번길 4 2층,34.7860716959249,126.385739890892
전남 목포시 해안로173번길 25-11,34.7846075984956,126.382221465858
전남 목포시 영산로 102-1,34.7915670028024,126.386157290347
전남 목포시 마인계터로 31,34.7910124214949,126.382122787118
전남 목포시 연산로 165-1,34.8113278785417,126.379042843941
전남 목포시 원산중앙로 8,34.8068264273303,126.373926675683
전남 목포시 청호로 188,34.8073191501799,126.372460820709
전남 목포시 영산로 98,34.7957245950514,126.389992674592
전남 목포시 고하대로 730,34.8107720698662,126.37622110329
전남 목포시 용해지구로 1,34.8169325187167,126.398978530298
전남 목포시 산정로186번길 1,34.8050167046321,126.39119615864
전남 목포시 해양대학로 252,34.8008488586249,126.370523753174
전남 목포시 양을로 96,34.8052448239677,126.38513158486
전남 목포시 청호로 96,34.8011446402318,126.379588016991
전남 목포시 원산중앙로 107 연산주공아파트상가동 106호,34.8126939412534,126.381822614716
전남 목포시 연산백련로1번길 8-4 샤인빌 1층,34.8165414821356,126.392406020754
전남 목포시 해동마을길 17 2동,34.7990100365877,126.381462986227
전남 목포시 청호로 192 1층,34.8074630054272,126.372319626189
전남 목포시 북항로 71,34.7998064155175,126.376621707044
전남 순천시 중앙로 90-1,34.9536943319862,127.484152039007
전남 순천시 중앙로 442-132,34.9801903401566,127.486311417258
전남 순천시 장명4길 17,34.9521095220699,127.487825454502
전남 순천시 낙안면 삼일로 55 1층,34.9054186311237,127.343427336448
전남 순천시 덕암삼거리길 2 1층 슈가데이,34.9476383050758,127.504186504384
전남 순천시 영동길 41 영동길카페,34.9551094285997,127.482243328489
전남 순천시 시민로 21 1층 어그어스,34.9516401317978,127.485946996057
전남 순천시 장명로 10 구미구미,34.9509218621519,127.485034977887
전남 순천시 금곡길 60,34.9552259644949,127.480472368874
전남 순천시 낙안면 삼일로 67,34.9048533735762,127.343808048583
전남 순천시 중앙로 270 1층,34.9698490448652,127.484097817998
전남 순천시 장천2길 17-1 1층,34.9490303152306,127.48921614379
전남 순천시 해룡면 매안1길 28,34.9287307193065,127.553545676885
전남 순천시 중앙6길 19,34.9566757430223,127.484533825292
전남 순천시 해룡면 송산3길 36 1층 102호,34.9280092707846,127.5459720045
전남 순천시 승주읍 승암교길 14,34.992297207791,127.343178967297
전남 순천시 행금길 9-10 1층 2호,34.9553884218094,127.482420791511
전남 순천시 해룡면 좌야로 135 6차상가,34.936685609486986,127.54580663956388
전남 순천시 북문길 152 가동 101호 카페 에이와즈,34.9636288790328,127.485325331981
전남 순천시 중앙1길 20 1층 카페 딜리,34.9491910869881,127.487947307494
"전남 순천시 강변로 963 나동 1, 2, 3층",34.9711090461119,127.487688071986
전남 순천시 저전길 14 1층 오차커피공방,34.9501428291119,127.483693912363
전남 순천시 향교길 39 2층,34.9542171644053,127.480580342066
전남 순천시 황금2길 5,34.9542320828444,127.484629691482
전남 순천시 중앙로 248-1,34.9679476176154,127.48474625547
전남 순천시 금곡길 50,34.9549598876877,127.481448599191
전남 순천시 삼산2길 33,34.9686196805087,127.486325372829
전남 순천시 삼산로 8 슈슈롱,34.9706073068947,127.484317889814
전남 순천시 옥천길 31,34.9533658190476,127.481807130254
전남 순천시 청사1길 36 쉼표,34.9483479937434,127.483876918811
전남 순천시 북정3길 8 1층,34.9656067535058,127.48413297648
전남 순천시 중앙로 179 1층 카페단미,34.9617247096797,127.484311386771
전남 여수시 성산5길 37-1 1층,34.7736342362512,127.641194129247
전남 여수시 소호6길 7-1 2층 cafemoon,34.7404788864432,127.649711638399
"전남 여수시 소라면 궁항길 127-21 1, 2층",34.7767341502338,127.570575495265
전남 여수시 성산5길 41-1 1층 인버터하우스,34.7738234037402,127.641748352313
전남 여수시 시전6길 17-6 1층,34.7597793583449,127.673067649616
전남 여수시 통제영5길 8,34.7407186202089,127.735787111759
전남 여수시 화정면 여산길 111 낭도의 아침 3층 카페 드우붓,34.6033021108116,127.540210095513
전남 강진군 군동면 진흥로 579 꽁픠앙스 사송,34.641954137595,126.843290113662
전남 강진군 강진읍 탐진로 127,34.6424607463841,126.768763667363
전남 강진군 병영면 금강로 1013,34.7223706829595,126.803619706856
전남 강진군 칠량면 청자로2길 90,34.6106368704924,126.789779071248
전남 강진군 강진읍 삼일로 36,34.636206215147,126.763907464124
전남 영암군 군서면 왕인로 710-30 미술관아래,34.7751276047301,126.646676272286
전남 영암군 영암읍 월출로 6,34.7949012175259,126.685977989524
전남 영암군 영암읍 기찬랜드로 41-7,34.7912754996136,126.685846520024
전남 영암군 영암읍 남풍리 193-1,34.7939116127211,126.697748635711
전남 영암군 영암읍 성밖로 18,34.7959205063919,126.696413539855
전남 장흥군 대덕읍 대대로 934-3,34.4988947523351,126.8888559991
전남 고흥군 과역면 과역로 854 1층,34.6787508494532,127.362362278875
전남 고흥군 금산면 대신로 122 1층,34.4660203209882,127.112917506884
전남 고흥군 금산면 익금해변길 21 익금21 카페,34.4300964575973,127.144942034438
전남 고흥군 도양읍 비봉로 129,34.5293111821479,127.136497358597
전남 고흥군 도양읍 비봉로 154 2층 프레즐 커피,34.5275813617423,127.134895469763
전남 고흥군 동강면 고흥로 4253-1,34.7791219385451,127.332753401864
전남 고흥군 고흥읍 터미널길 14 더치앤드,34.6064257135544,127.281522311298
전남 고흥군 고흥읍 여산당촌길 43,34.6072733793757,127.278399660276
전남 고흥군 도양읍 녹동남촌1길 6 1층,34.5295472112287,127.137995875763
전남 담양군 대전면 병풍로 395,35.2956046314753,126.879687453325
전남 담양군 담양읍 메타프로방스2길 8-11 412동,35.3216419962983,127.001563518762
전남 담양군 담양읍 메타프로방스1길 55 401동 1층,35.3213070526051,127.002057959199
전남 담양군 고서면 원등1길 4,35.2232059285673,126.97411884039
전남 담양군 고서면 창평현로 186,35.2220353246031,126.973196769421
전남 담양군 대전면 병풍로 391 지도,35.2953089218019,126.879616540153
전남 담양군 담양읍 메타프로방스4길 5 포토리아음식타운 A동 B102호,35.3220700458692,127.004790439098
전남 담양군 담양읍 서원길 5-1,35.3260582890544,126.987752375266
전남 담양군 창평면 의병로 77,35.2338747002125,127.011684140025
전남 담양군 담양읍 향교길 25,35.3262301403763,126.985800287583
전남 담양군 담양읍 죽녹원로 78-1,35.32174838912,126.985443431056
전남 담양군 담양읍 메타프로방스2길 8 304동 101호 201호,35.3221964873779,127.002232843648
전남 담양군 담양읍 메타프로방스2길 6-17 201동 101호,35.3217213202274,127.000946558284
전남 담양군 담양읍 깊은실길 25 나동 1층 107호,35.3216618118227,127.005252861245
전남 담양군 담양읍 객사3길 24,35.3241047590917,126.983414013002
전남 담양군 담양읍 객사5길 3,35.3215821130188,126.985613042634
전남 담양군 담양읍 객사4길 38-14,35.3235790287461,126.984932255523
전남 담양군 창평면 의병로 61 라숨카페,35.2328248955041,127.010753515149
전남 담양군 창평면 창평로 594 1층,35.2378131861917,127.013827893112
전남 담양군 담양읍 객사4길 46,35.3238422593979,126.984541233926
전남 담양군 대전면 병풍로 383-28,35.2961176980055,126.878270658164
전남 담양군 담양읍 담양88로 428 명인면옥,35.3224014295027,127.005656302232
전남 담양군 담양읍 객사3길 5-6 109호,35.3235800079042,126.981588156814
전남 담양군 대전면 병풍로 361,35.2930905106617,126.881221490937
전남 담양군 담양읍 죽녹원로 157 보배가든,35.3277790075779,126.988469648772
전남 담양군 담양읍 객사3길 5-6 110호,35.3235800079042,126.981588156814
전남 담양군 담양읍 메타프로방스1길 17,35.3226082243803,127.001815383783
전남 담양군 대전면 병풍로 353 살구나무집,35.2927183617236,126.881603512796
전남 담양군 창평면 창평로 612 소문난오리전골,35.236764238265,127.014997510813
전남 담양군 담양읍 메타프로방스3길 2,35.3215662264863,127.004047307011
전남 담양군 창평면 창평로 585,35.2385624165211,127.013563689825
전남 담양군 담양읍 객사4길 39-2,35.323484009147,126.984081594967
전남 담양군 고서면 창평현로 184,35.22201437627,126.973030147934
전남 담양군 담양읍 중앙로 117,35.3232753523911,126.980978730552
전남 담양군 담양읍 죽녹원로 97,35.3235405645623,126.98511658556
전남 담양군 담양읍 죽녹원로 143 1층 올리버치킨,35.3266173433211,126.988219494617
전남 담양군 담양읍 죽녹원로 93 지도,35.3231478561946,126.985144261838
전남 담양군 담양읍 중앙로 116,35.3233881605403,126.981306437549
전남 담양군 담양읍 서원길 39,35.3285025757292,126.988228679785
전남 담양군 담양읍 죽녹원로 147,35.3269239752422,126.988197343661
전남 담양군 담양읍 서원길 6,35.3263072526813,126.987900812892
전남 담양군 담양읍 향교길 4,35.3248998793585,126.985964719886
전남 담양군 담양읍 메타프로방스2길 8-14 211동 104호,35.3218085659,127.001329494062
전남 담양군 담양읍 객사2길 18,35.3225899893779,126.983518690123
전남 담양군 대전면 병풍로 383-19,35.2953095015471,126.878304410407
전남 담양군 창평면 의병로 121,35.2373585862135,127.014260120593
전남 담양군 창평면 의병로 122 1층 창평커피,35.237200466877,127.014453009174
전남 담양군 담양읍 담주3길 19-4,35.3212182733557,126.980099634516
전남 담양군 담양읍 죽녹원로 82,35.3220353745273,126.985445029258
전남 담양군 담양읍 추성로 1202 칠성옥,35.3181190593565,126.969798575335
전남 담양군 담양읍 객사3길 22,35.3240601161133,126.983219140098
전남 담양군 담양읍 메타프로방스1길 19 1층 Cafe baragi,35.3224606814739,127.001384932843
전남 담양군 대전면 병풍로 377,35.2941738531461,126.87978510681
전남 담양군 창평면 의병로 37,35.2308793894804,127.008963868244
전남 담양군 창평면 사동길 12-11 1층,35.2385879048662,127.014511592591
전남 담양군 대전면 병풍로 382,35.2944380889386,126.88020226216
전남 담양군 대전면 병풍로 366,35.2934831432369,126.881230921617
전남 담양군 고서면 원등1길 3,35.2234264947593,126.974146011332
전남 담양군 대전면 병풍로 181,35.2807633995088,126.892673364774
전남 담양군 담양읍 메타프로방스2길 8-4 B Light,35.3222796858027,127.001933050928
전남 장성군 장성읍 영천로 150-1,35.2990420750831,126.781645364986
전남 장성군 장성읍 역전로 191,35.305592888493,126.785570031273
전남 담양군 담양읍 메타프로방스1길 55-5,35.321650642384,127.002018266819
전남 담양군 용면 두메길 77,35.3742286485595,126.987482970535
전남 담양군 금성면 담순로 147-1,35.3447027118774,127.027263139875
전남 고흥군 풍양면 천마로 1356-11 휴게음식점,34.5188664087976,127.239105069691
전남 고흥군 고흥읍 원동남계길 24 소매점,34.6090788948202,127.286909992725
전남 고흥군 두원면 운대리 141-6,34.627885905516266,127.3242290355945
전남 고흥군 도양읍 남촌길 16,34.5299767942346,127.137239454172
전남 고흥군 고흥읍 여산당촌길 14,34.6077115873,127.281690406814
전남 고흥군 고흥읍 고흥로 1785,34.6089677924372,127.288420283184
전남 고흥군 고흥읍 고흥로 1945,34.6220084850191,127.294767461459
전남 보성군 벌교읍 영등리 918-1,34.8254920287758,127.366692170315
전남 곡성군 오곡면 섬진강로 1529-1,35.2353140245517,127.370077554129
전남 곡성군 곡성읍 읍내14길 8 102호,35.2808832386115,127.296036314883
전남 곡성군 곡성읍 학교로 101,35.2831958100693,127.291129753522
전남 구례군 토지면 곡전재길 15-3,35.2033499693348,127.514007211214
전남 구례군 산동면 지리산온천로 280 나들이장터,35.3186086703195,127.46021797686
전남 담양군 담양읍 메타프로방스2길 6-9,35.3219778334409,127.001598937418
전남 담양군 담양읍 태왕3로 37,35.3158112372971,126.943721546604
전남 담양군 담양읍 가산길 330-19,35.3327931153461,126.947543051969
전남 담양군 대전면 추성1로 195,35.2768392770674,126.887759422591
전남 담양군 담양읍 메타프로방스2길 6-14,35.3220942908039,127.00117927165
전남 담양군 대전면 덕진옥산길 86,35.2929632588126,126.914044517338
전남 담양군 담양읍 깊은실길 84-72,35.3128191527168,127.009772772837
전남 담양군 담양읍 향백동1길 3,35.3089304542948,126.983137597433
전남 담양군 담양읍 객사4길 42,35.3237261640084,126.984514531343
전남 담양군 담양읍 중앙로 77,35.3201723488361,126.982325860394
전남 무안군 무안읍 무안로 507,34.9887145966533,126.478915685357
전남 무안군 청계면 구로안길 3,34.9270061826339,126.393071271593
전남 무안군 무안읍 무안중앙로 2,34.9884473334097,126.478578285679
전남 무안군 무안읍 무안중앙로 4,34.988476558734,126.478478212376
전남 무안군 무안읍 무안로 497 골목카페,34.987964437143,126.47810951134
전남 무안군 무안읍 철소재길 3 1층,34.9897608451897,126.48060454885
전남 무안군 무안읍 승달로 63-4,34.988556375654,126.470120186172
전남 무안군 삼향읍 남악로162번길 80 롯데아울렛 남악점 1층,34.8036160875165,126.464690943532
전남 무안군 청계면 도림길 57 우진오피스텔,34.9110120166534,126.430536895944
전남 무안군 무안읍 무안중앙로 35,34.9893090393765,126.475229607151
전남 무안군 일로읍 일로달바위길 42-1,34.8512615617123,126.497450949531
전남 무안군 삼향읍 대죽동로 30,34.8112024813865,126.464414561464
전남 무안군 삼향읍 남악5로26번길 3,34.8079236547485,126.470927956924
전남 보성군 벌교읍 옥전리 산111-1,34.8431577541995,127.239060745404
전남 보성군 벌교읍 홍암로 89-24,34.8492815774894,127.353464577246
전남 보성군 벌교읍 채동선로 209-1,34.8419806105115,127.343069602854
전남 영광군 영광읍 옥당로 165,35.2766681601366,126.500463412903
전남 영광군 백수읍 해안로 918,35.3502260472773,126.388026437788
전남 영광군 영광읍 중앙로 172,35.2742489425852,126.512002312055
전남 영광군 영광읍 옥당로 85-7,35.2699406828215,126.504642929753
전남 영광군 영광읍 물무로 106-6,35.2761637597018,126.51185299633
전남 영암군 학산면 영산로 6-1,34.7246716080134,126.570034007921
전남 영암군 영암읍 중앙로 53-1,34.8008121612855,126.698617349474
전남 영암군 삼호읍 대불주거로 150 1층101호,34.7522263096328,126.458370363874
전남 영암군 삼호읍 나불외도로 13-3,34.7748495907459,126.4589817049
전남 영암군 삼호읍 대불주거7로7길 27,34.7565249044371,126.452678856311
전남 무안군 삼향읍 대죽서로 41,34.8123860351956,126.461742676116
전남 완도군 완도읍 청해진남로 51,34.3110116261616,126.754991355652
전남 완도군 완도읍 개포로177번길 6,34.3205277399703,126.747131935606
전남 해남군 송지면 산정길 47,34.3698951669778,126.518583779352
전남 해남군 송지면 미야길 97 테라코타 미술관,34.3879058770546,126.514273182777
전남 해남군 송지면 땅끝해안로 1629-20,34.3268211725793,126.528562443904
전남 장성군 장성읍 성산1길 3,35.3225610832466,126.801256250781
전남 장흥군 장흥읍 동교3길 5,34.6800421028542,126.906073957642
전남 진도군 조도면 창유1길 35,34.2971072040508,126.048676960485
전남 진도군 진도읍 서문길 25,34.4867079476445,126.262315274177
전남 진도군 진도읍 남산로 86,34.4735713326069,126.26243068082
전남 진도군 진도읍 남동1길 40-13,34.4795371299441,126.262956419785
전남 진도군 진도읍 철마길 2,34.4839238869361,126.264231569398
전남 해남군 문내면 우수영로 5,34.5966152215159,126.312529085041
전남 함평군 함평읍 서부길 115,35.0635414169692,126.520924118202
전남 함평군 함평읍 시장길 110,35.0649004884572,126.522935645152
전남 함평군 함평읍 내바람길 62,35.0626972738028,126.522085271011
전남 함평군 함평읍 영수길 216,35.0650211755483,126.521652616012
전남 장성군 삼서면 태산로 340,35.2202969730292,126.677285437384
전남 무안군 무안읍 성내2길 25,34.9913917321329,126.477419842789
전남 해남군 해남읍 해남로 4,34.5706581803324,126.607499272218
전남 해남군 해남읍 중앙1로 96-1,34.5714769557599,126.602041769331
전남 해남군 해남읍 읍옥동길 12,34.5402555377882,126.614151208885
전남 해남군 해남읍 중앙1로 138-1,34.5718401456071,126.599725898219
전남 해남군 해남읍 남부순환로 37,34.5678982199844,126.606232794347
전남 해남군 해남읍 구교3길 1,34.5771412022936,126.59157950563
전남 해남군 삼산면 구림리 산8-1,34.4776085612175,126.624961875091
전남 해남군 해남읍 북부순환로 24,34.5727536358591,126.608865828032
전남 해남군 삼산면 고산로 689,34.5066836419833,126.612175830159
전남 완도군 완도읍 장보고대로 170,34.319853060242,126.745646194479
전남 화순군 도곡면 호동길 13,35.0089497135998,126.898474494575
전남 화순군 동면 규봉로 66-32,35.0512903808656,127.078101478522
전남 화순군 사평면 장전길 115-1,35.0163121231878,127.108786376081
전남 화순군 화순읍 만연로 71-3,35.0618969382231,126.989493240708
전남 화순군 화순읍 중앙로 21,35.060611686699,126.983904548672
전남 화순군 화순읍 쌍충로 74,35.0587695818872,126.982214544288
전남 화순군 화순읍 도서관길 14,35.0617566294776,126.982096816308
전남 화순군 화순읍 쌍충로 13-8,35.0530893530757,126.980813921634
전남 화순군 도곡면 지석로 1104,34.9976493760604,126.91661524792
전남 화순군 화순읍 일심4길 1-1,35.0570299371831,126.992804587182
전남 화순군 화순읍 광덕로 193-1,35.0618898231396,126.991921892155
전남 화순군 화순읍 만연로 66-12,35.0613184853109,126.991247315803
전남 화순군 도곡면 지강로 323,35.0243536203863,126.904629055913
전남 함평군 함평읍 시장길 68,35.0632630738604,126.523968533494
전남 함평군 함평읍 시장길 32,35.0642540391818,126.522777376485
전남 함평군 함평읍 중앙길 54-13,35.0629128739751,126.523940419318
전남 함평군 함평읍 시장길 78,35.0637290954056,126.52390388889
전남 함평군 함평읍 영수길 156,35.062994446112,126.520142830192
전남 함평군 함평읍 중앙길 61,35.062483372343,126.522541024167
전남 함평군 함평읍 영수길 202,35.0647405317307,126.521000539512
전남 함평군 함평읍 영수길 165,35.0634229509166,126.519868668057
전남 함평군 함평읍 내바람길 65,35.0628876331466,126.522266140507
전남 함평군 함평읍 영수길 159-1,35.063277990958,126.51968128836
전남 함평군 함평읍 영수길 182 1층,35.0640048646884,126.520299933176
전남 함평군 함평읍 영수길 164,35.0633169047757,126.520130419094
전남 함평군 함평읍 영수길 177,35.064096523999,126.519955824512
전남 함평군 함평읍 서부길 94-43,35.0614629267875,126.520732360296
전남 여수시 화산로 20,34.7715114362253,127.640853490904
전남 해남군 산이면 관광레저로 1737,34.6944157880077,126.362948685755
전남 여수시 이순신광장로 159 207호,34.7373933085575,127.741327204158
전남 순천시 오천3길 4-13,34.9324604386481,127.495813362869
전남 함평군 함평읍 함영로 1012,35.0663433166599,126.526182179451
전남 여수시 고소3길 35 고소먹방,34.7389223206473,127.739076935656
전남 고흥군 도양읍 목넘가는길 2,34.5276680336971,127.134448271261
전남 고흥군 고흥읍 고흥로 1892-67 고흥팔영체육관,34.6155227265414,127.300318953891
전남 구례군 구례읍 서시천로 76-7 광양숯불갈비,35.2150849778528,127.46764899361
전라남도 여수시 여객선터미널길 18,34.7387372766393,127.732044935404
전남 화순군 화순읍 지강로 650,35.0506382987069,126.906560652757
전라남도 여수시 국포1로 51,34.7263002407545,127.720891610518
전라남도 목포시 평화로20번길 16,34.7958003274822,126.4269209238
전남 진도군 진도읍 철마길 3-8,34.4843190752834,126.263737678668
전라남도 진도군 진도읍 철마길 3-8,34.4843190752834,126.263737678668
전라남도 목포시 유동로42번길 5,34.785594688092,126.381026703591
전라남도 영암군 학산면 독천로 171-1,34.7254155419961,126.567994519964
전라남도 목포시 평화로49번길 12,34.7963091702829,126.430166145304
전라남도 여수시 여문문화길 43,34.7525847594069,127.702950701211
전라남도 완도군 완도읍 해변공원로 109-1,34.3232047516979,126.747819194715
전라남도 목포시 하당로 212,34.8080789088109,126.420018960921
전라남도 여수시 교동남1길 5-9,34.7397994762631,127.734142450091
전라남도 여수시 충무로 39,34.7399414086716,127.731241829803
전라남도 순천시 학동길 54(대룡동),34.9041605704869,127.507760839165
전라남도 나주시 다시면 구진포로 91,35.0045196771694,126.675286672932
전라남도 광양시 광양읍 매일시장길 12-15,34.9761829598806,127.585575367383
"전라남도 여수시 소호로 455-1, 3층",34.7438450352063,127.651441099151
전라남도 영암군 삼호읍 난전로 83,34.747306844035,126.425109281785
전라남도 순천시 송광면 덕동길 70,34.9713264429592,127.248298780797
전라남도 담양군 담양읍 담주1길 6,35.3211956391952,126.981746071116
전라남도 담양군 담양읍 죽향대로 1121,35.3058756078244,126.980518798306
전라남도 목포시 영산로73번길 1-1,34.7891704870617,126.38493055999
전라남도 영광군 법성면 굴비로1길 106-14,35.3605285933691,126.435041291234
전라남도 곡성군 곡성읍 도림로 110,35.2635762423354,127.263787353607
전라남도 순천시 순천만길 309(대룡동),34.9025586614528,127.504288739776
전라남도 영암군 학산면 독천로 178,34.725247804154,126.568762152739
전라남도 영암군 학산면 독천로 162-1,34.7247621447437,126.567040538969
전라남도 해남군 해남읍 교육청길 5,34.5702734169571,126.608781980074
전라남도 순천시 풍덕새길 22,34.9373741386644,127.497247065357
전라남도 해남군 화원면 영호길 42-13,34.700431273111,126.347282918314
전라남도 장성군 장성읍 수산2길 12-5,35.3236719079397,126.801214380322
전라남도 순천시 덕월길 54,34.9274613993018,127.488081620216
전라남도 순천시 비봉2길 3-14,34.9714269685598,127.52142136583
전라남도 곡성군 석곡면 석곡로 52-1,35.1316552065409,127.253679504991
전라남도 여수시 소호로 486,34.7454845064012,127.654114389314
전라남도 영암군 영암읍 서문로 10,34.7991292754578,126.695809062735
전라남도 여수시 오동도로 238-32,34.7444742558638,127.767527831994
전라남도 나주시 나주천1길 87(금계동),35.0299938676189,126.715755331565
전라남도 목포시 비파로 7,34.7995564316767,126.428699725613
전라남도 목포시 미항로 197-1,34.8002546014639,126.437941882209
전라남도 완도군 군외면 초평길 43-1,34.3709368446483,126.657907013004
전라남도 순천시 하대석길 70,34.9484743973857,127.525002241967
전라남도 고흥군 도양읍 녹동쌍충길 10,34.5280872816989,127.134791394144
전남 곡성군 오곡면 대황강로 1589 사계절횟집,35.1905357746502,127.37123972979
전라남도 화순군 도곡면 지강로 438,35.0336417258338,126.907815278796
전라남도 목포시 원형로 37-1,34.798659375105,126.431899347008
전라남도 강진군 도암면 백도로 2059-7,34.5579478528139,126.723825097781
전남 광양시 폭포사랑길 99 백운쇼핑센터,34.940176065676,127.732340318069
전라남도 순천시 낙안면 삼일로 51,34.9059705731996,127.343228853325
전라남도 강진군 병영면 병영성로 92,34.7128593412012,126.817073720948
전라남도 광양시 다압면 백운3로 715,35.0593954922436,127.737111101542
전라남도 구례군 토지면 섬진강대로 4276,35.2000057073726,127.603656647635
전라남도 해남군 해남읍 해남로 160-12,34.5684136574329,126.624014690895
"전라남도 담양군 담양읍 지침6길 78-6 1, 2동",35.31879130557,126.990080796542
전남 구례군 마산면 화엄사로 255 송이식당,35.2323415233161,127.487918619744
전남 목포시 하당로30번길 9,34.7985002283286,126.422143245684
전남 담양군 수북면 한수동로 586,35.3034693788465,126.928789006602
전남 광양시 옥룡면 신재로 289,34.9930642424528,127.600961812866
전남 강진군 병영면 병영성로 107-10,34.7142690278284,126.815545146681
전남 순천시 석현길 67 순창국밥,34.9740749217129,127.474610543204
전남 순천시 순천만길 520,34.8874115109925,127.508459079993
전남 순천시 중앙로 305,34.9726799908857,127.481969589666
전남 목포시 복산길6번길 44,34.8067907370465,126.435996388006
전남 목포시 교육로 87,34.804502507396,126.418597449282
전남 순천시 풍덕1길 14,34.9403675750128,127.496994761399
전라남도 여수시 화산로 88,34.7739099520891,127.64773685755
전남 목포시 북항로59번길 26,34.8001101801836,126.375319802529
전남 구례군 마산면 화엄사로 336,35.2396634090294,127.487458196604
전남 해남군 해남읍 북부순환로 166,34.5762596367506,126.594810379535
전라남도 여수시 만성로 73,34.7706356595231,127.703665751596
전남 순천시 팔마4길 24,34.9343841004326,127.516025410531
전남 목포시 해안로 73,34.7807961269539,126.372860247072
전남 광양시 광장1길 33,34.9343839760878,127.697617200668
전남 여수시 신기남길 28 1층,34.7602192172799,127.672680310722
전남 광양시 오류5길 21,34.9380118098432,127.691499885954
전남 무안군 삼향읍 남악5로72번길 18-1,34.8118691170258,126.473327273945
전남 진도군 진도읍 쌍정1길 2,34.4804345245553,126.265639674485
전남 목포시 비파로124번길 8,34.8090907628151,126.423574333949
전남 목포시 석현로 28 31호,34.8153813745818,126.424592994158
전남 함평군 해보면 밀재로 1286-6 나비중화요리,35.1808615301156,126.603872205166
전남 여수시 학동1길 16-8,34.7646929312698,127.664721817172
전남 나주시 배멧3길 19-7 LS타워 1층,35.0197123345737,126.7859738981
전남 광양시 사동로 97 광양뒷고기,34.9479810769692,127.68758777632
전남 광양시 등논3길 5-5 냠냠꼬마김밥,34.9529329615883,127.695748875895
전남 나주시 봉황면 봉황로 757-1,34.9583945914009,126.78464922137
전남 순천시 기적의도서관2길 18,34.9462641536482,127.526849253507
전남 순천시 연향2로 55 대우아파트 상가동 1층 108호,34.9483043116677,127.521086628167
전남 순천시 해룡면 매안2길 11-10 1층 빙글빙글,34.9281418898196,127.551554404072
전남 순천시 해룡면 매안4길 22 1층,34.9310563922951,127.554331168024
전남 광양시 중마로 267,34.9484875398513,127.69060948876
전남 광양시 광양읍 덕례리 701,34.947393692521196,127.5293736690616
전남 광양시 광양읍 와룡길 15,34.9706100515506,127.610343058303
전남 광양시 광영의암4길 20,34.9636690545645,127.722878982831
전남 광양시 자작길 39 1층,34.9538905352458,127.694700604266
전남 광양시 공영로 107 2층,34.9360250751743,127.700941461193
전남 광양시 진등길 55-5 3층 301호,34.9528653491892,127.68871250076
전남 광양시 광영로 124,34.9642419273514,127.716144962824
전남 광양시 진등길 20 1층 크림앤슈가하우스,34.9503068445801,127.690612485353
전남 여수시 장성4길 41 메리그린케이크,34.7548393643645,127.652174208549
전남 여수시 박람회길 1 B동 국제관 1층 Bc-102호,34.7509493146231,127.747091095943
전남 여수시 둔덕2길 6-7,34.7676093292636,127.702649655341
전남 여수시 좌수영로 25 1층,34.7427418032624,127.727715667808
전남 여수시 도원로 233 B105호,34.7614029655112,127.656840561612
전남 여수시 쌍봉로 53,34.7667182812536,127.661743035099
전남 여수시 무선로 55 1층,34.7659128259833,127.655839579437
전남 여수시 예울마루로 35-14,34.746479117253,127.67152020542
전남 여수시 박람회길 46,34.7533258137106,127.743087991811
전남 여수시 웅천중앙로 84 1층,34.7480673278239,127.675799444857
전남 여수시 웅천남8로 24,34.7386371404862,127.680206940398
전남 나주시 중야2길 14 레이크뷰빌딩 5층,35.0163430821272,126.784858323388
전남 나주시 석전1길 9,35.0254619996779,126.77905830839
전남 나주시 상야3길 8,35.023135862372,126.790365460796
전남 나주시 전력로 2,35.0216022017181,126.785382654866
전남 나주시 나주로 173,35.0331129072038,126.719712894469
전남 나주시 그린로 317-9,35.0151551389391,126.794365272542
전남 나주시 배멧1길 40,35.0199867390312,126.791371896993
전남 나주시 월정5길 1,35.0091876002876,126.787278072119
전남 나주시 향교길 15,35.0329875293143,126.714111905011
"전남 나주시 상야4길 16-16 120호(빛가람동, TCC복합타워)",35.0239203643838,126.793010239157
전남 나주시 교육길 14 1층,35.0184077510741,126.778478607967
전남 여수시 돌산읍 강남동로 43 우두리 1088-2 1층,34.7188265235973,127.755630005169
전남 순천시 해룡면 지봉로 368 마파도,34.9458538741428,127.533800899786
전남 광양시 광양읍 매천로 844,34.9752357233062,127.587643587471
전남 고흥군 봉래면 축정2길 91,34.4645231816641,127.454197271828
전남 광양시 광양읍 용두길 108 1층 단비콩 식당,34.9716169520875,127.60712839314
전남 광양시 구마길 26,34.9464954517346,127.687697321566
전남 광양시 광양읍 순광로 466,34.9625155748752,127.565425861327
전남 광양시 광영의암1로 53 Cafe Vigesco 카페 비제스코,34.965793568352,127.722106435129
전남 광양시 사동로 253-8 1층,34.9517239042979,127.69634012168
전남 광양시 발섬3길 8,34.9337109279618,127.699153026927
전남 광양시 오류1길 10,34.9367422909807,127.694712279569
전남 광양시 희망길 12-7 광양제철소 생활관 207호,34.9365341129271,127.724670781149
전남 광양시 백운1로 153,34.9426956359385,127.757898312392
전남 광양시 진월면 선소중앙길 43,34.9781019568859,127.758633079122
전남 광양시 길호4길 16 1층,34.9305158950222,127.698563793689
전남 광양시 진등길 14 소쿠리김밥,34.9497689437571,127.6905903489
전남 광양시 진월면 망덕길 143,34.9667684665133,127.757226901212
전남 광양시 사동로 88-1 1층 태영생막창,34.9470788723985,127.687576193289
전남 광양시 길호길 11 호랭이굴,34.9318061381044,127.697210550862
전남 광양시 사동로 82 고기랑조개랑,34.9464422715926,127.68736277749
전남 광양시 광양읍 신재로 81-1 케이크얌,34.9785935805114,127.588410508463
전남 광양시 중동로 45,34.9414918583606,127.693753488186
전남 광양시 발섬4길 17-6,34.934470266897,127.700713267786
전남 광양시 공영로 76 1층,34.9356881209269,127.697327132764
전남 광양시 광양읍 덕례길 68,34.964245964002,127.576616949118
전남 광양시 광양읍 대림오성로 107,34.9649588240006,127.573655295407
전남 광양시 중마로 560,34.9345268594919,127.700965601031
전남 광양시 옥곡면 옥진로 688,34.9878762570972,127.701685996212
전남 광양시 사동로 190 가마치통닭 광양 마동점,34.9545308971634,127.690934314812
전남 광양시 광양읍 서산길 50 1층,34.968915052831,127.567571243733
전남 광양시 광장로 109 중동배당타운 106호,34.9338539529109,127.694820472793
전남 광양시 광장로 70,34.9333229356159,127.690269917349
전남 광양시 광장로 112-20 상가동 112호,34.9336747572767,127.696678335174
전남 광양시 중마중앙로 154,34.9439578284621,127.698330445211
전남 광양시 불로로 88 1층,34.9441327508224,127.688848443402
전남 광양시 다압면 원동길 70-11 카페7011,35.0610224587425,127.735427906535
전남 광양시 광양읍 용두1길 28 1층 스시타운,34.9725215795011,127.606277976577
전남 광양시 사동로 177-1,34.9547689592383,127.68960010614
전남 광양시 길호2길 30 1층 1982연탄,34.9316456822871,127.695813274705
전남 광양시 공영로 75,34.9360379227689,127.697487599591
전남 광양시 광양읍 서천2길 9,34.9711163399213,127.579093206605
전남 광양시 길호길 23,34.9318087714481,127.696484265045
전남 광양시 발섬길 36,34.9351874059223,127.698849452097
전남 광양시 공영로 64,34.9356948909501,127.69605226
전남 광양시 사동로 243,34.9528080536178,127.695760848261
전남 광양시 광장로 103,34.9331576300737,127.694570743069
전남 광양시 발섬길 25,34.9342569924275,127.698602077474
전남 광양시 오류로 43 1층,34.9425054236213,127.694877462137
전남 광양시 오류5길 13,34.9380344512372,127.6906095257
전남 광양시 길호5길 6,34.9315115588313,127.698969535104
전남 광양시 행정1길 2,34.9416189469266,127.693643782254
전남 광양시 사동로 93-1,34.947789142935,127.68748206689
전남 광양시 진등1길 15-5 1층,34.9503679538244,127.689597732248
전남 나주시 남평읍 동촌로 236-42,35.0513988309282,126.870504102927
전남 나주시 빛가람로 679 삼보타워 104호 대로변,35.0215170633232,126.786172341057
전남 나주시 상야1길 8,35.0220088857357,126.78598511638
전남 나주시 상야1길 21 킹덤프라자 비동 101호,35.0226143768697,126.787905122238
전남 나주시 상야2길 16 103호,35.0220250239174,126.787886811636
전남 나주시 상야4길 21,35.022043576108,126.792096752912
전남 나주시 상야1길 20 114호,35.0220282135691,126.787083090338
전남 나주시 상야1길 21 B동 110호,35.0226143768697,126.787905122238
전남 나주시 나주로 33,35.0220784889955,126.715124309848
전남 나주시 우정로 56 B동 113호 빛가람동 리치타워,35.0236573414615,126.786300997302
전남 나주시 영산포로 263-1,35.0046509758547,126.707278586909
전남 나주시 상야1길 7 예가람타워 113호,35.0226414605686,126.785875976712
전남 나주시 선창길 11 2층,35.0009560058394,126.711821500984
전남 나주시 우정로 72 B동 165호,35.0235279023816,126.787275121208
전남 나주시 상야2길 7,35.0231412628299,126.788853109107
전남 나주시 남평읍 강변1길 59-6,35.0443100452785,126.849557591587
전남 나주시 상야1길 21,35.0226143768697,126.787905122238
전남 나주시 상야4길 16-10 드림페이스 108호 CGV 옆 건물,35.0231948757539,126.793186728501
전남 나주시 빛가람로 19 105호,35.0166744683916,126.716473061382
전남 나주시 대호길 45-52 호반식육식당,35.0410887765461,126.717368217206
전남 나주시 도민길 24-3 에스엠주차타워 108호,35.0235595103919,126.798996869213
전남 나주시 상야4길 16-16 1층 그집쭈꾸미 나주혁신점,35.0239203643838,126.793010239157
전남 나주시 금남길 61,35.0336855389557,126.714335224846
전남 나주시 산포면 영산로 5984-91 빛가람카,35.0322420128499,126.787661957581
전남 나주시 나주로 120 향기나는비누세상,35.0294858010899,126.717702610762
전남 나주시 풍물시장2길 20-3,34.9927884916243,126.707965539093
전남 나주시 남평읍 강변2길 7 EMJ TOWER 1층,35.040372719318,126.851292166686
전남 나주시 우정로 56 A동 105호,35.0236573414615,126.786300997302
전남 나주시 그린로 369,35.0194570724079,126.793894423092
전남 나주시 상야3길 8 110호,35.023135862372,126.790365460796
전남 나주시 그린로 197 탕화쿵푸마라탕 나주혁신점,35.0097378942723,126.788051865307
전남 나주시 영산포로 192,34.9984181125477,126.71050857176
전남 나주시 상야2길 7 중흥s클래스 메가티움 1차 104호,35.0231412628299,126.788853109107
전남 나주시 상야1길 21 킹덤프라자 A동 110호,35.0226143768697,126.787905122238
전남 나주시 금천면 영산로 5696,35.0351615684986,126.751534918142
전남 나주시 그린로 216,35.0092302019281,126.789950233883
전남 나주시 풍물시장1길 24,34.9941748580444,126.708358555166
전남 나주시 배멧1길,35.0189742317589,126.791903464351
전남 나주시 배멧3길 5-4,35.0189743523948,126.785705077902
전남 나주시 문화로 216,35.0177995201606,126.785209066633
전남 나주시 남평읍 강변1길 59-13,35.0436178566815,126.849539789929
전남 나주시 산포면 산포로 375,35.0320942040582,126.805300172312
전남 나주시 우정로 72,35.0235279023816,126.787275121208
전남 나주시 배멧3길 19-3,35.0191731547349,126.786397251421
전남 나주시 금성산길 6,35.038885466641,126.701891072758
전남 나주시 대호길 55-1,35.0410081658429,126.717859710664
전남 나주시 남평읍 지석로 167,35.0388374998355,126.853668773827
전남 나주시 나주천1길 87,35.0299938676189,126.715755331565
전남 목포시 원형로 44-1,34.7993215627913,126.431749359041
전남 목포시 하당로68번길 24,34.7998176093004,126.420699917515
전남 목포시 해양대학로 77,34.7888541330304,126.366034141933
전남 목포시 평화로61번길 6,34.7969001262718,126.431611791018
전남 목포시 해양대학로139번길 23-1,34.7942977773364,126.362364449622
전남 목포시 차범석길35번길 21,34.7939129890378,126.379299307575
전남 목포시 북항로 119,34.8011039014697,126.371612618754
전남 목포시 영산로 20,34.7866164005643,126.380898558843
전남 목포시 통일대로 88,34.8006849302875,126.433877680333
전남 목포시 평화로153번길 12,34.8008474812343,126.434970106377
전남 목포시 번화로 41-5,34.7866532015593,126.384333250962
전남 목포시 해안로173번길 42,34.7859870668696,126.38233999455
전남 목포시 자유로82번길 2,34.7932428165094,126.398475752157
전남 목포시 수문로35번길 1,34.7925565648237,126.38229286898
전남 목포시 남악로 22-14,34.8026477429696,126.44013658384
전남 목포시 신죽길 9,34.7972292198292,126.375844294652
전남 목포시 남악1로52번길 12-4,34.8099342290605,126.446708489975
전남 목포시 평화로107번길 3,34.7982094269692,126.435606158237
전남 목포시 차범석길35번길 22,34.7939701499065,126.379478515454
전남 목포시 해안로165번길 45,34.7863600686104,126.381063049813
전남 목포시 미항로 137,34.7970108818028,126.434916295488
전남 목포시 평화로20번길 4,34.7963772369942,126.428054664627
전남 목포시 대양산단로 82,34.8289957830159,126.402973451925
전남 목포시 원형서로 48-1,34.7969543470904,126.430676814792
전남 목포시 원형로 34,34.7984536426912,126.432665130417
전남 목포시 옥암로 181,34.8144002430147,126.421028271526
전남 목포시 연산백련로 4-4,34.8176868685456,126.393523502273
전남 목포시 원형로 44-2,34.7994128885239,126.43190685377
전남 목포시 만세로 1,34.7944237508218,126.379659015861
전남 목포시 옥암로54번길 8,34.8046079141696,126.429787309047
전남 목포시 해양대학로 162-1,34.7935777277633,126.36799539402
전남 목포시 원산중앙로 10,34.8070548937141,126.374287555602
전남 목포시 호남로58번길 25,34.7922220642459,126.384340267369
전남 순천시 월등면 송치안길 88,35.0608023686282,127.422096482572
전남 순천시 별미길 5,34.9537932032223,127.48449365169
전남 순천시 죽도봉길 114,34.955493391889,127.496059214623
전남 순천시 역전2길 50,34.9480048092748,127.49756193597
전남 순천시 영동길 71,34.9562130720215,127.481903934348
전남 순천시 조비길 182,34.9826919822783,127.465554752455
전남 순천시 해룡면 조례못등3길 11-9,34.9490362969417,127.529802417736
전남 순천시 송광면 굴목재길 247,34.9853862254838,127.305671744603
전남 순천시 중앙5길 31,34.952033156326,127.487268744382
전남 순천시 오천3길 30,34.9324538376739,127.494513581461
전남 순천시 비봉2길 22,34.972509486701,127.519135847288
전남 순천시 중앙2길 10,34.9494167880149,127.48657769543
전남 순천시 월등면 농곡길 1-4,35.1036510311206,127.423636823376
전남 순천시 용당둑길 111,34.9615321545832,127.48975620838
전남 순천시 장평로 60,34.9451467854375,127.496090048525
전남 순천시 남신월1길 8-5,34.9553300429234,127.519163477039
전남 순천시 유동1길 26,34.9538928267063,127.517762701176
전남 순천시 남신월3길 6,34.9564852436973,127.518805852386
전남 순천시 해룡면 향매1길 15-14,34.9341737040107,127.553642987763
전남 순천시 해룡면 신대3길 6-10,34.9340405006378,127.549568554473
전남 순천시 대석초등길 73,34.9440009098649,127.525448594654
전남 순천시 연자로 3-1,34.9551654323292,127.484569058119
전남 순천시 왕지5길 4,34.9718891050483,127.522658078349
전남 순천시 해룡면 신대3길 4,34.9342331844432,127.549635183657
전남 순천시 장천2길 7,34.9484236158442,127.48972585945
전남 순천시 풍덕주택길 29,34.943647137683,127.502869489053
전남 순천시 남신월4길 15,34.9564540379816,127.520243067091
전남 여수시 돌산읍 무술목길 50,34.6878113761222,127.779061224412
전남 여수시 하멜로 78,34.7377052234159,127.747016634567
전남 여수시 고소3길 70,34.7381826677526,127.742288057982
전남 여수시 하멜로 92,34.7370962815441,127.748199488766
전남 여수시 돌산읍 진모길 9-7,34.7069077032322,127.758631347777
전남 여수시 오동도로 61-20,34.743727077988,127.750492093124
전남 여수시 문수로 96,34.7547023939373,127.705447289623
전남 여수시 국포1로 103,34.7275753578701,127.715540982062
전남 여수시 시청서2길 51-8,34.7603076613378,127.660210157556
전남 여수시 고소3길 63,34.7381439727282,127.741759544142
전남 여수시 화양면 굴개길 106-17,34.6617948742222,127.630532471775
전남 여수시 관문1길 14,34.7415478281033,127.741891738997
전남 여수시 무선로 107-1,34.770479778411,127.654562137901
전남 여수시 장성1길 21,34.754351465955,127.65465502101
전남 여수시 선소로 29,34.7567041855139,127.664758377186
전남 여수시 웅천남4로 17,34.7427470192799,127.672277881209
전남 여수시 여수시민로 6,34.7364533621988,127.750199640756
전남 여수시 돌산읍 진두해안길 72,34.7330118502127,127.743124046583
전남 여수시 선원2길 34-7,34.766811668176,127.652859966313
전남 여수시 화양면 화양로 1389,34.7067494181569,127.613258063141
전남 여수시 소라면 죽림3길 17-3,34.7634645246859,127.638183927092
전남 여수시 동문로 6-2,34.740630164003,127.736627031979
전남 여수시 돌산읍 계동해안길 78,34.6618954857629,127.793712899674
전남 여수시 동문로 135-1,34.7482267769678,127.744628108055
전남 여수시 웅천남6로 21,34.7393588094177,127.676418096795
전남 여수시 망양로 208,34.7738062246701,127.746215899626
전남 여수시 하멜로 94-1,34.7369716179025,127.748346319728
전남 여수시 시청동3길 12-4,34.7594547341844,127.665183343175
전남 여수시 화양면 나진길 13-1,34.7077013966203,127.613884430064
전남 여수시 서교1길 14,34.7406735798538,127.726336504202
전남 여수시 충무로 54-2,34.74127485008,127.731646034553
전남 여수시 고소3길 43,34.7385348539923,127.739544984155
전남 여수시 여수시민로 1,34.736876425363,127.749929939713
전남 여수시 동문로 38,34.7410487384829,127.739265782799
전남 여수시 화양면 굴개길 81-1,34.6627597909983,127.634260470999
전남 여수시 예울마루로 37-26,34.7465543756456,127.669999699213
전남 여수시 거북선공원2길 8-1,34.7603644128967,127.666948695147
전남 여수시 이순신광장로 191-3,34.7386151867054,127.744041211907
전남 여수시 돌산읍 돌산로 717,34.5948565970539,127.755358932204
전남 여수시 남산남2길 20,34.7318629705087,127.731967281006
전남 여수시 돌산읍 돌산로 1411,34.6278980239132,127.721219737042
전남 여수시 돌산읍 강남10길 49,34.7156783833901,127.752354295757
전남 강진군 강진읍 보은로3길 11-1,34.6384307766028,126.772106471586
전남 강진군 마량면 까막섬로 73,34.4538278593927,126.807713729233
전남 강진군 도암면 다산초당길 25-6,34.5756982303816,126.747837098183
전남 강진군 강진읍 남문길 2,34.6401348042107,126.769302155112
전남 강진군 강진읍 탐진로 65,34.6385777286924,126.76391754004
전남 강진군 강진읍 해강로 1038-7,34.6030056248226,126.736004964142
전남 강진군 강진읍 보은로3길 54,34.6416049188101,126.769617766567
전남 강진군 강진읍 고성길 3,34.6374153504242,126.761888317482
전남 강진군 성전면 월남3길 83,34.7422540650939,126.713881609248
전남 강진군 강진읍 서성리 87-5,34.6388266567347,126.763009625121
전남 강진군 강진읍 영랑로4길 12-2,34.6389768354227,126.769500153612
전남 강진군 강진읍 영랑로3길 7,34.6385032630317,126.769188337015
전남 강진군 마량면 미항로 141-1,34.449697573779,126.817803799122
전남 강진군 강진읍 서성안길 13-1,34.6388846804139,126.766311539395
전남 강진군 강진읍 탐진로 76-1,34.6391448715907,126.76506407328
전남 강진군 강진읍 송계로 20,34.634067134695,126.760131665532
전남 강진군 마량면 미항로 173-1,34.4491222648256,126.820980597912
전남 강진군 강진읍 영랑로3길 24-1,34.6391325968677,126.770836111356
전남 강진군 성전면 월남3길 96,34.743137528058,126.7135294427
전남 강진군 강진읍 영랑로3길 14,34.638692302901,126.769956508113
전남 강진군 강진읍 삼일로 2,34.6341072144397,126.766148479925
전남 강진군 마량면 미항로 5-17,34.458520599288,126.815731431247
전남 강진군 강진읍 영랑로 18-1,34.6375269171623,126.769425529716
전남 강진군 강진읍 영랑로3길 18,34.6387917440176,126.770250274927
전남 강진군 강진읍 탐진로 155,34.6438544476838,126.771246213476
전남 강진군 강진읍 영랑로 15,34.6372025824616,126.76923567485
전남 고흥군 도양읍 목넘가는길 10,34.5277342025194,127.1336248258
전남 고흥군 점암면 팔봉길 5,34.6411792397182,127.41381100071
전남 고흥군 도양읍 비봉로 156,34.5275712690189,127.134728913583
전남 고흥군 도양읍 녹동남촌1길 11,34.528881833484,127.138408139079
전남 고흥군 금산면 거금일주로 2978-20,34.4761899079028,127.146980844297
전남 고흥군 고흥읍 고흥로 1789,34.6092553641364,127.288605315168
전남 고흥군 고흥읍 봉황길 33,34.6079610351377,127.284633733203
전남 고흥군 도양읍 비봉로 263,34.5241319179736,127.143776172817
전남 고흥군 금산면 상하촌길 24-1,34.4617131229331,127.127504769164
전남 고흥군 도양읍 천마로 86,34.5304594073059,127.13806099249
전남 고흥군 포두면 우주로 598,34.5710864934972,127.340032687933
전남 고흥군 도양읍 녹동남촌2길 25,34.5287068307826,127.137397486513
전남 고흥군 고흥읍 봉황길 36,34.6080522330849,127.284258887949
전남 곡성군 곡성읍 청계동로 86,35.3073766619606,127.295882649566
전남 곡성군 옥과면 리문5길 18,35.274711866156,127.136102228077
전남 곡성군 옥과면 대학로 135-1,35.2758287461648,127.134465400139
전남 곡성군 옥과면 리문6길 19,35.2754384480917,127.137448335319
전남 곡성군 옥과면 대학로 116,35.2745338366093,127.132871961596
전남 곡성군 곡성읍 군청로 26,35.2805415688783,127.292951947455
전남 곡성군 옥과면 대학로 138-1,35.2756647912839,127.1348710379
전남 곡성군 옥과면 리문4길 6,35.2753510341487,127.134790281589
전남 곡성군 죽곡면 태안로 622-6,35.1336884966514,127.366094640566
전남 목포시 삼일로13번길 4 일로순대,34.7936977422052,126.383236952218
전남 목포시 석현로 2 1층,34.8155014223144,126.421528469001
전남 목포시 북항로 190,34.8053681911723,126.365441405968
전남 목포시 비파로108번길 13,34.8083805858619,126.424876735623
전남 목포시 고하대로 641-21 목포북항회센터 23호,34.8068418898414,126.365858615656
전남 곡성군 오곡면 기차마을로 229,35.2767119804874,127.307545070185
전남 목포시 북항로81번길 10-4,34.7995465061536,126.374857122081
전남 고흥군 과역면 석촌1길 81-117,34.6742119350809,127.374579061578
전남 영암군 신북면 예향로 2038,34.8453824864651,126.693199217826
전남 목포시 평화로43번길 8,34.7959010781468,126.429871190458
전남 순천시 행중길 16,34.9564100153383,127.48340304509
전남 목포시 상리로15번길 1-1,34.8130764943073,126.416639241839
전남 순천시 순천만길 436,34.8926231605714,127.508974185069
전남 목포시 신흥로59번길 11,34.8047715347566,126.426185655714
전남 장흥군 안양면 수문용곡로 141,34.6327747510768,127.03127681083
전라남도 목포시 옥암로 65,34.8051607753784,126.427816627871
전라남도 곡성군 죽곡면 섬진강로 1005,35.1913904083774,127.377718995638
전라남도 목포시 통일대로75번길 9,34.801168868374,126.431668165256
전라남도 보성군 회천면 장목길 43,34.6782803311913,127.085752329579
전라남도 여수시 통제영5길 10-2,34.7407882909228,127.735877816799
전라남도 담양군 봉산면 면앙정로 155,35.2666649574419,126.960867458413
전라남도 완도군 신지면 명사십리길 74,34.3278929860441,126.806415234902
전남 신안군 신의면 신의로 858,34.5961026335727,126.098099416022
전남 순천시 해룡면 향매로 67,34.9343054943732,127.546974509192
전남 여수시 돌산읍 강남동로 46-7 알리바바치킨 돌산1호점,34.7200060287168,127.757237118298
전남 보성군 회천면 우암길 27-12,34.6708607059404,127.089559755989
전남 광양시 다압면 매각길 47-4,35.1647850324592,127.638267839614
전남 영광군 영광읍 신남로 153,35.2759584100498,126.498775234524
전남 영광군 영광읍 신남로 152-1,35.275572997529,126.498709134088
전남 광양시 광양읍 호북길 13 영미네 당근김밥,34.9801061856918,127.583776041977
전남 해남군 해남읍 북부순환로 161,34.5756793318076,126.594714130008
전남 순천시 서면 배들이길 17,34.9893435165273,127.497988287935
광주 북구 면앙로165번길 25,35.1772023641659,126.930098864901
광주 광산구 수등로94번길 26 복차돌대패,35.182243969504,126.819010207527
광주 북구 독립로237번길 2,35.1532371483102,126.909194122194
광주 서구 광천2길 18,35.1650159874432,126.880675986696
광주 북구 면앙로 28,35.1795868038508,126.915258474295
광주 서구 상무시민로 96 103호,35.1549729129649,126.849475102941
광주 남구 봉선1로 68,35.1278066716792,126.912647850899
광주 동구 서암대로 304-1,35.1651946708774,126.916719769488
광주 동구 동계로 16-3,35.1532066077963,126.924737125636
광주 서구 월산로225번길 1,35.1562161394766,126.890739389361
광주 남구 포충로 239 파랑새미용실,35.0649423860017,126.803025667754
광주 북구 서하로453번길 5,35.182250200813,126.928656111697
광주 남구 천변좌로370번길 11,35.1449225320292,126.911491484577
광주 남구 광복마을길 91-2,35.1259295369548,126.896453582904
광주 북구 평교로29번길 7-26,35.1797180725531,126.924576124803
광주 북구 서방로 109 (두암동),35.1706312025817,126.924401857135
광주 광산구 북문대로419번길 73 광주보건대학내,35.1916891510279,126.846189403494
광주 남구 백서로70번길 6,35.1383077599375,126.915868896607
광주 북구 금호로 53,35.1736789763057,126.888378030454
광주 북구 서림로 10,35.1694249627659,126.888805470329
광주 광산구 비아안길 76-15,35.2204807393202,126.820691343414
광주 서구 화운로23번길 4-1,35.1427017949491,126.88379153798
광주 북구 안산로 10-2,35.1882355107547,126.902466260243
광주 광산구 평동로 798,35.1243203225043,126.761429662147
광주 동구 밤실로 92,35.1555911260663,126.93648885986
광주 북구 무등로 1560,35.1433872435948,126.989984268075
광주 광산구 평동산단1번로 157,35.1376744924045,126.773626369255
광주 서구 염화로134번길 29,35.1405839504595,126.879721876404
광주 광산구 월곡중앙로54번길 5,35.1711977466233,126.811491586282
광주 광산구 손재로110번길 30,35.1757688275356,126.798631049216
광주 서구 상무대로916번길 5,35.1505703800218,126.862421430682
광주 동구 독립로 268 지하1층,35.1545374246114,126.912216616835
광주 동구 필문대로191번길 8,35.1532695549594,126.932438430021
광주 동구 구성로194번길 19,35.151954239809,126.915676623929
광주 서구 운천로184번길 11,35.1491255544623,126.857554584188
광주 동구 독립로350번길 11,35.1616732437845,126.915679436384
광주 북구 중외길17번길 5-5,35.188692599966,126.892067063145
광주 북구 서방로73번길 8,35.172210469449,126.921008608527
광주 서구 화운로23번길 8-5,35.1427241014507,126.883367055078
광주 광산구 첨단내촌로70번길 22,35.2131068023577,126.837555150333
광주 동구 필문대로192번길 6-8,35.1542050766814,126.930682762373
광주 광산구 목련로 73,35.1725476660982,126.805703603001
광주 북구 반룡로 33-1 용봉동호반아파트,35.1792654349077,126.901507481629
광주 서구 무진대로 907,35.1619747313669,126.879781934243
광주 북구 임동로 24,35.1624474430128,126.897260710084
광주 서구 상무민주로76번길 21-1,35.1573290818217,126.861740994734
광주 서구 시청서편로4번길 19-9,35.1596172418046,126.847733160915
광주 북구 호동로43번길 49,35.175949799514,126.914064124103
광주 동구 필문대로287번길 23-2,35.1448645290671,126.929719181672
광주 동구 무등로 403,35.1597979298548,126.926709863666
광주 동구 남문로693번길 11,35.1298280121729,126.928362837801
광주 남구 천변좌로 436,35.1412076057826,126.917020732811
광주 동구 학소로106번길 2,35.129058623684,126.933122651121
광주 광산구 송정로8번길 41,35.1354058328385,126.791340238852
광주 서구 시청서편로4번길 19-16,35.1598328594073,126.847958529133
광주 광산구 평동로 65,35.1278068697852,126.686574379273
광주 북구 무등로 91-3,35.1683731423192,126.894417827733
광주 남구 봉선로19번길 18 송림아파트 1층8호,35.1315602764523,126.905281692684
광주 북구 신흥로27번길 15,35.1705674542502,126.907012032197
광주 광산구 광산로20번길 5,35.1380538031792,126.794317414461
광주 광산구 산정공원로72번길 21-16,35.1745665458402,126.807694868749
광주 동구 제봉로194번길 11-1,35.1543373076947,126.91692542096
광주 서구 쌍촌로 67 -1,35.1510004195619,126.864340587678
광주 서구 풍금로 26,35.1220513205136,126.864702031676
광주 북구 서방로19번길 10,35.1736838297633,126.91553344048
광주 광산구 평동산단7번로 59,35.1136549388763,126.754965286544
"광주 서구 염화로83번길 4, 2층",35.1420924181713,126.873907859782
광주 북구 서방로81번길 7,35.1717950673571,126.921754808795
광주 동구 문화전당로 10,35.1435778795196,126.920322015381
광주 남구 회재로1230번길 19,35.1321704183137,126.896581406358
광주 남구 군분로 62,35.1389810469294,126.892870865917
광주 남구 백양로 41,35.1341436209959,126.906490586399
광주 서구 운천로92번길 10,35.1407867593783,126.85976604468
광주 북구 용봉택지로 22,35.178533730394,126.888821281405
광주 북구 서암대로305번길 27,35.166673400721,126.917453256597
광주 동구 경양로243번길 14-2,35.1579950066651,126.918489217252
광주 북구 무등로 1539,35.1444660365725,126.990517454999
광주 북구 상촌로 24,35.2113023387598,126.878212333379
광주 북구 무등로80번길 31,35.1674295048846,126.891554232958
광주 서구 풍암순환로188번길 39,35.1291469663084,126.885445672433
광주 북구 북문대로33번길 46 1층 (운암동),35.1730236530693,126.880955300911
광주 북구 면앙로 141,35.1767643681967,126.927297330125
광주 광산구 손재로 322,35.1942238605173,126.795238282865
광주 서구 상무평화로 62,35.1477896235738,126.84561283611
광주 북구 동문대로 294-5,35.1882875523289,126.934694407186
광주 북구 용주로8번길 46,35.1799371848356,126.9012481299
광주 북구 호동로 42-1,35.1756772866812,126.916990112946
광주 서구 금부로 105,35.1399471452563,126.860394263875
광주 서구 월드컵4강로 184,35.1524454697779,126.86966904237
광주 남구 월산로151번길 11 서울사,35.1508158507404,126.894640467284
광주 서구 풍암2로 71,35.1214400258212,126.882334025861
광주 남구 봉선로19번길 18,35.1315602764523,126.905281692684
광주 서구 풍암신흥로 86,35.1241842917311,126.869035745197
광주 북구 동운로201번길 33,35.1749035503769,126.873339179853
광주 북구 우치로331번길 2,35.1944335267679,126.903745311142
광주 광산구 월곡중앙로47번길 8,35.1707801671302,126.810867620472
광주 광산구 장신로 98 3층,35.1894383628979,126.819287851791
광주 북구 월동로 1,35.1718196625627,126.934662460833
광주 동구 중흥로241번길 23,35.1610153691733,126.919699915056
광주 동구 중앙로 214,35.1516977367619,126.917545316017
광주 북구 우치로 677 광주패밀랜드 대관람차 1층,35.2243245077416,126.894227983087
광주 북구 북문대로33번길 24,35.1739946473336,126.881008773522
광주 광산구 사암로216번길 10-15,35.1626802948642,126.809138214636
광주 북구 군왕로51번길 136,35.1696020189255,126.925986024792
광주 남구 백서로 78,35.1394730841661,126.915671171783
광주 남구 군분로90번길 10-1,35.1414176002081,126.892149805057
광주 북구 첨단연신로107번길 5,35.2073342312342,126.863589680964
광주 서구 하남대로 664,35.1716361197579,126.865225887579
광주 남구 대남대로193번길 9,35.1324071704671,126.90421510934
광주 동구 동계천로 56-3,35.1540133292536,126.917940162289
광주 북구 서림로 144,35.159810321008,126.90026181851
광주 동구 충장로 45-9,35.1506919925443,126.913275942713
광주 동구 경양로247번길 9-1,35.1576125514573,126.918209396657
광주 서구 화운로304번길 30,35.1652350161796,126.880126845538
광주 서구 천변좌로 224-1 (양동),35.1550923378203,126.901366729567
광주 광산구 비아로12번길 61 (비아동),35.2229366856463,126.822677263195
광주 북구 서암대로 268 상가동 102호,35.1654434422031,126.913498803937
광주 광산구 사암로383번길 67,35.1792465236405,126.805637053642
광주 북구 밤실로 175-2,35.1630154018354,126.934213115046
광주 동구 동계천로 48-1,35.1545254775481,126.917270722382
광주 남구 서문대로654번길 5,35.1177213865019,126.899497627236
광주 동구 의재로82번길 3,35.1317586300347,126.936418168747
광주 광산구 무진대로212번길 13-33,35.16103229005,126.805534303455
광주 서구 쌍촌로15번길 6-1 1층,35.1463227656539,126.864382040221
광주 북구 황계로55번길 34,35.1781463931822,126.87432251344
광주 북구 반룡로18번길 35 101호,35.1776124692932,126.899570525076
광주 광산구 산정공원로28번길 33,35.1710163335964,126.807725621608
광주 북구 설죽로 394 1층,35.1944329219451,126.900214030222
광주 남구 대남대로95번길 7 호남pc프라자,35.1335118416704,126.914784293683
광주 광산구 동곡로185번길 84,35.0999166860474,126.767829763776
광주 북구 밤실로 193-1,35.1644423570578,126.933413767709
광주 서구 화운로156번길 25-5 1층,35.1534161493267,126.879424014247
광주 북구 호동로43번길 37,35.1759741764479,126.914630995761
광주 북구 서강로131번길 5-9,35.1825977793628,126.87401418463
광주 서구 화개중앙로 49,35.124463441631,126.856304718311
광주 광산구 광산로 56,35.1399709338347,126.797328964795
광주 남구 효덕로 206,35.1026009447159,126.899259756917
광주 서구 화개중앙로 2,35.1223965021292,126.86100138224
광주 광산구 광산로 54,35.1398460870926,126.797216252333
광주 북구 서양로 57,35.1700560780746,126.907553893995
광주 광산구 비아중앙로 25-1,35.2212558692962,126.824608493143
광주 북구 북문대로 7 기쁘고 즐거운 교회,35.1732944551084,126.883869215028
광주 서구 군분2로5번길 1-1 1층,35.153325674149,126.880903773633
광주 서구 화정로138번길 19-1,35.1435635013705,126.873103098008
광주 북구 황계로 34,35.1751845541801,126.876089990502
광주 북구 반룡로41번길 2,35.1789712838711,126.902686573698
광주 서구 풍암신흥로 56,35.1215125214399,126.868669107122
광주 남구 대남대로 330,35.1413219321956,126.894053235428
광주 북구 중흥로91번길 2,35.1638529890846,126.904605999625
광주 북구 오산정길 20,35.1886004831638,126.908728350717
광주 북구 하서로 396,35.2102574413774,126.874542999716
광주 광산구 평동산단로 196-10,35.1241006509927,126.769341075278
광주 북구 일곡로 26,35.2071634770655,126.891240826293
광주 동구 증심사길30번길 28-1,35.1328497295561,126.957920299846
광주 북구 중가로 51,35.1594689179806,126.906052660435
광주 북구 군왕로130번길 12,35.1726302996262,126.933422900221
광주 동구 필문대로187번길 1-13,35.1543934221611,126.932692230095
광주 북구 경양로97번길 26-1,35.1635635102015,126.903289083508
광주 동구 제봉로222번길 6-12,35.1548700443246,126.914510590893
광주 동구 필문대로191번길 15-26,35.1538521617889,126.933029276083
광주 남구 독립로10번길 12 대주세탁,35.1344504786027,126.902753730374
광주 동구 중앙로 366,35.1642139691744,126.919756701789
광주 서구 상무대로1147번길 16 농성 SK VIEW Central,35.1546030640882,126.886136327215
광주 광산구 사암로92번길 58,35.1523769637015,126.810347215064
광주 북구 상촌로43번길 32,35.2129134425664,126.880137854773
광주 동구 용산2길 8,35.1190045898304,126.923613869036
광주 광산구 우산동 1431-49,35.159102706244,126.800242187296
광주 광산구 선운로20번길 52,35.146694403063,126.776248083305
광주 북구 하서로423번길 36 1층,35.2132985564664,126.872859257117
광주 광산구 첨단중앙로152번길 57,35.2192364914302,126.845377599836
광주 서구 상무대로916번길 6-1,35.1504303245473,126.86219745874
광주 광산구 풍영로145번길 42,35.1852194947661,126.811199117403
광주 북구 양일로 52-1 연제2차대주피오레,35.197041397437,126.870214855935
광주 북구 면앙로32번길 7,35.1791595231453,126.915721104199
광주 북구 면앙로121번길 100,35.1810884116635,126.927540717068
광주 광산구 우산로96번길 78,35.1529119511955,126.810424552908
광주 북구 군왕로 193,35.1784360749852,126.93466243644
광주 서구 운천로31번길 3,35.135348214302,126.858682079936
광주 북구 서강로53번길 55,35.177334026413,126.870833841747
광주 서구 시청로60번길 16,35.1536996619292,126.853527614369
광주 동구 지호로127번길 10-1,35.150025676806,126.943402329964
광주 북구 중흥로 99,35.1635489492058,126.905165262801
광주 서구 금화로85번길 4-32,35.1336114982203,126.858861842515
광주 광산구 첨단내촌로70번길 31,35.2132759192603,126.838111096345
광주 동구 문화전당로35번길 1,35.1455941397393,126.918834637922
광주 서구 발산로 49-1,35.1592032888668,126.895176348983
광주 북구 서양로 49,35.1702249135697,126.906862475008
광주 북구 면앙로121번길 89,35.1809384430113,126.926968758412
광주 서구 풍암순환로109번길 26 풍암동,35.1227112766578,126.882206363614
광주 북구 서강로 123 1층,35.1823901236738,126.873856960306
광주 광산구 송도로270번길 66,35.13724493031,126.802781448064
광주 남구 회서로22번길 4-1,35.1305966978008,126.89332280354
광주 서구 화정로309번길 25,35.1521089837131,126.887760210803
광주 광산구 손재로110번길 20 산정동 103호,35.1756025391148,126.79820475206
광주 광산구 임방울대로 261 농수산물유통센터,35.1849898294306,126.818450335543
광주 동구 동계천로 151-9,35.1493834861902,126.925759390264
광주 광산구 월전로 22-24,35.1220343758165,126.77778943921
광주 광산구 첨단중앙로68번길 22,35.2111308397416,126.84363180081
광주 광산구 풍영로 179,35.187593295059,126.813347020265
광주 광산구 선운중앙로67번길 25,35.1504058012034,126.780166873686
광주 광산구 하남산단8번로 177,35.2096404500067,126.815279007689
광주 남구 봉선중앙로124번길 24-1,35.1322148179006,126.913438942257
광주 북구 대천로 119-4,35.1857276311246,126.919726995679
광주 광산구 삼도가산안길 42,35.1333719323976,126.67715808661
광주 광산구 남동길48번길 8,35.1309650245461,126.789164338027
광주 북구 호동로75번길 42,35.1790358322965,126.915685552449
광주 남구 포충로 243,35.0650928133014,126.8033517842
광주 서구 회재로 960,35.1250653834956,126.868294777609
광주 북구 설죽로214번길 129 용봉 동,35.1780442110094,126.904577676742
광주 북구 서방로51번길 6,35.172940093614,126.918924819135
광주 북구 경양로 133-1,35.1614867739804,126.906497060388
광주 북구 동문대로 67,35.1705993555871,126.921521482361
광주 광산구 진곡산단중앙로 250,35.2103627555131,126.780285213923
광주 서구 운천로17번길 4-7,35.1344848623005,126.858504394188
광주 광산구 도산로 4-3,35.1290166371797,126.792136943588
광주 광산구 고봉로16번길 61,35.1833037153082,126.80598299942
광주 광산구 목련로 357-1,35.180838886828,126.831275113604
광주 동구 제봉로190번길 7-2,35.1540663810915,126.91748563722
광주 남구 용대로183번안길 7,35.1332915984783,126.91706519222
광주 북구 대자로 87 1층 사-1호,35.173372603717,126.882004791904
광주 북구 천지인로 109-1,35.184125607773,126.910653465721
광주 광산구 수완동 761,35.2023130136082,126.822885835032
광주 북구 양산택지로 42,35.2099567073222,126.880104969887
광주 북구 대천로 83,35.185225352834,126.915554656872
광주 서구 월드컵4강로 92 참맥한의원 4층,35.1450323755225,126.873549423389
광주 북구 우치로 98-3,35.176226492392,126.912769976939
광주 서구 화정로309번길 5,35.1506694701602,126.889184478788
광주 서구 운천로 176-1 2층,35.1483526335525,126.856709933556
광주 광산구 장신로19번안길 23-2,35.1916033861225,126.813502329181
광주 남구 군분로147번길 8,35.1450481200808,126.886829787337
광주 서구 금화로73번길 2-1 (금호동),35.1325991039651,126.856877430843
광주 서구 군분로159번길 15-25,35.1449197804427,126.886171323681
광주 동구 동명로67번길 29 푸른마을공동체센터,35.1529779052321,126.925862251529
광주 북구 서하로 216,35.1870050593463,126.904031410124
광주 동구 백서로125번길 43,35.1454663580117,126.916886261446
광주 북구 설죽로 291,35.1856653925556,126.897987412882
광주 남구 월산로151번길 19,35.1505505350242,126.893865573833
광주 서구 상무화원로32번길 25-11 유성빌딩 2층,35.1462634789514,126.845431247538
광주 북구 서림로 77,35.1645361068339,126.896244858168
광주 북구 우치로 54,35.172161754268,126.912176930626
광주 서구 시청로16번길 9,35.1499469146292,126.852762731649
광주 광산구 월계로 76,35.2120558829842,126.834336452484
광주 동구 금남로 226-11,35.1486743857232,126.916482660775
광주 북구 금재로36번길 47-4,35.1557945227558,126.909966565935
광주 서구 동림2지구길 43-4,35.1705981955346,126.873748717992
광주 남구 봉선2로 96-14 무등2차아파트 상가동1층204호,35.125349394619,126.916778560933
광주 남구 대남대로293번길 5,35.1381505242794,126.895442439686
광주 광산구 선운중앙로 68 광주선운휴먼시아,35.1476447670873,126.779229763108
광주 북구 독립로402번길 16,35.1659365083551,126.917406472872
광주 광산구 삼도로 362,35.1626735575927,126.702345832028
광주 북구 하서로523번길 22,35.2223682123505,126.878027087626
광주 북구 제봉로 257,35.1575495885341,126.911472651674
광주 북구 호동로79번길 15,35.1789101372262,126.917055001478
광주 동구 경양로 382,35.1542315150674,126.930890495792
광주 광산구 산정공원로 66-1,35.1733325667904,126.806435471745
광주 남구 백운로 36-2 난타,35.1368832461608,126.907933096756
광주 동구 필문대로287번길 15,35.1453446397352,126.928563780824
광주 동구 지호로127번길 19,35.1499359024595,126.943792201968
광주 광산구 장신로 98 롯데마트,35.1894383628979,126.819287851791
광주 서구 금화로 240 국민생활관,35.1336537390124,126.874829477436
광주 동구 중앙로 339-4,35.1621693880669,126.919849371815
광주 서구 화정로279번길 13,35.1498651523154,126.886134148055
광주 남구 제중로 41,35.1382451806506,126.913908559694
광주 남구 오방로109번길 14 큰마당,35.1335938042491,126.917960874077
광주 북구 양산택지로37번길 76,35.2077127838936,126.874406122887
광주 광산구 산정로54번길 26,35.1710951311439,126.805760078371
광주 동구 중앙로 351-22,35.1633408410213,126.919106233167
광주 서구 천변좌로 243 양동복개상가 2층 나2동 복개상가 2층 570호,35.1535737356894,126.903958849031
광주 남구 대남대로159번길 42,35.1299866700163,126.907373293764
광주 광산구 도산로 42,35.13190730391,126.790461205547
광주 광산구 송정로8번길 28-1,35.1359343597646,126.791426779881
광주 북구 안산로 34 2층,35.1902265573835,126.902185433557
광주 서구 죽봉대로119번길 18,35.164768317661,126.881803291549
광주 동구 지원로 2,35.12352632456,126.932644237368
광주 북구 참판로 208,35.1762053048425,126.934491758491
광주 서구 풍암2로53번길 7,35.1234805128494,126.882311234303
광주 동구 중앙로 163,35.1486317606388,126.913162021511
광주 북구 무등로 1568,35.1429368931245,126.990741161292
광주 광산구 월곡로 20,35.1687658032566,126.811264269432
광주 광산구 수완동,35.1987624649605,126.828117607617
광주 남구 봉선중앙로 105 상가동 제1층 제115호,35.1303712280583,126.910663614622
광주 북구 양일로 79,35.1980225752141,126.873589791456
광주 광산구 풍영로101번안길 7-7,35.1806882679665,126.810431440837
광주 광산구 고봉로 126-17,35.185427279231,126.794384326127
광주 남구 대남대로 189 한국방송광고공사,35.1332972076141,126.904482884447
광주 서구 경열로 146-1,35.1540784066799,126.901266764419
광주 북구 대천로 63,35.1852120701216,126.913338975578
광주 남구 대남대로247번안길 25,35.1366317749148,126.896230567284
광주 광산구 신창로105번길 16-22,35.1957262612547,126.837387387034
광주 북구 대천로 77,35.1851758516401,126.914886848855
광주 광산구 월곡중앙로 10,35.1670208894519,126.810932086219
광주 광산구 어등대로433번길 59-7,35.1526840819428,126.768837361013
광주 남구 천변좌로566번길 14,35.1312425030058,126.923322549998
광주 서구 월드컵4강로 229,35.1567349907961,126.869037927488
광주 광산구 하남대로54번안길 35,35.1771118962223,126.798173247749
광주 광산구 사암로106번길 124,35.1534588034188,126.81414660562
광주 서구 죽봉대로119번길 3,35.1641812662081,126.883200653435
광주 서구 풍서좌로 457,35.1397093339717,126.831121251666
광주 북구 반룡로 18,35.1791420720944,126.900007446222
광주 북구 무등로 235,35.1658761459351,126.909739548109
광주 북구 대천로 2,35.1843975709935,126.906856957828
광주 동구 동계천로 87,35.1522853698366,126.920705433843
광주 남구 용대로 112,35.1262119080126,126.918499721676
광주 서구 발산로 43,35.1586481303142,126.894747368703
광주 북구 하서로423번길 52,35.2135962623187,126.87190876957
광주 북구 북문대로 11,35.173461786576,126.883534930823
광주 남구 군분로65번길 13,35.1384707005734,126.891257211389
광주 북구 송해로4번길 24,35.1990026326098,126.903134320725
광주 서구 천변좌로108번길 4,35.1601150939709,126.890877628825
광주 동구 무등로 485,35.1551517411961,126.932863145982
광주 동구 남문로 552,35.1205965635945,126.933690596031
광주 동구 제봉로 7,35.1388942389545,126.921871562548
광주 광산구 장신로19번안길 5-7,35.1917715618559,126.811049236774
광주 북구 밤실로 184,35.1636403808393,126.934170243593
광주 남구 봉선1로 26 코스코마트,35.1276679913578,126.907951478044
광주 서구 풍암신흥로11번길 27,35.1212607612893,126.862325039787
광주 광산구 월전로 6-33,35.1215374119222,126.77889991039
광주 광산구 월곡중앙로25번길 26,35.1686801833497,126.809599604575
광주 동구 동계로 17,35.1533246439225,126.924380005725
광주 광산구 장덕로49번길 5-5,35.1953542072773,126.814102074827
광주 북구 문화소통로 136,35.1832221078215,126.908864353684
광주 서구 운천로184번길 28-1,35.1492713308753,126.859507312561
광주 서구 독립로190번길 13-1,35.1492436048443,126.906734503662
광주 북구 월동로 55,35.1765018167638,126.935944012491
광주 동구 무등로449번길 22-4,35.1581991409557,126.930609241077
광주 서구 화운로220번길 14,35.1582761482837,126.878390196031
광주 북구 북문대로103번길 34,35.1783597878182,126.874190885864
광주 북구 양산신촌길29번길 17,35.1995082170242,126.872587886306
광주 북구 금호로 91,35.175882090874,126.885405069786
광주 북구 우치로90번길 8-4 1 층,35.1754180399708,126.912734723571
광주 광산구 월곡중앙로25번길 5,35.1684350123579,126.810633426236
광주 광산구 광산로 30,35.1386474743454,126.795029594665
광주 북구 양일로 100 양산동,35.1976052181302,126.875825355546
광주 북구 북문대로159번길 25,35.1823391138791,126.870869838453
광주 동구 필문대로205번길 17,35.1523412340348,126.932744952497
광주 남구 중앙로 39,35.1442089850192,126.90275101307
광주 남구 봉선1로 38,35.1277023879718,126.909339429866
광주 남구 군분로 108 1층,35.1424245594604,126.890295405013
"광주 서구 상무대로 894 105호, 106호",35.1503100656443,126.859746964367
광주 북구 서방로 172,35.1689330971045,126.930825809137
광주 북구 서방로107번길 46-1,35.1723115462069,126.925619449673
광주 동구 제봉로 196,35.1535479963956,126.91615458094
광주 북구 동문대로191번길 17 1층,35.1796118625101,126.928387361346
광주 동구 장동로 1-2,35.1493640803135,126.922690006488
광주 서구 월드컵4강로28번길 34,35.1403141779742,126.87990881556
광주 북구 우치로228번길 55,35.1868462201782,126.908072101256
광주 동구 밤실로 127 101호,35.1588659667678,126.935165294388
광주 서구 발산로 33,35.1579814973606,126.894037786351
광주 북구 반룡로27번길 18,35.1797791851622,126.901479415942
광주 서구 화정로309번길 29,35.1523707503519,126.887481203752
광주 북구 안산로 5,35.1877988692011,126.902323170645
광주 서구 운천로31번길 5,35.1353559404624,126.858428494194
광주 동구 필문대로287번길 1,35.1458934213084,126.927255110735
광주 남구 구성로 30,35.1523798374899,126.900659061991
광주 북구 담안평무길 39,35.1762817301875,127.00890396933
광주 광산구 상무대로205번길 12,35.1381304628405,126.791233105453
광주 북구 용봉로126번길 63,35.1699399568308,126.909428138936
광주 광산구 도산로9번길 34,35.1280786460525,126.79028614441
광주 동구 경양로243번길 8-5,35.1574198740138,126.918125188843
광주 서구 죽봉대로119번길 28,35.1651036634692,126.880924254727
광주 북구 동문대로112번길 100,35.174848858971,126.93046094876
광주 남구 회서로21번길 1,35.1309909702116,126.893957338819
광주 남구 서문대로701번길 21,35.1212310653983,126.896221029748
광주 동구 동계천로6번길 12,35.1556742288678,126.913482256629
광주 서구 죽봉대로119번길 16,35.1647392178698,126.882002664318
광주 동구 중앙로 163 NC 웨이브 충장점 9층,35.1486317606388,126.913162021511
광주 북구 서강로66번길 38,35.177512923072,126.873373445908
광주 서구 운천로 54 상가동 1층 2호,35.1373073123148,126.859213173389
광주 서구 내방로 242 1층,35.1576535784078,126.867062967846
광주 북구 비엔날레로 75 1층,35.1784896445452,126.889797194289
광주 남구 금당로 4,35.1180213485824,126.897651541103
광주 남구 광복마을길 43 상가동 103호,35.1216815196043,126.897435450303
광주 북구 매곡로 15,35.1863799151081,126.894225900621
광주 남구 군분로65번길 9,35.1386690335009,126.891596118719
광주 동구 구성로 221-1,35.1549736462416,126.915978944259
광주 남구 봉선2로 104,35.12585023669,126.917900399326
광주 북구 호동로 12-8,35.1744603325253,126.914227282777
광주 남구 봉선1로 85 모아2단지2차아파트,35.1282640883689,126.914636050335
광주 북구 첨단과기로208번길 17-13,35.2263117877975,126.852213650438
광주 광산구 광산로 10-8,35.1374591264616,126.793387878351
광주 광산구 목련로153번안길 17,35.1732731091568,126.813874949651
광주 남구 입하2안길 3,35.1073802035983,126.876132592351
광주 광산구 남동길48번길 11,35.131098420419,126.789420296017
광주 광산구 임방울대로 673-13 첨단과학산업단지 2차우미아파트,35.2167248624429,126.830870618182
광주 동구 제봉로 59,35.1438647026694,126.920887313108
광주 북구 우치로279번길 28,35.1909093325411,126.904100165024
광주 북구 양산제로137번길 6,35.2046105181619,126.872173923194
광주 광산구 남동길30번길 45-5 1층,35.1289291062033,126.790508990318
광주 서구 월드컵4강로71번길 3,35.1432262140675,126.873882189074
광주 서구 염화로40번길 22 태영아파트,35.1379255661111,126.87535391081
광주 북구 삼정로 138,35.1718027146886,126.933827869284
광주 서구 천변좌로316번길 1,35.1494907035605,126.908794429581
광주 광산구 월곡중앙로10번길 9,35.1672673399403,126.811233594187
광주 북구 양산신촌길 3 한양아파트,35.1987129966654,126.875576928221
광주 북구 대자로 55,35.1757083725248,126.878982513065
광주 남구 독립로 102-1,35.1427160481939,126.903412839061
광주 남구 용대로 92-1,35.1247543308333,126.919337053801
광주 남구 봉선1로 43,35.1279956281899,126.909979616927
광주 북구 경양로 155,35.1608325386506,126.908824357162
광주 북구 일곡마을로 11,35.2060325430201,126.899906844623
광주 동구 무등로 414,35.1587452033701,126.927260463839
광주 서구 내방로165번길 1,35.1590073947429,126.858833685935
광주 광산구 금봉로 18,35.1514173403596,126.800885424125
광주 광산구 신창로 111,35.1953015023885,126.837827122499
광주 서구 상무오월로3번길 10-13 1층,35.1565575482017,126.86058715437
광주 남구 서문대로 819,35.1319004388092,126.899993037233
광주 서구 상무공원로 11,35.1454113536959,126.843132978697
광주 북구 문화소통로 110,35.1833612534667,126.906119043052
광주 광산구 평동산단외로 161,35.1395548935511,126.756732032994
광주 서구 상무연하로 50 에코노블빌딩,35.1527095544784,126.850531090376
광주 서구 월드컵4강로28번길 61-1,35.1415763593888,126.882487759936
광주 북구 연양로28번길 3,35.2060500760438,126.870485394571
광주 서구 상일로24번길 21,35.1574981863853,126.865350951084
광주 서구 상무대로1147번길 7,35.1540254556315,126.886022334296
광주 광산구 신창로106번길 8-26 103호,35.193565939494,126.837821787386
광주 남구 월산로 84-1,35.1455719398355,126.898580230805
광주 광산구 산정공원로 68,35.1735718914845,126.806444674512
광주 남구 대남대로339번길 6 황궁이용원,35.1418221233616,126.892546614028
광주 북구 서림로 55,35.1656659026485,126.894198943246
광주 북구 청계로 82-12,35.1801625820864,126.894372723171
광주 동구 백서로 128-2,35.1418219357731,126.919502815096
광주 광산구 장신로20번안길 40-5,35.1901890734426,126.811639220047
광주 북구 송해로 27,35.201092102405,126.900738586419
광주 북구 경열로211번길 14,35.1586223729051,126.905257358351
광주 북구 서양로 166,35.1668731952618,126.918732273397
광주 북구 대자로 48-3,35.1730502771661,126.87782108325
광주 광산구 첨단중앙로 152,35.2187834813536,126.842378501891
광주 북구 무등로 141,35.1670378786129,126.899405595768
광주 서구 풍암중앙로 53,35.12556460177,126.879966894001
광주 북구 우치로64번길 55,35.1728783380757,126.915219879227
광주 북구 갈마로 57,35.1620336696143,126.936805778277
광주 남구 대남대로181번길 11,35.1324016006824,126.905386378966
광주 광산구 사암로171번길 46,35.1600191902195,126.805326200527
광주 서구 상무오월로3번길 28-2,35.1578739069132,126.859895870913
광주 광산구 첨단중앙로181번길 42-25,35.2214129347501,126.834042620923
광주 북구 서하로 328-1,35.1866275741552,126.916439345963
광주 북구 동문대로456번길 40 1층,35.2043396581815,126.937565460543
광주 광산구 첨단내촌로70번길 46,35.2130916555183,126.838901239311
광주 광산구 수완로 72,35.1915874178826,126.829068212675
광주 북구 황계로55번길 2,35.1778877062421,126.876162515936
광주 서구 풍암중앙로91번길 4-35,35.1281552709854,126.884669514641
광주 북구 저불로 31,35.1772194238432,126.895041579952
광주 서구 상무민주로76번길 24-1,35.1570947110165,126.862042005517
광주 동구 무등로 396,35.1598300572125,126.925884900963
광주 동구 충장로46번길 1,35.1500792440621,126.91327110564
광주 서구 시청서편로4번길 9,35.159308504862,126.846644076352
광주 남구 광복마을7길 7,35.1274065921539,126.895496547769
광주 광산구 광산로 79,35.1414583900799,126.799406129024
광주 서구 상무대로1080번길 8-1,35.1518175756435,126.880321462768
광주 북구 면앙로165번길 47,35.1781251254592,126.930485713886
광주 동구 충장로 77-3,35.1487618025117,126.915939238008
광주 광산구 비아안길 70-12,35.2205236937279,126.819996300529
광주 남구 양림로 40,35.1365673104395,126.91342544777
광주 동구 양림로119번길 7,35.1404851390593,126.920204654211
광주 북구 동문대로85번길 64,35.1728942666949,126.920225254362
광주 광산구 어등대로665번길 26,35.1470393481513,126.79155965785
광주 북구 북문대로 88 운암2차 남양휴튼,35.1782076352549,126.877529361531
광주 북구 양산로 11,35.2111286946457,126.875773687226
광주 광산구 신창로 34 상가동 103호,35.1882938295874,126.837283177668
광주 북구 서방로 15,35.1734836005224,126.914707697666
광주 광산구 송도로212번길 31-8,35.1324583677824,126.798361505119
광주 광산구 사암로 206,35.1626363819442,126.808670407656
광주 남구 대남대로107번길 7 정읍자원,35.1333840047498,126.913605139928
광주 남구 용대로 156,35.1300093230548,126.918318525962
광주 광산구 월곡동 315-41,35.1723713621703,126.808648921691
광주 서구 상무연하로 75,35.1549522339227,126.84988044921
광주 북구 필문대로 95,35.1621218877048,126.929724206576
광주 동구 필문대로191번길 9-1,35.1534090659675,126.932565074116
광주 서구 내방로211번길 5,35.1584254046395,126.863729767552
광주 광산구 광산로20번길 28,35.1371779804403,126.794441194169
광주 북구 밤실로 208-6,35.1657821289296,126.933399833175
광주 북구 저불로69번길 17-1,35.1805696484423,126.893359979984
광주 광산구 하남대로 281,35.1793734182245,126.824332490555
광주 서구 풍금로4번길 3,35.1207239695029,126.866407169134
광주 북구 동문대로85번길 63,35.1727269748444,126.920088638918
광주 북구 서하로 202-2,35.1870157438544,126.90262417355
광주 남구 군분로 37-2,35.13702214574,126.893929329103
광주 남구 대남대로339번길 2-1,35.1418771593521,126.892708068524
광주 남구 금화로 406,35.142481203579,126.889742051673
광주 서구 상무대로967번길 5,35.1521210008783,126.86760961579
광주 북구 양산제로137번길 18,35.204626344036,126.87061065036
광주 북구 석곡로 618,35.213937873187,126.949305401115
광주 동구 중앙로 345,35.1625636394736,126.919844814141
광주 북구 우치로 92-1,35.1756997024959,126.912718724276
광주 서구 계수로 70,35.1601995136823,126.858277680503
광주 서구 죽봉대로22번길 10,35.15536972085,126.884475494648
광주 북구 송강로35번길 19-2,35.1640611491404,126.982975468059
광주 남구 대남대로 135,35.1337536480309,126.910126671213
광주 서구 천변좌로222번길 11,35.1545328115083,126.900421360745
광주 광산구 비아안길 70-11,35.2205009969053,126.82025051694
광주 동구 갈마로 58 스타빌딩,35.1615721849444,126.936827318777
광주 북구 대천로 25,35.1853274659189,126.909186546336
광주 동구 남문로753번길 20 상가 a동 106-1호,35.1363662640727,126.92269450524
광주 북구 서하로 377,35.1859110415734,126.921630280745
광주 북구 동문대로97번길 71,35.1735182077279,126.920669674459
광주 북구 금호로 5,35.1698932598983,126.89003623849
광주 북구 밤실로191번길 6,35.1643060215034,126.933322665731
광주 동구 필문대로205번길 25-2,35.1520670244706,126.933862727928
광주 광산구 무진대로231번길 29-17,35.1634491763234,126.805076991029
광주 광산구 임방울대로826번길 29-28 1층 밥장인 돼지찌개 첨단점,35.215980073299,126.850309541651
광주 광산구 비아로 47,35.2193334392232,126.819617574662
광주 서구 상무대로916번길 20-4,35.1493109003332,126.862492908016
광주 동구 필문대로287번길 21,35.1450487602254,126.929242215201
광주 서구 상무대로955번길 16-1,35.1530836313203,126.866603424152
광주 동구 중앙로 231-2,35.1530883736796,126.918772980641
광주 남구 사직길 8 꿈의대화,35.1428933083295,126.914521359939
광주 남구 광복마을길 63,35.123711996914,126.896872513864
광주 동구 무등로 470,35.1550303570602,126.931148173159
광주 동구 예술길 2,35.151327030951,126.917051944492
광주 광산구 앰코로 21 109동 103호,35.219744235611,126.852467199135
광주 광산구 월곡중앙로33번길 20,35.1694732153488,126.810013234751
광주 북구 우치로 225,35.1849940644379,126.905546143137
광주 북구 매곡로 45,35.188964752135,126.894147121019
광주 북구 저불로 95,35.1829498933457,126.89546743692
광주 동구 구성로 232,35.1554496854782,126.91693899685
광주 서구 풍금로11번길 10-5,35.1206921149781,126.864587334142
광주 북구 서림로 91,35.1636172740073,126.897104474428
광주 북구 호동로79번길 47,35.1793820645767,126.915328399185
광주 동구 제봉로17번길 18-6 남광주시장,35.1391786575775,126.920958342977
광주 북구 군왕로 187,35.177869133238,126.934184463254
광주 북구 반룡로28번길 31,35.1775501652734,126.900858879674
광주 광산구 사암로 300 월곡시장 마열 1호,35.1713090764483,126.809654948732
광주 북구 서방로 109,35.1706312025817,126.924401857135
광주 광산구 신창로 127 신창타워,35.1966346463167,126.838263478947
광주 서구 상일로 20-1,35.1573602847775,126.863264102992
광주 동구 지산로52번길 15-23,35.148835435977,126.934305518958
광주 서구 유림로98번길 47,35.1710450664334,126.869141443476
광주 광산구 비아로 165,35.2231200133897,126.822365352388
광주 서구 내방로418번길 22,35.1577414141257,126.887095376635
광주 북구 무등로 1558,35.1435399161987,126.989767193159
광주 북구 하서로 1005-1,35.245602380547,126.916634889647
광주 서구 계수로73번길 9-1 1층 정성참치,35.1611999898293,126.858558903308
광주 북구 북문대로33번길 46,35.1730236530693,126.880955300911
광주 광산구 우산로 91,35.1566097973381,126.810093192645
광주 북구 금재로 13-4,35.158157133529,126.905311567852
광주 광산구 비아로12번길 48,35.2224809529173,126.823162873798
광주 북구 용주로 28,35.1815596396541,126.901154605791
광주 북구 매곡로 90 매곡동 아남아파트,35.1926654689985,126.892437109389
광주 동구 백서로 155-1,35.143228692809,126.922125846149
광주 동구 필문대로205번길 19-15 아라카페,35.1527171120603,126.932926824026
광주 남구 금화로422번길 16,35.1423510984351,126.891900137006
광주 광산구 하남울로12번하길 28,35.1811695156781,126.804319331123
광주 광산구 임방울대로800번길 42,35.2156048146832,126.845764285719
광주 남구 중앙로 20 (월산동) 1층,35.1444425216834,126.900632494501
광주 북구 황계로 11-1,35.1738313929079,126.875694655266
광주 서구 화개2로20번길 4,35.1240640529137,126.858840903322
광주 남구 봉선1로 50-3,35.127629843981,126.910818671745
광주 서구 발산로 33-1,35.1581546811476,126.894178267371
광주 광산구 수완로106번길 42,35.193785450281,126.831701066148
광주 동구 필문대로 339,35.1415788053997,126.924492702218
광주 광산구 계안길 16,35.2177104323829,126.801341262489
광주 북구 송월로 24,35.1859042732002,126.913285979694
광주 남구 회재로 1230,35.1335792429246,126.895523443265
광주 북구 저불로69번길 24-3 용봉동 한국아델리움 비엔날레2차,35.1808666299612,126.892933954576
광주 북구 연양로 26,35.206117193434,126.870201734778
"광주 북구 서하로 82 (매곡동)4층 407, 408 모 매곡동, 아쿠아씨티타워주1",35.1871336029727,126.889355134141
광주 광산구 고봉로258번길 43-9,35.1869968067174,126.784634238034
광주 광산구 금봉로 60,35.151523698198,126.805209145269
광주 서구 상무대로884번길 17-31,35.1490177066661,126.859990615191
광주 북구 군왕로 192-1,35.1781988385287,126.934830921663
광주 광산구 풍영로101번안길 3-2,35.1810899589552,126.810923005633
광주 북구 설죽로214번길 111,35.177906734136,126.903754916717
광주 광산구 하남대로54번안길 42-4,35.1774550883865,126.797876650765
광주 북구 자미로 58,35.1711068806945,126.904532213625
광주 서구 풍암순환로 149,35.1238568320534,126.883523851927
광주 서구 풍금로38번길 47,35.124708652267,126.867164682346
광주 광산구 소촌동 752-20,35.1583000626574,126.79231787902
광주 동구 서석로7번길 9-1,35.1458752470667,126.914088177828
광주 북구 복룡길 19,35.2158384148188,126.865222720341
광주 북구 중가로85번길 40,35.1600993412832,126.909503256425
광주 북구 안산로 27,35.1897513432382,126.901937861324
광주 북구 연양로 52,35.2062648422571,126.873013865348
광주 서구 시청서편로8번길 10,35.1594437961104,126.846641956576
광주 북구 하서로 442-7,35.2141064196322,126.876676456594
광주 서구 풍암신흥로 88,35.124401817196,126.869060081626
광주 남구 양림동,35.1386473538492,126.914780368822
광주 광산구 송정로 75-1,35.1341315202438,126.798822383477
광주 동구 황금동,35.1473479734228,126.915745793163
광주 남구 덕림길 4,35.1471899714748,126.903432574023
광주 동구 경양로 374-2,35.1541196167068,126.930036301317
광주 광산구 송촌길 80,35.1367584891786,126.781710979052
광주 서구 월드컵4강로181번길 41,35.1520198640596,126.864830120854
광주 북구 서방로73번길 38,35.1734703513584,126.921508624251
광주 서구 풍금로38번길 58,35.1248207695733,126.868309762812
광주 동구 필문대로287번길 19-30,35.145532316392,126.929509776487
광주 북구 서하로 193,35.1875299307572,126.901686795635
광주 북구 우치로 271,35.1890547998876,126.905251362338
광주 광산구 월곡로 34,35.1687101063281,126.812895672229
광주 광산구 수완로9번길 36,35.1854124218078,126.826406628078
광주 광산구 북문대로419번길 51,35.1924976942339,126.846567461185
광주 남구 군분로42번길 9-1,35.1378890093363,126.8945758167
광주 광산구 도산로 31,35.1308849760054,126.790511442067
광주 남구 봉선로19번길 12,35.1315183328561,126.904325210905
광주 북구 일곡택지로 61,35.2071895025227,126.89406087716
광주 광산구 소촌로152번길 38,35.1572027042795,126.79520366757
광주 북구 동문대로134번길 20,35.1742866200662,126.927736446334
광주 북구 북문대로49번길 13,35.1750970481243,126.87995451077
광주 동구 중앙로 286 계림동,35.1572388412539,126.920777015993
광주 북구 설죽로320번길 28,35.1878518742048,126.901995040712
광주 북구 자동차로 64,35.1649835404605,126.902315333045
광주 광산구 산정로61번길 10,35.1721274639744,126.803919797363
광주 북구 중흥로73번길 18-2,35.164859985807,126.902678140282
광주 북구 면앙로 207-1,35.174954668773,126.934319642827
광주 남구 대남대로159번길 6-1,35.1331309749029,126.907476272281
광주 북구 용주로30번길 77,35.1813270754511,126.904164997299
광주 광산구 월곡중앙로 7,35.1669827357247,126.81062669443
광주 서구 시청로60번길 20,35.1537408098664,126.853864249842
광주 광산구 사암로92번길 57,35.1525515996301,126.810432083319
광주 북구 서방로 38,35.1727907978169,126.917015550659
광주 광산구 목련로153번안길 46-4,35.1743497965169,126.814062518691
광주 동구 서석로10번길 8-1,35.1444830518018,126.915308373484
광주 서구 풍암신암로 28,35.1235532112429,126.882082826757
광주 광산구 월곡로 24-1,35.1687407675331,126.811741821724
광주 서구 운천로92번길 7,35.1409625609519,126.859485927533
광주 북구 우치로241번길 11,35.1863335467834,126.90436959239
광주 남구 포충로 639,35.0847200148764,126.836924726407
광주 광산구 산정공원로60번길 31,35.1728266006945,126.807942445283
광주 동구 필문대로287번길 14,35.1452345968171,126.928433618639
광주 북구 중흥로 79,35.1640993614823,126.902942916044
광주 북구 중문로 62,35.1779015855621,126.920927903207
광주 북구 동문대로167번길 31,35.1778245504411,126.92670960557
광주 서구 월드컵4강로 9,35.1373562106237,126.87688722324
광주 북구 자산로 31,35.1686226691197,126.895284239784
광주 동구 필문대로287번길 15-3,35.1454285050523,126.928629440425
광주 서구 풍암1로21번길 9-13,35.1261594569631,126.878744380421
광주 광산구 목련로 95,35.1723444934244,126.808187715663
광주 서구 금화로492번길 1,35.1501430270278,126.891219736332
광주 북구 저불로 68,35.1805052862034,126.895630303734
광주 북구 독립로255번길 11,35.1545119228771,126.909892910026
광주 광산구 진곡산단5번로 43-12,35.2091716645585,126.782957784342
광주 북구 우치로228번길 25,35.1858944520299,126.907091632151
광주 남구 중앙로 27,35.1444941109713,126.901554437194
광주 광산구 월곡반월로 37,35.168532520866,126.812592349405
광주 광산구 첨단중앙로 126,35.2166996844542,126.842335301888
광주 동구 백서로 191-1,35.14524613671,126.924863958904
광주 서구 마륵로 110,35.1460127541292,126.843630914842
광주 서구 시청로50번길 17,35.1530973090403,126.853847511547
광주 광산구 첨단내촌로70번길 15,35.2133161798609,126.837282028189
광주 서구 풍암2로57번길 4,35.1228275041075,126.882156389161
광주 서구 금부로95번길 8,35.1404342463756,126.859385334324
광주 서구 상무대로868번길 20,35.1483636199085,126.857388885287
광주 남구 서문대로 829,35.1326106929065,126.900735963898
광주 광산구 비아로34번길 8-12,35.2202978142315,126.821700829581
광주 광산구 장신로 181,35.1910902170901,126.82995456275
광주 북구 임동로 22-1,35.1623383902563,126.897274457504
광주 광산구 상무대로 259-1,35.1420397914443,126.794684320491
광주 북구 설죽로214번길 109,35.1779616303397,126.903646058662
광주 광산구 신창로 8-2,35.1857964799788,126.837441974224
광주 동구 동계천로6번길 16,35.1553204627998,126.913759971849
광주 동구 구성로 220,35.154530737839,126.916007715088
광주 광산구 월계로 52,35.2109594919939,126.8323153612
광주 서구 풍암신흥로11번길 38-28,35.1225446226551,126.862844426298
광주 북구 군왕로141번길 39,35.1740532566405,126.930663065465
광주 북구 서방로63번길 26,35.1734945345967,126.920307328883
광주 서구 유림로98번길 39,35.1711112550639,126.868170622508
광주 서구 시청서편로4번길 13-10,35.1595993084817,126.847234899255
광주 북구 양산택지로 15,35.2079207161229,126.878549373793
광주 광산구 임방울대로 213,35.1802761784511,126.817360229211
광주 광산구 송정로8번길 14,35.1365481619434,126.791674401193
광주 광산구 월계로 72,35.2117908577938,126.834052649276
광주 서구 월산로267번길 3,35.1594336271902,126.888263371611
광주 광산구 어등대로 710-1,35.1417250337179,126.794098371101
광주 동구 서석로 34-8,35.1456815237704,126.917297231095
광주 북구 반룡로 7,35.179571510078,126.89885166811
광주 북구 우치로228번길 60,35.1868368452513,126.908427951967
광주 북구 우치로228번길 5,35.1854713010305,126.905969495852
광주 남구 서문대로823번길 3-2,35.1323401620924,126.89993017857
광주 광산구 상무대로 107,35.130076291653,126.786441481038
광주 동구 무등로 487,35.1551980857676,126.933052537825
광주 북구 모생마을길 20,35.2233318268426,126.903025014598
광주 동구 무등로 400,35.1597328650547,126.926286150612
광주 북구 호동로 15-2,35.1753647212794,126.914053652238
광주 북구 우치로 42-3,35.1712955742153,126.911838445673
광주 서구 풍서좌로 129,35.1229102359963,126.854287074629
광주 남구 금화로394번길 24,35.1403268175034,126.890093681282
광주 광산구 신창로138번길 31-20,35.1967404399671,126.841310291137
광주 광산구 진곡산단2번로 47-56,35.2003637056783,126.790087877255
광주 북구 중가로37번길 30-3,35.1612356733786,126.905244120569
광주 동구 동계로 18,35.1532952416461,126.924640575295
광주 동구 경양로 270,35.1555518163133,126.919080140576
광주 광산구 사암로106번길 90,35.1534794660151,126.812347673593
광주 광산구 목련로273번안길 67,35.1764668568468,126.821952142679
광주 동구 문화전당로23번길 16,35.1441024893853,126.917784190358
광주 광산구 송도로 301,35.1400434080065,126.800756210205
광주 동구 지원로 16,35.123890246003,126.934028901773
광주 북구 매곡로 65,35.1907685039625,126.893280886321
광주 광산구 남동길48번길 56,35.129489118171,126.790819588718
광주 북구 동문대로85번길 84,35.1731572078083,126.919025486768
광주 남구 월산로 122,35.148814315125,126.897082726289
광주 북구 오치동,35.1919321253538,126.909884773552
광주 광산구 송정로8번길 23,35.1361142719832,126.79174156091
광주 서구 구성로19번길 20-13,35.1528078595063,126.900837649798
광주 북구 천지인로173번길 16 7호,35.1841946244063,126.918406414626
광주 북구 동문대로248번길 46 천하수산,35.1828200882865,126.936864677593
광주 광산구 풍영로101번안길 1-4,35.1807533956237,126.811155760732
광주 광산구 첨단내촌로70번길 42-6,35.2129076592236,126.83867513682
광주 북구 우치로27번길 33,35.1703097028183,126.909199405038
광주 북구 운용로 92,35.1766612807448,126.89595511493
광주 남구 대남대로247번안길 6,35.1353074374218,126.89754268243
광주 북구 대자로42번길 10,35.1730746248322,126.876852833277
광주 동구 중앙로196번길 31-13,35.1491114089539,126.918935620603
광주 북구 비엔날레로 2-1,35.1734509576044,126.88531659929
광주 서구 상무대로1005번길 35,35.1549554888427,126.871613109643
광주 서구 상무대로 1083,35.1529227774676,126.880274957617
광주 남구 봉선로19번길 8 광투,35.1314577301084,126.903830339697
광주 북구 서하로 244,35.1869853538363,126.907198097937
광주 동구 천변우로 363-9,35.1485726002671,126.911499494481
광주 북구 대자로 80-1,35.1731074184595,126.881352673463
광주 서구 상무대로 1050,35.15195755823,126.87654949316
광주 남구 군분로 3,35.1342982488128,126.896034271617
광주 광산구 월곡중앙로47번길 22,35.1705177394723,126.810148787557
광주 남구 정율성로 19,35.1376750165709,126.917064916603
광주 광산구 수완로48번길 7,35.1891533413884,126.829793025238
광주 북구 서하로245번길 9,35.1876143083332,126.907301248335
광주 서구 경열로 10,35.1527021746162,126.8879612217
광주 동구 무등로 481,35.1550709842009,126.932547349955
광주 광산구 광산로77번길 36,35.1428049307858,126.798427400116
광주 남구 송하동  218-50,35.111511066516,126.887010436571
광주 남구 효천안길 88,35.1065741310196,126.877482614976
광주 북구 동문대로 50,35.1694421977945,126.922369249782
광주 동구 동명로26번길 37,35.1507622236033,126.927723668421
광주 광산구 우산로 56,35.1576830763052,126.806524023464
광주 서구 시청로96번길 12 지하1층 110호,35.1567328587239,126.853554445193
광주 광산구 우산로96번길 73,35.1529256687853,126.810665965789
광주 북구 서하로183번길 49,35.1917830859241,126.900610134518
광주 광산구 송정로2번길 37,35.135707160154,126.790975404372
광주 광산구 월계로 118,35.213465601619,126.838274584742
광주 북구 반룡로27번길 10-1,35.1796039948232,126.901409585405
광주 남구 대남대로340번길 7,35.142505320722,126.893836514154
광주 동구 지산로 63,35.149318751192,126.93283567274
광주 광산구 삼도로 748,35.1541699348878,126.740381027521
광주 북구 북문대로 191,35.1850479006362,126.869639189733
광주 남구 중앙로 20,35.1444425216834,126.900632494501
광주 남구 구성로 100,35.148269376728,126.905754416525
광주 광산구 임방울대로 154-7 수호빌딩,35.1751803001595,126.818335802807
광주 동구 독립로 282-1,35.1560309564452,126.913061638855
광주 남구 서문대로663번길 17,35.1185160369635,126.896823443486
광주 광산구 월전로 10-45 모던하우스,35.1218179319483,126.778070105848
광주 북구 서양로 72,35.1694433577869,126.909012551769
광주 북구 우치로241번길 48,35.1864998369215,126.902435945266
광주 광산구 월곡로 42,35.1686674968322,126.813613328104
광주 북구 호동로 66,35.1773610097502,126.918298852219
광주 광산구 송도로 168-6,35.1295588056956,126.793560340362
광주 북구 용주로 30,35.1816910166576,126.901436487976
광주 북구 동문대로266번길 21,35.1850215876683,126.935548338702
광주 광산구 목련로 74-1,35.1721391992291,126.805889542912
광주 북구 비엔날레로 25,35.175169385923,126.88664809375
광주 남구 화산로 61,35.113130707751,126.903123507078
광주 광산구 하남대로 378,35.1776198123358,126.835156479394
광주 서구 천변좌로 238 양동,35.1538794580939,126.902580261546
광주 북구 천지인로173번길 16,35.1841946244063,126.918406414626
광주 동구 의재로136번길 21,35.1319577919969,126.944012806925
광주 남구 군분로62번길 8-1 천불사,35.1391802363444,126.893573750178
광주 광산구 진곡산단2번로 58-7,35.2000165129495,126.791448777965
광주 서구 죽봉대로119번길 21-1,35.1647787066158,126.881366087956
광주 서구 풍금로3번길 6-10,35.1207040667024,126.865363802516
광주 북구 일곡택지로 91,35.2099170553425,126.894131795237
광주 남구 군분로 27 무등시장상가 1동 1층,35.1359119220419,126.894531403147
광주 서구 풍암신흥로 96,35.1250800220582,126.869160697685
광주 남구 백서로 94,35.1405073777836,126.916423518736
광주 남구 대남대로 289-1,35.1380854530077,126.895764574015
광주 북구 자미로66번길 15-3,35.1717110026252,126.905608380407
광주 북구 독립로 404-1,35.1664053314845,126.916786809635
광주 북구 금호로 42 1층 타코센세,35.173159274788,126.889186244989
광주 광산구 사암로339번길 8 월곡동 1층,35.1744799841597,126.808357464253
광주 동구 구성로238번길 3,35.1558234663726,126.917579786066
광주 북구 대자실로 14-1,35.1782604327062,126.873992773115
광주 남구 대남대로 45,35.136505214084,126.91944967467
광주 남구 독립로 102,35.142444775137,126.903346002515
광주 북구 저불로69번길 7,35.1805052592841,126.894662111694
광주 서구 풍암신흥로 33-1,35.1206746574091,126.867056260995
광주 동구 학소로 130,35.1311605185097,126.932318670547
광주 서구 상무오월로43번길 4-11,35.1558982029796,126.8648826429
광주 남구 군분로 67,35.1392348717476,126.892262193861
광주 서구 치평로 124 케이원오피스타운 1층 121호,35.1582569792303,126.847787280456
광주 남구 정율성로 20,35.1377057440692,126.91731561238
광주 서구 풍암순환로 191,35.1273633102257,126.88193130663
광주 광산구 목련로217번길 34,35.1738053648892,126.821667369209
광주 북구 대자로 58,35.1732423788222,126.878650475351
광주 북구 두리봉길 45,35.1795994625597,126.932699013658
광주 북구 경양로 138,35.1610011959393,126.906944662822
광주 광산구 신창로71번길 33 신창2차부영아파트,35.193621752374,126.833518193225
광주 남구 제중로 20 세영빌딩,35.1364512730271,126.914907415374
광주 북구 하서로 460-1,35.215585534958,126.876763732642
광주 북구 저불로69번길 18,35.1808592217378,126.893425582708
광주 서구 경열로26번길 6,35.1515778751774,126.888708047376
광주 남구 백양로 19,35.1339151033295,126.904040750317
광주 서구 금화로 488,35.1496590806699,126.891514821759
광주 서구 풍암순환로109번길 26,35.1227112766578,126.882206363614
광주 동구 필문대로287번길 15-18,35.1458626462972,126.929167876385
광주 북구 자미로66번길 46 1층,35.1710796682871,126.906976212185
광주 서구 천변좌로108번길 20-2,35.1591027846945,126.891588443674
광주 서구 화정로85번길 28 1층,35.1473543357236,126.866622211655
광주 동구 필문대로205번길 5-28,35.1531130540783,126.932232781854
광주 광산구 월곡로 21,35.1690313818909,126.811405038542
광주 북구 서하로 200,35.1870521365962,126.90226115248
광주 북구 설죽로214번길 129 용봉동,35.1780442110094,126.904577676742
광주 북구 첨단과기로208번길 17-23,35.2257428118493,126.851440819635
광주 남구 금화로422번길 26 OK신발마트,35.14155515227,126.892458849707
광주 서구 화운로23번길 12-10 키친하이 2층 202호,35.142681103612,126.883270440792
광주 동구 남문로753번길 20 1층,35.1363662640727,126.92269450524
광주 서구 월드컵4강로 92 4층,35.1450323755225,126.873549423389
광주 서구 상무대로 901-1,35.1512093967116,126.860487848674
광주 서구 화정로138번길 4,35.1449492605635,126.872251363305
광주 광산구 월곡중앙로 43,35.1702002010234,126.810961719773
광주 북구 양산로 66,35.2098935779607,126.881442722892
광주 광산구 목련로 142,35.1716735352796,126.813330060396
광주 동구 남문로622번길 6,35.1263531517741,126.93210113911
광주 남구 승촌5길 7,35.0569712635432,126.784614458667
광주 남구 월산로 74,35.1446410640122,126.898964037166
광주 북구 상촌로 26 우미아파트,35.2118187104688,126.877307247491
광주 북구 용주로 23,35.1815886957352,126.90064340581
광주 남구 용대로 114,35.1264150667693,126.918486682964
광주 광산구 어등대로433번길 62,35.1526336718516,126.769676629915
광주 서구 금화로149번길 9,35.1332680744673,126.864464475656
광주 북구 서방로 145,35.1698097330784,126.928150619532
광주 남구 군분로148번길 6-2,35.145569061006,126.888237112503
광주 북구 참판로 96,35.1663438694927,126.933425170162
광주 서구 유덕로 144,35.1674110726738,126.839470074739
광주 북구 풍동길 2-1,35.1666237828534,126.920077266723
광주 남구 군분로148번길 4,35.1455220954019,126.888134352406
광주 북구 금호로 5-2,35.170090575801,126.890045852213
광주 북구 경양로87번길 24,35.1636026637505,126.902209307562
광주 광산구 송정로29번길 59,35.1378342905935,126.797133020458
광주 서구 계수로 63,35.1604706638798,126.857680895991
광주 북구 설죽로 239-13,35.1808807208648,126.897341047244
광주 북구 북문대로33번길 51,35.1728173611322,126.881168124922
광주 북구 금호로40번길 2,35.1728898404882,126.889659519318
광주 북구 복룡길 27,35.2163197920388,126.865111213043
광주 북구 서암대로305번길 5,35.1657122965846,126.917078282887
광주 북구 석곡로 120 (청풍동),35.1725144875918,126.965079868005
광주 북구 동문대로112번길 98,35.1748401277243,126.930324832455
광주 광산구 월곡중앙로1번길 4-2,35.1665343057711,126.810450681651
광주 서구 화정로179번길 10,35.1461365729066,126.87699383644
광주 남구 서문대로 325 1층,35.0975129805256,126.876709264967
광주 남구 포충로 935,35.0853519690009,126.865668866172
광주 광산구 송정로8번길 10-2,35.136656773135,126.791882603366
광주 동구 동계천로 49-2,35.1545838031642,126.917546355295
광주 동구 동계천로 50-1,35.154358245131,126.917490939775
광주 광산구 광산로 65,35.1408014064135,126.798168435604
광주 서구 군분2로5번길 5-2,35.1532746254923,126.880414041885
광주 동구 백서로125번길 37,35.1450190887115,126.917261358753
광주 남구 백운로75번나길 20-1,35.1416907779534,126.905161213631
광주 서구 풍암운리로33번길 13,35.1244271180699,126.867047640614
광주 동구 천변우로 361-15,35.1489540326832,126.911220884488
광주 동구 천변우로 363-23,35.1488479880673,126.912149090082
광주 서구 천변좌로 243 양동복개상가 2층 나2동 570호,35.1535737356894,126.903958849031
광주 북구 서방로107번길 40,35.1721292674187,126.925433329944
광주 북구 서방로107번길 75-2,35.173505796645,126.926426089487
광주 북구 면앙로156번길 23-1 성문교회,35.1753395308034,126.928098879397
전남 구례군 마산면 화엄사로 386-3,35.2433971839406,127.4893818095
전남 담양군 담양읍 죽녹원로 95,35.3233031589323,126.985166008984
전남 보성군 벌교읍 장좌길 102,34.8365449076148,127.342902741875
전남 보성군 겸백면 남해고속도로 70,34.8079021377987,127.182114514571
전남 신안군 압해읍 송공리 1-130,34.8573474476683,126.257281786407
전남 신안군 안좌면 소곡두리길 257-27,34.7175833381862,126.121565837536
전남 신안군 지도읍 동천길 58-26,35.0526654724786,126.259130114056
전남 신안군 자은면 둔장길 99-1,34.9187049539658,126.060568511542
전남 신안군 압해읍 압해로 876-14,34.8661827911606,126.313533444258
전남 신안군 팔금면 탑목개길 161-2,34.7836076097062,126.142836463973
전남 신안군 흑산면 홍도1길 8,34.6825247031183,125.191972643443
전남 신안군 흑산면 가거도길 10-4,34.0513388269399,125.129402758131
전남 영광군 백수읍 해안로 950,35.3517753009427,126.389538445653
전남 영암군 삼호읍 세가래2길 26-21,34.7474755230479,126.473099670186
전남 영암군 삼호읍 용당로 257-37,34.7602099433953,126.393384142165
전남 완도군 청산면 동촌길 27-1,34.182700025285,126.911844616978
전남 완도군 신지면 명사십리길 106,34.3262842762899,126.804249751451
전남 완도군 청산면 청산로 132,34.1717607182344,126.862197697858
전남 장성군 북하면 단풍로 1922,35.4130783505734,126.885581332559
전남 장성군 장성읍 영천리 1369-3,35.2918037155176,126.773995544531
전남 완도군 노화읍 이포길 23,34.1760067618503,126.572938413972
전남 장흥군 관산읍 정남진로 17,34.5625776415389,126.940531304151
전남 장흥군 장흥읍 우드랜드길 180,34.6696016680387,126.933695454477
전남 장흥군 관산읍 정남진해안로 228,34.5117551108879,126.971142284875
전남 장흥군 장흥읍 칠거리예양로 46-11,34.6760341890747,126.902436992537
전남 장흥군 장흥읍 동교1길 45,34.6783462506462,126.910029977494
전남 진도군 의신면 송군길 30-40,34.4005258250569,126.326054153381
전남 진도군 임회면 서망항길 36,34.3666215094876,126.137151375821
전남 진도군 진도읍 쌍정1길 19,34.4809923688583,126.267448236713
전남 진도군 군내면 진도대로 8511,34.5706436749775,126.303189051592
전남 진도군 진도읍 쌍정1길 8-8,34.4796978725843,126.26675057663
전남 진도군 지산면 소앵무길 42,34.4458495836016,126.196688845449
전남 함평군 함평읍 영수길 136,35.0620544508923,126.519855961535
전남 함평군 엄다면 엄다길 76,35.0095493634603,126.51856041755
전남 함평군 해보면 산내길 511,35.1597164540231,126.592694462456
전남 함평군 함평읍 곤재로 13-7,35.0576518035909,126.519940382498
전남 함평군 학교면 사거리길 27,35.0223443003331,126.533630317531
전남 함평군 함평읍 영수길 231,35.0653656873191,126.522387314176
전남 해남군 문내면 관광레저로 12-20 울돌목해상케이블카 4층,34.5728303472186,126.308944737552
전남 화순군 화순읍 진각로 163 카페 무해,35.065830134689,126.987210436649
전남 화순군 화순읍 중앙로 75,35.060607635159,126.989759902102
전남 광양시 광양읍 대림오성로 11,34.9686603115344,127.564770676046
전남 나주시 이창동  163-3,34.9739274138341,126.670880181221
전남 나주시 나주로 148-1,35.0317582730071,126.717360562483
전남 목포시 번화로 62-1,34.7873190147345,126.385750965278
전남 목포시 번화로 4,34.7859642169944,126.379760820106
전남 여수시 동문로 107-1 1층 여수디저트역,34.7461729434066,127.742798967754
전남 강진군 도암면 가우도길 2-87,34.5338117602175,126.784746819801
전남 강진군 대구면 청자촌길 8-4,34.5067081946732,126.798731916948
전남 강진군 강진읍 향교로 27-1,34.6420397545534,126.775359320621
전남 강진군 병영면 하멜로 412,34.7159147118274,126.815098492728
전남 장흥군 대덕읍 대대로 915,34.498829634795,126.886661866387
전남 고흥군 고흥읍 신호산장길 73-19 일반음식점,34.6044022006425,127.303613089894
전남 담양군 담양읍 담주4길 24-46,35.3222637545399,126.980793987614
전남 담양군 담양읍 객사4길 38-7,35.3235023581087,126.984480480895
전남 담양군 대전면 추성1로 535,35.2904160947151,126.917440072348
전남 담양군 담양읍 추성로 1205-4,35.3185918398368,126.970282492598
전남 담양군 담양읍 메타프로방스1길 23,35.32237388597,127.001081396815
전남 담양군 담양읍 객사3길 28,35.3241335850024,126.983957411708
전남 담양군 담양읍 객사4길 38-18,35.3237145289706,126.985171212794
전남 영광군 홍농읍 홍농로 442-7,35.3935726165323,126.446137450547
전남 고흥군 도양읍 녹동남촌2길 3,34.5291171333882,127.139656892683
전남 고흥군 금산면 거금일주로 1426,34.4312438121025,127.192816591978
전남 고흥군 도양읍 비봉로 163,34.5268250776651,127.135190185525
전남 고흥군 고흥읍 봉황길 15,34.6095081041139,127.284431097705
전남 곡성군 고달면 가정마을길 51,35.2277383395649,127.369720419509
전남 순천시 주암면 호남고속도로 24,35.0766460367705,127.265736101706
전남 구례군 산동면 노고단로 1068,35.3055842568747,127.511154677341
전남 담양군 담양읍 향교길 10,35.3248680201347,126.985606631613
전남 담양군 담양읍 학동리 578-4,35.3234419563968,127.002014242158
전남 담양군 담양읍 객사4길 29-1,35.3225446484484,126.984165031304
전남 담양군 가사문학면 지실길 46-22,35.1857955987579,127.006720585953
전남 무안군 해제면 유월리 133-1,35.093024960553,126.327592512936
전남 보성군 벌교읍 채동선로 223,34.8425964286747,127.34428871277
전남 보성군 벌교읍 태백산맥길 20,34.8439967141512,127.343633829959
전남 신안군 임자면 대광해수욕장길 178,35.1028917034367,126.073129266892
전남 영광군 백수읍 해안로 957,35.3537234534883,126.389299131283
전남 영암군 삼호읍 대불주거7로8길 13,34.7558139163896,126.452647724283
전남 영암군 학산면 독천로 230,34.7258042004785,126.57412967824
전남 해남군 현산면 봉동길 232-118,34.4532436533582,126.595524949541
전남 장성군 북하면 백양로 904-1,35.4078479236739,126.88288827356
전남 장성군 북하면 백양로 600,35.4127622811184,126.850609868438
전남 장성군 장성읍 미락단지길 41,35.3469500296305,126.818799684349
전남 진도군 조도면 어류포길 2,34.306482920995,126.051968391098
전남 함평군 함평읍 중앙길 118,35.0648426551615,126.521388466204
전남 해남군 해남읍 군청길 7,34.5724690342135,126.598257777655
전남 화순군 화순읍 용곡3길 39,35.0608948230358,126.996131570794
전남 화순군 화순읍 광덕로 130,35.0563021546931,126.992600322408
전남 화순군 능주면 정암길 34-2,34.9930465889457,126.953629349877
전남 여수시 봉산2로 31-1,34.7329302739385,127.725298735241
전남 순천시 팔마로 135,34.9458775813991,127.503070300309
전남 목포시 청호로136번길 15,34.8047756999055,126.377482374178
전남 순천시 남신월1길 7-1 2층,34.9551244708582,127.518755126962
전남 순천시 비봉2길 22 순천NC백화점 8층,34.972509486701,127.519135847288
전남 순천시 왕지4길 14-19,34.9682761894155,127.524587066845
전남 여수시 돌산읍 무술목길 34,34.6874639618912,127.777750963583
전남 나주시 노안면 건재로 524-11 품장장어구이,35.0643586229494,126.752262338494
전남 광양시 영수길 91,34.9654533808951,127.717149712317
전남 목포시 해안로249번길 19,34.7877763512157,126.386996193916
전남 영광군 홍농읍 계마길 39-9,35.3935539535838,126.406671508293
광주 북구 금호로 1-1,35.1695995543897,126.889988664357
광주 북구 군왕로 76,35.1680784747417,126.932828593675
광주 남구 백운로82번길 11,35.1406487404294,126.907292964484
광주 광산구 소촌로 100 지하1층 112호,35.153438973099,126.793123163434
광주 북구 송해로 33 두마리찜닭두찜 1층,35.2014349533023,126.90059969514
"광주 동구 학소로 97 (소태동, (1층))",35.1283913604879,126.933152819636
광주 서구 화운로175번길 3-1,35.1544553109943,126.876455396245
광주 남구 서문대로627번길 9,35.1149046272846,126.896086775523
광주 광산구 풍영정길 39-7,35.1808288922053,126.83889586938
광주 광산구 송정로65번길 28 상가동105호,35.1353823736923,126.798680066792
광주 북구 면앙로139번길 45,35.1785277811916,126.928201682461
광주 서구 상무연하로 27,35.1506707506004,126.849933088885
광주 북구 우치로 104-9 3층,35.1768829330656,126.912996300624
광주 동구 서석로7번길 6-29 2층,35.1461788594444,126.915417562531
광주 서구 금화로 240 롯데마트월드컵점 3층,35.1336537390124,126.874829477436
광주 남구 월산로151번길 19 1층드루와,35.1505505350242,126.893865573833
광주 서구 마륵로 114,35.1461056407815,126.843946674312
광주 광산구 신가삼효로 43-1,35.1879082842242,126.836586859963
광주 동구 무등로 508 등뼈,35.1555783450574,126.935330663971
광주 북구 연양로 43-4,35.2066281065381,126.872175703355
광주 북구 서강로66번길 27,35.1776797592769,126.872938454571
광주 광산구 신가삼효로 39,35.1875756818077,126.836317871254
광주 동구 제봉로 100-1 3층,35.1473869417069,126.922122214335
광주 동구 동명로14번길 29,35.1498480532755,126.926507968603
광주 광산구 장신로 255 1층 듬,35.1910253731679,126.838285355988
광주 광산구 수완로10번길 100 1층 102호,35.1895152612749,126.831941762639
광주 광산구 수완로50번길 45 1층,35.188872042372,126.831219641557
광주 광산구 풍영로199번길 50,35.1891346281819,126.811380667794
광주 동구 용산3길 17 109호,35.1182025823404,126.926724755691
광주 광산구 임방울대로 316 나동 1층 5호,35.1880468156794,126.823356085731
광주 서구 상무오월로15번길 22 1층 딜리바리,35.1574495427369,126.861223521447
광주 광산구 첨단중앙로182번길 90 첨단대라수어썸씨티5차 상가동 108호(),35.2215938176562,126.850859198896
광주 광산구 임방울대로826번길 19-27,35.2167574340995,126.850338977749
광주 광산구 첨단중앙로124번길 37,35.2166345510988,126.844311988604
광주 서구 상무오월로3번길 24-14 1층 DEEP DARK COFFEE,35.1573989094093,126.86038058933
광주 서구 풍금로 61,35.1237822699814,126.861246530612
광주 북구 당뫼로 7 1층,35.1672101901625,126.913366310447
광주 동구 필문대로287번길 20,35.1450289479881,126.928964377848
광주 북구 서방로 137-1 1층 두암동,35.1699792474144,126.927342887567
광주 서구 쌍촌로57번길 17 1층(쌍촌동),35.149735531473,126.86273165379
광주 서구 상일로 11-1,35.1566520271426,126.862892238692
광주 광산구 장신로 280-16 딸고라떼,35.1912016419282,126.842290587531
광주 서구 금부로95번길 26-18,35.1421193931498,126.859740824849
광주 광산구 월곡산정로 69-1,35.1661935612226,126.809797929041
광주 동구 중앙로160번길 31,35.1465512954369,126.916056298268
광주 광산구 하남대로54번안길 114 1층,35.1778320772453,126.798605432086
광주 북구 양산제로 109-7 1층 2호,35.2038083707245,126.870361457232
광주 남구 봉선1로16번안길 20 1층,35.1273043537135,126.909109582621
광주 동구 문화전당로23번길 3 1층,35.1445287037111,126.919199362386
광주 동구 동계천로 137-13 2층,35.1497748423364,126.925003560339
광주 북구 서암대로 22 1층,35.172576968227,126.887200782087
광주 광산구 첨단중앙로181번길 42-14 일신아파트,35.2215544456265,126.837900351384
광주 광산구 신창로33번길 21-9,35.1879205211543,126.835837816196
광주 북구 우치로 80 지하1층,35.1746321647717,126.912884969734
광주 남구 노대실로34번길 14,35.1058026652852,126.905495003071
광주 동구 필문대로287번길 19-4,35.1451672481381,126.92932617146
"광주 광산구 사암로 300 월곡시장 라열 3호, 4호",35.1713090764483,126.809654948732
광주 광산구 하남대로54번안길 13 1층,35.1773236889231,126.799351326066
광주 남구 회서로21번길 15 서강아파트,35.1314924326919,126.895344523908
광주 서구 치평로 15-1,35.1483393333014,126.845872543707
광주 광산구 임방울대로801번길 35-11 1층,35.2194955524617,126.844683706295
광주 광산구 임방울대로 362 1층,35.1923780022323,126.824348861975
광주 남구 회재로1223번길 12 라 루스,35.1345435816098,126.894139042515
광주 서구 상무자유로 149 라마다프라자호텔,35.1520064851795,126.850524035394
광주 광산구 임방울대로826번길 42 포플레이 101호,35.215428915903,126.848440558502
광주 북구 금당마을길 61-10,35.2421989473028,126.870979702663
광주 남구 봉선2로 36,35.1254179383001,126.91038706683
광주 광산구 용아로400번길 30 1층 1056호,35.1780934325427,126.806489286879
광주 서구 상무대로884번길 6 1층,35.1498908741621,126.858687670143
광주 광산구 신창로 136 1층,35.1971130740426,126.839203247604
광주 광산구 장덕로 46-1 1층,35.1946104774263,126.814380474257
광주 광산구 수완로9번길 1-8 1층,35.1856809802347,126.828208177033
광주 서구 상무대로1005번길 41-1 1층,35.1554528641459,126.871532868474
광주 서구 상무민주로76번길 18,35.1570835833684,126.861374395164
광주 북구 서하로 355,35.1868561254512,126.919587107118
광주 서구 동천로10번길 36-4 1층,35.1692155517506,126.86180957158
광주 서구 상무연하로 50 에코노블빌딩 103호,35.1527095544784,126.850531090376
광주 서구 풍암운리로 14 1층 러버블과자점,35.1225644552414,126.865745044838
광주 서구 월드컵4강로112번길 11-10 1층,35.1471307420504,126.873720554382
광주 북구 태봉로 32,35.1603325685682,126.903602534309
광주 북구 우치로 60 1층 110호,35.1726294759711,126.912560856997
광주 남구 대남대로247번안길 42-1,35.1381111986663,126.895516556264
광주 광산구 수완로106번길 16,35.1941466135718,126.831241234785
광주 동구 제봉로140번길 8 102호,35.1507361283911,126.92156272692
광주 광산구 신창로33번길 21-7,35.1880588697196,126.835830950256
광주 광산구 산정공원로 62,35.1730374709556,126.806384137996
광주 광산구 첨단중앙로181번길 21,35.2197360827454,126.839810965723
광주 북구 임방울대로 1044 2층,35.2119497547532,126.871219884509
광주 서구 운천로 89 C.B.S,35.1407069436142,126.857870354265
광주 광산구 선운로20번길 26,35.1470832322293,126.773425392852
광주 북구 하서로 332 레이크슬립 카페,35.2047304870826,126.873805621111
광주 서구 풍금로3번길 8,35.1203648157122,126.865384217123
광주 동구 동계로15번길 20-4 1층,35.1543002204872,126.922861595232
광주 서구 상무오월로3번길 14-10 1층,35.1567614605372,126.860295741976
광주 남구 용대로53번길 22-1,35.1215531562022,126.915403421963
광주 광산구 산정공원로 64,35.1731723671547,126.80641751905
광주 서구 상무시민로 136 수성빌딩 1F Ro136,35.1549993116048,126.85388383981
광주 남구 봉선중앙로 55 3층,35.1259932358113,126.911185356614
광주 광산구 어등대로 555 1층,35.1526834134198,126.783604614806
광주 동구 서석로7번길 6-22 2층 로드 그레이(ROAD GRAY),35.1459284950111,126.915336834657
광주 동구 동계천로 128 2층,35.1497727025823,126.923598406164
"광주 남구 봉선로 64 , 1층",35.1274257607407,126.904528359489
광주 북구 저불로69번길 12,35.1808216626904,126.894176562607
광주 서구 유림로50번길 9 1층 로지에,35.1668778190606,126.864709384365
광주 북구 면앙로6번길 79 지하1층,35.1767630047259,126.913685296521
광주 광산구 수완로11번안길 1 1층 로하다,35.1863869789668,126.826856352105
광주 서구 금화로 240 월드컵경기장,35.1336537390124,126.874829477436
광주 남구 서문대로 753 1층,35.1266356851162,126.897430556255
광주 광산구 용아로379번길 54 1층,35.1768709563652,126.801275999153
광주 서구 시청로 40 롯데마트 3층 치즈앤도우,35.1524850919769,126.852423430739
광주 남구 봉선중앙로123번길 10 지하 Lucchetto,35.1320807751653,126.909597904554
광주 북구 금재로36번길 11,35.1568071003337,126.908270864637
광주 동구 제봉로110번길 19 루야,35.1492641875048,126.92379356527
광주 남구 효천3로 101 (102호) 루틴,35.1050981411596,126.873704141064
광주 동구 충장로 68,35.1490052804042,126.914935063326
광주 동구 백서로125번길 34-2 1층,35.1448286260255,126.917651007713
광주 서구 화정로161번길 20,35.1469166704689,126.875727364598
광주 서구 마륵복개로 157 1층 102호,35.1469470462854,126.854361444841
광주 광산구 상무대로 232 1층,35.139533182826,126.793138379885
광주 동구 장동로 13 2층,35.148774184277,126.923613276705
광주 서구 마륵로 126 리가든 치평점,35.1464184513872,126.845171202497
광주 서구 시청로 41 지하 7-8호 구내식당,35.1521817718143,126.851087044475
광주 북구 호동로 38-1,35.1753163313021,126.916651815229
광주 서구 내방로252번길 12 1층 리보커피,35.1566975512806,126.867927948058
광주 광산구 임방울대로826번길 42 포플레이 102호,35.215428915903,126.848440558502
광주 남구 효천2로가길 17 105호,35.1014511277439,126.87493016077
광주 북구 하서로483번길 8 2층 203호,35.2180554828873,126.876476075172
광주 서구 죽봉대로119번길 17 1층,35.164640480836,126.881686139377
광주 북구 첨단연신로108번길 39-13,35.2081225146287,126.865245465407
광주 광산구 임방울대로 330 애플타워 112호,35.1893549829861,126.824059466195
광주 동구 동계천로 132 1층 D호 마네키,35.1495018823912,126.923803110811
광주 남구 독립로 36 1층 마녀술상,35.1367747609932,126.901782743817
광주 북구 효열로 5 광명그린파크맨션,35.2069896215123,126.870716172866
광주 북구 용주로30번길 6-2,35.1814841296664,126.901294125576
광주 광산구 첨단내촌로70번길 50-5 1층,35.2129158701089,126.839291586951
"광주 동구 구성로 191 , 지하1층",35.1529370162803,126.913661738435
광주 동구 금남로 210,35.1506816640541,126.914597280332
광주 서구 동천로18번길 16 1층,35.1699115534623,126.861944509464
광주 광산구 소촌로 100 109(상가)동 지하1층 B1-107호,35.153438973099,126.793123163434
광주 광산구 앰코로 35 1층 134호,35.2215143042016,126.852391831029
광주 광산구 금봉로 99 A동 1층 마미쿡,35.1522780859934,126.809486261994
광주 북구 북문대로 237 제일타워 1층,35.1866109952922,126.86613638395
광주 광산구 신창로138번길 23-20 1층(신창동),35.1970116224424,126.840940373278
광주 북구 일곡택지로 69 1층,35.2078865955725,126.894046463684
광주 동구 서석로85번길 8 1층 마시타,35.1499517002913,126.92008545063
광주 서구 월산로 176,35.1532821002434,126.894787423617
광주 광산구 풍영로101번길 45,35.1819978855347,126.809709187627
광주 동구 동명로 17 1층 마실,35.1507795467035,126.923208748688
광주 북구 비엔날레로 173 마실,35.1833315711055,126.896252156222
광주 북구 하서로 343 1층 (양산동),35.2055942614279,126.873209837167
"광주 동구 남문로693번길 12 마싯소한우판매장, 식당",35.1321942476342,126.927262249392
광주 북구 첨단연신로 105 107호,35.2072905945619,126.864060555665
광주 동구 필문대로205번길 19 마쏘라 까망베르,35.1520765002428,126.933226299558
광주 북구 양산로 20-1 1층(양산동),35.2106802295696,126.876524916931
광주 광산구 장수길 65-8 마으레,35.1829972877769,126.787063088499
광주 남구 행암도동길 9-12 남동풍카페,35.0997886189273,126.886733886387
광주 광산구 왕버들로252번길 13 1층 마을회관,35.1958277883981,126.836209303109
광주 북구 하서로466번길 28 1층,35.2154671355507,126.878406007135
광주 서구 매월1로 18,35.1142046778748,126.855268226216
광주 광산구 수완로14번길 17 1층 MYERCENTER,35.1867014787311,126.829537269713
광주 북구 중문로 93,35.180963934722,126.920913519796
광주 서구 상무평화로 131 사이버빌딩 1층,35.1496684592131,126.852593679834
광주 북구 청계로 74 용봉동 마중물추어탕,35.1796101737115,126.893176796722
광주 동구 증심사길 25 B103~104호,35.1342931316176,126.955287307841
광주 서구 월드컵4강로 236 2층,35.1573244650366,126.869441863832
광주 광산구 목련로153번길 61,35.1747344683861,126.814456510357
광주 남구 봉선2로 31 1층,35.1258124422746,126.90999079611
광주 광산구 평동로 785,35.1251107424134,126.760340897751
광주 북구 첨단연신로107번길 37 1층 106호,35.2073110657854,126.860113012387
광주 광산구 내상로 81,35.136422490008,126.800883864992
광주 동구 용산3길 12 1층,35.1179216345542,126.925701169676
광주 북구 문화소통로302번길 58 막내통닭,35.1807026040302,126.928404519197
광주 광산구 신창로131번길 9 103호,35.1969694451288,126.838020910832
광주 광산구 사암로 210 1층,35.1630755983071,126.80871789353
광주 광산구 도산로9번길 40 1층 만계치킨,35.1279232650414,126.790085875848
광주 남구 화산로31번길 7,35.1128839823725,126.900536994605
광주 동구 필문대로287번길 23-11,35.1454333388795,126.929651094258
광주 광산구 월계로 64,35.2115230191571,126.833427403254
광주 남구 군분로 11-1,35.1349872893067,126.895555110293
광주 서구 치평로 112 116호,35.157258227425,126.847678838586
광주 서구 풍금로12번길 3-3,35.1213592754591,126.865939225997
광주 광산구 수완로11번길 3 에버그린 상가1층,35.1861059719268,126.828337496199
광주 광산구 첨단중앙로124번길 77 1층,35.2166172997812,126.846472223271
광주 동구 제봉로212번길 2 1층,35.1546644293104,126.915259411331
"광주 서구 천변좌하로 504 카페 만월(1,2층)",35.1669460945035,126.86637201461
광주 서구 독립로185번길 5,35.1496774654149,126.904466271374
광주 서구 금화로103번길 27,35.1351241276952,126.859605902544
"광주 동구 필문대로287번길 15-5 1층,2층(지산동)",35.1455429504243,126.928735786232
광주 광산구 월계로 223-22 윤진리안채 1층,35.2153885340569,126.850177511606
광주 광산구 선운로20번길 46,35.1467767386881,126.775636829783
광주 서구 풍암2로 20,35.1259823356388,126.880009068621
광주 광산구 사암로340번안길 6 106호,35.1756102770282,126.81058780737
광주 북구 송해로 81 1층,35.2056262631156,126.898881857113
광주 남구 회서로22번가길 1,35.1305131851758,126.893065624562
광주 남구 서문대로 666,35.1186977312518,126.899371806921
광주 동구 중앙로160번길 15-2 2층 맘스터치 충장점,35.1473182810858,126.914918053248
광주 서구 내방로161번길 1,35.1590142036141,126.858334833798
광주 북구 군왕로 1,35.1626967105565,126.928383641437
광주 동구 의재로 46 1층 맘스터치 학동방림점,35.1323473678566,126.932523084597
광주 광산구 선운로 5 2층,35.1484971713931,126.77011133935
광주 북구 금남로132번길 12-3,35.1541521234343,126.908005068393
광주 광산구 하남대로54번안길 167,35.1775730119757,126.801489790067
광주 북구 서방로107번길 76,35.1733520361868,126.926592976547
광주 남구 방림로 10,35.1336099517843,126.91878333273
광주 광산구 도산로 29,35.1307018057804,126.790660139816
광주 남구 백운로 55,35.138129753641,126.906303770498
광주 광산구 원두로 63-1,35.1234550382556,126.770498229756
광주 남구 봉선중앙로 57 1층,35.126205281874,126.911124016893
광주 서구 시청로60번길 17-11,35.1550043505481,126.853503435692
광주 광산구 임방울대로800번길 11-2,35.216814272519,126.846210009114
광주 서구 상무버들로40번길 1,35.1647619549016,126.858771385633
광주 서구 풍암1로21번길 7 농협중앙회 풍암동지점,35.1256264639175,126.878818018533
광주 북구 서방로63번길 18,35.1731623804285,126.920164396697
광주 서구 상무연하로 112 제갈량빌딩 A동 1층 101호,35.1581719764123,126.85038862544
광주 광산구 첨단중앙로67번길 7-11 1층 101호,35.2108407635414,126.842433281797
광주 북구 중외길 31 1층,35.1889349823887,126.893706877157
광주 서구 상무대로 627,35.1409285173865,126.833009078682
광주 광산구 장신로 133 삼광빌딩 1층,35.1910334498185,126.824782057432
광주 북구 우치로 106 1층,35.1768434741502,126.912524179371
광주 동구 제봉로82번길 13 1층,35.1466997570595,126.92284736851
광주 광산구 풍영로329번길 19 상가동 1층 103호,35.2003513846677,126.813099861358
광주 서구 화운로 24 상가4동 지하1층 비101호,35.1426348096021,126.886246490358
광주 남구 군분로 163,35.146588978086,126.886616735517
광주 북구 송해로39번길 18-12 1층,35.2023316775762,126.899469383529
광주 동구 천변우로 363-15 1층,35.1486469842055,126.91177640277
광주 서구 개산길 19-44,35.1145147402306,126.845194281654
광주 서구 전평길 20 매월애,35.1160386467142,126.848956021168
광주 서구 운천로184번길 6-1 (쌍촌동),35.1489019206021,126.85708988613
광주 남구 서문대로 805-1 102호,35.1309034486979,126.89913252959
"광주 남구 회재로1173번길 40 1층 101호(주월동, 해태아파트)",35.1345972947473,126.891883614072
광주 남구 효천로 10 1동 1층 119호,35.098659748259,126.876048282529
"광주 서구 죽봉대로38번길 3 , 2층",35.1568628127822,126.883429632834
광주 북구 동림용산로 14 1층 카페 머물다,35.1878490690088,126.868497573167
광주 광산구 수완로50번길 19,35.1896352462588,126.830014798333
광주 서구 동천로10번길 11 서석대,35.1696137437177,126.860840506046
광주 북구 설죽로217번길 4,35.1791831413684,126.897275665096
"광주 서구 염화로160번길 16-1 ,",35.1422708648878,126.882680331516
광주 동구 장동로 7,35.1491153979943,126.923119993885
광주 광산구 풍영로 229 5층,35.1918942749227,126.813985552942
광주 남구 천변좌로402번길 1,35.1434293478028,126.914520799517
광주 북구 경열로 227 1층 멍시티,35.1597071373076,126.906505901852
광주 광산구 월곡산정로 17,35.1667117781844,126.804101947338
광주 광산구 상무대로 207,35.1380808187937,126.791559452407
광주 광산구 풍영로200번길 75 1층,35.1898803874672,126.818324390171
광주 광산구 하남대로 282 금강빌딩 1층,35.1787869859657,126.824511819233
광주 동구 의재로 82 1층,35.1318996569133,126.936520427464
광주광역시 동구 중앙로290번길 16,35.1574200009005,126.921448204325
광주 서구 화개1로79번길 2,35.1313325596475,126.854723126044
광주 서구 운천로 58 1층 107호,35.1378687785313,126.859142310368
광주 남구 봉선로 2 1층,35.1326129660054,126.901866959814
광주 서구 죽봉대로 42-1 1층,35.1570844972632,126.88337773255
광주 동구 제봉로 221,35.1546922363666,126.913663615678
광주 북구 유림로 168,35.1775310077317,126.864432214311
광주 서구 동천로10번길 35-4,35.1699066925328,126.862108405034
광주 북구 밤실로 205 1층,35.1653560384716,126.932876823576
광주 남구 용대로 138,35.1285249089244,126.918381009717
광주 남구 대남대로 65 1층,35.1352575017306,126.917770918769
광주 남구 봉선로 205 1층 103호,35.1227878710397,126.917665187908
광주 남구 봉선중앙로 28,35.1236583236412,126.912774824371
광주 광산구 비아로 12,35.2204640466842,126.823624506312
광주 광산구 선운중앙로 56 1층 102호,35.147823130411,126.778037058818
광주 북구 북문대로 153 1층,35.1822834339713,126.872081537521
광주 북구 대자로 64 1층,35.1732121724182,126.87927096834
광주 광산구 월곡산정로 91-1,35.1660629920933,126.812190676184
"광주 남구 구성로8번길 6 B동 1층 205, 206호",35.1516649263812,126.896410783617
광주 서구 상무버들로 24 1층,35.1646222569034,126.860807079506
광주 남구 대남대로149번길 19 1층,35.1320573825208,126.90905273302
광주 광산구 진곡산단2번로 75 1층 104호,35.2009048925996,126.790252850073
광주 남구 화산로 29,35.1121457755025,126.899894651676
광주 광산구 첨단강변로 97 1층 103호 104호,35.2153810015613,126.852484649387
광주 광산구 첨단중앙로106번길 11 다음빌딩 1층 103호,35.2149741373264,126.843654085487
광주 서구 풍암2로 53 1층,35.1230789430383,126.881743306784
광주 북구 용주로30번길 63 1층,35.1807704528441,126.904006681753
광주 북구 자미로 67,35.1719163416963,126.904471111704
광주 광산구 선운로 9 1층 101호,35.1486469251273,126.770511804804
광주 북구 서방로 14 1층,35.1732347132877,126.914547905592
광주 동구 동계천로 135 2층,35.1495094457136,126.924510179036
광주 서구 시청서편로4번길 19,35.1593330369185,126.847727983203
광주 남구 광복마을1길 2,35.1184449438707,126.897917147104
광주 북구 서하로 153 2층,35.1874444285213,126.897384176506
광주 광산구 수등로94번길 32-9 1층,35.1814324014218,126.818596357182
광주 북구 동문대로 280 화물터미널136호,35.18589872015,126.933425145623
광주 동구 중앙로160번길 21,35.1471280175377,126.915194905735
광주 남구 백서로 72 1층 메종드떼,35.1389592612143,126.915604547519
광주 서구 상무대로 883 역내상가 메트로 샌드위치,35.1505204789865,126.858691739645
광주 광산구 월계로 117-21 첨단두산1차아파트상가 106호,35.2153685187246,126.838129457339
광주 북구 신임로 3 멕시카나치킨 임동점,35.1640276275462,126.897595035677
광주 광산구 월곡중앙로 60-9,35.1717599411058,126.81179337166
광주 남구 서문대로663번길 13,35.1185356282536,126.897285262498
광주 광산구 장신로50번길 11 1층 (장덕동),35.1901818235762,126.815774217092
광주 북구 설죽로 419 114동 상가동 B106호,35.1968166357594,126.89879405928
광주 북구 중흥로 74,35.1640495769316,126.902345317385
광주 북구 용주로30번길 69 1층,35.1810067534614,126.904076337274
광주 서구 시청로 57 1층 멘야마쯔리,35.1535674516587,126.85117637926
광주 남구 제중로46번길 13 1층 멘타루,35.13877301856,126.915186892631
"광주 광산구 여대길 303 상가 103, 104호",35.1666420054864,126.793990471681
광주 광산구 신창로35번길 93 멜로쿠키,35.1867781328232,126.834174991013
광주 서구 상무오월로3번길 22 1층상가 Mellifluous,35.1573991000649,126.8599210503
광주 북구 서양로 21 상가 1층,35.1709572741443,126.903758605906
광주 서구 금호운천길 103 1층,35.1441641247341,126.855894365254
광주 북구 문산로 30-1 중흥아파트,35.1840586767397,126.922487978746
광주 북구 설죽로 503 1층 105호,35.2040057433736,126.897834130807
광주 서구 시청로 27 명랑핫도그,35.150960212547,126.850837624684
광주 북구 서강로 94 1층 103호,35.1799409358928,126.872542567782
광주 동구 남문로 671 1층 명랑핫도그,35.1305979409948,126.929101771213
광주 서구 풍금로171번길 8-1,35.1313403681996,126.858581589984
광주 광산구 송정로39번길 2,35.1357569373655,126.79579953455
광주 북구 양산로 33,35.2108007041766,126.877911501565
광주 북구 저불로 30,35.177033653535,126.895457665843
광주 서구 화개1로79번길 3 103호,35.1309308794436,126.854770908546
광주 서구 내방로 208-1 명불허전하하주,35.1577005921274,126.863223473307
광주 광산구 도산로9번길 12 1층 명성능이버섯백숙,35.12885450618,126.790997853048
광주 남구 임암길 288,35.0980823660847,126.876789347334
광주 서구 운천로 237 명지빌,35.1536451600276,126.854450368859
광주 광산구 임방울대로826번길 42 포플레이 6층 502호,35.215428915903,126.848440558502
광주 남구 효우2로26번길 7 백두타위 명지회관1층,35.1024322815335,126.888724870214
광주 북구 자동차로 31,35.1624064373578,126.900617785633
광주 광산구 용아로 403 명품하남초밥,35.1792494476698,126.804429763585
광주 서구 풍금로 22 명품가마솥소머리국밥,35.121923766163,126.864934380681
광주 동구 독립로 268 롯데백화점 광주점 지하1층,35.1545374246114,126.912216616835
광주 광산구 용아로400번길 30 피크닉몰 1107호,35.1780934325427,126.806489286879
광주 서구 화정로 259 1층 109호,35.1481081175349,126.885070788517
광주 광산구 하남대로54번안길 17 1층,35.1771259566701,126.79920327949
광주 북구 평교로 8 1층 명품축산,35.1780754413036,126.924577642136
광주 서구 군분2로5번길 2-1 1층,35.1535336692117,126.880864290314
광주 북구 양산택지로 105 1층 명품통닭,35.2151430427701,126.8825480124
광주 북구 양산택지로 60-8 1층,35.2111288624189,126.881516707072
광주 서구 계수로52번길 1 1층,35.1602239613937,126.856305844956
광주 동구 서석로7번길 6-10 2동 2층 201호 모구모구,35.1457985648153,126.915016423975
광주 서구 상무대로868번길 21-1,35.1481618255004,126.857712754639
광주 서구 상무오월로3번길 28-1 1층 (광주광역시 서구 쌍촌동 1273-13),35.1580805984085,126.859904406653
광주 서구 금화로 283 스타빌딩 1층,35.1378294949402,126.877935724554
광주 광산구 수완로9번길 39-9 아름파크1층 모닝콜러,35.1858896656504,126.825574817701
광주 서구 상무민주로76번길 8 1층,35.1571196832409,126.860159035449
광주 서구 상무대로868번길 10 1층,35.1492496028126,126.857189692882
광주 동구 동계로 38 상가동 모도리보쌈족발,35.1555703786676,126.925684297632
광주 북구 연양로7번길 53,35.208726511738,126.868029132555
광주 동구 동계천로 171 1층,35.1491710034819,126.927946206999
광주 북구 대자실로 14,35.1783342123924,126.873866410137
광주 서구 화정로 106-17 백일대주아파트 상가,35.1441911347907,126.869218019055
광주 광산구 왕버들로252번길 46 상가 103호,35.1953073757434,126.834111322754
광주 동구 동명로14번길 19 1층,35.1500590204817,126.925407705925
광주 동구 성촌길 21 모란창평국밥,35.1344865020958,126.954635118134
광주 북구 고운로 42,35.1828567375123,126.90288373277
광주 북구 자라봉로 33-1 상가 1층 모랑과자점,35.2078942935169,126.877284926975
광주 북구 용봉로28번길 2,35.1713977561031,126.899852598885
광주 광산구 장신로 255 호연빌딩 101호,35.1910253731679,126.838285355988
광주 남구 백운로5번길 43 1층,35.1341815603064,126.905203935979
광주 광산구 평동로766번길 12,35.1250231180977,126.757930934952
광주 서구 상무버들로 45 상가 101호 디저트,35.1636147079486,126.858541002642
광주 동구 중앙로160번길 31-2 2층 모모스테이크 충장점,35.1463467233924,126.916239991807
광주 광산구 임방울대로826번길 47 더시너지 첨단 1층 모모야,35.2153364381979,126.849162982992
광주 동구 서석로85번길 8-8 대의동 30-1,35.1500078381373,126.92047070637
광주 서구 풍암2로53번길 4-1 1층모미지,35.123128917329,126.881875432374
광주 남구 군분로109번길 9 1층모밀맨,35.1418726861162,126.889140328978
광주 북구 설죽로 305 모밀하우스,35.1869240448088,126.897880218641
광주 북구 동운로201번길 13-8 1층 모소 샤브샤브 스키야키,35.1752885876737,126.872116975868
광주 서구 상무대로876번길 13 1층 모스케이크,35.1491844634109,126.857750701401
광주 남구 용대로 145 상가 3동 1층 112호,35.1290850002534,126.918089704119
광주 동구 백서로 211 동구 서석동 12-5번지 1층,35.1467193991072,126.92586737907
광주 광산구 송정로 15 1층 모어레스카페,35.1368968676058,126.793182465317
"광주 남구 백서로 76 아크레타양림 1층, Moreless cafe",35.1392784537542,126.915762996578
광주 북구 우치로 118 Moreless cafe 1층,35.1778994995092,126.912393725694
광주 광산구 수완로 70 1층 모토이시 수완점,35.1914259186658,126.829020897993
광주 북구 호동로 28-1 2층 모퉁이집,35.1748666125369,126.915435613155
광주 서구 군분로119번길 12 1층,35.1428035380093,126.888176369282
광주 서구 금화로 54 7층 모티프,35.1316057059357,126.854525475755
광주 서구 시청로60번길 17-7 1층,35.15454801927,126.853525764664
광주 남구 수박등로5번길 23 1층,35.1423602749644,126.893611968184
광주 남구 독립로 8,35.1342674271276,126.901766882641
광주 남구 서문대로749번길 16,35.1262114658678,126.895906641466
광주 광산구 목련로153번안길 31 1층 목련막걸리,35.1738529883315,126.813781636017
광주 동구 충장로46번길 7 1층,35.1498353625218,126.912931268985
광주 서구 상무화원로18번길 3-4,35.144652976015,126.842806211824
광주 남구 회서로 20-1 1층,35.1308293516389,126.893541387682
광주 서구 쌍촌로4번길 3-1 1층,35.1452478585982,126.865483501683
광주 동구 동명로25번길 6 1층 목하식당,35.1515819428501,126.923074324252
광주 북구 첨단연신로108번길 69-22 에코빌리지 1층,35.2096781410101,126.865230924349
광주 서구 상무대로868번길 7-1 2층,35.1493647744239,126.857400417515
광주 서구 군분로245번길 1 MONDOBLU(몬도블루) 1층,35.1522634932133,126.881160592526
광주 동구 산수길 15 Mond,35.1552383972169,126.927602276468
광주 광산구 신창로162번길 30 1층 몬아미,35.1977240712599,126.842126227181
광주 북구 호동로 36 1층 몰드,35.1750913917379,126.916446980374
광주 광산구 수완로50번길 42-4 1층 몰레 (MOLLET),35.1889347611607,126.830627491676
광주 북구 저불로69번길 19 1층 못난감자 광주용봉점,35.180578706362,126.893205720386
광주 서구 운천로 99 못난이꽈배기 금호점,35.1413317040542,126.858123956518
광주 북구 면앙로139번길 11 1층,35.177165464671,126.927285116737
광주 광산구 용아로400번길 30 피크닉몰 1층 1047호,35.1780934325427,126.806489286879
광주 광산구 첨단내촌로70번길 71 1층,35.2132674336443,126.840409720072
광주 남구 군분로34번길 3 남도떡갈비,35.1369001338769,126.894690219243
광주 남구 효천2로가길 7 4층 404호,35.1017272464676,126.873828013062
광주 서구 상무연하로 72 1층 106호,35.1546473355906,126.850489133909
광주 북구 첨단과기로208번길 43-22 B동 2층 228호,35.2224602402342,126.851703391028
광주 동구 동계천로 55-11,35.1545712814167,126.918355554428
광주 남구 진다리로52번길 1 1층,35.1365044197814,126.907363169024
광주 북구 금호로40번길 16 1층,35.1731550179135,126.89015336766
광주 서구 상무대로955번길 17-2 1층 무드윤,35.1532106211808,126.866347394118
"광주 서구 마륵복개로 147 1층 105호 (상무지구 , 아트빌)",35.147946199327,126.853087876458
광주 동구 제봉로 116 1층,35.1487081407715,126.922237501739
광주 동구 동계로 38 대광로제비앙 상가123동 11호베이커리,35.1555703786676,126.925684297632
광주 광산구 수완로 88 1층,35.1928198086264,126.829558639069
광주 동구 증심천로 37-2,35.1303767166097,126.93366643063
광주 북구 면앙로155번길 6 1층,35.1764828303415,126.929047025564
광주 북구 대천로 15 라인교회,35.1850443542522,126.908116399911
광주 광산구 첨단중앙로182번길 22 1층,35.2216892131425,126.84373918548
광주 광산구 왕버들로290번길 8 묵은지와 생삼겹살이 만났을때,35.1950638085126,126.840058378835
광주 동구 백서로 175,35.143931517749,126.923880289277
"광주 동구 동명로67번길 16-7 문글로우 1, 2층",35.1524399988579,126.927392943439
광주 남구 용대로74번길 11 B101호,35.1224977104062,126.919799389358
광주 광산구 용아로 340,35.1733342962812,126.804146878487
광주 동구 천변우로 363-42,35.1486438758612,126.91221263058
광주 북구 비엔날레로 173,35.1833315711055,126.896252156222
광주 서구 쌍촌로 68 1층 물음표점느낌표,35.1508488230996,126.864674024806
광주 남구 유안초등북길 9 물텅범아구찜,35.1271209883457,126.914394557696
광주 북구 동문대로100번길 21 미공간,35.1719826891798,126.925845333435
광주 남구 광복마을길 65 광명아파트상가,35.1236719132577,126.897010358238
광주 북구 각화대로 33,35.1831695301219,126.934964518863
광주 동구 동계로10번길 14 1층 미노라멘,35.1524094029587,126.925691891025
광주 광산구 수완로11번길 33 1층,35.1861521623994,126.826657686984
광주 동구 중흥로 209 1층,35.1602965241431,126.916614675269
광주 동구 동명로 8-1 2층,35.1498700881927,126.922806075669
광주 서구 운천로172번길 4 2층,35.1477926477796,126.857040137506
광주 광산구 신창로86번길 8 1층 미미고 찹쌀꽈배기,35.1927758608665,126.837857505666
광주 광산구 풍영철길로 15 130호,35.162942407489,126.811961205176
광주 북구 용봉택지로 46 조이 빌딩 1층 미미마라탕,35.1784194708232,126.891239714451
광주 광산구 첨단중앙로124번길 5-30 1층 미미 참치,35.2166837562708,126.842770931968
광주 광산구 사암로 363 1층,35.1767292326516,126.807962687733
광주 광산구 평동로803번길 151 1층,35.1379741821916,126.759806688427
광주 서구 금화로 23 1층101호,35.1323057280856,126.851424421371
광주 동구 예술길 31-15 광주아트센터 1층,35.1498799503025,126.91981006417
광주 서구 풍암1로 20 1층 108호,35.1251918437032,126.878026771935
광주 남구 대남대로 85 2층,35.1341997974206,126.915607703493
광주 북구 연양로67번길 35,35.2098429580826,126.875375226468
광주 광산구 사암로 331,35.17400469374,126.808639057046
광주 광산구 첨단중앙로 156 1층(쌍암동),35.2191163612572,126.842387304288
광주 광산구 어등대로 408-10 1층 미연복집 호남대점,35.1487495457272,126.766853051544
광주 동구 의재로 68 1층,35.1319890430467,126.935103877129
광주 북구 서방로39번길 16 1층,35.1735949803295,126.917796225478
광주 동구 서석로 29-5 1층,35.1461340534868,126.916575790454
광주 광산구 첨단강변로99번길 51 1동 1층 104호,35.2153963930216,126.849682375941
광주 북구 자미로66번길 7 1층(신안동),35.1717206386856,126.905251167949
광주 남구 유안초등북길 1,35.1261923159144,126.914017023464
광주 서구 상무평화로 137 길가한식,35.1499791223746,126.853307002461
광주 동구 충장로 52-1 충금지하상가 E-31 민들레푸드와 캠토,35.14986154732,126.913497957237
광주 북구 연양로 151,35.2046879705832,126.882615121363
광주 서구 염화로83번길 6,35.1421499454051,126.873667784474
광주 서구 동하길 4,35.1212375673874,126.833429840765
광주 광산구 수완로50번길 59 1층 밀키샵(빨간색 문),35.1882733804553,126.831296857721
광주 광산구 단전둘레길 54 1층,35.1805080582073,126.796901122088
광주 동구 의재로 64 바나나수산 1층,35.1320089485401,126.934573695756
광주 동구 제봉로110번길 17 1층,35.1491879801216,126.923583149736
광주광역시 광산구 비아로 11,35.2201720910117,126.823742335156
광주 서구 천변좌하로 268 바다사랑,35.1596052104417,126.844084763184
광주 서구 군분2로 57,35.1582302769371,126.880664274746
광주 남구 봉선로9번길 4 아돈니스 2층,35.1322370984133,126.902762725756
광주 서구 내방로209번길 8,35.1586180490978,126.863590935054
광주 서구 시청서편로4번길 13-16,35.159871517443,126.847233841544
광주 광산구 수완로9번길 3 1층,35.1858780581895,126.828047136713
광주 동구 서석로 30 1동 (광산동),35.1459088658323,126.917060844212
광주 광산구 용아로379번길 35,35.1765155942273,126.80234852917
광주 광산구 임방울대로800번길 39 1층,35.2156567943406,126.846238112592
광주 남구 광복마을7길 28 1층 (주월동),35.1275114163129,126.8933187081
광주 북구 경열로 240,35.1603586769393,126.907611843509
광주 동구 남문로754번길 2-2,35.1372300712197,126.925478222992
광주 남구 봉선중앙로 105 상가동 1층 (107호),35.1303712280583,126.910663614622
광주 광산구 첨단중앙로152번길 6-8 상가동 1층 101동,35.2182056020191,126.84256787705
광주 남구 백운로 27 1층 바름카츠,35.1362139188301,126.908203225921
광주 광산구 월계로 223-22 바름카츠,35.2153885340569,126.850177511606
광주 광산구 사암로216번길 36,35.1632355418281,126.810407954932
광주 서구 무진대로 904 유스퀘어(광천터미널),35.1605104898663,126.879344508277
광주 북구 호동로15번길 2,35.1752558481823,126.914450942738
광주 서구 천변우하로 297 2층,35.1654954614291,126.854190630291
광주 광산구 풍영철길로 15 B103호,35.162942407489,126.811961205176
광주 서구 하남대로680번길 1 동림프라자 2층,35.1714023998085,126.867186261505
광주 북구 저불로 69,35.1808287452582,126.895169231438
광주 북구 대자로 64,35.1732121724182,126.87927096834
"광주 남구 봉선2로 39-13 다동 301호, 302호, 303호",35.1267507099162,126.910406452362
광주 북구 죽봉대로 204-1,35.1717020061243,126.884885671592
"광주 동구 구성로 258 ,",35.1571185777146,126.918837021932
광주 남구 봉선1로47번길 3-3,35.1281634601718,126.91009836278
광주 광산구 선운로2번길 1-13 1층(선암동),35.1483372746598,126.771304457858
광주 광산구 반월안길 7,35.1951549677074,126.850672115382
광주 광산구 송정로8번길 50 발효명가,35.1347760664293,126.790773698942
광주 광산구 임방울대로800번길 71 아크레타 2층,35.2142826655995,126.846506382934
광주 북구 양산제로 109-7 1층 7호(연제동),35.2038083707245,126.870361457232
광주 서구 마륵로 96-1,35.1456166185116,126.842180389589
광주 북구 서강로 52 상가3동 102호,35.176310879389,126.871156015183
"광주 서구 운천로204번길 3-1 1층 매장 앞, 일진부동산 앞 주차가능",35.1511020859965,126.855977832055
광주 광산구 어등대로 581-1,35.151208783718,126.786292338495
광주 북구 면앙로6번길 75 (용봉동),35.1770159782914,126.913632993342
광주 광산구 앰코로 35 폭스존 1층 113호(쌍암동),35.2215143042016,126.852391831029
광주 남구 용대로 195,35.133647204422,126.917487919206
광주 광산구 하남마항로12번길 3,35.1814620033224,126.800122941654
광주 서구 상무중앙로 6-10,35.1474969838688,126.849217262656
광주 북구 효산로6번길 2,35.1809787501336,126.912569591593
광주 동구 지산로 62,35.1491274258379,126.93305926602
광주 광산구 내상로15번길 51 1층(송정동),35.1415625200446,126.797900894934
광주 서구 상무오월로3번길 10-16 (쌍촌동)로얄빌라 상가 103호 배리후,35.1563879609363,126.860707732243
광주 서구 쌍촌로57번길 23-1 1층 배삼요,35.1496679932277,126.862152651747
광주 북구 동문대로 96 (두암동) 1층,35.1719173513941,126.924404289181
광주 광산구 첨단중앙로 96 LC타워 110호,35.2138293623386,126.843468142344
광주 서구 상무대로 876 (쌍촌동),35.1500644964684,126.85785737733
"광주 서구 화운로 24 (화정동, 유니버시아드 힐스테이트 3단지) 상가동 1층 CO1-105호",35.1426348096021,126.886246490358
"광주 광산구 풍영로 271 (장덕동) 107호,108호",35.1954172085762,126.815337124573
광주 동구 경양로 237 (계림동) 1층,35.1576451615041,126.916856974071
광주 북구 북문대로 241 (동림동),35.1867326369836,126.865610824356
광주 동구 갈마로 48 (산수동) 1층,35.1615554138058,126.935787471549
광주 서구 회재로 887 (금호동) 1층,35.122437868043,126.861152817027
광주 남구 제중로 136 (서동) 1층,35.1430450759424,126.906907164316
"광주 남구 대남대로223번길 10 (주월동, 양우 내안애 프레스티지) 111동 102, 103호",35.1337272863,126.89832544346
광주 광산구 사암로216번길 30 1층,35.1632472500948,126.810171721114
광주 남구 효천2로 26 (임암동) 1층,35.1018152045444,126.873380934962
광주 남구 용대로 208 (방림동) 배스킨라빈스 광주방림,35.1347676778499,126.917339320566
"광주 광산구 선운중앙로 43 (선암동 560,선운지구이지더원2단지) 1층",35.1496528481647,126.776055287596
광주 서구 무진대로 904 (광천동) 광천터미널,35.1605104898663,126.879344508277
광주 광산구 수완로52번길 36-3,35.189984717196,126.831056926581
광주 서구 유덕로28번길 18 백년미가,35.1654769656387,126.852982485101
광주 북구 양산택지로 87,35.2138916412056,126.881841852581
광주 남구 서문대로627번안길 3,35.1149918690007,126.897025121256
광주 광산구 첨단내촌로 59 백운초밥,35.211999972026,126.836905641182
광주 광산구 수등로76번길 39-6 1층,35.1821826515609,126.817431497738
광주 광산구 임방울대로826번길 47 1층 124~125호,35.2153364381979,126.849162982992
광주 서구 상무번영로 13,35.1510242540513,126.852716453953
광주 남구 용대로53번길 2-5 1층 버거G,35.1211810959256,126.917662416484
광주 남구 봉선로 180 대영빌딩 1층,35.122829895446,126.914825480007
광주 광산구 수완로74번길 12-2 1층,35.1913668901239,126.829411577757
광주 광산구 남동길30번길 45-9,35.1290483390562,126.790603259733
광주 광산구 목련로273번길 88 운남주공아파트 상가 108호,35.178013256285,126.824943605373
광주 북구 북문대로232번길 9-5 1층 버섯농장,35.1875615389528,126.867013618211
광주 북구 저불로 34-1 1층,35.1774021474926,126.895584649369
광주 광산구 단전2길 8 1층,35.1814717451626,126.798766402912
광주 북구 우치로 104-12,35.1767839048943,126.913165027919
"광주 서구 상무대로884번길 22 1층,벌떡 떡볶이 상무점",35.1485324839747,126.859040094756
광주 북구 양산로 46 1층,35.2102612966069,126.879130485856
광주 남구 독립로 113-4,35.1438230235525,126.902977856543
광주 북구 서하로 91 비젼타워 A동 107호,35.1876437314476,126.890403308414
광주 남구 백운로75번가길 12,35.1409349626064,126.905593116197
광주 북구 설죽로 333,35.1890844299803,126.898652238668
광주 북구 비엔날레로 103 106동상가동 1층 4호,35.1811782069006,126.88989336061
광주 북구 하서로 387,35.2095936772288,126.873494872992
광주 광산구 첨단중앙로 96 124호,35.2138293623386,126.843468142344
광주 광산구 선운로 3 1층 벌크커피호대점,35.1484164296459,126.76983699334
광주 남구 회재로 1267 백운광장점 벌크커피,35.1350357174264,126.899203801115
광주 광산구 금봉로 101 1층 벌크커피 선수촌점,35.1521851314499,126.809700155285
"광주 북구 양일로 78 포스콤타워 107,204호",35.1975760681343,126.873525806458
광주 서구 염화로 59 상가 103동106호,35.1399131973322,126.873045887676
광주 광산구 첨단중앙로181번길 92 상가동 102호,35.2184702265039,126.830992869471
광주 광산구 임방울대로 261 (신가동) 2층,35.1849898294306,126.818450335543
광주 남구 봉선중앙로 87,35.1287135036045,126.910872786861
광주 남구 봉선2로 98 무등4차아파트 상가 1층 베데스다,35.1257927100645,126.917209056152
광주 동구 장동로 23-59,35.1491381205241,126.924134104582
광주 동구 동계천로 163-6 베러그릭 Bettergreek,35.1495196246697,126.927150261556
광주 서구 상무공원로 51 금호타운상가1층101호 베리니크카페,35.1489296864734,126.842756395646
"광주 광산구 풍영로 271 (장덕동) 107호, 108호",35.1954172085762,126.815337124573
광주 북구 설죽로 514,35.2050138681637,126.898217120564
광주 서구 상무대로 876 1층,35.1500644964684,126.85785737733
광주 광산구 목련로394번길 17-4,35.1839478947625,126.833594684782
광주 광산구 사암로340번안길 6 1층 102호,35.1756102770282,126.81058780737
광주 북구 서강로 98 1층 베스트커피,35.1801082190194,126.87262014366
광주 광산구 월계로 117-35 상가동 109호,35.2160838661033,126.837416322075
광주 동구 제봉로 102 2층,35.1474678911601,126.922133440481
광주 동구 제봉로82번길 13-10,35.1469642771646,126.922801137903
광주 광산구 첨단중앙로182번길 90 대라수어썸시티상가동 1층 110호,35.2215938176562,126.850859198896
광주 동구 동계로1번길 14-14 1층,35.1528028882202,126.923015118626
광주 서구 상무연하로 60 1층 베지프리,35.1535738305235,126.850500536145
광주 광산구 송정로30번길 72 1층 베트남노상식당T 광주송정점,35.133799489027,126.791481269976
광주 동구 동계천로 151 지하1층,35.1490269478303,126.925972175619
광주 광산구 비아로 17,35.22005514635,126.822912213392
광주 남구 군분로 73,35.1396167862739,126.891966736797
광주 서구 염화로65번길 8-1,35.1408883010348,126.872626406264
광주 동구 문화전당로35번길 9-1,35.1453992489929,126.918006970565
광주 서구 상무대로868번길 23 1층,35.148051767467,126.857787899404
광주 서구 염화로83번길 4-10 1층 별밤포차,35.1424523504226,126.874099119113
광주 서구 금호운천길 54-9,35.1402312035268,126.857332184301
광주 남구 봉선로25번길 11,35.1311165114126,126.904447578128
광주 광산구 수완로52번길 30-2,35.1901792721297,126.830378193657
광주 서구 천변좌로 243 1층208호 주차장출구앞,35.1535737356894,126.903958849031
광주 서구 천변좌로 140,35.1597160808093,126.894046512652
광주 북구 대천로 121 1층,35.1856634565623,126.919866055146
광주 남구 금당로 1 1층(진월동),35.1177327696361,126.897803727529
광주 광산구 임방울대로826번길 30 1층 115호,35.2159620532602,126.84814378878
광주 동구 남문로 676,35.1305336310889,126.93058521046
전남 순천시 왕지4길 18,34.9680922798082,127.525302785342
전남 순천시 시민로 66,34.9555439585496,127.485981094403
전남 순천시 낙안면 삼일로 57,34.9051982413638,127.343586604611
전남 순천시 연향번영길 55,34.9470735799596,127.517732415357
전남 순천시 해룡면 매안1길 20,34.9279423985607,127.55328274714
전남 순천시 해룡면 매안4길 3-11,34.930918247048,127.553571972367
전남 순천시 오천2길 3-15,34.9303629523232,127.496556598756
전남 순천시 저전길 24,34.9496934404337,127.483684047432
전남 순천시 장명5길 11,34.9516413176919,127.488886144853
전남 순천시 낙안면 삼일로 69,34.9047221253332,127.34381001811
전남 순천시 왕지4길 14-7,34.9682475088565,127.525112371377
전남 순천시 연향상가5길 17,34.9530632970567,127.519871089988
전남 순천시 중앙3길 4,34.9499499685132,127.485582979087
전남 순천시 오천6길 54,34.9352655130946,127.495112213026
전남 순천시 봉화3길 24,34.9634266342725,127.519337941023
전남 순천시 옥천길 32,34.9536422839426,127.482076755471
전남 순천시 중앙시장길 49,34.9533315241417,127.486543899033
전남 순천시 왕지4길 4-13,34.9692364366882,127.524834527757
전남 순천시 왕지5길 9-8,34.9725615618907,127.523592376754
전남 순천시 서면 청소년수련원길 153,35.0402571482132,127.47211584419
전남 순천시 왕지2길 3-10,34.9692908610004,127.523711397299
전남 순천시 해룡면 정채봉길 30,34.9173404075723,127.551428623285
전남 순천시 강변로 675,34.9469391412791,127.495304113514
전남 순천시 남신월4길 9-21,34.9573393207567,127.519475479328
전남 순천시 오천2길 17,34.9298728205836,127.49579637132
전남 순천시 순천만길 21,34.9255826072093,127.49304784496
전남 순천시 승주읍 고산도목길 11-4,35.0661558382083,127.360642184712
전남 순천시 호남길 134,34.9515787765265,127.481457950535
전남 순천시 해룡면 상성길 279,34.9430293486684,127.535636396994
전남 순천시 북문길 189,34.9649360515226,127.485055907784
전남 순천시 해룡면 매안4길 4,34.9299708895411,127.553276883986
전남 순천시 구암1길 11-3,34.9472529272469,127.513576910804
전남 순천시 서문로 48,34.9513990111399,127.478408616425
전남 순천시 연향번영길 67,34.9478356535315,127.517721113762
전남 순천시 왕지4길 13-15,34.9684162159875,127.52653497127
전남 순천시 연향번영1길 23,34.9434982829973,127.516202150144
전남 순천시 순천만길 502,34.8870040724891,127.507642150056
전남 순천시 장명3길 9,34.9523777446639,127.487540538457
전남 순천시 기적의도서관길 31,34.9482841764438,127.525738656965
전남 순천시 대석1길 51-25,34.9472503211555,127.5233531336
전남 순천시 별미길 10,34.9537420695476,127.484748549348
전남 순천시 금곡길 13,34.954774990695,127.482749145603
전남 순천시 왕지3길 8,34.9705581093666,127.525921008906
전남 순천시 연향2로 17-6,34.9482496530004,127.517383474955
전남 순천시 해룡면 매안2길 11-12,34.9283392265423,127.5514099425
전남 순천시 왕지1길 3-6,34.9705368764955,127.522843308361
전남 순천시 매산길 77,34.96066590189,127.480898391142
전남 순천시 옥천길 23,34.9535001362133,127.482440053613
전남 순천시 장자보1길 36-25,34.944599233436,127.516624809278
전남 순천시 승주읍 선암사길 48,35.0112590389695,127.383954366664
전남 순천시 별량면 일출길 191,34.8632499153706,127.488185002237
전남 순천시 북문길 65,34.9589417491391,127.484706904276
전남 순천시 왕지2길 4-26,34.9687994912859,127.522295171416
전남 순천시 순천만길 668,34.8872357095157,127.508294018648
전남 순천시 왕지4길 23,34.9680675321073,127.526022364965
전남 순천시 장명2길 4,34.9513365017026,127.486723805173
전남 순천시 팔마2길 105,34.9330543455276,127.514695661499
전남 순천시 팔마2길 83,34.9334073580986,127.516345135387
전남 순천시 해룡면 신대4길 4-25,34.9338216630809,127.552069856596
전남 순천시 오천2길 19,34.9298428733796,127.495470144186
전남 순천시 해룡면 매안4길 3-12,34.930891867023,127.553822434515
전남 순천시 연향상가3길 23,34.9525602041665,127.520257985509
전남 순천시 봉화로 46,34.9561093528806,127.495251982618
전남 순천시 충숙길 64,34.9801108097892,127.502827608915
전남 순천시 해룡면 중흥1길 8,34.895943726043,127.533476066816
전남 순천시 봉화2길 57,34.9577009082578,127.517797270297
전남 순천시 장천2길 22,34.9493783497265,127.489302725625
전남 순천시 영동길 27,34.9538497069167,127.482367983612
전남 순천시 남신월2길 13,34.9561040795324,127.519726941434
전남 순천시 오천2길 18-8,34.9306385005618,127.495608346756
전남 순천시 봉화2길 8,34.9546827865263,127.518715120393
전남 순천시 팔마4길 37,34.934047331967,127.514774760468
전남 순천시 기적의도서관길 29,34.9482703986208,127.525464777609
전남 순천시 왕지4길 20-12,34.9681172094647,127.524936450751
전남 순천시 순천만길 524,34.8875737739614,127.508585224351
전남 순천시 호남길 89,34.9528372331284,127.481538659896
전남 순천시 순천만길 223,34.9102707136954,127.504097899099
전남 순천시 해룡면 매안2길 26-4,34.9288810010046,127.552947027089
전남 순천시 해룡면 매안2길 8-3,34.9275423816409,127.552506832381
전남 순천시 중앙3길 5-1,34.9502409618254,127.485733800797
전남 순천시 옥천길 38,34.9537955969815,127.48205696132
전남 순천시 해룡면 향매로 59,34.9346652326771,127.546153470638
전남 순천시 조례2길 36,34.9632913109198,127.525213126014
전남 순천시 삼산2길 36,34.9687899101644,127.485682298126
전남 순천시 조례2길 38-1,34.9628977187423,127.525370911089
전남 순천시 장자보1길 77,34.9484360959513,127.516400155206
전남 순천시 연향중앙상가길 12,34.9525547399077,127.519154517156
전남 순천시 상사면 상사호길 267,34.9340951678101,127.458833039066
전남 순천시 조례동 640-7,34.9633192236301,127.525844968004
전남 순천시 봉화2길 67,34.9585747673981,127.517528393529
전남 순천시 옥천길 33,34.9533324733155,127.481669428554
전남 순천시 팔마1길 12,34.9332222451399,127.513829077585
전남 순천시 하대석길 77,34.9489096839967,127.524540629854
전남 순천시 상인제1길 2,34.944728317432,127.487642270661
전남 순천시 해룡면 매안2길 12-3,34.9279870184106,127.552430574531
전남 순천시 향교길 39,34.9542171644053,127.480580342066
전남 순천시 왕지2길 18,34.9683792869581,127.522877779428
전남 순천시 왕지로 2,34.9696673353492,127.522441826844
전남 순천시 역전2길 14,34.9471024788136,127.498013965364
전남 순천시 남신월1길 8-6,34.9551305020049,127.519221120066
전남 순천시 풍덕새길 8-15,34.9371494720873,127.49679474177
전남 순천시 해룡면 대가길 2,34.9288461153124,127.541904046241
전남 순천시 해룡면 향매1길 15-10,34.9341227075993,127.553816238821
전남 순천시 별미길 7,34.9538661291713,127.484605531907
전남 순천시 옥천길 25,34.9534668270007,127.482316036642
전남 순천시 순천만길 487,34.8879857820208,127.509256590903
전남 순천시 이수로 51,34.9496424103019,127.492769719339
전남 순천시 봉화2길 63,34.9583162346859,127.517786359956
전남 순천시 왕지2길 5,34.9693203242608,127.523316834493
전남 순천시 팔마4길 13,34.9337233408378,127.516418479157
전남 순천시 오천5길 17,34.9333160616036,127.495871924367
전남 순천시 연향상가3길 10,34.9517978947389,127.518976004542
전남 순천시 남신월3길 7-1,34.9567704788576,127.51850109434
전남 순천시 중앙초등길 5,34.9455492444893,127.49943544668
전남 순천시 장명4길 12,34.9517700613156,127.488050171618
전남 순천시 팔마로 106,34.9457289735564,127.499831393201
전남 순천시 왕지3길 4-93,34.9712027825511,127.526750565034
전남 순천시 덕암길 88-1,34.9440495596099,127.511215979183
전남 순천시 해룡면 송산2길 22-102,34.9226188920512,127.550116524226
전남 순천시 해룡면 신대2길 6-41,34.9356667831071,127.547528964916
전남 순천시 해룡면 향매1길 17,34.9341906387119,127.55419901782
전남 순천시 남신월3길 5,34.9565161305567,127.51851744779
전남 순천시 연향상가1길 14,34.9514587893738,127.520094583818
전남 순천시 남신월길 45,34.9572582853846,127.520528539799
전남 순천시 호남1길 62,34.9533886441442,127.482415205307
전남 순천시 해룡면 향매1길 16-17,34.9337706552373,127.555291601845
전남 순천시 왕지4길 10-15,34.9686611342194,127.524698911181
전남 순천시 팔마2길 90,34.9337261981422,127.515894433711
전남 순천시 향교길 48,34.9543627714818,127.4805716671
전남 순천시 해룡면 신대1길 4-21,34.9345208764762,127.54806511934
전남 순천시 기적의도서관1길 18,34.9536007316721,127.524329985937
전남 순천시 장승길 20,34.9563496841009,127.523384256712
전남 순천시 승주읍 승암교길 6,34.9918382847802,127.344145202183
전남 순천시 호남길 101,34.9518116684449,127.481623309898
전남 순천시 공마당2길 143,34.9556935097461,127.478874676251
전남 순천시 왕지2길 4-14,34.969331870761,127.522393597166
전남 순천시 옥천길 60,34.9534607448666,127.481463480829
전남 순천시 왕지2길 4-36,34.9683431101738,127.522298625773
전남 순천시 대석1길 27,34.9476183033543,127.523239322348
전남 순천시 왕지3길 18-22,34.9708996650888,127.526123363212
전남 순천시 호남길 10,34.9569245363037,127.482878350794
전남 순천시 중앙로 120-1,34.9563549128177,127.484337822376
전남 순천시 해룡면 향매2길 18,34.9330013130017,127.555748415329
전남 순천시 해룡면 매안로 135,34.9353892741003,127.550793710854
전남 순천시 왕지로 65,34.9713169468181,127.528088004077
전남 순천시 해룡면 좌야로 150,34.9379812661426,127.546925684502
전남 순천시 봉화2길 16,34.9552234077323,127.518509853639
전남 순천시 옥천길 52-1,34.9541145249008,127.481597476492
전남 순천시 봉화2길 20,34.9554716143827,127.518454157515
전남 순천시 중앙로 398,34.9800996501595,127.485345612783
전남 순천시 해룡면 신대로 245,34.9428298141274,127.543705002044
전남 순천시 남신월3길 18-31,34.9577323219436,127.520317602633
전남 순천시 오천6길 11,34.934419395756,127.494777998892
전남 순천시 왕궁중앙길 65,34.9566837695797,127.53563697591
전남 순천시 해룡면 율산길 118,34.9388546421142,127.533622659024
전남 순천시 시민로 23-1,34.9518301059253,127.485888561304
전남 순천시 팔마로 63,34.9465678365861,127.495443207137
전남 순천시 조례신대앞길 9,34.9599681016247,127.51683314299
전남 순천시 왕궁길 108,34.9582343232066,127.535022009147
전남 순천시 팔마4길 3,34.9331910292745,127.516704973984
전남 순천시 해룡면 향매1길 15-33,34.934603390126,127.553267272088
전남 순천시 비봉2길 9,34.9719306091955,127.520928393588
전남 순천시 해룡면 매안2길 7,34.9276792934177,127.55199291979
전남 순천시 성죽길 19,34.9411622025439,127.525176422264
전남 순천시 봉화로 266,34.9578042306346,127.519016384203
전남 순천시 향교길 14,34.9543775643346,127.48286461709
전남 순천시 오천6길 16,34.9340211481865,127.494383652652
전남 순천시 해룡면 매안1길 39,34.9292679158522,127.553076253704
전남 여수시 봉산2로 36,34.7330533320076,127.726143059265
전남 여수시 화양면 화양로 1391,34.7069293210182,127.613225880767
전남 여수시 돌산읍 향일암로 70-1,34.5947010517695,127.803818240858
전남 여수시 소호1길 38,34.7479612711452,127.657531450283
전남 여수시 어항단지로 21,34.7252368974489,127.712812816991
전남 여수시 국포1로 51,34.7263002407545,127.720891610518
전남 여수시 하멜로 49,34.7398819479718,127.745480845629
전남 강진군 강진읍 서성안길 5,34.6389291445069,126.767313839994
전남 강진군 강진읍 보은로1길 6,34.6370439143448,126.770757004952
전남 강진군 성전면 별뫼로 373,34.6913286820273,126.707304371724
전남 강진군 성전면 송계로 888,34.690451702196,126.710253949409
전남 강진군 강진읍 영랑로4길 21,34.6398691784286,126.770127984102
전남 강진군 강진읍 탐진로 60,34.6380794916818,126.763817085294
전남 강진군 강진읍 영랑로3길 10-1,34.6384740923807,126.769684119982
전남 강진군 강진읍 구강포로 90,34.6327701374895,126.771920087111
전남 강진군 강진읍 영랑로4길 25,34.6398880996984,126.770410416029
전남 강진군 강진읍 보은로4길 23-1,34.6396459733043,126.772188437815
전남 강진군 강진읍 보은로 99,34.6361218275515,126.769794994929
전남 강진군 도암면 봉황로 556,34.543965308405,126.684135120222
전남 강진군 강진읍 영랑로1길 23-1,34.6385898087368,126.771394165807
전남 강진군 병영면 병영성로 172,34.7192959027612,126.817456712974
전남 강진군 성전면 사문로 21-11,34.7328844126338,126.717223535376
전남 강진군 강진읍 영랑로 18,34.637488931867,126.76945475495
전남 강진군 강진읍 영랑로3길 35-1,34.6399541924941,126.771812730586
전남 강진군 강진읍 서성안길 39-1,34.6399639035237,126.76412422093
전남 강진군 강진읍 영랑로2길 21,34.6389561720925,126.770828634824
전남 강진군 칠량면 칠량로 59,34.5734451922463,126.798879420471
전남 강진군 군동면 백금포길 31,34.6401898628742,126.78513229911
전남 강진군 강진읍 중앙로 151,34.6412432918741,126.772755918609
전남 강진군 신전면 운주로 636,34.4724363897634,126.752152441122
전남 강진군 마량면 마량7길 3,34.4503625301587,126.81668270228
전남 강진군 성전면 예향로 2,34.6915382481182,126.708614669756
전남 강진군 강진읍 중앙로 168-1,34.6412890105332,126.774610404482
전남 고흥군 고흥읍 봉동주공길 3-1,34.6076835169825,127.288381063287
전남 고흥군 봉래면 나로도항길 151,34.4639939216583,127.454129103009
전남 고흥군 고흥읍 고흥로 1723,34.6069292674904,127.283153809985
전남 고흥군 도양읍 녹동남촌1길 24-1,34.5278082655674,127.138353427275
전남 고흥군 고흥읍 고흥로 1727,34.6070290031274,127.283293372311
전남 고흥군 도양읍 우주항공로 38,34.5273207656429,127.141028361296
전남 고흥군 도양읍 천마로 72,34.5317505691587,127.13852802071
전남 고흥군 고흥읍 봉동주공길 11-1,34.6072278063157,127.288966910801
전남 고흥군 고흥읍 봉황길 6,34.610408571554,127.284383143289
전남 고흥군 영남면 해맞이로 15,34.6017883035602,127.45701185941
전남 고흥군 포두면 우주로 835,34.5517294092843,127.347507540832
전남 고흥군 봉래면 하반로 466,34.4550413628353,127.515921550745
전남 고흥군 고흥읍 봉황길 34,34.6081837465874,127.284570931295
전남 고흥군 고흥읍 봉황길 32-1,34.60822665734,127.28460858252
전남 고흥군 고흥읍 봉황길 26-16,34.6089981153438,127.28375382935
전남 고흥군 고흥읍 홍교길 7,34.6096700150479,127.285236491119
전남 고흥군 영남면 팔영로 604-9,34.5901057898548,127.409406949014
전남 고흥군 고흥읍 봉황길 10,34.6100084249856,127.284343837135
전남 고흥군 봉래면 나로도항길 56,34.4646134098323,127.457294087758
전남 고흥군 고흥읍 흥양길 25,34.6101010665383,127.286320832339
전남 고흥군 도양읍 우주항공로 28,34.5265086429931,127.141031784782
전남 고흥군 도양읍 비봉로 257,34.5241768134178,127.143159565482
전남 고흥군 도양읍 비봉로 125-1,34.529541478734,127.136357876765
전남 고흥군 도양읍 명동길 5-2,34.527185553822,127.13561011117
전남 고흥군 봉래면 축정2길 2,34.4638915887413,127.458216353352
전남 고흥군 도양읍 녹동남촌2길 33,34.5286981614614,127.136365542726
전남 고흥군 두원면 두원로 473-1,34.6453447325741,127.27383818512
전남 고흥군 도양읍 명동길 5-5,34.5271842251366,127.135263742471
전남 고흥군 고흥읍 고흥로 1768,34.6074855716606,127.287651112916
전남 고흥군 고흥읍 봉황길 20-1,34.6089471213182,127.284632192127
전남 곡성군 오곡면 대황강로 1560,35.1882144561775,127.3695252715
전남 곡성군 오곡면 오지리 476,35.2717059286798,127.314633518153
전남 곡성군 옥과면 대학로 147,35.2763451738487,127.135632550358
전남 곡성군 곡성읍 군청로 19,35.2798637171598,127.292970830404
전남 곡성군 곡성읍 학교로 155,35.2852611076951,127.296410936624
전남 곡성군 석곡면 석곡로 42-3,35.1308639948196,127.253548900741
전남 곡성군 곡성읍 중앙로 105-2,35.2809142006544,127.294392248504
전남 곡성군 오곡면 섬진강로 1550,35.2372840046585,127.369603225679
전남 곡성군 옥과면 대학로 136,35.2756502004631,127.134537427793
전남 곡성군 곡성읍 중앙로 139,35.2825808866274,127.297404536577
전남 곡성군 석곡면 석곡로 77,35.1338548409659,127.253830721293
전남 곡성군 석곡면 석곡8길 8-7,35.1327127494614,127.254378850541
전남 곡성군 입면 입면로 489,35.3053096064475,127.187987623224
전남 곡성군 오곡면 심청로 178,35.2306350674189,127.357571890646
전남 곡성군 곡성읍 중앙로 153-3,35.2833761159883,127.298620225151
전남 곡성군 옥과면 대학로 110,35.2742096526803,127.132434755593
전남 곡성군 곡성읍 곡성로 856,35.279526738954,127.298926503928
전남 곡성군 오곡면 기차마을로 138,35.2713203142149,127.315230578901
전남 곡성군 곡성읍 중앙로 111-1,35.2811158960519,127.294920154741
전남 곡성군 오곡면 기차마을로 151,35.2722624135514,127.314183178893
전남 곡성군 삼기면 괴소리 281-14,35.2284635750778,127.225386529985
전남 곡성군 곡성읍 중앙로 118,35.281111649206,127.295589222258
전남 곡성군 곡성읍 곡성로 806,35.2774449652251,127.292640398293
전남 곡성군 죽곡면 대황강로 801,35.1493027973562,127.318275998956
전남 곡성군 곡성읍 중앙로 76,35.2793888675037,127.29152601124
전남 곡성군 곡성읍 중앙로 126,35.2815388197196,127.296351974424
전남 곡성군 오곡면 섬진강로 1063,35.1960902377203,127.374956973188
전남 곡성군 옥과면 리문6길 1,35.2762401311261,127.135986187706
전남 곡성군 옥과면 대학로 183,35.2772199254542,127.139594689599
전남 곡성군 곡성읍 중앙로 166-1,35.2837602252134,127.299948192771
전남 곡성군 오곡면 기차마을로 234-1,35.277253937441,127.307800032758
전남 곡성군 곡성읍 삼인동길 1,35.2832917775964,127.291140100015
전남 구례군 구례읍 구례2길 30,35.2088784168477,127.463620831352
전남 구례군 구례읍 봉성로 91-15,35.2104417296813,127.464178947774
전남 구례군 구례읍 택지길 50,35.2150158452158,127.462156324531
전남 구례군 산동면 관산구산길 42,35.3183787862961,127.464097394406
전남 구례군 구례읍 5일시장작은길 12,35.2111747718319,127.468908995073
전남 구례군 구례읍 구례1길 45,35.2092867052361,127.465950507743
전남 구례군 구례읍 5일시장작은길 36,35.2111530046031,127.471843829039
전남 구례군 구례읍 봉성로 54,35.2070739041021,127.464614982137
전남 구례군 구례읍 택지2길 42-9,35.2146807829662,127.460035152655
전남 구례군 구례읍 봉동길 4,35.2091300462063,127.468008558161
전남 구례군 구례읍 중앙로 5,35.2060571408393,127.467741309772
전남 구례군 구례읍 오거리길 15,35.2067908079099,127.46622891679
전남 구례군 구례읍 서시천로 80,35.2149701736037,127.466988256877
전남 구례군 구례읍 상설시장길 2-1,35.2098448736827,127.464786496692
전남 구례군 산동면 하관길 26,35.3156564196902,127.456926463318
전남 구례군 간전면 하천길 27,35.1817458529082,127.620934504023
전남 구례군 용방면 용방로 484,35.2517328312502,127.431128245858
전남 구례군 구례읍 북교길 28,35.209751014387,127.461660838689
전남 구례군 구례읍 봉성로 69-1,35.208504344496,127.464330456871
전남 구례군 토지면 섬진강대로 4565,35.1992061038456,127.573301103928
전남 구례군 산동면 지리산온천로 172,35.3120071010691,127.4488711912
전남 구례군 마산면 화엄사로 179,35.2256868077965,127.487370310771
전남 구례군 산동면 원촌길 85,35.3143135161318,127.437756319803
전남 구례군 구례읍 중앙로 46-1,35.2097708978783,127.467845963639
전남 구례군 구례읍 봉성로 36,35.2054461063381,127.464584405535
전남 구례군 산동면 우와길 63-4,35.2782199342188,127.411746141143
전남 구례군 구례읍 택지2길 6,35.2142700417656,127.46400315684
전남 구례군 구례읍 중앙로 11,35.2066973045014,127.467663495208
광주 북구 용봉로 40,35.1714204756891,126.901397400611
광주 북구 오산정길 6-1 1층,35.187687998217,126.908432267231
광주 북구 동문대로85번길 39,35.1724382525634,126.921301045631
광주 남구 대남대로339번길 6,35.1418221233616,126.892546614028
광주 남구 천변좌로552번길 20-1,35.1318126814302,126.922575594246
광주 동구 남문로 750,35.1369497288087,126.925594678629
광주 광산구 풍영로 219,35.1912421813708,126.813950036913
광주 동구 무등로 396 1층 리얼펍&살얼음맥주,35.1598300572125,126.925884900963
광주 북구 서림로 10 5층 외야석 마성떡볶이,35.1694249627659,126.888805470329
광주 광산구 사암로171번길 64,35.1601147164678,126.804363950781
광주 광산구 신창로105번길 16-11,35.1954521038338,126.837010534242
광주 광산구 장덕로95번길 16 수완2차숲안애,35.1960428205915,126.820298810577
광주 서구 시청서편로4번길 10,35.1590789651636,126.846601592586
광주 남구 봉선중앙로 109,35.1307320692722,126.910698001122
광주 광산구 장덕로95번길 45,35.1983397076465,126.819188857239
광주 서구 월드컵4강로58번길 8,35.1422676948806,126.875791053512
광주 북구 양산택지로51번길 24,35.2113314273096,126.877829545454
광주 북구 서림로 31,35.1669073303845,126.891937791766
광주 서구 풍서좌로 203-1,35.1247276213664,126.845029923717
광주 서구 풍암2로57번길 3,35.1230171373834,126.881864403576
광주 서구 운천로204번길 10,35.1511757147571,126.856499212112
광주 북구 군왕로 155,35.1750959324818,126.932878149899
광주 북구 천지인로 295,35.1865824515381,126.926800556779
광주 광산구 상무대로 247,35.1410573334971,126.793796534841
광주 광산구 첨단내촌로36번길 12,35.2099629125,126.837907469067
광주 북구 북문대로159번길 3,35.1826443947479,126.871795414304
광주 서구 금호동 853,35.1226752641717,126.861605394777
광주 북구 안산로 12,35.1883138214489,126.902445085969
광주 북구 밤실로 198 (두암동),35.1648864829057,126.933461811569
광주 서구 풍금로23번길 4-1,35.1217066802481,126.864255440696
광주 광산구 선운로20번길 55 서울빌딩,35.1469060159399,126.776820343921
광주 서구 월산로 218,35.1560581385349,126.891650980667
광주 북구 양일로 76,35.1975564610467,126.873049491046
광주 광산구 광산로 30 2층 (송정동),35.1386474743454,126.795029594665
광주 서구 금부로95번길 10-1,35.140661722089,126.859361241194
광주 광산구 목련로153번길 79 104호,35.1754134680959,126.814403152489
광주 광산구 임곡로 554,35.2129705492228,126.793290972709
광주 광산구 장신로147번길 6-2 1층,35.1910166264099,126.826620455181
광주 서구 쌍촌로27번길 3-3,35.1473233229445,126.864665814504
광주 광산구 고봉로 796,35.2198557371591,126.743728121399
광주 광산구 선운로 3,35.1484164296459,126.76983699334
광주 남구 봉선1로47번길 8,35.1286476662233,126.910454624372
광주 광산구 상무대로 208-1,35.1378569648421,126.792109866602
광주 북구 서암대로 38,35.1724629811931,126.888896288725
광주 광산구 사암로 347,35.1754038503515,126.808342671718
광주 광산구 송정로29번길 61,35.1378814428344,126.797247349127
광주 광산구 월곡동 712,35.1706737168121,126.811851528803
광주 북구 유동길 47,35.1568237732221,126.904077733345
광주 서구 풍암1로21번길 15-13,35.1263803974757,126.879392999966
전남 순천시 왕지4길 3-24,34.968843345617,127.526438387638
전남 순천시 청사큰길 77,34.9466746304928,127.486212391435
전남 강진군 강진읍 시장길 17-14,34.6403422261715,126.774118888728
전남 고흥군 봉래면 나로도항길 128,34.4650068680103,127.453550670937
전남 곡성군 겸면 호남고속도로 49,35.2583077436019,127.151100656295
전남 곡성군 옥과면 리문3길 9,35.2748123378395,127.134434263919
전남 구례군 산동면 지리산온천로 146,35.3120486768699,127.446380910031
